experiment,config_id,map_name,method,pose_id,seed,true_x,true_y,true_theta,estimated_x,estimated_y,estimated_theta,best_fitness,position_error,theta_error,success,scan_error,feature_error,combined_error,scan_contribution,perception_contribution,runtime_seconds,population_size,generations,elite_size,tournament_size,crossover_rate,mutation_rate,sigma_xy,sigma_theta,fov_deg,num_beams,max_range_m,noise_std_m,angular_resolution_deg,perception_weight,final_best_history,final_mean_history
experiment_1_perception_ablation,default,simple_room,scan_only,0,0,1.0,1.0,0.0,7.047713282681833,4.902031072732098,3.1375485993544987,0.9996572355832852,7.197269096128967,3.137548599354499,False,0.0003428819444444435,0.005631162335046426,0.0003428819444444435,0.0003428819444444435,0.0,12.555041832994903,100,40,3,3,0.9,0.8,0.35,0.25,360.0,72,8.0,0.0,5.070422535211268,0.0,0.9995347217929154,0.9615113149929035
experiment_1_perception_ablation,default,simple_room,scan_only,0,1,1.0,1.0,0.0,7.020177707392238,4.823999731156887,3.1317465374188567,0.9996995260756044,7.132006279615182,3.1317465374188567,False,0.00030056423611111055,0.005902461975253723,0.00030056423611111055,0.00030056423611111055,0.0,12.667254958010744,100,40,3,3,0.9,0.8,0.35,0.25,360.0,72,8.0,0.0,5.070422535211268,0.0,0.9996995260756044,0.9593799518922428
experiment_1_perception_ablation,default,simple_room,scan_only,0,2,1.0,1.0,0.0,7.007964699032288,4.9014915612113095,-3.12626725990969,0.9996631994103549,7.163607766134407,3.12626725990969,False,0.0003369140624999987,0.005339710832117771,0.0003369140624999987,0.0003369140624999987,0.0,13.068104416001006,100,40,3,3,0.9,0.8,0.35,0.25,360.0,72,8.0,0.0,5.070422535211268,0.0,0.9996631994103549,0.9598097838599747
experiment_1_perception_ablation,default,simple_room,scan_only,0,3,1.0,1.0,0.0,1.048644345748733,1.0061110278683265,-0.006146230737738012,0.9999392398031368,0.04902669716521552,0.006146230737738012,True,6.07638888888886e-05,0.0017786409121605545,6.07638888888886e-05,6.07638888888886e-05,0.0,13.174703625001712,100,40,3,3,0.9,0.8,0.35,0.25,360.0,72,8.0,0.0,5.070422535211268,0.0,0.9999392398031368,0.9597606087284569
experiment_1_perception_ablation,default,simple_room,scan_only,0,4,1.0,1.0,0.0,7.015349562130945,4.83558039365936,3.130013820082673,0.9997515808246431,7.134150777131995,3.130013820082673,False,0.00024848090277777737,0.005867514787475242,0.00024848090277777737,0.00024848090277777737,0.0,12.96379241599061,100,40,3,3,0.9,0.8,0.35,0.25,360.0,72,8.0,0.0,5.070422535211268,0.0,0.9997515808246431,0.958310532263988
experiment_1_perception_ablation,default,simple_room,scan_only,0,5,1.0,1.0,0.0,7.0066914264244975,4.856962843061382,-3.137317210180362,0.9996968150392758,7.138382468391401,3.137317210180362,False,0.0003032769097222213,0.004990839429507649,0.0003032769097222213,0.0003032769097222213,0.0,13.011364709003828,100,40,3,3,0.9,0.8,0.35,0.25,360.0,72,8.0,0.0,5.070422535211268,0.0,0.9996968150392758,0.9637201964340104
experiment_1_perception_ablation,default,simple_room,scan_only,0,6,1.0,1.0,0.0,1.0244758367937654,1.0014159910642526,0.012134938900378436,0.9999674489762703,0.024516761969091354,0.012134938900378422,True,3.255208333333316e-05,0.00022565261299391584,3.255208333333316e-05,3.255208333333316e-05,0.0,13.655646375002107,100,40,3,3,0.9,0.8,0.35,0.25,360.0,72,8.0,0.0,5.070422535211268,0.0,0.9999674489762703,0.9587763263385743
experiment_1_perception_ablation,default,simple_room,scan_only,0,7,1.0,1.0,0.0,7.019198942744068,4.82659388060874,3.1272094466345184,0.9997602571431982,7.132571530622287,3.1272094466345184,False,0.00023980034722222192,0.005707532174635779,0.00023980034722222192,0.00023980034722222192,0.0,12.68709479100653,100,40,3,3,0.9,0.8,0.35,0.25,360.0,72,8.0,0.0,5.070422535211268,0.0,0.9997602571431982,0.9540477198864314
experiment_1_perception_ablation,default,simple_room,scan_only,0,8,1.0,1.0,0.0,1.0371751441982384,0.9878908130662308,0.016728903946427707,0.999953886675148,0.03909761826961823,0.016728903946427565,True,4.6115451388888664e-05,0.00016298227858905245,4.6115451388888664e-05,4.6115451388888664e-05,0.0,13.076822417002404,100,40,3,3,0.9,0.8,0.35,0.25,360.0,72,8.0,0.0,5.070422535211268,0.0,0.999953886675148,0.9645694609748809
experiment_1_perception_ablation,default,simple_room,scan_only,0,9,1.0,1.0,0.0,7.016255990535095,4.796147019414988,3.1118215645844542,0.999719588201443,7.113794229288806,3.1118215645844547,False,0.0002804904513888886,0.0041179428805941725,0.0002804904513888886,0.0002804904513888886,0.0,12.601846332996502,100,40,3,3,0.9,0.8,0.35,0.25,360.0,72,8.0,0.0,5.070422535211268,0.0,0.999719588201443,0.9599439215543693
experiment_1_perception_ablation,default,simple_room,scan_only,1,0,3.0,2.5,0.7,3.0418924081395513,2.4794234350532953,0.7049947179237113,0.9999745015182447,0.04667299952581471,0.0049947179237115336,True,2.549913194444437e-05,0.00258552380206375,2.549913194444437e-05,2.549913194444437e-05,0.0,16.49361691699596,100,40,3,3,0.9,0.8,0.35,0.25,360.0,72,8.0,0.0,5.070422535211268,0.0,0.9999745015182447,0.9784464328867147
experiment_1_perception_ablation,default,simple_room,scan_only,1,1,3.0,2.5,0.7,2.997314283252521,2.501531907072867,0.6976832795538676,0.9999956597410601,0.003091894844199933,0.002316720446132514,True,4.340277777777747e-06,0.00012260566505001812,4.340277777777747e-06,4.340277777777747e-06,0.0,16.50448045899975,100,40,3,3,0.9,0.8,0.35,0.25,360.0,72,8.0,0.0,5.070422535211268,0.0,0.9999956597410601,0.9761860379096489
experiment_1_perception_ablation,default,simple_room,scan_only,1,2,3.0,2.5,0.7,2.9936796026587387,2.505001820177951,0.704062796211989,0.9999907769947869,0.008060125783384543,0.004062796211989017,True,9.223090277777717e-06,0.0001637488026917875,9.223090277777717e-06,9.223090277777717e-06,0.0,16.791640708994237,100,40,3,3,0.9,0.8,0.35,0.25,360.0,72,8.0,0.0,5.070422535211268,0.0,0.9999907769947869,0.9772100392177968
experiment_1_perception_ablation,default,simple_room,scan_only,1,3,3.0,2.5,0.7,2.983538439257399,2.499854117184864,0.7273641636636574,0.9999251358133995,0.016462207138718966,0.027364163663657237,True,7.48697916666662e-05,0.003535577597037792,7.48697916666662e-05,7.48697916666662e-05,0.0,16.56389862499782,100,40,3,3,0.9,0.8,0.35,0.25,360.0,72,8.0,0.0,5.070422535211268,0.0,0.9999251358133995,0.9762509991257093
experiment_1_perception_ablation,default,simple_room,scan_only,1,4,3.0,2.5,0.7,3.0030062465180665,2.4871518839362454,0.6978043986628624,0.9999875218570949,0.013195135638374286,0.002195601337137809,True,1.247829861111109e-05,0.001454971509415712,1.247829861111109e-05,1.247829861111109e-05,0.0,16.893936791006126,100,40,3,3,0.9,0.8,0.35,0.25,360.0,72,8.0,0.0,5.070422535211268,0.0,0.9999875218570949,0.9767944710968378
experiment_1_perception_ablation,default,simple_room,scan_only,1,5,3.0,2.5,0.7,3.0198567490158186,2.5003430355204754,0.7012619021541684,0.9999951172113416,0.019859711852026448,0.0012619021541686593,True,4.88281249999997e-06,2.8585802295335444e-05,4.88281249999997e-06,4.88281249999997e-06,0.0,16.541517417004798,100,40,3,3,0.9,0.8,0.35,0.25,360.0,72,8.0,0.0,5.070422535211268,0.0,0.9999951172113416,0.9793166871704136
experiment_1_perception_ablation,default,simple_room,scan_only,1,6,3.0,2.5,0.7,2.9484673201505984,2.5028974814520386,0.7032054791397089,0.9999734165053121,0.0516140726084062,0.0032054791397087,True,2.6584201388888698e-05,0.0012203887076027101,2.6584201388888698e-05,2.6584201388888698e-05,0.0,16.97103904200776,100,40,3,3,0.9,0.8,0.35,0.25,360.0,72,8.0,0.0,5.070422535211268,0.0,0.9999734165053121,0.9771690242042471
experiment_1_perception_ablation,default,simple_room,scan_only,1,7,3.0,2.5,0.7,3.042170565149994,2.498725851331708,0.709602825492825,0.9999761290420585,0.042189809431885265,0.009602825492825318,True,2.3871527777777644e-05,0.0013047125961250933,2.3871527777777644e-05,2.3871527777777644e-05,0.0,16.495276124987868,100,40,3,3,0.9,0.8,0.35,0.25,360.0,72,8.0,0.0,5.070422535211268,0.0,0.9999761290420585,0.9799012299603547
experiment_1_perception_ablation,default,simple_room,scan_only,1,8,3.0,2.5,0.7,2.9810272083804836,2.5154374475203016,0.7066867921792772,0.9999782990820513,0.02445979574280328,0.006686792179277035,True,2.1701388888888754e-05,0.00021218995094778614,2.1701388888888754e-05,2.1701388888888754e-05,0.0,16.838985874986975,100,40,3,3,0.9,0.8,0.35,0.25,360.0,72,8.0,0.0,5.070422535211268,0.0,0.9999782990820513,0.9820070344156246
experiment_1_perception_ablation,default,simple_room,scan_only,1,9,3.0,2.5,0.7,2.97809203469105,2.500027193295663,0.7184789488313512,0.9999565991059416,0.021907982185803334,0.01847894883135126,True,4.340277777777752e-05,0.0014237622128010913,4.340277777777752e-05,4.340277777777752e-05,0.0,16.62474124999426,100,40,3,3,0.9,0.8,0.35,0.25,360.0,72,8.0,0.0,5.070422535211268,0.0,0.9999565991059416,0.9794783150510048
experiment_1_perception_ablation,default,simple_room,scan_only,2,0,4.8,3.0,1.5,4.850830913978628,2.9909037773062503,1.5000331244026206,0.9999750440255941,0.05163838768975067,3.312440262082106e-05,True,2.4956597222222136e-05,0.0036767734224283613,2.4956597222222136e-05,2.4956597222222136e-05,0.0,16.995471166999778,100,40,3,3,0.9,0.8,0.35,0.25,360.0,72,8.0,0.0,5.070422535211268,0.0,0.9999750440255941,0.9835020151021264
experiment_1_perception_ablation,default,simple_room,scan_only,2,1,4.8,3.0,1.5,4.797766837947373,3.0107329663202953,1.505786288612673,0.9999945746822121,0.010962827134726042,0.005786288612672941,True,5.425347222222206e-06,0.001193152875529706,5.425347222222206e-06,5.425347222222206e-06,0.0,16.847928957999102,100,40,3,3,0.9,0.8,0.35,0.25,360.0,72,8.0,0.0,5.070422535211268,0.0,0.9999945746822121,0.9801674516817327
experiment_1_perception_ablation,default,simple_room,scan_only,2,2,4.8,3.0,1.5,4.856962716706836,2.9855815890763604,1.5184239382239246,0.9999273056320775,0.058759183692306684,0.01842393822392463,True,7.269965277777738e-05,0.0029575433967686353,7.269965277777738e-05,7.269965277777738e-05,0.0,16.96070549999422,100,40,3,3,0.9,0.8,0.35,0.25,360.0,72,8.0,0.0,5.070422535211268,0.0,0.9999273056320775,0.9813580076113216
experiment_1_perception_ablation,default,simple_room,scan_only,2,3,4.8,3.0,1.5,4.7999102922479,2.991420812198499,1.4940747129393976,0.9999929470983548,0.008579656800491066,0.005925287060602358,True,7.052951388888853e-06,0.0001113405978671704,7.052951388888853e-06,7.052951388888853e-06,0.0,16.86442320799688,100,40,3,3,0.9,0.8,0.35,0.25,360.0,72,8.0,0.0,5.070422535211268,0.0,0.9999929470983548,0.9824797541781461
experiment_1_perception_ablation,default,simple_room,scan_only,2,4,4.8,3.0,1.5,4.829824258230294,2.9991790183864437,1.5053501180821838,0.9999848092585399,0.029835555798360617,0.005350118082183997,True,1.519097222222215e-05,0.0014636638514288504,1.519097222222215e-05,1.519097222222215e-05,0.0,16.910536916999263,100,40,3,3,0.9,0.8,0.35,0.25,360.0,72,8.0,0.0,5.070422535211268,0.0,0.9999848092585399,0.9801027293275171
experiment_1_perception_ablation,default,simple_room,scan_only,2,5,4.8,3.0,1.5,4.829394046497887,2.9949638053757317,1.4996475665337632,0.9999875218570949,0.02982236117099828,0.0003524334662365902,True,1.2478298611111063e-05,0.0025428526116915364,1.2478298611111063e-05,1.2478298611111063e-05,0.0,16.776594333001412,100,40,3,3,0.9,0.8,0.35,0.25,360.0,72,8.0,0.0,5.070422535211268,0.0,0.9999875218570949,0.9805255022907414
experiment_1_perception_ablation,default,simple_room,scan_only,2,6,4.8,3.0,1.5,4.8127941537245595,3.010380983266886,1.495233484203955,0.9999848092585399,0.01647589703521591,0.004766515796045034,True,1.5190972222222146e-05,0.0013415889853993477,1.5190972222222146e-05,1.5190972222222146e-05,0.0,16.86168866699154,100,40,3,3,0.9,0.8,0.35,0.25,360.0,72,8.0,0.0,5.070422535211268,0.0,0.9999788415935209,0.9802598069508879
experiment_1_perception_ablation,default,simple_room,scan_only,2,7,4.8,3.0,1.5,4.74065797857813,3.0030051071902024,1.5069987060957986,0.9991451541297403,0.05941806270536123,0.006998706095798557,True,0.000855577256944442,0.004620395410116693,0.000855577256944442,0.000855577256944442,0.0,16.847627458002535,100,40,3,3,0.9,0.8,0.35,0.25,360.0,72,8.0,0.0,5.070422535211268,0.0,0.9991451541297403,0.9823587382154223
experiment_1_perception_ablation,default,simple_room,scan_only,2,8,4.8,3.0,1.5,4.820560117710887,2.9993436725395854,1.5062542222941953,0.9999907769947869,0.020570590803883623,0.006254222294195255,True,9.223090277777732e-06,0.0012556665482731314,9.223090277777732e-06,9.223090277777732e-06,0.0,16.864037792009185,100,40,3,3,0.9,0.8,0.35,0.25,360.0,72,8.0,0.0,5.070422535211268,0.0,0.9999907769947869,0.9808104696476064
experiment_1_perception_ablation,default,simple_room,scan_only,2,9,4.8,3.0,1.5,4.830327088280633,3.0000432232409016,1.4984838528922024,0.9999880643785719,0.030327119082264903,0.0015161471077975719,True,1.1935763888888842e-05,0.0025258086390903896,1.1935763888888842e-05,1.1935763888888842e-05,0.0,16.844619708994287,100,40,3,3,0.9,0.8,0.35,0.25,360.0,72,8.0,0.0,5.070422535211268,0.0,0.9999880643785719,0.9793728698577975
experiment_1_perception_ablation,default,simple_room,scan_only,3,0,2.0,4.5,-1.0,6.065976093574384,1.4145548245295565,2.149069449849325,0.9954327394328432,5.10412906619261,3.1341158573302614,False,0.004588216145833305,0.010834503613148716,0.004588216145833305,0.004588216145833305,0.0,17.44511399998737,100,40,3,3,0.9,0.8,0.35,0.25,360.0,72,8.0,0.0,5.070422535211268,0.0,0.9954327394328432,0.9757363194608872
experiment_1_perception_ablation,default,simple_room,scan_only,3,1,2.0,4.5,-1.0,2.0125826199157677,4.537933208376599,-1.0051490577797049,0.9999728739997287,0.039965617994561,0.005149057779704869,True,2.712673611111101e-05,0.0027466900869631736,2.712673611111101e-05,2.712673611111101e-05,0.0,17.334425000008196,100,40,3,3,0.9,0.8,0.35,0.25,360.0,72,8.0,0.0,5.070422535211268,0.0,0.9999728739997287,0.9785037950303177
experiment_1_perception_ablation,default,simple_room,scan_only,3,2,2.0,4.5,-1.0,1.9806551451961159,4.494144075266513,-0.9955909902937775,0.9999891494232918,0.02021176048412458,0.004409009706222378,True,1.0850694444444372e-05,0.00018097440089907824,1.0850694444444372e-05,1.0850694444444372e-05,0.0,17.269321582993143,100,40,3,3,0.9,0.8,0.35,0.25,360.0,72,8.0,0.0,5.070422535211268,0.0,0.9999891494232918,0.9761619912976478
experiment_1_perception_ablation,default,simple_room,scan_only,3,3,2.0,4.5,-1.0,1.9532311226195895,4.556397047471873,-1.002352886836118,0.9999094049096028,0.07326632824816992,0.0023528868361180066,True,9.060329861111068e-05,0.005743883967154463,9.060329861111068e-05,9.060329861111068e-05,0.0,17.502729040992563,100,40,3,3,0.9,0.8,0.35,0.25,360.0,72,8.0,0.0,5.070422535211268,0.0,0.9999094049096028,0.9781139297915957
experiment_1_perception_ablation,default,simple_room,scan_only,3,4,2.0,4.5,-1.0,6.09858243063533,1.2547817356735553,2.1263669543630797,0.995951246370954,5.227792987851618,3.12636695436308,False,0.004065212673611086,0.01731845149449092,0.004065212673611086,0.004065212673611086,0.0,17.3334414580022,100,40,3,3,0.9,0.8,0.35,0.25,360.0,72,8.0,0.0,5.070422535211268,0.0,0.995951246370954,0.9747879636418609
experiment_1_perception_ablation,default,simple_room,scan_only,3,5,2.0,4.5,-1.0,2.010945050897676,4.499718521139855,-0.9964090918318057,0.9999896919465349,0.010948669759446712,0.0035909081681944066,True,1.0308159722222148e-05,0.00014753143204631705,1.0308159722222148e-05,1.0308159722222148e-05,0.0,17.473919666997972,100,40,3,3,0.9,0.8,0.35,0.25,360.0,72,8.0,0.0,5.070422535211268,0.0,0.9999896919465349,0.9779615350485515
experiment_1_perception_ablation,default,simple_room,scan_only,3,6,2.0,4.5,-1.0,5.962086740244255,1.2692959600514393,2.122065360697933,0.9954547811209236,5.112296932980253,3.122065360697933,False,0.004565972222222192,0.012273072402932003,0.004565972222222192,0.004565972222222192,0.0,17.39539054100169,100,40,3,3,0.9,0.8,0.35,0.25,360.0,72,8.0,0.0,5.070422535211268,0.0,0.9954547811209236,0.9751926736873314
experiment_1_perception_ablation,default,simple_room,scan_only,3,7,2.0,4.5,-1.0,2.00723951329696,4.552835625278216,-1.0100709122546188,0.9999560566186055,0.053329296369977526,0.010070912254618758,True,4.394531249999987e-05,0.003933095259408312,4.394531249999987e-05,4.394531249999987e-05,0.0,17.439845667002373,100,40,3,3,0.9,0.8,0.35,0.25,360.0,72,8.0,0.0,5.070422535211268,0.0,0.9999560566186055,0.9806279276611134
experiment_1_perception_ablation,default,simple_room,scan_only,3,8,2.0,4.5,-1.0,1.9687310801073663,4.466873177584004,-0.9915807552961786,0.9999745015182447,0.045553613628699925,0.008419244703821605,True,2.5499131944444334e-05,0.00012546140537221528,2.5499131944444334e-05,2.5499131944444334e-05,0.0,17.364649458992062,100,40,3,3,0.9,0.8,0.35,0.25,360.0,72,8.0,0.0,5.070422535211268,0.0,0.9999745015182447,0.980662310544012
experiment_1_perception_ablation,default,simple_room,scan_only,3,9,2.0,4.5,-1.0,2.019034528881342,4.458108890590234,-0.9917465848396293,0.9999631089998849,0.04601280623169644,0.008253415160370814,True,3.689236111111094e-05,0.0018002871747942889,3.689236111111094e-05,3.689236111111094e-05,0.0,17.279341290995944,100,40,3,3,0.9,0.8,0.35,0.25,360.0,72,8.0,0.0,5.070422535211268,0.0,0.9999631089998849,0.976724276222972
experiment_1_perception_ablation,default,simple_room,scan_only,4,0,6.5,4.8,3.0,6.5280955049428195,4.816569822452488,3.005384933075371,0.9999679914759674,0.03261773159033244,0.005384933075371023,True,3.200954861111103e-05,0.0015865791756366637,3.200954861111103e-05,3.200954861111103e-05,0.0,12.364296499988995,100,40,3,3,0.9,0.8,0.35,0.25,360.0,72,8.0,0.0,5.070422535211268,0.0,0.9999679914759674,0.970252547268319
experiment_1_perception_ablation,default,simple_room,scan_only,4,1,6.5,4.8,3.0,6.510283029614032,4.7976490156410865,2.9998986930909557,0.9999929470983548,0.01054835653070762,0.0001013069090443075,True,7.052951388888882e-06,0.0011840509089916795,7.052951388888882e-06,7.052951388888882e-06,0.0,12.327290750006796,100,40,3,3,0.9,0.8,0.35,0.25,360.0,72,8.0,0.0,5.070422535211268,0.0,0.9999929470983548,0.9638565322273152
experiment_1_perception_ablation,default,simple_room,scan_only,4,2,6.5,4.8,3.0,1.553759933137715,1.0917616890618973,-0.12555148374647862,0.999752665356227,6.181935147649391,3.1255514837464786,False,0.0002473958333333325,0.004350064934994684,0.0002473958333333325,0.0002473958333333325,0.0,12.452414667000994,100,40,3,3,0.9,0.8,0.35,0.25,360.0,72,8.0,0.0,5.070422535211268,0.0,0.999752665356227,0.9695133446082638
experiment_1_perception_ablation,default,simple_room,scan_only,4,3,6.5,4.8,3.0,1.5401554083221265,1.1116251950302272,-0.15711186398209032,0.9996821756971795,6.180951955446027,3.1260734431974964,False,0.00031792534722222075,0.00706927624792577,0.00031792534722222075,0.00031792534722222075,0.0,12.751347957993858,100,40,3,3,0.9,0.8,0.35,0.25,360.0,72,8.0,0.0,5.070422535211268,0.0,0.9996821756971795,0.9683272900688833
experiment_1_perception_ablation,default,simple_room,scan_only,4,4,6.5,4.8,3.0,6.442820098170828,4.8541565248399605,3.038029677465669,0.9997564612353003,0.07875576395372604,0.03802967746566921,True,0.0002435980902777765,0.0019546256587228555,0.0002435980902777765,0.0002435980902777765,0.0,12.433366041004774,100,40,3,3,0.9,0.8,0.35,0.25,360.0,72,8.0,0.0,5.070422535211268,0.0,0.9997564612353003,0.9682560539367059
experiment_1_perception_ablation,default,simple_room,scan_only,4,5,6.5,4.8,3.0,6.52715745389299,4.79545140981368,2.99728949720671,0.9999858942961959,0.027535739950706795,0.002710502793290104,True,1.4105902777777767e-05,0.0014155477932124155,1.4105902777777767e-05,1.4105902777777767e-05,0.0,12.603440791994217,100,40,3,3,0.9,0.8,0.35,0.25,360.0,72,8.0,0.0,5.070422535211268,0.0,0.9999858942961959,0.9660025902268362
experiment_1_perception_ablation,default,simple_room,scan_only,4,6,6.5,4.8,3.0,6.482675144238683,4.814632118073852,3.0082460372409447,0.9999793841055794,0.022677070059370277,0.008246037240944748,True,2.0616319444444384e-05,0.00013873271686910363,2.0616319444444384e-05,2.0616319444444384e-05,0.0,12.231852249999065,100,40,3,3,0.9,0.8,0.35,0.25,360.0,72,8.0,0.0,5.070422535211268,0.0,0.9999793841055794,0.9664906153265841
experiment_1_perception_ablation,default,simple_room,scan_only,4,7,6.5,4.8,3.0,1.5503637655173652,1.1013252346633438,-0.14687550829753615,0.9997423624011824,6.178923358760942,3.13630979888205,False,0.0002577039930555546,0.005892563919735874,0.0002577039930555546,0.0002577039930555546,0.0,12.745310334008536,100,40,3,3,0.9,0.8,0.35,0.25,360.0,72,8.0,0.0,5.070422535211268,0.0,0.9997423624011824,0.9718052165100194
experiment_1_perception_ablation,default,simple_room,scan_only,4,8,6.5,4.8,3.0,1.528989497856242,1.1404632615827497,-0.15149903359277817,0.999769475896671,6.172775271484384,3.1316862735868085,False,0.00023057725694444357,0.005663915250019246,0.00023057725694444357,0.00023057725694444357,0.0,12.810417833999963,100,40,3,3,0.9,0.8,0.35,0.25,360.0,72,8.0,0.0,5.070422535211268,0.0,0.999769475896671,0.9697983420972234
experiment_1_perception_ablation,default,simple_room,scan_only,4,9,6.5,4.8,3.0,6.503752082628686,4.802056470903043,3.0006145079343844,0.9999951172113416,0.004278690994632385,0.0006145079343844451,True,4.882812499999999e-06,0.00010840629320911625,4.882812499999999e-06,4.882812499999999e-06,0.0,12.514116582999122,100,40,3,3,0.9,0.8,0.35,0.25,360.0,72,8.0,0.0,5.070422535211268,0.0,0.9999951172113416,0.9673352394148913
experiment_1_perception_ablation,default,simple_room,perception_aware,0,0,1.0,1.0,0.0,7.038959438353554,4.846369820031795,3.108781988734046,0.9983373129218965,7.159859767518557,3.108781988734046,False,0.0003895399305555542,0.00464259419745008,0.0016654562106239116,0.00027267795138888795,0.0013927782592350238,12.656790541994269,100,40,3,3,0.9,0.8,0.35,0.25,360.0,72,8.0,0.0,5.070422535211268,0.3,0.9983373129218965,0.9634965956882594
experiment_1_perception_ablation,default,simple_room,perception_aware,0,1,1.0,1.0,0.0,7.04362968644904,4.861351571323506,3.1164516431352656,0.9983174034585233,7.171854414605098,3.1164516431352656,False,0.00033528645833333235,0.0048357730781497564,0.0016854324442782595,0.00023470052083333264,0.0014507319234449269,12.951902958011487,100,40,3,3,0.9,0.8,0.35,0.25,360.0,72,8.0,0.0,5.070422535211268,0.3,0.9983174034585233,0.9655180628158436
experiment_1_perception_ablation,default,simple_room,perception_aware,0,2,1.0,1.0,0.0,1.0015412846774794,0.9913162625514147,0.003773101988315851,0.9999644991559262,0.008819458857151926,0.003773101988315819,True,7.595486111111089e-06,0.00010061754716935341,3.550210442858378e-05,5.316840277777762e-06,3.0185264150806022e-05,13.256331167009193,100,40,3,3,0.9,0.8,0.35,0.25,360.0,72,8.0,0.0,5.070422535211268,0.3,0.9999644991559262,0.9680076137700846
experiment_1_perception_ablation,default,simple_room,perception_aware,0,3,1.0,1.0,0.0,7.019760178611389,4.950302127008499,-3.114869183423002,0.9979538660959906,7.2001666301998375,3.114869183423002,False,0.00048122829861110903,0.005711564476579885,0.002050329152001742,0.0003368598090277763,0.0017134693429739654,12.854588874994079,100,40,3,3,0.9,0.8,0.35,0.25,360.0,72,8.0,0.0,5.070422535211268,0.3,0.9979538660959906,0.964365111778848
experiment_1_perception_ablation,default,simple_room,perception_aware,0,4,1.0,1.0,0.0,7.071006130030239,4.8559602383810985,3.1266508717437493,0.9977144797005338,7.1920473295745735,3.126650871743749,False,0.0004166666666666659,0.00666363067279369,0.002290755868504773,0.0002916666666666661,0.001999089201838107,12.935608125000726,100,40,3,3,0.9,0.8,0.35,0.25,360.0,72,8.0,0.0,5.070422535211268,0.3,0.9977144797005338,0.9638683011495699
experiment_1_perception_ablation,default,simple_room,perception_aware,0,5,1.0,1.0,0.0,1.006437167479236,1.028529680427587,-0.006894181058836473,0.9998912084281335,0.029246876593167572,0.006894181058836324,True,2.2243923611111048e-05,0.00031077554077577177,0.00010880340876050927,1.557074652777773e-05,9.323266223273153e-05,13.858105249993969,100,40,3,3,0.9,0.8,0.35,0.25,360.0,72,8.0,0.0,5.070422535211268,0.3,0.9998693502870235,0.9657682985448274
experiment_1_perception_ablation,default,simple_room,perception_aware,0,6,1.0,1.0,0.0,1.0253520923369033,1.016419122822707,0.026252646574601926,0.9997769948645857,0.030204572172537227,0.0262526465746018,True,0.00020399305555555438,0.0002675324630287597,0.00022305487779751597,0.00014279513888888805,8.02597389086279e-05,14.222596209001495,100,40,3,3,0.9,0.8,0.35,0.25,360.0,72,8.0,0.0,5.070422535211268,0.3,0.9997769948645857,0.9680114256958368
experiment_1_perception_ablation,default,simple_room,perception_aware,0,7,1.0,1.0,0.0,1.0509628879957387,0.9288603151398442,0.03378472705340152,0.9995709103911121,0.08751040346649351,0.0337847270534013,True,0.00012369791666666622,0.0011422842138360222,0.000429273805817473,8.658854166666635e-05,0.00034268526415080666,14.460138290989562,100,40,3,3,0.9,0.8,0.35,0.25,360.0,72,8.0,0.0,5.070422535211268,0.3,0.9995709103911121,0.9666675052644219
experiment_1_perception_ablation,default,simple_room,perception_aware,0,8,1.0,1.0,0.0,1.0150069334707448,0.9958081378810113,0.0014762765891005942,0.9999585237964924,0.015581391472521711,0.0014762765891007668,True,8.680555555555525e-06,0.00011800511655216579,4.14779238545386e-05,6.076388888888867e-06,3.5401534965649736e-05,13.208068833992002,100,40,3,3,0.9,0.8,0.35,0.25,360.0,72,8.0,0.0,5.070422535211268,0.3,0.9998115328368878,0.9678312205205973
experiment_1_perception_ablation,default,simple_room,perception_aware,0,9,1.0,1.0,0.0,7.070207033797857,4.818249568671471,3.10693728790256,0.9981902416043538,7.1712232709509784,3.10693728790256,False,0.0004687499999999989,0.004949715197367625,0.0018130395592102868,0.0003281249999999992,0.0014849145592102876,12.728439500002423,100,40,3,3,0.9,0.8,0.35,0.25,360.0,72,8.0,0.0,5.070422535211268,0.3,0.9981902416043538,0.9631112668093053
experiment_1_perception_ablation,default,simple_room,perception_aware,1,0,3.0,2.5,0.7,2.9934621690097236,2.5024932878595134,0.7069681448708836,0.9999357813641006,0.006997122151843232,0.006968144870883819,True,1.2478298611111036e-05,0.00018495983723255545,6.422276019754435e-05,8.734809027777725e-06,5.548795116976663e-05,16.650773542001843,100,40,3,3,0.9,0.8,0.35,0.25,360.0,72,8.0,0.0,5.070422535211268,0.3,0.9999357813641006,0.9786302026389514
experiment_1_perception_ablation,default,simple_room,perception_aware,1,1,3.0,2.5,0.7,2.988709469727614,2.5276256755742943,0.7094597469209671,0.9995731134706852,0.029843827247319012,0.009459746920967405,True,3.472222222222202e-05,0.0013425442789795818,0.00042706883924942995,2.4305555555555412e-05,0.00040276328369387454,16.64030508400174,100,40,3,3,0.9,0.8,0.35,0.25,360.0,72,8.0,0.0,5.070422535211268,0.3,0.9993310922477507,0.9813398268793253
experiment_1_perception_ablation,default,simple_room,perception_aware,1,2,3.0,2.5,0.7,3.044944446762628,2.5053314950323413,0.6913295312896168,0.9999343736229487,0.04525956400672206,0.008670468710382906,True,2.3328993055555394e-05,0.00016433463005446786,6.563068415522913e-05,1.6330295138888773e-05,4.930038901634035e-05,16.547171540994896,100,40,3,3,0.9,0.8,0.35,0.25,360.0,72,8.0,0.0,5.070422535211268,0.3,0.9999343736229487,0.9776346274337843
experiment_1_perception_ablation,default,simple_room,perception_aware,1,3,3.0,2.5,0.7,3.000666044732926,2.5017755976346496,0.6993152554332057,0.9999839594861186,0.0018964078006673394,0.0006847445667941265,True,1.0850694444444368e-06,5.0937408574707375e-05,1.604077118352332e-05,7.595486111111058e-07,1.5281222572412213e-05,16.51406204199884,100,40,3,3,0.9,0.8,0.35,0.25,360.0,72,8.0,0.0,5.070422535211268,0.3,0.9999839594861186,0.9808052479143463
experiment_1_perception_ablation,default,simple_room,perception_aware,1,4,3.0,2.5,0.7,3.0087353133170573,2.450482907737408,0.7089122767663171,0.9993286339044223,0.05028168776890064,0.008912276766317007,True,5.859374999999993e-05,0.002102671686072565,0.0006718171308217694,4.101562499999995e-05,0.0006308015058217695,16.487432417008677,100,40,3,3,0.9,0.8,0.35,0.25,360.0,72,8.0,0.0,5.070422535211268,0.3,0.9993286339044223,0.9788313092394325
experiment_1_perception_ablation,default,simple_room,perception_aware,1,5,3.0,2.5,0.7,3.0186918784880583,2.4981844338503194,0.6916765076808882,0.9996157120884143,0.0187798456291899,0.008323492319111558,True,1.4648437499999905e-05,0.001247272464357028,0.0003844356455571084,1.0253906249999933e-05,0.00037418173930710844,16.74495854199631,100,40,3,3,0.9,0.8,0.35,0.25,360.0,72,8.0,0.0,5.070422535211268,0.3,0.9996157120884143,0.9772356218211493
experiment_1_perception_ablation,default,simple_room,perception_aware,1,6,3.0,2.5,0.7,3.0198844545270673,2.5101567891734153,0.6970995702168841,0.999941110591366,0.022328275754124306,0.0029004297831161097,True,8.680555555555503e-06,0.00017605495970553683,5.88928768005499e-05,6.076388888888852e-06,5.281648791166105e-05,16.504261915993993,100,40,3,3,0.9,0.8,0.35,0.25,360.0,72,8.0,0.0,5.070422535211268,0.3,0.999941110591366,0.9782180349329009
experiment_1_perception_ablation,default,simple_room,perception_aware,1,7,3.0,2.5,0.7,3.009822643578822,2.501878676613026,0.6915659778204385,0.9999535349720627,0.01000068761100478,0.008434022179561573,True,1.2478298611111025e-05,0.00012577459336202135,4.6467187036384116e-05,8.734809027777716e-06,3.77323780086064e-05,16.507880208009738,100,40,3,3,0.9,0.8,0.35,0.25,360.0,72,8.0,0.0,5.070422535211268,0.3,0.9999535349720627,0.9794882199168847
experiment_1_perception_ablation,default,simple_room,perception_aware,1,8,3.0,2.5,0.7,3.0302418903191612,2.5002552935587468,0.6929424445861573,0.9999563335968313,0.030242967858285938,0.0070575554138425645,True,1.5190972222222122e-05,0.0001101154315034051,4.366831000657701e-05,1.0633680555555484e-05,3.303462945102153e-05,16.666219166989322,100,40,3,3,0.9,0.8,0.35,0.25,360.0,72,8.0,0.0,5.070422535211268,0.3,0.9999563335968313,0.9817581884044922
experiment_1_perception_ablation,default,simple_room,perception_aware,1,9,3.0,2.5,0.7,3.003369913037364,2.509227570027701,0.7112557128880703,0.9999450772379422,0.009823663394860646,0.01125571288807059,True,1.898871527777767e-05,0.00013877892679588338,5.492577873320938e-05,1.3292100694444367e-05,4.163367803876501e-05,16.557100250007352,100,40,3,3,0.9,0.8,0.35,0.25,360.0,72,8.0,0.0,5.070422535211268,0.3,0.9999450772379422,0.98023292589087
experiment_1_perception_ablation,default,simple_room,perception_aware,2,0,4.8,3.0,1.5,4.8410212481012165,3.053524523699117,1.501289053686697,0.9988540473103682,0.06743602474196483,0.0012890536866967395,True,6.347656249999968e-05,0.0036761127001627863,0.0011472674037988355,4.443359374999977e-05,0.0011028338100488358,17.018073084007483,100,40,3,3,0.9,0.8,0.35,0.25,360.0,72,8.0,0.0,5.070422535211268,0.3,0.9988540473103682,0.981788548135995
experiment_1_perception_ablation,default,simple_room,perception_aware,2,1,4.8,3.0,1.5,4.794968303448563,2.991049054807418,1.5081260005114618,0.9996223101670708,0.010268271033934939,0.00812600051146184,True,1.3563368055555473e-05,0.0012277939293259324,0.00037783253643666856,9.494357638888831e-06,0.0003683381787977797,17.136732832994312,100,40,3,3,0.9,0.8,0.35,0.25,360.0,72,8.0,0.0,5.070422535211268,0.3,0.9996223101670708,0.9819577616335144
experiment_1_perception_ablation,default,simple_room,perception_aware,2,2,4.8,3.0,1.5,4.8001108895898925,3.007102414952821,1.4924984028134223,0.9996176449025628,0.007103280556419274,0.007501597186577946,True,1.4105902777777694e-05,0.001242090722777781,0.0003825013487777787,9.874131944444385e-06,0.00037262721683333427,17.289266458014026,100,40,3,3,0.9,0.8,0.35,0.25,360.0,72,8.0,0.0,5.070422535211268,0.3,0.9996176449025628,0.9823186092724456
experiment_1_perception_ablation,default,simple_room,perception_aware,2,3,4.8,3.0,1.5,4.788017737123483,2.986643657987722,1.4965536955678738,0.9999279762941667,0.017943424856779498,0.003446304432126013,True,9.223090277777737e-06,0.0002185757680886006,7.20288936210246e-05,6.4561631944444155e-06,6.557273042658018e-05,17.103789834000054,100,40,3,3,0.9,0.8,0.35,0.25,360.0,72,8.0,0.0,5.070422535211268,0.3,0.9999279762941667,0.9824242077917316
experiment_1_perception_ablation,default,simple_room,perception_aware,2,4,4.8,3.0,1.5,4.8018828696736096,2.9915842149223275,1.4978060495834316,0.9996296198058514,0.008623841179043952,0.0021939504165686685,True,5.967881944444421e-06,0.001221133030346278,0.00037051742646499445,4.177517361111094e-06,0.00036633990910388335,17.135379166997154,100,40,3,3,0.9,0.8,0.35,0.25,360.0,72,8.0,0.0,5.070422535211268,0.3,0.9996296198058514,0.9821481851791273
experiment_1_perception_ablation,default,simple_room,perception_aware,2,5,4.8,3.0,1.5,4.809722258411546,3.00381679754283,1.5041401954525604,0.9996022994956123,0.010444627906432953,0.004140195452560391,True,8.1380208333333e-06,0.001307207061410592,0.0003978587330065109,5.696614583333309e-06,0.0003921621184231776,17.14716445900558,100,40,3,3,0.9,0.8,0.35,0.25,360.0,72,8.0,0.0,5.070422535211268,0.3,0.9996022994956123,0.9814529445701087
experiment_1_perception_ablation,default,simple_room,perception_aware,2,6,4.8,3.0,1.5,4.7969388189990605,2.995730379935353,1.5049688599865263,0.9999685775379019,0.00525361633705284,0.004968859986526297,True,5.425347222222199e-06,9.208568814914632e-05,3.142344950029943e-05,3.797743055555539e-06,2.7625706444743894e-05,17.126980125001865,100,40,3,3,0.9,0.8,0.35,0.25,360.0,72,8.0,0.0,5.070422535211268,0.3,0.9999685775379019,0.9815959237651262
experiment_1_perception_ablation,default,simple_room,perception_aware,2,7,4.8,3.0,1.5,4.826920144012506,3.035347768264759,1.5052870962299252,0.999504160755295,0.04443150768264791,0.005287096229925403,True,3.03819444444443e-05,0.0015827262070540766,0.000496085223227334,2.126736111111101e-05,0.00047481786211622297,17.297343708996777,100,40,3,3,0.9,0.8,0.35,0.25,360.0,72,8.0,0.0,5.070422535211268,0.3,0.999504160755295,0.9812572108679991
experiment_1_perception_ablation,default,simple_room,perception_aware,2,8,4.8,3.0,1.5,4.838788147253122,2.999493249036881,1.50309519304799,0.9992192642350425,0.038791457356852355,0.003095193047990108,True,1.6276041666666595e-05,0.0025665085346454133,0.0007813457895602905,1.1393229166666616e-05,0.0007699525603936239,17.38182483399578,100,40,3,3,0.9,0.8,0.35,0.25,360.0,72,8.0,0.0,5.070422535211268,0.3,0.9992192642350425,0.9813566013921405
experiment_1_perception_ablation,default,simple_room,perception_aware,2,9,4.8,3.0,1.5,4.83158193664934,2.98022219368005,1.5118572472911063,0.9995239144649656,0.03726365984913986,0.011857247291106265,True,3.363715277777759e-05,0.0015092209782880232,0.00047631230043085126,2.354600694444431e-05,0.00045276629348640695,17.113323917001253,100,40,3,3,0.9,0.8,0.35,0.25,360.0,72,8.0,0.0,5.070422535211268,0.3,0.9995239144649656,0.9818075158560369
experiment_1_perception_ablation,default,simple_room,perception_aware,3,0,2.0,4.5,-1.0,5.810401426836168,1.3576425639880507,2.145141636483566,0.9949958990426983,4.938984641532579,3.13804367069602,False,0.005257161458333298,0.004497516336300151,0.0050292679217233535,0.0036800130208333084,0.0013492549008900453,18.81486662500538,100,40,3,3,0.9,0.8,0.35,0.25,360.0,72,8.0,0.0,5.070422535211268,0.3,0.9949958990426983,0.9801982226850172
experiment_1_perception_ablation,default,simple_room,perception_aware,3,1,2.0,4.5,-1.0,1.9750206037200753,4.454482271367893,-0.9849369203155728,0.9998804527799006,0.05192142003389008,0.015063079684427105,True,3.851996527777759e-05,0.00030865845883892965,0.00011956151334612321,2.6963975694444312e-05,9.25975376516789e-05,17.630089458005386,100,40,3,3,0.9,0.8,0.35,0.25,360.0,72,8.0,0.0,5.070422535211268,0.3,0.9998804527799006,0.977550061491247
experiment_1_perception_ablation,default,simple_room,perception_aware,3,2,2.0,4.5,-1.0,5.80154638501762,1.3017197580538784,2.122650776086418,0.9948739134570225,4.967972566697956,3.1226507760864184,False,0.004957682291666633,0.005607070310151062,0.005152498697211962,0.003470377604166643,0.0016821210930453186,18.28849579198868,100,40,3,3,0.9,0.8,0.35,0.25,360.0,72,8.0,0.0,5.070422535211268,0.3,0.9948739134570225,0.9759089356015679
experiment_1_perception_ablation,default,simple_room,perception_aware,3,3,2.0,4.5,-1.0,1.9244489526990773,4.4306541296657596,-0.9748727156739353,0.9995426164167212,0.10255150160129077,0.025127284326064814,True,9.765624999999954e-05,0.0012974450124976326,0.00045759287874928947,6.835937499999968e-05,0.0003892335037492898,17.88643308299652,100,40,3,3,0.9,0.8,0.35,0.25,360.0,72,8.0,0.0,5.070422535211268,0.3,0.9995426164167212,0.9805639613139402
experiment_1_perception_ablation,default,simple_room,perception_aware,3,4,2.0,4.5,-1.0,2.0046923060747943,4.482546621459307,-0.9973451366548669,0.9999455913138927,0.01807313361828173,0.002654863345132874,True,8.680555555555508e-06,0.0001611175256153776,5.441164657350213e-05,6.0763888888888555e-06,4.8335257684613275e-05,17.477258917002473,100,40,3,3,0.9,0.8,0.35,0.25,360.0,72,8.0,0.0,5.070422535211268,0.3,0.9999455913138927,0.9795876516764948
experiment_1_perception_ablation,default,simple_room,perception_aware,3,5,2.0,4.5,-1.0,1.989299284938728,4.453035068182776,-0.9891934057405763,0.9998244606404416,0.048168559490803294,0.010806594259423541,True,3.3094618055555416e-05,0.0005080131546538064,0.00017557017903503073,2.316623263888879e-05,0.00015240394639614194,17.67962387499574,100,40,3,3,0.9,0.8,0.35,0.25,360.0,72,8.0,0.0,5.070422535211268,0.3,0.9998244606404416,0.9796286996652609
experiment_1_perception_ablation,default,simple_room,perception_aware,3,6,2.0,4.5,-1.0,5.8054029277635575,1.312454950459685,2.120912768470437,0.9949493895614444,4.964024061734635,3.120912768470437,False,0.004884982638888856,0.005522535818214666,0.005076248592686599,0.003419487847222199,0.0016567607454643996,17.825301125005353,100,40,3,3,0.9,0.8,0.35,0.25,360.0,72,8.0,0.0,5.070422535211268,0.3,0.9949493895614444,0.9759621413685455
experiment_1_perception_ablation,default,simple_room,perception_aware,3,7,2.0,4.5,-1.0,2.0313061034557,4.513781692913406,-1.0022167768295798,0.9996561572448266,0.03420536760712265,0.0022167768295799917,True,1.8988715277777693e-05,0.0011022297432832183,0.0003439610236794099,1.3292100694444384e-05,0.0003306689229849655,17.619678083006875,100,40,3,3,0.9,0.8,0.35,0.25,360.0,72,8.0,0.0,5.070422535211268,0.3,0.9996561572448266,0.9814323464521586
experiment_1_perception_ablation,default,simple_room,perception_aware,3,8,2.0,4.5,-1.0,2.00724261408122,4.5161821136595535,-0.9991689516260918,0.9995395237352807,0.01772896672736995,0.0008310483739082386,True,1.5733506944444393e-05,0.0014989164864412559,0.0004606884007934878,1.1013454861111075e-05,0.00044967494593237676,17.660873540997272,100,40,3,3,0.9,0.8,0.35,0.25,360.0,72,8.0,0.0,5.070422535211268,0.3,0.9995395237352807,0.9773003536482895
experiment_1_perception_ablation,default,simple_room,perception_aware,3,9,2.0,4.5,-1.0,1.9314887688275577,4.41527433813667,-0.9745721296144962,0.9995228409213774,0.1089597474985289,0.02542787038550376,True,0.00010850694444444399,0.0013381066899657197,0.0004773868681008267,7.595486111111079e-05,0.0004014320069897159,17.6714337089943,100,40,3,3,0.9,0.8,0.35,0.25,360.0,72,8.0,0.0,5.070422535211268,0.3,0.9995228409213774,0.9780923159448605
experiment_1_perception_ablation,default,simple_room,perception_aware,4,0,6.5,4.8,3.0,6.497114660282031,4.820220252964209,2.991767970542584,0.9997721142181872,0.020425078095926266,0.008232029457416079,True,6.130642361111077e-05,0.0006167440968394324,0.00022793772557960727,4.291449652777754e-05,0.00018502322905182973,12.289401500005624,100,40,3,3,0.9,0.8,0.35,0.25,360.0,72,8.0,0.0,5.070422535211268,0.3,0.9997721142181872,0.9726195859677275
experiment_1_perception_ablation,default,simple_room,perception_aware,4,1,6.5,4.8,3.0,6.454843440567827,4.858646736665731,3.0192300114865676,0.9995844688310814,0.07401725867181944,0.019230011486567555,True,8.029513888888881e-05,0.0011983243654218646,0.0004157039068487815,5.620659722222216e-05,0.0003594973096265594,12.335023334002472,100,40,3,3,0.9,0.8,0.35,0.25,360.0,72,8.0,0.0,5.070422535211268,0.3,0.9995844688310814,0.9756125494806368
experiment_1_perception_ablation,default,simple_room,perception_aware,4,2,6.5,4.8,3.0,1.6028945559292669,1.0767172095739863,-0.11628835072510207,0.9983353141369196,6.15178644523928,3.1162883507251022,False,0.00041015624999999847,0.004601174293126194,0.001667461662937857,0.0002871093749999989,0.001380352287937858,12.703304999988177,100,40,3,3,0.9,0.8,0.35,0.25,360.0,72,8.0,0.0,5.070422535211268,0.3,0.9983353141369196,0.9731506302721016
experiment_1_perception_ablation,default,simple_room,perception_aware,4,3,6.5,4.8,3.0,6.5358093622396085,4.8325415896343324,3.004827372623157,0.9994946838552836,0.048386625010810626,0.004827372623156911,True,4.2317708333333274e-05,0.001586497407946789,0.00050557161821737,2.962239583333329e-05,0.0004759492223840367,12.574292542005423,100,40,3,3,0.9,0.8,0.35,0.25,360.0,72,8.0,0.0,5.070422535211268,0.3,0.9994946838552836,0.9730820976353793
experiment_1_perception_ablation,default,simple_room,perception_aware,4,4,6.5,4.8,3.0,6.485169481882027,4.810786392666662,3.0167343414453116,0.9997695386117238,0.01833822604307625,0.016734341445311607,True,8.300781249999948e-05,0.0005746968140692144,0.00023051451297076392,5.810546874999963e-05,0.0001724090442207643,12.421592084006988,100,40,3,3,0.9,0.8,0.35,0.25,360.0,72,8.0,0.0,5.070422535211268,0.3,0.9997695386117238,0.971551971169162
experiment_1_perception_ablation,default,simple_room,perception_aware,4,5,6.5,4.8,3.0,6.500295446519657,4.827753727551113,3.0057946952133463,0.9999460871124206,0.02775530006372479,0.0057946952133463014,True,1.5733506944444437e-05,0.00014300779824840312,5.3915794335632035e-05,1.1013454861111105e-05,4.290233947452093e-05,12.57697837500018,100,40,3,3,0.9,0.8,0.35,0.25,360.0,72,8.0,0.0,5.070422535211268,0.3,0.9999203889406312,0.9704882946413541
experiment_1_perception_ablation,default,simple_room,perception_aware,4,6,6.5,4.8,3.0,1.6097294256082268,1.0572874411046107,-0.10898170272243368,0.9983540408441416,6.158136373065744,3.1089817027224336,False,0.0004264322916666653,0.0045005673326280055,0.0016486728039550673,0.00029850260416666567,0.0013501701997884017,12.681847415995435,100,40,3,3,0.9,0.8,0.35,0.25,360.0,72,8.0,0.0,5.070422535211268,0.3,0.9983540408441416,0.9725988670600116
experiment_1_perception_ablation,default,simple_room,perception_aware,4,7,6.5,4.8,3.0,1.6099198207868575,1.0572702837698513,-0.07231036473473922,0.9983796009039527,6.1579956063548345,3.072310364734739,False,0.0006575520833333305,0.0038758086417355806,0.0016230290508540053,0.0004602864583333313,0.001162742592520674,12.57033716699516,100,40,3,3,0.9,0.8,0.35,0.25,360.0,72,8.0,0.0,5.070422535211268,0.3,0.9983796009039527,0.9722278080541353
experiment_1_perception_ablation,default,simple_room,perception_aware,4,8,6.5,4.8,3.0,1.5490799280181848,1.089018823831463,-0.13329600099142377,0.9985367462110576,6.187325015629099,3.133296000991424,False,0.00020128038194444387,0.004415005902709841,0.001465398038174063,0.0001408962673611107,0.0013245017708129524,12.789576374998433,100,40,3,3,0.9,0.8,0.35,0.25,360.0,72,8.0,0.0,5.070422535211268,0.3,0.9985367462110576,0.9733601174456364
experiment_1_perception_ablation,default,simple_room,perception_aware,4,9,6.5,4.8,3.0,6.524491781409058,4.78416323111009,2.991299235423626,0.9995850215657133,0.02916591513156224,0.00870076457637392,True,2.332899305555553e-05,0.0013294013924688385,0.0004151507128795404,1.6330295138888868e-05,0.0003988204177406515,12.334641833003843,100,40,3,3,0.9,0.8,0.35,0.25,360.0,72,8.0,0.0,5.070422535211268,0.3,0.9995706460874096,0.9698065011949314
experiment_1_perception_ablation,default,easy_room,scan_only,0,0,1.0,1.0,0.2,7.076800900253096,4.72565720568456,-2.969037077801803,0.9951495099838892,7.127975224114217,3.1141482293777827,False,0.004874131944444421,0.007975922541195774,0.004874131944444421,0.004874131944444421,0.0,12.670833666998078,100,40,3,3,0.9,0.8,0.35,0.25,360.0,72,8.0,0.0,5.070422535211268,0.0,0.9951495099838892,0.9711681298564543
experiment_1_perception_ablation,default,easy_room,scan_only,0,1,1.0,1.0,0.2,7.103009755971571,4.73386067668674,-2.9694592322748745,0.9949942590256377,7.15460995683145,3.1137260749047115,False,0.005030924479166645,0.007472870872075898,0.005030924479166645,0.005030924479166645,0.0,12.594640166003956,100,40,3,3,0.9,0.8,0.35,0.25,360.0,72,8.0,0.0,5.070422535211268,0.0,0.9949942590256377,0.9764940346108453
experiment_1_perception_ablation,default,easy_room,scan_only,0,2,1.0,1.0,0.2,1.0103503823082214,0.998028989192532,0.2050945051538313,0.9999913195197959,0.010536379716463231,0.0050945051538313635,True,8.680555555555518e-06,3.24588634102232e-05,8.680555555555518e-06,8.680555555555518e-06,0.0,12.258623041998362,100,40,3,3,0.9,0.8,0.35,0.25,360.0,72,8.0,0.0,5.070422535211268,0.0,0.9999913195197959,0.9671802884075169
experiment_1_perception_ablation,default,easy_room,scan_only,0,3,1.0,1.0,0.2,0.9786386292741512,0.973791392857697,0.2046286314359922,0.999965821480711,0.0338112296083228,0.0046286314359922365,True,3.417968749999991e-05,0.00271823882055324,3.417968749999991e-05,3.417968749999991e-05,0.0,12.249496374992304,100,40,3,3,0.9,0.8,0.35,0.25,360.0,72,8.0,0.0,5.070422535211268,0.0,0.999965821480711,0.9656773984345906
experiment_1_perception_ablation,default,easy_room,scan_only,0,4,1.0,1.0,0.2,1.9422028054322356,5.354916956894047,-1.5865559288007294,0.990496989602791,4.455675911464801,1.7865559288007293,False,0.009594184027777739,0.021815955576038815,0.009594184027777739,0.009594184027777739,0.0,11.918281499994919,100,40,3,3,0.9,0.8,0.35,0.25,360.0,72,8.0,0.0,5.070422535211268,0.0,0.990496989602791,0.9657499163570828
experiment_1_perception_ablation,default,easy_room,scan_only,0,5,1.0,1.0,0.2,7.0657322074059215,4.684442625580517,-2.9787109144481407,0.9951285563347394,7.097057465820336,3.1044743927314453,False,0.004895290798611088,0.00849255947092904,0.004895290798611088,0.004895290798611088,0.0,12.53772958299669,100,40,3,3,0.9,0.8,0.35,0.25,360.0,72,8.0,0.0,5.070422535211268,0.0,0.9951285563347394,0.9733364072048345
experiment_1_perception_ablation,default,easy_room,scan_only,0,6,1.0,1.0,0.2,1.0133433769951157,1.003452641608234,0.20388690211644178,0.9999907769947869,0.01378283148372248,0.003886902116441604,True,9.223090277777747e-06,0.00019502779357110853,9.223090277777747e-06,9.223090277777747e-06,0.0,12.111893416993553,100,40,3,3,0.9,0.8,0.35,0.25,360.0,72,8.0,0.0,5.070422535211268,0.0,0.9999907769947869,0.9677514946273412
experiment_1_perception_ablation,default,easy_room,scan_only,0,7,1.0,1.0,0.2,7.076029399333406,4.648224501032782,-2.9871882687583273,0.9950511966581138,7.087148599507405,3.0959970384212587,False,0.004973415798611088,0.009544703967793453,0.004973415798611088,0.004973415798611088,0.0,12.598719333996996,100,40,3,3,0.9,0.8,0.35,0.25,360.0,72,8.0,0.0,5.070422535211268,0.0,0.9950511966581138,0.9750380941068684
experiment_1_perception_ablation,default,easy_room,scan_only,0,8,1.0,1.0,0.2,4.533041797183755,3.161198587967392,-2.6855818541097185,0.9870608912465823,4.141637801314797,2.8855818541097187,False,0.013108723958333271,0.060775126527895275,0.013108723958333271,0.013108723958333271,0.0,11.872521666999091,100,40,3,3,0.9,0.8,0.35,0.25,360.0,72,8.0,0.0,5.070422535211268,0.0,0.9870608912465823,0.9694129691671322
experiment_1_perception_ablation,default,easy_room,scan_only,0,9,1.0,1.0,0.2,1.0156216688139752,1.002016464587459,0.19541425098030268,0.9999793841055794,0.015751275058419917,0.004585749019697438,True,2.0616319444444374e-05,0.0004139412805240124,2.0616319444444374e-05,2.0616319444444374e-05,0.0,12.29828400000406,100,40,3,3,0.9,0.8,0.35,0.25,360.0,72,8.0,0.0,5.070422535211268,0.0,0.9999793841055794,0.9695288008892955
experiment_1_perception_ablation,default,easy_room,scan_only,1,0,2.5,2.2,1.0,5.460640206741821,5.28437689118126,-1.9887946359319355,0.9953639326379683,4.275367965524047,2.9887946359319355,False,0.004657660590277755,0.007195609817300805,0.004657660590277755,0.004657660590277755,0.0,12.104322208004305,100,40,3,3,0.9,0.8,0.35,0.25,360.0,72,8.0,0.0,5.070422535211268,0.0,0.9953639326379683,0.9815570082663936
experiment_1_perception_ablation,default,easy_room,scan_only,1,1,2.5,2.2,1.0,5.3590370187132805,5.280572014848512,-1.9837588107793636,0.9953408199897615,4.202858148098832,2.9837588107793636,False,0.004680989583333312,0.010256944306079136,0.004680989583333312,0.004680989583333312,0.0,12.090339917005622,100,40,3,3,0.9,0.8,0.35,0.25,360.0,72,8.0,0.0,5.070422535211268,0.0,0.9953408199897615,0.9807332870083798
experiment_1_perception_ablation,default,easy_room,scan_only,1,2,2.5,2.2,1.0,3.8557108252064096,3.0033834639372015,-2.162724779600235,0.9953838211246887,1.57587335522547,3.1204605275793513,False,0.004637586805555527,0.017999263902689192,0.004637586805555527,0.004637586805555527,0.0,12.134137083005044,100,40,3,3,0.9,0.8,0.35,0.25,360.0,72,8.0,0.0,5.070422535211268,0.0,0.9953838211246887,0.9801670974206587
experiment_1_perception_ablation,default,easy_room,scan_only,1,3,2.5,2.2,1.0,5.470884402005147,5.286110652510114,-1.9752210993475954,0.9953574824886313,4.283717204673283,2.9752210993475954,False,0.004664171006944422,0.004974650210681348,0.004664171006944422,0.004664171006944422,0.0,12.028968917002203,100,40,3,3,0.9,0.8,0.35,0.25,360.0,72,8.0,0.0,5.070422535211268,0.0,0.9953574824886313,0.9811626723049081
experiment_1_perception_ablation,default,easy_room,scan_only,1,4,2.5,2.2,1.0,3.834970167438294,2.9632105010614596,-2.1546374946341795,0.995303734494953,1.5377371741883301,3.1285478125454063,False,0.0047184244791666375,0.019316011887429718,0.0047184244791666375,0.0047184244791666375,0.0,12.032619999998133,100,40,3,3,0.9,0.8,0.35,0.25,360.0,72,8.0,0.0,5.070422535211268,0.0,0.995303734494953,0.9808674914523998
experiment_1_perception_ablation,default,easy_room,scan_only,1,5,2.5,2.2,1.0,3.670637433073577,3.0130535186124954,-2.1308285079827662,0.9956596542308243,1.4252887510400314,3.1308285079827662,False,0.004359266493055527,0.015508091254440496,0.004359266493055527,0.004359266493055527,0.0,12.179696125007467,100,40,3,3,0.9,0.8,0.35,0.25,360.0,72,8.0,0.0,5.070422535211268,0.0,0.9956510489393389,0.9791260948960869
experiment_1_perception_ablation,default,easy_room,scan_only,1,6,2.5,2.2,1.0,5.5200532236439255,5.233415662875822,-2.014428413251484,0.9953779082483197,4.280459327855181,3.014428413251484,False,0.0046435546874999765,0.007119024480791924,0.0046435546874999765,0.0046435546874999765,0.0,12.03840333300468,100,40,3,3,0.9,0.8,0.35,0.25,360.0,72,8.0,0.0,5.070422535211268,0.0,0.9953779082483197,0.9793389417417545
experiment_1_perception_ablation,default,easy_room,scan_only,1,7,2.5,2.2,1.0,5.534540752736947,5.231320350757712,-2.005346745195624,0.9953633951223305,4.289212124497828,3.005346745195624,False,0.004658203124999976,0.007056468590582379,0.004658203124999976,0.004658203124999976,0.0,12.136276707999059,100,40,3,3,0.9,0.8,0.35,0.25,360.0,72,8.0,0.0,5.070422535211268,0.0,0.9953633951223305,0.9796644611400638
experiment_1_perception_ablation,default,easy_room,scan_only,1,8,2.5,2.2,1.0,5.466177280176591,5.264789213597294,-1.9899378140800548,0.9953773707175877,4.265107335251731,2.9899378140800548,False,0.0046440972222222,0.007550121934329188,0.0046440972222222,0.0046440972222222,0.0,12.050460875005228,100,40,3,3,0.9,0.8,0.35,0.25,360.0,72,8.0,0.0,5.070422535211268,0.0,0.9953773707175877,0.9806214425504736
experiment_1_perception_ablation,default,easy_room,scan_only,1,9,2.5,2.2,1.0,3.6812295035313,3.0712683777154886,-2.1561254036119895,0.9953655451883644,1.4677914450015643,3.1270599035675968,False,0.00465603298611108,0.012121571254344652,0.00465603298611108,0.00465603298611108,0.0,12.196759250000468,100,40,3,3,0.9,0.8,0.35,0.25,360.0,72,8.0,0.0,5.070422535211268,0.0,0.9953655451883644,0.979124107647398
experiment_1_perception_ablation,default,easy_room,scan_only,2,0,5.0,3.0,-0.5,4.994943691801512,3.001106303452746,-0.49253497432450555,0.9999924045715798,0.0051759211670631905,0.007465025675494452,True,7.5954861111110965e-06,0.0011698615431320857,7.5954861111110965e-06,7.5954861111110965e-06,0.0,11.747098791995086,100,40,3,3,0.9,0.8,0.35,0.25,360.0,72,8.0,0.0,5.070422535211268,0.0,0.9999924045715798,0.9841802863920341
experiment_1_perception_ablation,default,easy_room,scan_only,2,1,5.0,3.0,-0.5,4.973582538355997,3.041755878571121,-0.4876075299930027,0.9999674489762703,0.049410886198879164,0.012392470006997058,True,3.2552083333333285e-05,0.0017191385285893566,3.2552083333333285e-05,3.2552083333333285e-05,0.0,11.924297167002806,100,40,3,3,0.9,0.8,0.35,0.25,360.0,72,8.0,0.0,5.070422535211268,0.0,0.9999674489762703,0.9849950343180451
experiment_1_perception_ablation,default,easy_room,scan_only,2,2,5.0,3.0,-0.5,5.017694036946806,3.0300515680901046,-0.4849561583036436,0.99996961897859,0.034873710558945864,0.01504384169635653,True,3.038194444444441e-05,0.0030785649554860343,3.038194444444441e-05,3.038194444444441e-05,0.0,11.751223833998665,100,40,3,3,0.9,0.8,0.35,0.25,360.0,72,8.0,0.0,5.070422535211268,0.0,0.99996961897859,0.9813097459496513
experiment_1_perception_ablation,default,easy_room,scan_only,2,3,5.0,3.0,-0.5,4.994222763618481,2.9928435936698974,-0.5004771153692633,0.9999929470983548,0.009197315465366996,0.0004771153692635366,True,7.0529513888888725e-06,0.00020893393739349585,7.0529513888888725e-06,7.0529513888888725e-06,0.0,11.322106249994249,100,40,3,3,0.9,0.8,0.35,0.25,360.0,72,8.0,0.0,5.070422535211268,0.0,0.9999929470983548,0.9790283924145953
experiment_1_perception_ablation,default,easy_room,scan_only,2,4,5.0,3.0,-0.5,4.984099861702308,2.996134402993273,-0.4993737161381649,0.9999934896257185,0.016363289342431763,0.000626283861834942,True,6.510416666666654e-06,0.00027333223104555475,6.510416666666654e-06,6.510416666666654e-06,0.0,11.705932957993355,100,40,3,3,0.9,0.8,0.35,0.25,360.0,72,8.0,0.0,5.070422535211268,0.0,0.9999934896257185,0.9808276046454586
experiment_1_perception_ablation,default,easy_room,scan_only,2,5,5.0,3.0,-0.5,5.0254561416035886,2.989892086740315,-0.5049028541404349,0.9999869793362066,0.02738950630820616,0.004902854140434787,True,1.3020833333333316e-05,0.00021691653025622537,1.3020833333333316e-05,1.3020833333333316e-05,0.0,11.86357625000528,100,40,3,3,0.9,0.8,0.35,0.25,360.0,72,8.0,0.0,5.070422535211268,0.0,0.9999869793362066,0.9823678377606554
experiment_1_perception_ablation,default,easy_room,scan_only,2,6,5.0,3.0,-0.5,4.975893867629446,3.0328417924472935,-0.4812260102169712,0.9999750440255941,0.040739280173044116,0.0187739897830288,True,2.4956597222222183e-05,0.0015415781313980793,2.4956597222222183e-05,2.4956597222222183e-05,0.0,11.899576208001235,100,40,3,3,0.9,0.8,0.35,0.25,360.0,72,8.0,0.0,5.070422535211268,0.0,0.9999750440255941,0.9817016842603734
experiment_1_perception_ablation,default,easy_room,scan_only,2,7,5.0,3.0,-0.5,6.7908226349471015,5.126470200122614,-0.4781739184063536,0.9908601323942239,2.7800937433562183,0.021826081593646407,False,0.009224175347222164,0.04281030169135779,0.009224175347222164,0.009224175347222164,0.0,12.456849250011146,100,40,3,3,0.9,0.8,0.35,0.25,360.0,72,8.0,0.0,5.070422535211268,0.0,0.9908601323942239,0.9782003141993463
experiment_1_perception_ablation,default,easy_room,scan_only,2,8,5.0,3.0,-0.5,5.004670623816614,3.0097949810190796,-0.4945134260165042,0.9999929470983548,0.010851561178026627,0.005486573983495724,True,7.052951388888886e-06,0.0013716255409522524,7.052951388888886e-06,7.052951388888886e-06,0.0,11.724002000002656,100,40,3,3,0.9,0.8,0.35,0.25,360.0,72,8.0,0.0,5.070422535211268,0.0,0.9999929470983548,0.9791951242529879
experiment_1_perception_ablation,default,easy_room,scan_only,2,9,5.0,3.0,-0.5,3.199003876576468,4.049507946764346,2.759590912754592,0.9942251656772243,2.0844793035451574,3.023594394424994,False,0.005808376736111077,0.022184552990998366,0.005808376736111077,0.005808376736111077,0.0,10.587224000002607,100,40,3,3,0.9,0.8,0.35,0.25,360.0,72,8.0,0.0,5.070422535211268,0.0,0.9942251656772243,0.9754659023726804
experiment_1_perception_ablation,default,easy_room,scan_only,3,0,6.5,4.5,2.2,6.52105418427477,4.405034077589808,2.1876155277951463,0.9998632999394613,0.09727181038047239,0.012384472204853836,True,0.0001367187499999997,0.002265158694603843,0.0001367187499999997,0.0001367187499999997,0.0,12.93894249999721,100,40,3,3,0.9,0.8,0.35,0.25,360.0,72,8.0,0.0,5.070422535211268,0.0,0.9998632999394613,0.9825438515111564
experiment_1_perception_ablation,default,easy_room,scan_only,3,1,6.5,4.5,2.2,6.512849438954527,4.471088552819647,2.197728867225857,0.9999772140608776,0.03163826574748472,0.0022711327741431475,True,2.27864583333333e-05,7.815211808087873e-05,2.27864583333333e-05,2.27864583333333e-05,0.0,13.021384291001596,100,40,3,3,0.9,0.8,0.35,0.25,360.0,72,8.0,0.0,5.070422535211268,0.0,0.9999772140608776,0.9817746785151478
experiment_1_perception_ablation,default,easy_room,scan_only,3,2,6.5,4.5,2.2,6.476244957433826,4.561767038903204,2.22284939741457,0.9999338151446139,0.06617755769285119,0.02284939741457004,True,6.618923611111097e-05,0.0023890749937895313,6.618923611111097e-05,6.618923611111097e-05,0.0,12.91381395800272,100,40,3,3,0.9,0.8,0.35,0.25,360.0,72,8.0,0.0,5.070422535211268,0.0,0.9999338151446139,0.9803240372314881
experiment_1_perception_ablation,default,easy_room,scan_only,3,3,6.5,4.5,2.2,6.478040879397693,4.538912294011142,2.217205152714288,0.99996961897859,0.04468075203973446,0.01720515271428802,True,3.038194444444437e-05,0.0022157305335495855,3.038194444444437e-05,3.038194444444437e-05,0.0,12.979273791992455,100,40,3,3,0.9,0.8,0.35,0.25,360.0,72,8.0,0.0,5.070422535211268,0.0,0.99996961897859,0.9794798610845231
experiment_1_perception_ablation,default,easy_room,scan_only,3,4,6.5,4.5,2.2,6.479696406833956,4.508933165405399,2.207027270303689,0.9999864368159069,0.02218191469671681,0.00702727030368866,True,1.3563368055555516e-05,0.0011269846109563432,1.3563368055555516e-05,1.3563368055555516e-05,0.0,12.801012666997849,100,40,3,3,0.9,0.8,0.35,0.25,360.0,72,8.0,0.0,5.070422535211268,0.0,0.9999864368159069,0.9790480365896218
experiment_1_perception_ablation,default,easy_room,scan_only,3,5,6.5,4.5,2.2,6.480515792040973,4.501536770529053,2.196871704905906,0.9999728739997287,0.01954471855641781,0.003128295094094291,True,2.7126736111110988e-05,0.00011218530972076715,2.7126736111110988e-05,2.7126736111110988e-05,0.0,12.885665875000996,100,40,3,3,0.9,0.8,0.35,0.25,360.0,72,8.0,0.0,5.070422535211268,0.0,0.9999728739997287,0.9809678068757991
experiment_1_perception_ablation,default,easy_room,scan_only,3,6,6.5,4.5,2.2,6.487545247050506,4.4873577130520514,2.195148832736009,0.9999815541596998,0.017746782533946702,0.004851167263991041,True,1.8446180555555474e-05,0.00018274900116997095,1.8446180555555474e-05,1.8446180555555474e-05,0.0,13.08248695799557,100,40,3,3,0.9,0.8,0.35,0.25,360.0,72,8.0,0.0,5.070422535211268,0.0,0.9999815541596998,0.9798800259992706
experiment_1_perception_ablation,default,easy_room,scan_only,3,7,6.5,4.5,2.2,6.43551076383605,4.580804085806207,2.2294682890416038,0.999894759340651,0.10338356670180503,0.02946828904160359,True,0.00010525173611111098,0.004351378454346177,0.00010525173611111098,0.00010525173611111098,0.0,12.897046084006433,100,40,3,3,0.9,0.8,0.35,0.25,360.0,72,8.0,0.0,5.070422535211268,0.0,0.999894759340651,0.9796489924442853
experiment_1_perception_ablation,default,easy_room,scan_only,3,8,6.5,4.5,2.2,6.499467897295934,4.489574794876381,2.202445102451885,0.9999902344703665,0.010438775558331006,0.002445102451885006,True,9.765624999999954e-06,0.00011630229214347361,9.765624999999954e-06,9.765624999999954e-06,0.0,12.922928874992067,100,40,3,3,0.9,0.8,0.35,0.25,360.0,72,8.0,0.0,5.070422535211268,0.0,0.9999902344703665,0.9787136855035128
experiment_1_perception_ablation,default,easy_room,scan_only,3,9,6.5,4.5,2.2,1.5845426778065197,2.6696899924194946,-0.9596505644136082,0.9926777093444837,5.245164955476125,3.123534742765978,False,0.007376302083333298,0.004371071837366239,0.007376302083333298,0.007376302083333298,0.0,13.264508125008433,100,40,3,3,0.9,0.8,0.35,0.25,360.0,72,8.0,0.0,5.070422535211268,0.0,0.9926777093444837,0.9777251974349298
experiment_1_perception_ablation,default,easy_room,scan_only,4,0,3.5,5.5,-2.0,3.566177910313237,5.487824097047743,-2.002326535127742,0.9999641939904496,0.067288694638324,0.0023265351277421686,True,3.580729166666655e-05,0.001595491635867409,3.580729166666655e-05,3.580729166666655e-05,0.0,11.402992166986223,100,40,3,3,0.9,0.8,0.35,0.25,360.0,72,8.0,0.0,5.070422535211268,0.0,0.9999641939904496,0.9864596901791545
experiment_1_perception_ablation,default,easy_room,scan_only,4,1,3.5,5.5,-2.0,3.465457738174954,5.47156974461424,-2.000101308442518,0.9999446645205181,0.044737537631049464,0.0001013084425180999,True,5.533854166666651e-05,0.001515191870446515,5.533854166666651e-05,5.533854166666651e-05,0.0,11.357907540994347,100,40,3,3,0.9,0.8,0.35,0.25,360.0,72,8.0,0.0,5.070422535211268,0.0,0.9999446645205181,0.9876674538604102
experiment_1_perception_ablation,default,easy_room,scan_only,4,2,3.5,5.5,-2.0,3.4625335120722944,5.466158356354066,-2.0070871785983413,0.9999245933602012,0.050487568393568626,0.007087178598341293,True,7.54123263888887e-05,0.001538005094371012,7.54123263888887e-05,7.54123263888887e-05,0.0,11.306390249999822,100,40,3,3,0.9,0.8,0.35,0.25,360.0,72,8.0,0.0,5.070422535211268,0.0,0.9999245933602012,0.9865637537123199
experiment_1_perception_ablation,default,easy_room,scan_only,4,3,3.5,5.5,-2.0,3.4760142801867695,5.477527878170316,-1.9947265879823244,0.9999593115514505,0.03286808504441574,0.005273412017675838,True,4.069010416666655e-05,0.0003879360228977071,4.069010416666655e-05,4.069010416666655e-05,0.0,11.468040207997547,100,40,3,3,0.9,0.8,0.35,0.25,360.0,72,8.0,0.0,5.070422535211268,0.0,0.9999381548667238,0.983668701525812
experiment_1_perception_ablation,default,easy_room,scan_only,4,4,3.5,5.5,-2.0,3.5981836587859317,5.47274086250659,-1.9975271541353408,0.9998915048280351,0.1018974554612475,0.0024728458646592344,True,0.00010850694444444407,0.004214820444451738,0.00010850694444444407,0.00010850694444444407,0.0,11.615524332999485,100,40,3,3,0.9,0.8,0.35,0.25,360.0,72,8.0,0.0,5.070422535211268,0.0,0.9998508252078275,0.986859423855565
experiment_1_perception_ablation,default,easy_room,scan_only,4,5,3.5,5.5,-2.0,3.5906971717380163,5.49613130217423,-2.0157371369415182,0.9999321877585343,0.09077964410671777,0.015737136941518237,True,6.781684027777747e-05,0.0015190296648758164,6.781684027777747e-05,6.781684027777747e-05,0.0,11.493817209004192,100,40,3,3,0.9,0.8,0.35,0.25,360.0,72,8.0,0.0,5.070422535211268,0.0,0.9999321877585343,0.9859440596138701
experiment_1_perception_ablation,default,easy_room,scan_only,4,6,3.5,5.5,-2.0,3.5882542871166856,5.517641949604408,-1.9991380241197323,0.9999245933602012,0.09000031989009173,0.0008619758802677069,True,7.541232638888859e-05,0.0035030389147978976,7.541232638888859e-05,7.541232638888859e-05,0.0,11.368799542004126,100,40,3,3,0.9,0.8,0.35,0.25,360.0,72,8.0,0.0,5.070422535211268,0.0,0.9999245933602012,0.9845037630078586
experiment_1_perception_ablation,default,easy_room,scan_only,4,7,3.5,5.5,-2.0,3.579842895594741,5.480896028698545,-2.00635591958303,0.9999386973346361,0.08209658760532913,0.006355919583029834,True,6.13064236111109e-05,0.002895580915783957,6.13064236111109e-05,6.13064236111109e-05,0.0,11.385372666001786,100,40,3,3,0.9,0.8,0.35,0.25,360.0,72,8.0,0.0,5.070422535211268,0.0,0.9999386973346361,0.9841463557254002
experiment_1_perception_ablation,default,easy_room,scan_only,4,8,3.5,5.5,-2.0,3.5032402470317443,5.478412329983904,-1.992622633998198,0.999953886675148,0.021829491463398455,0.007377366001802166,True,4.611545138888873e-05,0.0015937107458348504,4.611545138888873e-05,4.611545138888873e-05,0.0,11.491215916990768,100,40,3,3,0.9,0.8,0.35,0.25,360.0,72,8.0,0.0,5.070422535211268,0.0,0.999953886675148,0.9842900261110161
experiment_1_perception_ablation,default,easy_room,scan_only,4,9,3.5,5.5,-2.0,3.5646822812229857,5.477601604687676,-1.997163869902033,0.9999403247419045,0.0684506071322713,0.0028361300979669046,True,5.967881944444426e-05,0.0028789113185106086,5.967881944444426e-05,5.967881944444426e-05,0.0,11.418367916005081,100,40,3,3,0.9,0.8,0.35,0.25,360.0,72,8.0,0.0,5.070422535211268,0.0,0.9999403247419045,0.9849824773070422
experiment_1_perception_ablation,default,easy_room,perception_aware,0,0,1.0,1.0,0.2,6.9634333755979725,5.074178120724711,-2.899627896093106,0.9944360241568012,7.222289455885008,3.0996278960931063,False,0.006566840277777748,0.003327728960966622,0.00559510688273441,0.004596788194444423,0.0009983186882899866,12.646255958999973,100,40,3,3,0.9,0.8,0.35,0.25,360.0,72,8.0,0.0,5.070422535211268,0.3,0.9944360241568012,0.9768006001749052
experiment_1_perception_ablation,default,easy_room,perception_aware,0,1,1.0,1.0,0.2,0.9925161408842158,1.0359744232752988,0.21448958402854254,0.999776099753785,0.03674462242635327,0.014489584028542613,True,0.00016764322916666574,0.0003553337611518828,0.00022395038876223084,0.00011735026041666601,0.00010660012834556484,12.38461658298911,100,40,3,3,0.9,0.8,0.35,0.25,360.0,72,8.0,0.0,5.070422535211268,0.3,0.9992557310870321,0.9767501393063829
experiment_1_perception_ablation,default,easy_room,perception_aware,0,2,1.0,1.0,0.2,0.9833652458364472,1.067803285803317,0.18243770444899673,0.999567978655829,0.06981404308452659,0.017562295551003082,True,6.944444444444431e-05,0.0012786565205668114,0.00043220806728115445,4.8611111111111013e-05,0.0003835969561700434,12.508139749988914,100,40,3,3,0.9,0.8,0.35,0.25,360.0,72,8.0,0.0,5.070422535211268,0.3,0.999567978655829,0.9738703934999416
experiment_1_perception_ablation,default,easy_room,perception_aware,0,3,1.0,1.0,0.2,7.118288962293862,4.842231153476094,-2.9460540686899033,0.9942698220954709,7.224693769487336,3.1371312384896832,False,0.0054199218749999755,0.006564189217447919,0.005763202077734357,0.0037939453124999824,0.0019692567652343754,12.526089458013303,100,40,3,3,0.9,0.8,0.35,0.25,360.0,72,8.0,0.0,5.070422535211268,0.3,0.9942698220954709,0.9773161243722542
experiment_1_perception_ablation,default,easy_room,perception_aware,0,4,1.0,1.0,0.2,1.01407532846236,0.9597015443683545,0.22573311962062717,0.9995026178142981,0.042685833687759,0.025733119620626965,True,0.00010959201388888827,0.00140305096042173,0.0004976296978487408,7.671440972222178e-05,0.000420915288126519,12.313659916995675,100,40,3,3,0.9,0.8,0.35,0.25,360.0,72,8.0,0.0,5.070422535211268,0.3,0.9995026178142981,0.9705514037019048
experiment_1_perception_ablation,default,easy_room,perception_aware,0,5,1.0,1.0,0.2,7.060580913623257,4.787743667618645,-2.954886147696423,0.9942895467405035,7.146862465597029,3.128299159483163,False,0.0049641927083333105,0.007561049744376422,0.005743249819146244,0.003474934895833317,0.0022683149233129266,12.6358036659949,100,40,3,3,0.9,0.8,0.35,0.25,360.0,72,8.0,0.0,5.070422535211268,0.3,0.9942895467405035,0.9787696050684354
experiment_1_perception_ablation,default,easy_room,perception_aware,0,6,1.0,1.0,0.2,1.00094376542969,1.0076925027511345,0.2225037260329339,0.9997862811075976,0.007750180111616136,0.022503726032933713,True,0.000186089409722221,0.00027833997041865646,0.00021376457793115163,0.0001302625868055547,8.350199112559693e-05,12.264631999991252,100,40,3,3,0.9,0.8,0.35,0.25,360.0,72,8.0,0.0,5.070422535211268,0.3,0.9997862811075976,0.9740873576958097
experiment_1_perception_ablation,default,easy_room,perception_aware,0,7,1.0,1.0,0.2,6.915525151793166,5.069482980153786,-2.9026016170446782,0.9946460093400804,7.180120440999504,3.1026016170446784,False,0.0066156684027777485,0.002506140977926563,0.005382810175322392,0.0046309678819444235,0.0007518422933779689,12.515468249999685,100,40,3,3,0.9,0.8,0.35,0.25,360.0,72,8.0,0.0,5.070422535211268,0.3,0.9946460093400804,0.9764639249964304
experiment_1_perception_ablation,default,easy_room,perception_aware,0,8,1.0,1.0,0.2,1.0224132157698116,0.9858068763168084,0.22901284864949198,0.999727346162128,0.026529172641273698,0.02901284864949183,True,0.00022135416666666522,0.00039260093865083637,0.00027272819826191656,0.00015494791666666565,0.0001177802815952509,12.268365625001024,100,40,3,3,0.9,0.8,0.35,0.25,360.0,72,8.0,0.0,5.070422535211268,0.3,0.999727346162128,0.9731669048289838
experiment_1_perception_ablation,default,easy_room,perception_aware,0,9,1.0,1.0,0.2,7.134626046878662,4.770503098795755,-2.964420492719006,0.9943326825374019,7.200717349894419,3.1187648144605795,False,0.0052777777777777545,0.0066839152283867205,0.005699619012960444,0.0036944444444444277,0.002005174568516016,12.570271624994348,100,40,3,3,0.9,0.8,0.35,0.25,360.0,72,8.0,0.0,5.070422535211268,0.3,0.9943326825374019,0.9722419192728404
experiment_1_perception_ablation,default,easy_room,perception_aware,1,0,2.5,2.2,1.0,5.397566918497304,5.341943763455114,-1.9562161099877926,0.9961067650653807,4.27407354404255,2.9562161099877926,False,0.00472656249999998,0.0019995256812055094,0.003908451454361638,0.0033085937499999856,0.0005998577043616527,12.172622834012145,100,40,3,3,0.9,0.8,0.35,0.25,360.0,72,8.0,0.0,5.070422535211268,0.3,0.9958819351573062,0.9823221033968816
experiment_1_perception_ablation,default,easy_room,perception_aware,1,1,2.5,2.2,1.0,2.4870734835956343,2.2020903445296027,1.007259936602452,0.9999272693090354,0.013094440293680941,0.007259936602451944,True,9.765624999999951e-06,0.00021966681200897252,7.273598110269172e-05,6.835937499999965e-06,6.590004360269176e-05,12.185271374997683,100,40,3,3,0.9,0.8,0.35,0.25,360.0,72,8.0,0.0,5.070422535211268,0.3,0.9999272693090354,0.9807984342120428
experiment_1_perception_ablation,default,easy_room,perception_aware,1,2,2.5,2.2,1.0,5.3947940191471835,5.389251368072186,-1.956269573992454,0.9962071728473086,4.307105373918847,2.9562695739924543,False,0.004807942708333313,0.0014723585475270445,0.003807267460091432,0.0033655598958333187,0.00044170756425811333,12.16559916701226,100,40,3,3,0.9,0.8,0.35,0.25,360.0,72,8.0,0.0,5.070422535211268,0.3,0.9962071728473086,0.9802553337738589
experiment_1_perception_ablation,default,easy_room,perception_aware,1,3,2.5,2.2,1.0,2.4747372904084517,2.2172299369213677,1.000366427795978,0.999876580089998,0.03057899969294632,0.0003664277959778417,True,1.627604166666663e-05,0.0003734730506324985,0.00012343514435641617,1.139322916666664e-05,0.00011204191518974954,12.149333415989531,100,40,3,3,0.9,0.8,0.35,0.25,360.0,72,8.0,0.0,5.070422535211268,0.3,0.9996128965200359,0.9790267964402842
experiment_1_perception_ablation,default,easy_room,perception_aware,1,4,2.5,2.2,1.0,5.384120760368769,5.3476594615691555,-1.9508116078848303,0.9957832037793158,4.26918173030804,2.9508116078848303,False,0.004767252604166647,0.00299192022021893,0.0042346528889823315,0.003337076822916653,0.0008975760660656789,12.204013790993486,100,40,3,3,0.9,0.8,0.35,0.25,360.0,72,8.0,0.0,5.070422535211268,0.3,0.9957832037793158,0.9810786229725891
experiment_1_perception_ablation,default,easy_room,perception_aware,1,5,2.5,2.2,1.0,5.453386531694762,5.372845724472096,-1.9652083639831184,0.9961273647146532,4.334678995830819,2.9652083639831184,False,0.004838867187499978,0.0016682795434412162,0.0038876908942823496,0.0033872070312499845,0.0005004838630323649,12.018540332996054,100,40,3,3,0.9,0.8,0.35,0.25,360.0,72,8.0,0.0,5.070422535211268,0.3,0.9961273647146532,0.9821533677118992
experiment_1_perception_ablation,default,easy_room,perception_aware,1,6,2.5,2.2,1.0,5.482109284815696,5.31401823601208,-1.9734753907043534,0.9959784018490282,4.311622126392776,2.9734753907043534,False,0.0046609157986110894,0.0025839854952706305,0.004037836707608952,0.0032626410590277624,0.0007751956485811891,12.16823008400388,100,40,3,3,0.9,0.8,0.35,0.25,360.0,72,8.0,0.0,5.070422535211268,0.3,0.9959784018490282,0.9808506574728451
experiment_1_perception_ablation,default,easy_room,perception_aware,1,7,2.5,2.2,1.0,5.419192506788132,5.347759452241161,-1.9617219464580615,0.9960842911385879,4.293026259046356,2.9617219464580615,False,0.004663628472222201,0.002221873271494843,0.003931101912003993,0.0032645399305555405,0.000666561981448453,12.220363208005438,100,40,3,3,0.9,0.8,0.35,0.25,360.0,72,8.0,0.0,5.070422535211268,0.3,0.9960842911385879,0.9805896232362891
experiment_1_perception_ablation,default,easy_room,perception_aware,1,8,2.5,2.2,1.0,3.5877420139248164,3.076140951819643,-2.1329638369598363,0.9932382766167359,1.3967124458214888,3.1329638369598363,False,0.004979383680555522,0.011073956555728634,0.006807755543107455,0.003485568576388865,0.00332218696671859,12.145314207999036,100,40,3,3,0.9,0.8,0.35,0.25,360.0,72,8.0,0.0,5.070422535211268,0.3,0.9932382766167359,0.9813200511860661
experiment_1_perception_ablation,default,easy_room,perception_aware,1,9,2.5,2.2,1.0,2.4562731802118094,2.204198925262781,0.9926386049883257,0.9996320019286887,0.04392796082395944,0.007361395011674432,True,1.3020833333333256e-05,0.001196729868039621,0.0003681335437452195,9.114583333333278e-06,0.00035901896041188626,12.392799249995733,100,40,3,3,0.9,0.8,0.35,0.25,360.0,72,8.0,0.0,5.070422535211268,0.3,0.9996320019286887,0.9791654526480953
experiment_1_perception_ablation,default,easy_room,perception_aware,2,0,5.0,3.0,-0.5,5.004853867788963,2.985844669702217,-0.513840565480958,0.9999394470767511,0.014964404710915445,0.013840565480958134,True,1.573350694444438e-05,0.0001651437842210736,6.055659012743315e-05,1.1013454861111065e-05,4.954313526632208e-05,11.777653208002448,100,40,3,3,0.9,0.8,0.35,0.25,360.0,72,8.0,0.0,5.070422535211268,0.3,0.9999394470767511,0.9829586848942788
experiment_1_perception_ablation,default,easy_room,perception_aware,2,1,5.0,3.0,-0.5,2.8869431515838344,4.26037160392022,2.6477514109410265,0.9914921823266798,2.4603954610198104,3.1354338962385597,False,0.007864040798611074,0.010253310603816847,0.008580821740172806,0.005504828559027752,0.003075993181145054,10.319537083996693,100,40,3,3,0.9,0.8,0.35,0.25,360.0,72,8.0,0.0,5.070422535211268,0.3,0.9914921823266798,0.9782396200172389
experiment_1_perception_ablation,default,easy_room,perception_aware,2,2,5.0,3.0,-0.5,5.014211586232976,2.9876367346996884,-0.5189488264209065,0.9999578335506526,0.018836653422070825,0.01894882642090634,True,2.3328993055555438e-05,8.612644097685344e-05,4.216822743194484e-05,1.6330295138888807e-05,2.5837932293056032e-05,12.13446658301109,100,40,3,3,0.9,0.8,0.35,0.25,360.0,72,8.0,0.0,5.070422535211268,0.3,0.9999578335506526,0.9820446731219638
experiment_1_perception_ablation,default,easy_room,perception_aware,2,3,5.0,3.0,-0.5,5.050561571025569,2.996092595823827,-0.5278098620156628,0.9997896319758788,0.05071232859936176,0.027809862015662823,True,6.022135416666637e-05,0.0005608578007393009,0.00021041228813845672,4.2154947916666456e-05,0.00016825734022179027,12.01924437499838,100,40,3,3,0.9,0.8,0.35,0.25,360.0,72,8.0,0.0,5.070422535211268,0.3,0.9997896319758788,0.9799609250238366
experiment_1_perception_ablation,default,easy_room,perception_aware,2,4,5.0,3.0,-0.5,5.020345568222246,2.9993452426016476,-0.502530466338769,0.9999135505378564,0.02035610113790857,0.0025304663387690773,True,1.03081597222222e-05,0.000264137414979261,8.645693629933383e-05,7.21571180555554e-06,7.924122449377829e-05,12.208106833000784,100,40,3,3,0.9,0.8,0.35,0.25,360.0,72,8.0,0.0,5.070422535211268,0.3,0.9999135505378564,0.9824062979639162
experiment_1_perception_ablation,default,easy_room,perception_aware,2,5,5.0,3.0,-0.5,4.9502014732269455,2.9941588461917417,-0.4654076731264793,0.999703588177205,0.05013992766826014,0.03459232687352065,True,0.00010742187499999957,0.0007376813210472158,0.00029649970881416446,7.519531249999969e-05,0.00022130439631416475,11.889937250001822,100,40,3,3,0.9,0.8,0.35,0.25,360.0,72,8.0,0.0,5.070422535211268,0.3,0.999703588177205,0.9837126521429453
experiment_1_perception_ablation,default,easy_room,perception_aware,2,6,5.0,3.0,-0.5,5.012254685337577,2.9924043191524725,-0.5187827619669557,0.9999544196738136,0.01441775572897977,0.018782761966955608,True,2.4956597222222085e-05,9.37092859720669e-05,4.558240384717553e-05,1.7469618055555457e-05,2.811278579162007e-05,11.90447158299503,100,40,3,3,0.9,0.8,0.35,0.25,360.0,72,8.0,0.0,5.070422535211268,0.3,0.9999544196738136,0.9810500260556618
experiment_1_perception_ablation,default,easy_room,perception_aware,2,7,5.0,3.0,-0.5,5.058878792918419,2.973298761325582,-0.5135503691369683,0.9995735349869016,0.06465035500504461,0.013550369136968499,True,3.8519965277777714e-05,0.001332276624688975,0.00042664696310113696,2.6963975694444396e-05,0.00039968298740669254,11.798332459002268,100,40,3,3,0.9,0.8,0.35,0.25,360.0,72,8.0,0.0,5.070422535211268,0.3,0.9995735349869016,0.9799869062327403
experiment_1_perception_ablation,default,easy_room,perception_aware,2,8,5.0,3.0,-0.5,5.028211582211367,2.995445509506791,-0.5184250388811815,0.999898729721565,0.028576856974157294,0.01842503888118152,True,2.9296874999999857e-05,0.00026924240881023506,0.0001012805351430704,2.05078124999999e-05,8.077272264307051e-05,11.761437208988355,100,40,3,3,0.9,0.8,0.35,0.25,360.0,72,8.0,0.0,5.070422535211268,0.3,0.999898729721565,0.9829819483337335
experiment_1_perception_ablation,default,easy_room,perception_aware,2,9,5.0,3.0,-0.5,5.023197961764499,3.002718522011925,-0.5047290775446136,0.9995651542820615,0.02335670764376844,0.004729077544613602,True,1.2478298611111088e-05,0.0014210002732343945,0.0004350348909980961,8.73480902777776e-06,0.00042630008197031834,11.61823879199801,100,40,3,3,0.9,0.8,0.35,0.25,360.0,72,8.0,0.0,5.070422535211268,0.3,0.999348209918325,0.9816564378941106
experiment_1_perception_ablation,default,easy_room,perception_aware,3,0,6.5,4.5,2.2,6.5117671324286155,4.466453352013601,2.205508587499322,0.9999199206416652,0.03555056956950122,0.005508587499321926,True,5.750868055555533e-05,0.00013276565054338996,8.008577155190572e-05,4.025607638888873e-05,3.982969516301699e-05,13.058930958999554,100,40,3,3,0.9,0.8,0.35,0.25,360.0,72,8.0,0.0,5.070422535211268,0.3,0.9999199206416652,0.9828358875688059
experiment_1_perception_ablation,default,easy_room,perception_aware,3,1,6.5,4.5,2.2,6.480274506198535,4.485219714613049,2.2035290629846402,0.9996489103180546,0.024648568758273915,0.0035290629846400634,True,2.6584201388888796e-05,0.0011086801607663802,0.0003512129892021362,1.8608940972222157e-05,0.00033260404822991406,13.438197750001564,100,40,3,3,0.9,0.8,0.35,0.25,360.0,72,8.0,0.0,5.070422535211268,0.3,0.9996489103180546,0.9842574239756054
experiment_1_perception_ablation,default,easy_room,perception_aware,3,2,6.5,4.5,2.2,1.5869005632060529,2.5985126599924326,-0.9622563814973326,0.9939239422583743,5.268225524788594,3.1209289256822537,False,0.007907986111111076,0.0019253721054525521,0.006113201909413519,0.005535590277777753,0.0005776116316357656,13.554602457996225,100,40,3,3,0.9,0.8,0.35,0.25,360.0,72,8.0,0.0,5.070422535211268,0.3,0.9939239422583743,0.9774621983412192
experiment_1_perception_ablation,default,easy_room,perception_aware,3,3,6.5,4.5,2.2,6.492675179250074,4.522439426500561,2.2038425622220505,0.999907911018707,0.02360467878816929,0.003842562222050372,True,1.3020833333333317e-05,0.00027660959707084706,9.209746245458744e-05,9.114583333333322e-06,8.298287912125412e-05,13.27490166699863,100,40,3,3,0.9,0.8,0.35,0.25,360.0,72,8.0,0.0,5.070422535211268,0.3,0.999907911018707,0.9816349415371057
experiment_1_perception_ablation,default,easy_room,perception_aware,3,4,6.5,4.5,2.2,6.536778224534673,4.479727500322169,2.211979707231791,0.9997964491763907,0.04199538121163386,0.011979707231790648,True,0.00014431423611111044,0.0003419076656829267,0.00020359226498265534,0.00010101996527777731,0.00010257229970487801,13.09213683300186,100,40,3,3,0.9,0.8,0.35,0.25,360.0,72,8.0,0.0,5.070422535211268,0.3,0.9997964491763907,0.9815333737040377
experiment_1_perception_ablation,default,easy_room,perception_aware,3,5,6.5,4.5,2.2,1.572619190654306,2.560472176414399,-0.9566202338295078,0.9939404013335541,5.295361160371493,3.1265650733500783,False,0.008059895833333296,0.0015153805879999822,0.006096541259733301,0.005641927083333307,0.00045461417639999465,13.474047874988173,100,40,3,3,0.9,0.8,0.35,0.25,360.0,72,8.0,0.0,5.070422535211268,0.3,0.9939404013335541,0.9795318430477713
experiment_1_perception_ablation,default,easy_room,perception_aware,3,6,6.5,4.5,2.2,6.4825969354945,4.481165889757498,2.1947955218131794,0.9999616461509788,0.025643524773504397,0.0052044781868207934,True,3.0924479166666554e-05,5.5693948928909005e-05,3.835532009533929e-05,2.1647135416666587e-05,1.67081846786727e-05,13.07048587501049,100,40,3,3,0.9,0.8,0.35,0.25,360.0,72,8.0,0.0,5.070422535211268,0.3,0.9999616461509788,0.9778448859956762
experiment_1_perception_ablation,default,easy_room,perception_aware,3,7,6.5,4.5,2.2,6.522458357464088,4.446821988212632,2.198721572175488,0.9999216586376997,0.05772589330311177,0.0012784278245123737,True,7.541232638888866e-05,8.519623892686938e-05,7.834750015028287e-05,5.2788628472222055e-05,2.5558871678060812e-05,13.104535167003633,100,40,3,3,0.9,0.8,0.35,0.25,360.0,72,8.0,0.0,5.070422535211268,0.3,0.9999216586376997,0.9816727077765678
experiment_1_perception_ablation,default,easy_room,perception_aware,3,8,6.5,4.5,2.2,1.572268564607134,2.5831837546158374,-0.9500186202783079,0.9937731219009017,5.2874116179779005,3.133166686901278,False,0.007760959201388856,0.0027774120762345373,0.00626589506384256,0.005432671440972199,0.0008332236228703612,13.406937833002303,100,40,3,3,0.9,0.8,0.35,0.25,360.0,72,8.0,0.0,5.070422535211268,0.3,0.9937731219009017,0.9778835553394029
experiment_1_perception_ablation,default,easy_room,perception_aware,3,9,6.5,4.5,2.2,1.5658402364290858,2.5517529512207338,-0.9459792174820665,0.9937009133766105,5.304865609562536,3.1372060896975196,False,0.007907986111111077,0.0026780878684119825,0.006339016638301349,0.005535590277777754,0.0008034263605235947,13.390874333010288,100,40,3,3,0.9,0.8,0.35,0.25,360.0,72,8.0,0.0,5.070422535211268,0.3,0.9937009133766105,0.9780203629042695
experiment_1_perception_ablation,default,easy_room,perception_aware,4,0,3.5,5.5,-2.0,3.515301019453084,5.475417589163948,-2.009454774917761,0.9998118934131428,0.028955416053237787,0.009454774917760922,True,4.8285590277777614e-05,0.0005144735480263948,0.00018814197760236274,3.3799913194444325e-05,0.00015434206440791842,11.3424289579998,100,40,3,3,0.9,0.8,0.35,0.25,360.0,72,8.0,0.0,5.070422535211268,0.3,0.9998118934131428,0.9855051535944708
experiment_1_perception_ablation,default,easy_room,perception_aware,4,1,3.5,5.5,-2.0,3.4528881520651997,5.488208424160756,-1.9787222719649555,0.9996982592348665,0.04856508495415608,0.02127772803504424,True,0.00023925781249999848,0.0004478379045128455,0.0003018318401038526,0.00016748046874999893,0.00013435137135385365,11.312614333000965,100,40,3,3,0.9,0.8,0.35,0.25,360.0,72,8.0,0.0,5.070422535211268,0.3,0.9996982592348665,0.98438055681777
experiment_1_perception_ablation,default,easy_room,perception_aware,4,2,3.5,5.5,-2.0,3.413252196815442,5.483000047475823,-1.9746189155460634,0.9996859323452646,0.08839784919991586,0.02538108445393661,True,0.00032823350694444247,0.0002813428978501644,0.000314166324216159,0.0002297634548611097,8.440286935504932e-05,11.372143500004313,100,40,3,3,0.9,0.8,0.35,0.25,360.0,72,8.0,0.0,5.070422535211268,0.3,0.9996859323452646,0.9854152076185396
experiment_1_perception_ablation,default,easy_room,perception_aware,4,3,3.5,5.5,-2.0,3.4478934166505693,5.493023145196036,-1.9862607003396837,0.9998304707293204,0.05257159433864237,0.013739299660316284,True,0.000109049479166666,0.00031074460103248935,0.000169558015726413,7.63346354166662e-05,9.32233803097468e-05,11.503355541004566,100,40,3,3,0.9,0.8,0.35,0.25,360.0,72,8.0,0.0,5.070422535211268,0.3,0.9998304707293204,0.9848447273834455
experiment_1_perception_ablation,default,easy_room,perception_aware,4,4,3.5,5.5,-2.0,3.615584486045837,5.488042763859408,-2.0272030053633543,0.9993609916711769,0.11620132921185618,0.027203005363354293,True,0.00015842013888888817,0.001761742747797825,0.0006394169215615692,0.00011089409722222171,0.0005285228243393475,12.083459582994692,100,40,3,3,0.9,0.8,0.35,0.25,360.0,72,8.0,0.0,5.070422535211268,0.3,0.9993609916711769,0.9860107153298147
experiment_1_perception_ablation,default,easy_room,perception_aware,4,5,3.5,5.5,-2.0,3.5720905779716605,5.479612040303571,-2.0273481770673585,0.9997385858800035,0.07491809082505568,0.02734817706735848,True,0.00013726128472222156,0.0005513319196738352,0.00026148247520770565,9.608289930555509e-05,0.00016539957590215056,11.445822875000886,100,40,3,3,0.9,0.8,0.35,0.25,360.0,72,8.0,0.0,5.070422535211268,0.3,0.9997385858800035,0.9864010453348534
experiment_1_perception_ablation,default,easy_room,perception_aware,4,6,3.5,5.5,-2.0,3.471021420897442,5.483899539810173,-1.9970401144026837,0.9999067955682216,0.03315091047207329,0.002959885597316081,True,2.6041666666666594e-05,0.000249946509958774,9.321311965429882e-05,1.8229166666666614e-05,7.49839529876322e-05,11.480666999996174,100,40,3,3,0.9,0.8,0.35,0.25,360.0,72,8.0,0.0,5.070422535211268,0.3,0.9999067955682216,0.9874209518016026
experiment_1_perception_ablation,default,easy_room,perception_aware,4,7,3.5,5.5,-2.0,3.5652539210347065,5.4993386478400765,-2.004310450698584,0.9995593222720842,0.06525727236931642,0.004310450698584045,True,2.3328993055555462e-05,0.0014151390508426176,0.0004408720103916741,1.633029513888882e-05,0.0004245417152527853,11.614565041993046,100,40,3,3,0.9,0.8,0.35,0.25,360.0,72,8.0,0.0,5.070422535211268,0.3,0.9995593222720842,0.986505592762549
experiment_1_perception_ablation,default,easy_room,perception_aware,4,8,3.5,5.5,-2.0,3.521049875186581,5.478818093019138,-2.0015944494719284,0.9998330725713006,0.029862525491266563,0.0015944494719284386,True,3.309461805555548e-05,0.0004792968849303229,0.00016695529811798572,2.3166232638888833e-05,0.00014378906547909688,11.472457459007273,100,40,3,3,0.9,0.8,0.35,0.25,360.0,72,8.0,0.0,5.070422535211268,0.3,0.9998330725713006,0.9846037149306219
experiment_1_perception_ablation,default,easy_room,perception_aware,4,9,3.5,5.5,-2.0,3.5580212024858815,5.476097301080468,-2.0212919015162205,0.9997271724453438,0.06275188406371111,0.021291901516220513,True,0.00011121961805555507,0.0006501609240173647,0.000272902009844098,7.785373263888854e-05,0.0001950482772052094,11.3489608749951,100,40,3,3,0.9,0.8,0.35,0.25,360.0,72,8.0,0.0,5.070422535211268,0.3,0.9997271724453438,0.9845809889575163
experiment_1_perception_ablation,default,medium_room,scan_only,0,0,2.0,2.2,0.0,5.729177503181864,2.5654690374021056,2.893272053289218,0.9910583225348554,3.7470431632872,2.893272053289218,False,0.009022352430555517,0.01046910807561543,0.009022352430555517,0.009022352430555517,0.0,11.89667095799814,100,40,3,3,0.9,0.8,0.35,0.25,360.0,72,8.0,0.0,5.070422535211268,0.0,0.9910583225348554,0.9794949050768147
experiment_1_perception_ablation,default,medium_room,scan_only,0,1,2.0,2.2,0.0,2.0074016939368775,2.2788682199763057,-0.022583913874363953,0.9999213386533721,0.07921477889488887,0.02258391387436376,True,7.866753472222209e-05,0.0036580561237668126,7.866753472222209e-05,7.866753472222209e-05,0.0,11.488318707997678,100,40,3,3,0.9,0.8,0.35,0.25,360.0,72,8.0,0.0,5.070422535211268,0.0,0.9999213386533721,0.9794230758104173
experiment_1_perception_ablation,default,medium_room,scan_only,0,2,2.0,2.2,0.0,5.699075617082636,2.5223134975462145,2.889148439085164,0.9910892302927455,3.7130912204786672,2.8891484390851634,False,0.008990885416666625,0.009943543081975573,0.008990885416666625,0.008990885416666625,0.0,11.96729591699841,100,40,3,3,0.9,0.8,0.35,0.25,360.0,72,8.0,0.0,5.070422535211268,0.0,0.9910892302927455,0.9781106818793691
experiment_1_perception_ablation,default,medium_room,scan_only,0,3,2.0,2.2,0.0,5.845941285800351,2.7203436585206866,2.9166486453840963,0.9909544226556095,3.8809820789055895,2.9166486453840967,False,0.00912814670138886,0.009023625155779287,0.00912814670138886,0.00912814670138886,0.0,11.851919708991772,100,40,3,3,0.9,0.8,0.35,0.25,360.0,72,8.0,0.0,5.070422535211268,0.0,0.9909544226556095,0.9769825772701884
experiment_1_perception_ablation,default,medium_room,scan_only,0,4,2.0,2.2,0.0,5.641020101859114,2.5121433036024006,2.8872514594008414,0.9911052178205364,3.654375572396189,2.887251459400842,False,0.008974609374999958,0.011931383497812122,0.008974609374999958,0.008974609374999958,0.0,11.974676083002123,100,40,3,3,0.9,0.8,0.35,0.25,360.0,72,8.0,0.0,5.070422535211268,0.0,0.9911052178205364,0.9789305884892059
experiment_1_perception_ablation,default,medium_room,scan_only,0,5,2.0,2.2,0.0,2.008576208620144,2.2119913966593963,0.010318529891262251,0.9999587690611714,0.014742623516159094,0.010318529891262251,True,4.123263888888868e-05,0.00228157269907861,4.123263888888868e-05,4.123263888888868e-05,0.0,11.624672291989555,100,40,3,3,0.9,0.8,0.35,0.25,360.0,72,8.0,0.0,5.070422535211268,0.0,0.9999587690611714,0.9758313445540223
experiment_1_perception_ablation,default,medium_room,scan_only,0,6,2.0,2.2,0.0,1.9899971544311177,2.2341923897057714,0.008753284000396436,0.9999311028374239,0.035625502568612806,0.008753284000396544,True,6.890190972222191e-05,0.0025538860678921134,6.890190972222191e-05,6.890190972222191e-05,0.0,11.677098209009273,100,40,3,3,0.9,0.8,0.35,0.25,360.0,72,8.0,0.0,5.070422535211268,0.0,0.9999311028374239,0.9776076890625758
experiment_1_perception_ablation,default,medium_room,scan_only,0,7,2.0,2.2,0.0,1.97743546772432,2.1914777035064104,0.02543308611141134,0.99991157466001,0.024120274756827667,0.025433086111411374,True,8.843315972222168e-05,0.0025482991659818662,8.843315972222168e-05,8.843315972222168e-05,0.0,11.44056845799787,100,40,3,3,0.9,0.8,0.35,0.25,360.0,72,8.0,0.0,5.070422535211268,0.0,0.99991157466001,0.9776650105474558
experiment_1_perception_ablation,default,medium_room,scan_only,0,8,2.0,2.2,0.0,5.653607317249084,2.5118047598502646,2.871645402947504,0.9911601122583469,3.6668881407702263,2.871645402947504,False,0.008918728298611072,0.01290654767260267,0.008918728298611072,0.008918728298611072,0.0,11.885633084006258,100,40,3,3,0.9,0.8,0.35,0.25,360.0,72,8.0,0.0,5.070422535211268,0.0,0.9911601122583469,0.9788410711606084
experiment_1_perception_ablation,default,medium_room,scan_only,0,9,2.0,2.2,0.0,1.777900606310187,2.1271036383524984,0.043652684047802204,0.995960395012417,0.23375632658566894,0.043652684047802204,True,0.004055989583333324,0.014782692337755393,0.004055989583333324,0.004055989583333324,0.0,11.936318792009843,100,40,3,3,0.9,0.8,0.35,0.25,360.0,72,8.0,0.0,5.070422535211268,0.0,0.995960395012417,0.966640050294448
experiment_1_perception_ablation,default,medium_room,scan_only,1,0,1.6,3.6,0.8,1.5883777541492425,3.616002516662664,0.8353571033388176,0.9999674489762703,0.01977769294316938,0.03535710333881781,True,3.255208333333331e-05,0.0023528993973437494,3.255208333333331e-05,3.255208333333331e-05,0.0,8.546816582995234,100,40,3,3,0.9,0.8,0.35,0.25,360.0,72,8.0,0.0,5.070422535211268,0.0,0.9999674489762703,0.9889327340879164
experiment_1_perception_ablation,default,medium_room,scan_only,1,1,1.6,3.6,0.8,1.6226518035940396,3.594484693118148,0.8108925017202949,0.9999837242232386,0.023313575788881977,0.010892501720294767,True,1.6276041666666673e-05,0.002632873918197026,1.6276041666666673e-05,1.6276041666666673e-05,0.0,8.662187541995081,100,40,3,3,0.9,0.8,0.35,0.25,360.0,72,8.0,0.0,5.070422535211268,0.0,0.9999837242232386,0.9910739382998812
experiment_1_perception_ablation,default,medium_room,scan_only,1,2,1.6,3.6,0.8,1.6050950920629037,3.613425461737805,0.8029733204398932,0.9999913195197959,0.014359769705769397,0.002973320439893179,True,8.68055555555555e-06,0.001205311355856703,8.68055555555555e-06,8.68055555555555e-06,0.0,8.59774629099411,100,40,3,3,0.9,0.8,0.35,0.25,360.0,72,8.0,0.0,5.070422535211268,0.0,0.9999913195197959,0.9901329367332355
experiment_1_perception_ablation,default,medium_room,scan_only,1,3,1.6,3.6,0.8,1.6204523939476436,3.626576569771417,0.812783737033084,0.9999804691314623,0.03353527216237564,0.012783737033084108,True,1.9531249999999994e-05,0.002385102962064197,1.9531249999999994e-05,1.9531249999999994e-05,0.0,8.595346833011718,100,40,3,3,0.9,0.8,0.35,0.25,360.0,72,8.0,0.0,5.070422535211268,0.0,0.9999804691314623,0.9893384857973568
experiment_1_perception_ablation,default,medium_room,scan_only,1,4,1.6,3.6,0.8,1.5971864800500248,3.6241976385787242,0.8277563966981584,0.9999761290420585,0.024360656955334105,0.027756396698158436,True,2.387152777777776e-05,0.0013063655593876903,2.387152777777776e-05,2.387152777777776e-05,0.0,8.539787457993953,100,40,3,3,0.9,0.8,0.35,0.25,360.0,72,8.0,0.0,5.070422535211268,0.0,0.9999750440255941,0.9877579477680548
experiment_1_perception_ablation,default,medium_room,scan_only,1,5,1.6,3.6,0.8,1.6126239455869293,3.6048553175484668,0.8281495591990179,0.9999799266182265,0.013525461569876242,0.028149559199017737,True,2.0073784722222165e-05,0.0035221314860446377,2.0073784722222165e-05,2.0073784722222165e-05,0.0,8.860500042006606,100,40,3,3,0.9,0.8,0.35,0.25,360.0,72,8.0,0.0,5.070422535211268,0.0,0.9999799266182265,0.9910452134599348
experiment_1_perception_ablation,default,medium_room,scan_only,1,6,1.6,3.6,0.8,1.6309411467218848,3.6294142043901183,0.8387229141607152,0.9999555141318581,0.04269133378531115,0.03872291416071505,True,4.448784722222208e-05,0.004695414549677039,4.448784722222208e-05,4.448784722222208e-05,0.0,8.621745625001495,100,40,3,3,0.9,0.8,0.35,0.25,360.0,72,8.0,0.0,5.070422535211268,0.0,0.9999555141318581,0.9900721904641325
experiment_1_perception_ablation,default,medium_room,scan_only,1,7,1.6,3.6,0.8,1.591074025612444,3.5602212099040007,0.7895170474102376,0.9999799266182265,0.040767942801530774,0.010482952589762284,True,2.007378472222222e-05,0.0014380141680427894,2.007378472222222e-05,2.007378472222222e-05,0.0,8.47654474999581,100,40,3,3,0.9,0.8,0.35,0.25,360.0,72,8.0,0.0,5.070422535211268,0.0,0.9999799266182265,0.9868373020913839
experiment_1_perception_ablation,default,medium_room,scan_only,1,8,1.6,3.6,0.8,1.6222212099819606,3.5460221954471756,0.8033574852432676,0.9999631089998849,0.05837281522597061,0.0033574852432676217,True,3.689236111111112e-05,0.003136453742254195,3.689236111111112e-05,3.689236111111112e-05,0.0,8.672414125001524,100,40,3,3,0.9,0.8,0.35,0.25,360.0,72,8.0,0.0,5.070422535211268,0.0,0.9999631089998849,0.9893156702185243
experiment_1_perception_ablation,default,medium_room,scan_only,1,9,1.6,3.6,0.8,4.412193045007898,4.658378985531057,-0.22096218417455618,0.9959098105113008,3.0047621868301895,1.0209621841745564,False,0.004106987847222219,0.03019571703189475,0.004106987847222219,0.004106987847222219,0.0,8.643102667003404,100,40,3,3,0.9,0.8,0.35,0.25,360.0,72,8.0,0.0,5.070422535211268,0.0,0.9959098105113008,0.9834730510833762
experiment_1_perception_ablation,default,medium_room,scan_only,2,0,5.5,2.0,-0.8,5.495806588794608,1.9724857930712187,-0.8055498018846343,0.9999837242232386,0.027831929154431684,0.005549801884634498,True,1.6276041666666643e-05,0.0015579172762037834,1.6276041666666643e-05,1.6276041666666643e-05,0.0,11.561082832995453,100,40,3,3,0.9,0.8,0.35,0.25,360.0,72,8.0,0.0,5.070422535211268,0.0,0.9999837242232386,0.981380590468436
experiment_1_perception_ablation,default,medium_room,scan_only,2,1,5.5,2.0,-0.8,5.544524418970338,1.9889137568319362,-0.7894585503903015,0.9999674489762703,0.045883860694449795,0.010541449609698716,True,3.2552083333333245e-05,0.0030542920154224234,3.2552083333333245e-05,3.2552083333333245e-05,0.0,11.697640915997908,100,40,3,3,0.9,0.8,0.35,0.25,360.0,72,8.0,0.0,5.070422535211268,0.0,0.9999674489762703,0.9824408767067169
experiment_1_perception_ablation,default,medium_room,scan_only,2,2,5.5,2.0,-0.8,3.1056197675634842,3.810461149488873,2.343311667391232,0.9902841264417467,3.001803836244353,3.1398736397883544,False,0.009811197916666637,0.025168501106696623,0.009811197916666637,0.009811197916666637,0.0,12.612010749988258,100,40,3,3,0.9,0.8,0.35,0.25,360.0,72,8.0,0.0,5.070422535211268,0.0,0.9902841264417467,0.9790927447126784
experiment_1_perception_ablation,default,medium_room,scan_only,2,3,5.5,2.0,-0.8,5.439021410938966,1.9870815000593498,-0.8186338179019348,0.9999397822722264,0.0623319818760085,0.018633817901934968,True,6.022135416666648e-05,0.00282514705560752,6.022135416666648e-05,6.022135416666648e-05,0.0,11.60486404200492,100,40,3,3,0.9,0.8,0.35,0.25,360.0,72,8.0,0.0,5.070422535211268,0.0,0.9999397822722264,0.982029017764501
experiment_1_perception_ablation,default,medium_room,scan_only,2,4,5.5,2.0,-0.8,3.17330410120672,3.759473335896067,2.2933170158893885,0.990371921408572,2.917063630637958,3.0933170158893883,False,0.009721679687499969,0.02563706315695945,0.009721679687499969,0.009721679687499969,0.0,12.870773167000152,100,40,3,3,0.9,0.8,0.35,0.25,360.0,72,8.0,0.0,5.070422535211268,0.0,0.990371921408572,0.976951053589794
experiment_1_perception_ablation,default,medium_room,scan_only,2,5,5.5,2.0,-0.8,3.13206998405109,3.7963528824849844,2.329119594628764,0.9902809341908032,2.9722005717723556,3.129119594628764,False,0.009814453124999971,0.025173947152136902,0.009814453124999971,0.009814453124999971,0.0,12.8360483340075,100,40,3,3,0.9,0.8,0.35,0.25,360.0,72,8.0,0.0,5.070422535211268,0.0,0.9902809341908032,0.9762369771293271
experiment_1_perception_ablation,default,medium_room,scan_only,2,6,5.5,2.0,-0.8,5.469409726588123,2.0244016324884875,-0.8121130802938255,0.9999267631765251,0.03913060816696582,0.012113080293825185,True,7.324218749999962e-05,0.0018422152062090777,7.324218749999962e-05,7.324218749999962e-05,0.0,12.929867291008122,100,40,3,3,0.9,0.8,0.35,0.25,360.0,72,8.0,0.0,5.070422535211268,0.0,0.9999267631765251,0.9804306594896469
experiment_1_perception_ablation,default,medium_room,scan_only,2,7,5.5,2.0,-0.8,3.268530155681767,3.8161367958160928,2.263687990148977,0.9903064727746311,2.8771184416389226,3.063687990148977,False,0.009788411458333304,0.02804843615357747,0.009788411458333304,0.009788411458333304,0.0,13.394023832996027,100,40,3,3,0.9,0.8,0.35,0.25,360.0,72,8.0,0.0,5.070422535211268,0.0,0.9903064727746311,0.9765607585205707
experiment_1_perception_ablation,default,medium_room,scan_only,2,8,5.5,2.0,-0.8,5.502408982931566,1.987050002928147,-0.7996212439795521,0.9999896919465349,0.013172153313926243,0.00037875602044801226,True,1.0308159722222212e-05,0.0014488486276296047,1.0308159722222212e-05,1.0308159722222212e-05,0.0,11.888963167002657,100,40,3,3,0.9,0.8,0.35,0.25,360.0,72,8.0,0.0,5.070422535211268,0.0,0.9999896919465349,0.9819693174469977
experiment_1_perception_ablation,default,medium_room,scan_only,2,9,5.5,2.0,-0.8,5.526532266289784,2.0237239560477103,-0.7803757884385216,0.9999782990820513,0.035591954779495796,0.019624211561478422,True,2.1701388888888836e-05,0.00241631691279371,2.1701388888888836e-05,2.1701388888888836e-05,0.0,11.625220457994146,100,40,3,3,0.9,0.8,0.35,0.25,360.0,72,8.0,0.0,5.070422535211268,0.0,0.9999782990820513,0.9783983583803717
experiment_1_perception_ablation,default,medium_room,scan_only,3,0,3.4,5.0,2.4,3.3979228264429393,5.028783968128571,2.410096513095999,0.9999462919472099,0.028858819643442373,0.010096513095998905,True,5.371093749999988e-05,0.0023958893371205966,5.371093749999988e-05,5.371093749999988e-05,0.0,10.591439250012627,100,40,3,3,0.9,0.8,0.35,0.25,360.0,72,8.0,0.0,5.070422535211268,0.0,0.9999462919472099,0.9744494746746587
experiment_1_perception_ablation,default,medium_room,scan_only,3,1,3.4,5.0,2.4,7.242842788921266,1.3433240288059702,-0.43329016414178345,0.9933003957681263,5.30459422186768,2.8332901641417836,False,0.006744791666666652,0.017467755683742064,0.006744791666666652,0.006744791666666652,0.0,10.836359957989771,100,40,3,3,0.9,0.8,0.35,0.25,360.0,72,8.0,0.0,5.070422535211268,0.0,0.9933003957681263,0.9775663495362592
experiment_1_perception_ablation,default,medium_room,scan_only,3,2,3.4,5.0,2.4,3.3670481591340264,4.996406808135514,2.411340149215203,0.9999804691314623,0.033147169475408376,0.011340149215202988,True,1.9531249999999956e-05,0.00024688645225498404,1.9531249999999956e-05,1.9531249999999956e-05,0.0,11.26382329199987,100,40,3,3,0.9,0.8,0.35,0.25,360.0,72,8.0,0.0,5.070422535211268,0.0,0.9999804691314623,0.9779741292892499
experiment_1_perception_ablation,default,medium_room,scan_only,3,3,3.4,5.0,2.4,3.3778131413628447,4.988274422185395,2.442463104633183,0.9994171151265403,0.025094737919959854,0.042463104633183146,True,0.0005832248263888876,0.0025015918006874214,0.0005832248263888876,0.0005832248263888876,0.0,10.38056604200392,100,40,3,3,0.9,0.8,0.35,0.25,360.0,72,8.0,0.0,5.070422535211268,0.0,0.9994171151265403,0.9734437486953774
experiment_1_perception_ablation,default,medium_room,scan_only,3,4,3.4,5.0,2.4,3.453187873386697,4.833983073043677,2.3463973682087094,0.9978934443403168,0.17432891301049425,0.053602631791290545,True,0.002111002604166661,0.005149864770620097,0.002111002604166661,0.002111002604166661,0.0,9.860988125001313,100,40,3,3,0.9,0.8,0.35,0.25,360.0,72,8.0,0.0,5.070422535211268,0.0,0.9978934443403168,0.9691477517583631
experiment_1_perception_ablation,default,medium_room,scan_only,3,5,3.4,5.0,2.4,7.239137505662402,1.415013393073076,-0.4393539946948037,0.9930986326036134,5.2527236515191955,2.8393539946948034,False,0.006949327256944435,0.026058999673251305,0.006949327256944435,0.006949327256944435,0.0,10.915821874994435,100,40,3,3,0.9,0.8,0.35,0.25,360.0,72,8.0,0.0,5.070422535211268,0.0,0.9930986326036134,0.9763880565421733
experiment_1_perception_ablation,default,medium_room,scan_only,3,6,3.4,5.0,2.4,0.42428926293795577,5.096137293152487,2.7554295426540802,0.9918924416633572,2.977263302061311,0.35542954265408033,False,0.008173828124999987,0.019249683561038074,0.008173828124999987,0.008173828124999987,0.0,9.168128999997862,100,40,3,3,0.9,0.8,0.35,0.25,360.0,72,8.0,0.0,5.070422535211268,0.0,0.9918924416633572,0.9758534976237172
experiment_1_perception_ablation,default,medium_room,scan_only,3,7,3.4,5.0,2.4,3.395134268891835,4.995502722619521,2.3940578169884086,0.9999886069006374,0.006625771129003226,0.005942183011591329,True,1.1393229166666625e-05,0.0011708890100444274,1.1393229166666625e-05,1.1393229166666625e-05,0.0,10.44744649999484,100,40,3,3,0.9,0.8,0.35,0.25,360.0,72,8.0,0.0,5.070422535211268,0.0,0.9999886069006374,0.971824148378114
experiment_1_perception_ablation,default,medium_room,scan_only,3,8,3.4,5.0,2.4,7.14309336527551,1.365337678583841,-0.4955043474335291,0.9930793703816447,5.217424473041449,2.895504347433529,False,0.006968858506944431,0.025506571435286396,0.006968858506944431,0.006968858506944431,0.0,10.344972916005645,100,40,3,3,0.9,0.8,0.35,0.25,360.0,72,8.0,0.0,5.070422535211268,0.0,0.9930793703816447,0.979174476905349
experiment_1_perception_ablation,default,medium_room,scan_only,3,9,3.4,5.0,2.4,3.3795052421967977,4.995547546910702,2.405980185945598,0.9999924045715798,0.020972826131075387,0.0059801859455981266,True,7.5954861111111016e-06,0.00019777263331842895,7.5954861111111016e-06,7.5954861111111016e-06,0.0,10.301749666003161,100,40,3,3,0.9,0.8,0.35,0.25,360.0,72,8.0,0.0,5.070422535211268,0.0,0.9999924045715798,0.9751134652377723
experiment_1_perception_ablation,default,medium_room,scan_only,4,0,7.6,2.8,-2.6,3.606384052840477,5.664562424651667,-1.0286283180490796,0.9952752504117282,4.9147417244584775,1.5713716819509207,False,0.00474717881944442,0.020254938210080037,0.00474717881944442,0.00474717881944442,0.0,10.454565624997485,100,40,3,3,0.9,0.8,0.35,0.25,360.0,72,8.0,0.0,5.070422535211268,0.0,0.9952752504117282,0.977433867477984
experiment_1_perception_ablation,default,medium_room,scan_only,4,1,7.6,2.8,-2.6,3.6982880062248906,5.645153107758468,-1.0491171922209817,0.9953881214425351,4.828897668097368,1.5508828077790184,False,0.004633246527777752,0.018446395008333363,0.004633246527777752,0.004633246527777752,0.0,9.78183325000282,100,40,3,3,0.9,0.8,0.35,0.25,360.0,72,8.0,0.0,5.070422535211268,0.0,0.9953881214425351,0.9765240051945
experiment_1_perception_ablation,default,medium_room,scan_only,4,2,7.6,2.8,-2.6,4.022191351377874,4.110062573573508,-1.3389185304749152,0.987618864420484,3.8101153096505262,1.2610814695250845,False,0.012536349826388831,0.011085533798880269,0.012536349826388831,0.012536349826388831,0.0,12.062056916009169,100,40,3,3,0.9,0.8,0.35,0.25,360.0,72,8.0,0.0,5.070422535211268,0.0,0.987537376885989,0.9756418765002433
experiment_1_perception_ablation,default,medium_room,scan_only,4,3,7.6,2.8,-2.6,3.6962491820614143,5.663016938825598,-1.0409053370454053,0.9954730603343518,4.84108835289736,1.5590946629545943,False,0.004547526041666641,0.020042350265191227,0.004547526041666641,0.004547526041666641,0.0,10.667772458007676,100,40,3,3,0.9,0.8,0.35,0.25,360.0,72,8.0,0.0,5.070422535211268,0.0,0.9954730603343518,0.9754814608991562
experiment_1_perception_ablation,default,medium_room,scan_only,4,4,7.6,2.8,-2.6,7.592301527142425,2.850932355784778,-2.589055244539813,0.9999712464865106,0.05151088574394768,0.010944755460187139,True,2.8754340277777733e-05,0.00026692814393942135,2.8754340277777733e-05,2.8754340277777733e-05,0.0,11.04227362498932,100,40,3,3,0.9,0.8,0.35,0.25,360.0,72,8.0,0.0,5.070422535211268,0.0,0.9999712464865106,0.9791348562964977
experiment_1_perception_ablation,default,medium_room,scan_only,4,5,7.6,2.8,-2.6,3.6450611701454,5.636645779156064,-1.0718045096375617,0.9953553324574292,4.8670422665409,1.5281954903624388,False,0.00466634114583331,0.018419023066846143,0.00466634114583331,0.00466634114583331,0.0,9.944908457997371,100,40,3,3,0.9,0.8,0.35,0.25,360.0,72,8.0,0.0,5.070422535211268,0.0,0.9953553324574292,0.9761909438644792
experiment_1_perception_ablation,default,medium_room,scan_only,4,6,7.6,2.8,-2.6,3.667098765198251,5.679993614392494,-1.0701954843936363,0.9953268454208593,4.874635918881189,1.5298045156063633,False,0.004695095486111087,0.020338371554943373,0.004695095486111087,0.004695095486111087,0.0,9.737696750002215,100,40,3,3,0.9,0.8,0.35,0.25,360.0,72,8.0,0.0,5.070422535211268,0.0,0.9953268454208593,0.9748726272739002
experiment_1_perception_ablation,default,medium_room,scan_only,4,7,7.6,2.8,-2.6,3.6822839784983232,5.659528386737277,-1.0727708906303992,0.9954391905575853,4.850299106208525,1.5272291093696007,False,0.004581705729166643,0.0203441471949197,0.004581705729166643,0.004581705729166643,0.0,9.428782000002684,100,40,3,3,0.9,0.8,0.35,0.25,360.0,72,8.0,0.0,5.070422535211268,0.0,0.9954391905575853,0.9766561218160661
experiment_1_perception_ablation,default,medium_room,scan_only,4,8,7.6,2.8,-2.6,4.059658589153063,4.1358130793348025,-1.3539313161242732,0.9874892314813624,3.7839680083583693,1.246068683875727,False,0.012669270833333279,0.009226974496038133,0.012669270833333279,0.012669270833333279,0.0,11.996654375005164,100,40,3,3,0.9,0.8,0.35,0.25,360.0,72,8.0,0.0,5.070422535211268,0.0,0.9874892314813624,0.973892623379054
experiment_1_perception_ablation,default,medium_room,scan_only,4,9,7.6,2.8,-2.6,3.6819590000442113,5.5981644083900335,-1.087370160284621,0.9950678494614367,4.814641142776407,1.5126298397153786,False,0.0049565972222221965,0.017125561533898895,0.0049565972222221965,0.0049565972222221965,0.0,10.755063415999757,100,40,3,3,0.9,0.8,0.35,0.25,360.0,72,8.0,0.0,5.070422535211268,0.0,0.9950678494614367,0.9741597631395821
experiment_1_perception_ablation,default,medium_room,perception_aware,0,0,2.0,2.2,0.0,5.8382393884845785,2.64042441765949,2.97600737442318,0.9915330126607566,3.8634253287704645,2.9760073744231796,False,0.009176432291666632,0.007052622634218406,0.008539289394432164,0.006423502604166642,0.0021157867902655216,11.957326749994536,100,40,3,3,0.9,0.8,0.35,0.25,360.0,72,8.0,0.0,5.070422535211268,0.3,0.9915330126607566,0.9789300763154499
experiment_1_perception_ablation,default,medium_room,perception_aware,0,1,2.0,2.2,0.0,2.0149975533764857,2.2467386880056255,0.0016298761202310228,0.9995377229244807,0.04908596096408544,0.0016298761202309109,True,6.618923611111085e-05,0.001387194697234278,0.0004624908744480609,4.633246527777759e-05,0.00041615840917028334,11.661877167003695,100,40,3,3,0.9,0.8,0.35,0.25,360.0,72,8.0,0.0,5.070422535211268,0.3,0.9995377229244807,0.97955835410722
experiment_1_perception_ablation,default,medium_room,perception_aware,0,2,2.0,2.2,0.0,2.000426874372336,2.20721978520137,-0.0073476646433150074,0.999624918421546,0.007232393800373108,0.007347664643314822,True,8.680555555555527e-06,0.001230486428480652,0.00037522231743308446,6.076388888888868e-06,0.0003691459285441956,11.635834291999345,100,40,3,3,0.9,0.8,0.35,0.25,360.0,72,8.0,0.0,5.070422535211268,0.3,0.999624918421546,0.9770875173759122
experiment_1_perception_ablation,default,medium_room,perception_aware,0,3,2.0,2.2,0.0,5.741726852055695,2.5750422341480537,2.935996943659312,0.9913876201811438,3.760475570029592,2.935996943659312,False,0.00967610677083329,0.006379741738826254,0.00868719726123118,0.006773274739583303,0.0019139225216478761,11.981700499993167,100,40,3,3,0.9,0.8,0.35,0.25,360.0,72,8.0,0.0,5.070422535211268,0.3,0.9913876201811438,0.9777751521668318
experiment_1_perception_ablation,default,medium_room,perception_aware,0,4,2.0,2.2,0.0,5.729197537207292,2.5604869769940555,2.9065817958233775,0.9908716230212787,3.746580458510833,2.906581795823378,False,0.009157986111111072,0.009339605391025916,0.009212471895085525,0.0064105902777777495,0.0028018816173077748,11.84279254199646,100,40,3,3,0.9,0.8,0.35,0.25,360.0,72,8.0,0.0,5.070422535211268,0.3,0.9908716230212787,0.9780937870364488
experiment_1_perception_ablation,default,medium_room,perception_aware,0,5,2.0,2.2,0.0,2.0092435188067035,2.2074698793179324,0.00409586574258336,0.9996644777890104,0.011884516689977436,0.00409586574258336,True,1.30208333333333e-05,0.0010884008019819424,0.00033563482392791604,9.11458333333331e-06,0.00032652024059458273,11.632699040987063,100,40,3,3,0.9,0.8,0.35,0.25,360.0,72,8.0,0.0,5.070422535211268,0.3,0.9996644777890104,0.979857392088447
experiment_1_perception_ablation,default,medium_room,perception_aware,0,6,2.0,2.2,0.0,5.799018026735805,2.646601729597938,2.921911561703137,0.9914230084575967,3.8251785673800223,2.921911561703137,False,0.009302300347222186,0.007131941687971963,0.00865119274944712,0.00651161024305553,0.002139582506391589,11.900917999999365,100,40,3,3,0.9,0.8,0.35,0.25,360.0,72,8.0,0.0,5.070422535211268,0.3,0.9914230084575967,0.9773245325071243
experiment_1_perception_ablation,default,medium_room,perception_aware,0,7,2.0,2.2,0.0,2.006461133218448,2.2605082694435885,6.648657483541107e-05,0.9992081790413069,0.060852254794086465,6.648657483543374e-05,True,9.440104166666631e-05,0.002421225689355737,0.0007924484359733875,6.608072916666641e-05,0.000726367706806721,11.719025833008345,100,40,3,3,0.9,0.8,0.35,0.25,360.0,72,8.0,0.0,5.070422535211268,0.3,0.9992081790413069,0.9813204505846952
experiment_1_perception_ablation,default,medium_room,perception_aware,0,8,2.0,2.2,0.0,5.799472499154549,2.6398822216633056,2.9247354283215037,0.9914453131566797,3.8248513227009444,2.9247354283215037,False,0.009295789930555519,0.00707149338543861,0.008628500967020445,0.006507052951388863,0.002121448015631583,11.942501249999623,100,40,3,3,0.9,0.8,0.35,0.25,360.0,72,8.0,0.0,5.070422535211268,0.3,0.9914453131566797,0.9797462538007972
experiment_1_perception_ablation,default,medium_room,perception_aware,0,9,2.0,2.2,0.0,2.0071204180162354,2.275373048376647,-0.018554023069505897,0.998882722952525,0.07570863077822923,0.01855402306950582,True,7.324218749999986e-05,0.0035575240683058985,0.0011185267517417694,5.12695312499999e-05,0.0010672572204917694,11.95899929200823,100,40,3,3,0.9,0.8,0.35,0.25,360.0,72,8.0,0.0,5.070422535211268,0.3,0.9987619764721243,0.9734274682503511
experiment_1_perception_ablation,default,medium_room,perception_aware,1,0,1.6,3.6,0.8,1.5835345695143856,3.5280374336864724,0.8207363625068927,0.9994202879193832,0.07382222803130148,0.020736362506892814,True,0.0003461371527777773,0.0011258411156782099,0.000580048341647907,0.0002422960069444441,0.00033775233470346294,8.598993291001534,100,40,3,3,0.9,0.8,0.35,0.25,360.0,72,8.0,0.0,5.070422535211268,0.3,0.9994202879193832,0.9826348488901631
experiment_1_perception_ablation,default,medium_room,perception_aware,1,1,1.6,3.6,0.8,1.576530798305131,3.5566302821926263,0.8209661885488575,0.9995727843217973,0.04931263378573156,0.020966188548857456,True,0.00030327690972222187,0.0007170147754622099,0.0004273982694442183,0.0002122938368055553,0.00021510443263866297,8.699609707997297,100,40,3,3,0.9,0.8,0.35,0.25,360.0,72,8.0,0.0,5.070422535211268,0.3,0.9995727843217973,0.9846596625107403
experiment_1_perception_ablation,default,medium_room,perception_aware,1,2,1.6,3.6,0.8,1.5880027262107044,3.504710510874469,0.817010265355539,0.9993780008053107,0.09604176860189528,0.017010265355538845,True,0.0003559027777777773,0.0012441812467795072,0.0006223863184782962,0.0002491319444444441,0.0003732543740338522,8.685018709002179,100,40,3,3,0.9,0.8,0.35,0.25,360.0,72,8.0,0.0,5.070422535211268,0.3,0.9993780008053107,0.9873028558207
experiment_1_perception_ablation,default,medium_room,perception_aware,1,3,1.6,3.6,0.8,1.591081747749789,3.5397918712292404,0.816835950909449,0.9994488204576568,0.06086504738579255,0.016835950909448893,True,0.00032660590277777733,0.0010761979227561504,0.0005514835087712892,0.0002286241319444441,0.0003228593768268451,8.702072083004168,100,40,3,3,0.9,0.8,0.35,0.25,360.0,72,8.0,0.0,5.070422535211268,0.3,0.9994488204576568,0.9836390390223135
experiment_1_perception_ablation,default,medium_room,perception_aware,1,4,1.6,3.6,0.8,1.5570775266714325,3.576233281867953,0.8254095028443456,0.9996403378007876,0.049063179752333236,0.02540950284434551,True,0.00030815972222222193,0.00048026599031987093,0.0003597916026515166,0.00021571180555555533,0.00014407979709596129,8.656778624994331,100,40,3,3,0.9,0.8,0.35,0.25,360.0,72,8.0,0.0,5.070422535211268,0.3,0.9996403378007876,0.9851176944897945
experiment_1_perception_ablation,default,medium_room,perception_aware,1,5,1.6,3.6,0.8,1.6217001286816068,3.5734825282686824,0.797024517410422,0.9994454389503852,0.03426473247844677,0.002975482589578249,True,2.4956597222222244e-05,0.0017913304672004156,0.0005548687582156803,1.746961805555557e-05,0.0005373991401601246,8.616068249990349,100,40,3,3,0.9,0.8,0.35,0.25,360.0,72,8.0,0.0,5.070422535211268,0.3,0.9994454389503852,0.9838569420656417
experiment_1_perception_ablation,default,medium_room,perception_aware,1,6,1.6,3.6,0.8,1.5407541031968817,3.541485979036562,0.8388391007288167,0.9995139482127458,0.08327044456057295,0.03883910072881669,True,0.0005642361111111105,0.00030440956900055154,0.0004862881484779428,0.00039496527777777734,9.132287070016545e-05,8.749837750001461,100,40,3,3,0.9,0.8,0.35,0.25,360.0,72,8.0,0.0,5.070422535211268,0.3,0.9995139482127458,0.983490940346873
experiment_1_perception_ablation,default,medium_room,perception_aware,1,7,1.6,3.6,0.8,1.5788754007267356,3.5361952805389034,0.8197752783239834,0.9995309756158478,0.06721079466845527,0.019775278323983514,True,0.00032009548611111073,0.000817258769911617,0.0004692444712512626,0.00022406684027777749,0.00024517763097348506,8.736415499995928,100,40,3,3,0.9,0.8,0.35,0.25,360.0,72,8.0,0.0,5.070422535211268,0.3,0.9995309756158478,0.9859519821473942
experiment_1_perception_ablation,default,medium_room,perception_aware,1,8,1.6,3.6,0.8,1.58661911014131,3.553122470686543,0.7868717012226486,0.9995212756389843,0.04874988172236323,0.013128298777351333,True,2.7126736111111083e-05,0.0015332164417227988,0.0004789536477946174,1.8988715277777758e-05,0.0004599649325168396,8.724013917002594,100,40,3,3,0.9,0.8,0.35,0.25,360.0,72,8.0,0.0,5.070422535211268,0.3,0.9995212756389843,0.9848195806020819
experiment_1_perception_ablation,default,medium_room,perception_aware,1,9,1.6,3.6,0.8,1.6330260575395186,3.6361090620625283,0.7955704824213647,0.999300022961313,0.04893449539577471,0.004429517578635078,True,0.00022840711805555516,0.001801941223697817,0.0007004673497482336,0.0001598849826388886,0.000540582367109345,8.608669583991286,100,40,3,3,0.9,0.8,0.35,0.25,360.0,72,8.0,0.0,5.070422535211268,0.3,0.999300022961313,0.983994964688831
experiment_1_perception_ablation,default,medium_room,perception_aware,2,0,5.5,2.0,-0.8,5.498795557627574,2.009363282975689,-0.7942617236996679,0.99991153050825,0.009440431637977434,0.005738276300331968,True,8.13802083333329e-06,0.00027593568236702545,8.847731929344093e-05,5.696614583333302e-06,8.278070471010763e-05,12.00774170900695,100,40,3,3,0.9,0.8,0.35,0.25,360.0,72,8.0,0.0,5.070422535211268,0.3,0.99991153050825,0.9837963679441554
experiment_1_perception_ablation,default,medium_room,perception_aware,2,1,5.5,2.0,-0.8,5.511622402875596,2.0528408720612883,-0.8025191427635293,0.9994195620732246,0.05410395557443189,0.0025191427635293806,True,8.626302083333301e-05,0.0017346363868230494,0.0005807750306302479,6.03841145833331e-05,0.0005203909160469148,11.972436458003358,100,40,3,3,0.9,0.8,0.35,0.25,360.0,72,8.0,0.0,5.070422535211268,0.3,0.9994195620732246,0.9848401002435816
experiment_1_perception_ablation,default,medium_room,perception_aware,2,2,5.5,2.0,-0.8,5.501357503059246,1.969291349163153,-0.805860896168369,0.9994815625274995,0.030738641004040005,0.005860896168369045,True,2.0073784722222175e-05,0.0016821824667477097,0.0005187063893298684,1.4051649305555521e-05,0.0005046547400243129,12.199289541007602,100,40,3,3,0.9,0.8,0.35,0.25,360.0,72,8.0,0.0,5.070422535211268,0.3,0.9994815625274995,0.9822879623191558
experiment_1_perception_ablation,default,medium_room,perception_aware,2,3,5.5,2.0,-0.8,5.505414099322738,2.0023770686226854,-0.8062713641178072,0.999656102845396,0.005912945688353931,0.006271364117806932,True,1.573350694444437e-05,0.0011100066856035307,0.00034401546054217024,1.1013454861111058e-05,0.0003330020056810592,11.939827292007976,100,40,3,3,0.9,0.8,0.35,0.25,360.0,72,8.0,0.0,5.070422535211268,0.3,0.999656102845396,0.9823700104506112
experiment_1_perception_ablation,default,medium_room,perception_aware,2,4,5.5,2.0,-0.8,3.936124506893994,3.9888975433262863,2.127452353651096,0.9892306866790805,2.5301027638787503,2.9274523536510957,False,0.010560438368055518,0.011647490582131319,0.010886554032278258,0.007392306857638862,0.0034942471746393956,12.563251625004341,100,40,3,3,0.9,0.8,0.35,0.25,360.0,72,8.0,0.0,5.070422535211268,0.3,0.9892306866790805,0.9762611973483972
experiment_1_perception_ablation,default,medium_room,perception_aware,2,5,5.5,2.0,-0.8,5.494462187392858,2.0355634191764977,-0.8015785499840619,0.9997846808564286,0.0359920012224259,0.0015785499840617057,True,4.286024305555538e-05,0.0006178778191699343,0.00021536551588986907,3.000217013888876e-05,0.0001853633457509803,11.900898708001478,100,40,3,3,0.9,0.8,0.35,0.25,360.0,72,8.0,0.0,5.070422535211268,0.3,0.9997846808564286,0.9832324335090803
experiment_1_perception_ablation,default,medium_room,perception_aware,2,6,5.5,2.0,-0.8,3.907647768782915,3.997813279649238,2.12656640695165,0.989222348039602,2.5547687818283817,2.9265664069516504,False,0.011169704861111067,0.010254272957259279,0.010895075289955529,0.007818793402777746,0.0030762818871777836,12.86446908400103,100,40,3,3,0.9,0.8,0.35,0.25,360.0,72,8.0,0.0,5.070422535211268,0.3,0.989222348039602,0.9745384516466449
experiment_1_perception_ablation,default,medium_room,perception_aware,2,7,5.5,2.0,-0.8,5.548113182773658,2.019941632886013,-0.7940381150750612,0.9991887291529038,0.05208211860871223,0.005961884924938765,True,3.038194444444437e-05,0.002635540602507291,0.0008119295418632983,2.1267361111111057e-05,0.0007906621807521873,11.928534749997198,100,40,3,3,0.9,0.8,0.35,0.25,360.0,72,8.0,0.0,5.070422535211268,0.3,0.9991887291529038,0.9837723032310955
experiment_1_perception_ablation,default,medium_room,perception_aware,2,8,5.5,2.0,-0.8,5.501399661571471,1.9845852400878583,-0.8042396492587665,0.9995619224004509,0.015478174170864674,0.004239649258766409,True,9.765624999999993e-06,0.0014381121938052376,0.00043826959564157125,6.835937499999995e-06,0.00043143365814157124,11.906267375001335,100,40,3,3,0.9,0.8,0.35,0.25,360.0,72,8.0,0.0,5.070422535211268,0.3,0.9992788150682124,0.9828532034664049
experiment_1_perception_ablation,default,medium_room,perception_aware,2,9,5.5,2.0,-0.8,5.457316182411358,2.012304820275314,-0.8052289751476174,0.9994067136419981,0.044422031537833556,0.005228975147617554,True,3.7434895833333195e-05,0.0018914470952510858,0.000593638555658659,2.6204427083333236e-05,0.0005674341285753257,12.195966540995869,100,40,3,3,0.9,0.8,0.35,0.25,360.0,72,8.0,0.0,5.070422535211268,0.3,0.9994067136419981,0.9811799754068398
experiment_1_perception_ablation,default,medium_room,perception_aware,3,0,3.4,5.0,2.4,3.4068310551158483,4.9814200835036235,2.390277397379221,0.9999510339118162,0.019795873585373304,0.009722602620779064,True,3.146701388888878e-05,8.980525418958787e-05,4.8968485979098505e-05,2.2026909722222143e-05,2.6941576256876362e-05,10.662898832990322,100,40,3,3,0.9,0.8,0.35,0.25,360.0,72,8.0,0.0,5.070422535211268,0.3,0.9999510339118162,0.9761775516416822
experiment_1_perception_ablation,default,medium_room,perception_aware,3,1,3.4,5.0,2.4,3.3537153731241207,4.992905820740485,2.439356584520713,0.9991872270583902,0.04682514350651255,0.03935658452071289,True,0.000562608506944443,0.0013986937465260228,0.0008134340788189169,0.0003938259548611101,0.0004196081239578068,11.025411624999833,100,40,3,3,0.9,0.8,0.35,0.25,360.0,72,8.0,0.0,5.070422535211268,0.3,0.9991872270583902,0.9793284248515703
experiment_1_perception_ablation,default,medium_room,perception_aware,3,2,3.4,5.0,2.4,3.41889945422799,4.996131703735593,2.3876950941071735,0.9996440276273538,0.019291269686185036,0.012304905892826401,True,2.44140624999999e-05,0.0011300309678325207,0.0003560991340997561,1.7089843749999927e-05,0.0003390092903497562,10.716760082999826,100,40,3,3,0.9,0.8,0.35,0.25,360.0,72,8.0,0.0,5.070422535211268,0.3,0.9996440276273538,0.9774057369604303
experiment_1_perception_ablation,default,medium_room,perception_aware,3,3,3.4,5.0,2.4,7.254771300539121,1.349322349387952,-0.45844647550817186,0.9931263590639383,5.309115659706272,2.8584464755081718,False,0.007349717881944428,0.005921374548802454,0.006921214882001835,0.005144802517361099,0.0017764123646407362,10.452901041004225,100,40,3,3,0.9,0.8,0.35,0.25,360.0,72,8.0,0.0,5.070422535211268,0.3,0.9931263590639383,0.9725270045730819
experiment_1_perception_ablation,default,medium_room,perception_aware,3,4,3.4,5.0,2.4,3.3895427457094582,5.005642881545674,2.407448903407741,0.9999390205326122,0.011882604067945595,0.007448903407741181,True,1.3020833333333314e-05,0.0001728953425893387,6.098318611013493e-05,9.114583333333319e-06,5.186860277680161e-05,10.461210166002274,100,40,3,3,0.9,0.8,0.35,0.25,360.0,72,8.0,0.0,5.070422535211268,0.3,0.9999390205326122,0.9786887224697189
experiment_1_perception_ablation,default,medium_room,perception_aware,3,5,3.4,5.0,2.4,5.383167910490843,0.698253373314047,1.1218051201669619,0.9849188707857921,4.736874391558698,1.278194879833038,False,0.018314887152777747,0.008305437486073953,0.01531205225276661,0.012820421006944423,0.0024916312458221858,9.272913292006706,100,40,3,3,0.9,0.8,0.35,0.25,360.0,72,8.0,0.0,5.070422535211268,0.3,0.9849188707857921,0.9729435523323418
experiment_1_perception_ablation,default,medium_room,perception_aware,3,6,3.4,5.0,2.4,3.362820984319469,4.98347332659461,2.3989522664746845,0.9998819581529989,0.040686731753995335,0.0010477335253153974,True,2.8211805555555514e-05,0.00032769172878314816,0.0001180557825238333,1.9748263888888857e-05,9.830751863494444e-05,10.701410458001192,100,40,3,3,0.9,0.8,0.35,0.25,360.0,72,8.0,0.0,5.070422535211268,0.3,0.9998819581529989,0.9739801687821347
experiment_1_perception_ablation,default,medium_room,perception_aware,3,7,3.4,5.0,2.4,3.40299665006666,5.002328018620091,2.4014940899023167,0.9999699990960561,0.0037946781573017056,0.0014940899023168086,True,4.882812499999998e-06,8.861278425064655e-05,3.0001804025193964e-05,3.417968749999999e-06,2.6583835275193964e-05,10.626629250007682,100,40,3,3,0.9,0.8,0.35,0.25,360.0,72,8.0,0.0,5.070422535211268,0.3,0.9999699990960561,0.9764267223915561
experiment_1_perception_ablation,default,medium_room,perception_aware,3,8,3.4,5.0,2.4,3.367503088388172,5.024433810506742,2.426758096443648,0.9995080325329333,0.04065784500174995,0.026758096443648238,True,0.00011121961805555521,0.0013811862851567554,0.0004922096181859152,7.785373263888864e-05,0.0004143558855470266,10.882855624993681,100,40,3,3,0.9,0.8,0.35,0.25,360.0,72,8.0,0.0,5.070422535211268,0.3,0.9995080325329333,0.9794381784406427
experiment_1_perception_ablation,default,medium_room,perception_aware,3,9,3.4,5.0,2.4,3.404279793148735,5.0095837756690464,2.3985249288081767,0.9996212339102817,0.010495969963303353,0.0014750711918232184,True,1.1393229166666662e-05,0.001236447824707525,0.00037890960782892416,7.975260416666662e-06,0.0003709343474122575,10.731937332995585,100,40,3,3,0.9,0.8,0.35,0.25,360.0,72,8.0,0.0,5.070422535211268,0.3,0.9996212339102817,0.9769562074530956
experiment_1_perception_ablation,default,medium_room,perception_aware,4,0,7.6,2.8,-2.6,3.3046975361081357,1.6071648667088168,2.4004040655562786,0.9898155468247707,4.457855864822158,1.282781241623308,False,0.012160373263888826,0.005923274030260855,0.010289243493800435,0.008512261284722178,0.0017769822090782563,12.302712250006152,100,40,3,3,0.9,0.8,0.35,0.25,360.0,72,8.0,0.0,5.070422535211268,0.3,0.9898155468247707,0.9735236596150452
experiment_1_perception_ablation,default,medium_room,perception_aware,4,1,7.6,2.8,-2.6,3.297462425988167,1.6230781414202735,2.487844101099987,0.9896748173429696,4.460602497083369,1.1953412060795987,False,0.011968315972222168,0.0068502770633707905,0.010432904299566755,0.008377821180555517,0.002055083119011237,12.31744133400207,100,40,3,3,0.9,0.8,0.35,0.25,360.0,72,8.0,0.0,5.070422535211268,0.3,0.9896748173429696,0.9744875305028686
experiment_1_perception_ablation,default,medium_room,perception_aware,4,2,7.6,2.8,-2.6,3.2593652870427547,1.6103760199985815,2.4789922144667975,0.9897418625751723,4.500701603652906,1.2041930927127886,False,0.011907552083333276,0.006763903317961659,0.01036445745372179,0.008335286458333292,0.0020291709953884976,12.320990249994793,100,40,3,3,0.9,0.8,0.35,0.25,360.0,72,8.0,0.0,5.070422535211268,0.3,0.9897418625751723,0.9740712983460048
experiment_1_perception_ablation,default,medium_room,perception_aware,4,3,7.6,2.8,-2.6,4.0117821732768615,4.058436361075014,-1.3918002623617751,0.9886981288312883,3.8024951343676223,1.2081997376382247,False,0.013927951388888828,0.00560499201451128,0.011431063576575563,0.00974956597222218,0.0016814976043533839,12.062957000001916,100,40,3,3,0.9,0.8,0.35,0.25,360.0,72,8.0,0.0,5.070422535211268,0.3,0.9886981288312883,0.9747455687091922
experiment_1_perception_ablation,default,medium_room,perception_aware,4,4,7.6,2.8,-2.6,7.643996127331149,2.85405379546906,-2.514996235674894,0.9949593611196463,0.06969556675104713,0.08500376432510626,True,0.005731336805555525,0.0035141329279399537,0.005066175642270854,0.004011935763888867,0.001054239878381986,12.144534666003892,100,40,3,3,0.9,0.8,0.35,0.25,360.0,72,8.0,0.0,5.070422535211268,0.3,0.9947373541942066,0.9726337683388511
experiment_1_perception_ablation,default,medium_room,perception_aware,4,5,7.6,2.8,-2.6,7.580392437660215,2.8196666954508327,-2.5883675481965316,0.9998525096226789,0.027771125487893632,0.011632451803468502,True,4.937065972222215e-05,0.0003765089071197473,0.00014751213394147969,3.45594618055555e-05,0.00011295267213592419,10.899670209008036,100,40,3,3,0.9,0.8,0.35,0.25,360.0,72,8.0,0.0,5.070422535211268,0.3,0.9998525096226789,0.9796027505830414
experiment_1_perception_ablation,default,medium_room,perception_aware,4,6,7.6,2.8,-2.6,4.0659757627817195,4.053123490010763,-1.388868032498528,0.989062032028503,3.74961941941619,1.2111319675014718,False,0.013455403645833273,0.005467158812314461,0.01105893019577763,0.009418782552083291,0.0016401476436943383,12.183552542002872,100,40,3,3,0.9,0.8,0.35,0.25,360.0,72,8.0,0.0,5.070422535211268,0.3,0.989062032028503,0.9724778137717047
experiment_1_perception_ablation,default,medium_room,perception_aware,4,7,7.6,2.8,-2.6,3.559568483568483,5.597814282137507,-0.9771623016747201,0.9917173743670186,4.914555076129038,1.62283769832528,False,0.005677083333333304,0.014592807120998216,0.008351800469632777,0.003973958333333313,0.004377842136299465,10.000455875007901,100,40,3,3,0.9,0.8,0.35,0.25,360.0,72,8.0,0.0,5.070422535211268,0.3,0.9915094479526879,0.9775679112875078
experiment_1_perception_ablation,default,medium_room,perception_aware,4,8,7.6,2.8,-2.6,4.112349698609785,4.039468912278391,-1.4001933370305155,0.9888047940483031,3.7013494578723356,1.1998066629694843,False,0.013124457465277723,0.007116124576991316,0.011321957598791801,0.009187120225694406,0.0021348373730973947,12.0475479579909,100,40,3,3,0.9,0.8,0.35,0.25,360.0,72,8.0,0.0,5.070422535211268,0.3,0.9888047940483031,0.9758219615998363
experiment_1_perception_ablation,default,medium_room,perception_aware,4,9,7.6,2.8,-2.6,7.432830824161771,2.8458674384053437,-2.653752637834724,0.9958993351985944,0.1733474985579563,0.05375263783472395,True,0.002520616319444436,0.007843726893543465,0.004117549491674145,0.001764431423611105,0.0023531180680630395,12.219211707997601,100,40,3,3,0.9,0.8,0.35,0.25,360.0,72,8.0,0.0,5.070422535211268,0.3,0.9958993351985944,0.966785672191312
experiment_1_perception_ablation,default,complex_room,scan_only,0,0,1.0,1.6,0.0,7.1504094428201235,2.7503960017497686,1.3976228670577004,0.9939592386116926,6.257071781206669,1.3976228670577004,False,0.0060774739583333084,0.05317507742868178,0.0060774739583333084,0.0060774739583333084,0.0,9.006057457998395,100,40,3,3,0.9,0.8,0.35,0.25,360.0,72,8.0,0.0,5.070422535211268,0.0,0.9939592386116926,0.9884278105417166
experiment_1_perception_ablation,default,complex_room,scan_only,0,1,1.0,1.6,0.0,5.51301446378022,2.6772235849409127,1.8281548723810825,0.9944440188227882,4.639796353531307,1.8281548723810825,False,0.0055870225694444236,0.02229623940207016,0.0055870225694444236,0.0055870225694444236,0.0,9.120079832995543,100,40,3,3,0.9,0.8,0.35,0.25,360.0,72,8.0,0.0,5.070422535211268,0.0,0.9944440188227882,0.9852666392513437
experiment_1_perception_ablation,default,complex_room,scan_only,0,2,1.0,1.6,0.0,6.541157091675895,4.2357231596969624,-1.6878610240285692,0.9947193312412135,6.136078429191808,1.6878610240285692,False,0.00530870225694443,0.07569844384424478,0.00530870225694443,0.00530870225694443,0.0,8.501301958996919,100,40,3,3,0.9,0.8,0.35,0.25,360.0,72,8.0,0.0,5.070422535211268,0.0,0.9947193312412135,0.9888939809775104
experiment_1_perception_ablation,default,complex_room,scan_only,0,3,1.0,1.6,0.0,6.540725691562981,4.235271423332078,-1.671187863161369,0.9947069845354148,6.135494818168846,1.671187863161369,False,0.005321180555555542,0.07475094218768037,0.005321180555555542,0.005321180555555542,0.0,8.682517374996678,100,40,3,3,0.9,0.8,0.35,0.25,360.0,72,8.0,0.0,5.070422535211268,0.0,0.9947069845354148,0.9890848042551604
experiment_1_perception_ablation,default,complex_room,scan_only,0,4,1.0,1.6,0.0,6.500474954058826,4.219756102831418,-1.6652747300570265,0.9947569100579359,6.092482807407084,1.6652747300570265,False,0.005270724826388875,0.07457962460982112,0.005270724826388875,0.005270724826388875,0.0,8.458982415992068,100,40,3,3,0.9,0.8,0.35,0.25,360.0,72,8.0,0.0,5.070422535211268,0.0,0.9947569100579359,0.9867579167016483
experiment_1_perception_ablation,default,complex_room,scan_only,0,5,1.0,1.6,0.0,0.9964522692759347,1.5814001065997239,0.008043241250680015,0.9999853517770735,0.018935216602725107,0.008043241250680122,True,1.4648437499999983e-05,0.0026238677848278626,1.4648437499999983e-05,1.4648437499999983e-05,0.0,9.772249624991673,100,40,3,3,0.9,0.8,0.35,0.25,360.0,72,8.0,0.0,5.070422535211268,0.0,0.9999853517770735,0.9896038369991222
experiment_1_perception_ablation,default,complex_room,scan_only,0,6,1.0,1.6,0.0,1.00337838452427,1.591035285306797,0.007479807777737395,0.9999913195197959,0.009580166570804393,0.0074798077777376015,True,8.680555555555534e-06,0.0012386713191082563,8.680555555555534e-06,8.680555555555534e-06,0.0,9.61544400001003,100,40,3,3,0.9,0.8,0.35,0.25,360.0,72,8.0,0.0,5.070422535211268,0.0,0.9999891494232918,0.9888978144877114
experiment_1_perception_ablation,default,complex_room,scan_only,0,7,1.0,1.6,0.0,1.1187446457927712,1.7010418554437556,-0.015272191233374895,0.9992199015633955,0.15591583452609134,0.015272191233374866,True,0.0007807074652777782,0.007669907415989862,0.0007807074652777782,0.0007807074652777782,0.0,8.536963625010685,100,40,3,3,0.9,0.8,0.35,0.25,360.0,72,8.0,0.0,5.070422535211268,0.0,0.9992199015633955,0.9861692788092438
experiment_1_perception_ablation,default,complex_room,scan_only,0,8,1.0,1.6,0.0,6.541857039183487,4.22631446166261,-1.7172253879180859,0.9947456361147929,6.132675361886175,1.7172253879180859,False,0.005282118055555542,0.07332188698765647,0.005282118055555542,0.005282118055555542,0.0,8.394898083002772,100,40,3,3,0.9,0.8,0.35,0.25,360.0,72,8.0,0.0,5.070422535211268,0.0,0.9947456361147929,0.9906145593976265
experiment_1_perception_ablation,default,complex_room,scan_only,0,9,1.0,1.6,0.0,0.9868713570737722,1.6003755883932318,-0.0016956018441889853,0.9999902344703665,0.013134014303537311,0.001695601844188932,True,9.765624999999999e-06,0.00034548647494268316,9.765624999999999e-06,9.765624999999999e-06,0.0,9.613508249996812,100,40,3,3,0.9,0.8,0.35,0.25,360.0,72,8.0,0.0,5.070422535211268,0.0,0.9999902344703665,0.9865585867059798
experiment_1_perception_ablation,default,complex_room,scan_only,1,0,2.8,3.0,0.9,6.61749377402552,2.569831033723648,-2.222897034107075,0.9960169050525486,3.841653817598727,3.122897034107075,False,0.003999023437499981,0.012444484311864132,0.003999023437499981,0.003999023437499981,0.0,9.269049874987104,100,40,3,3,0.9,0.8,0.35,0.25,360.0,72,8.0,0.0,5.070422535211268,0.0,0.9960169050525486,0.9820791135215842
experiment_1_perception_ablation,default,complex_room,scan_only,1,1,2.8,3.0,0.9,6.5738344891729765,2.575241690303204,-2.2270739424378703,0.9960271313640471,3.7976632780339994,3.12707394243787,False,0.003988715277777759,0.013623597229441911,0.003988715277777759,0.003988715277777759,0.0,9.174521458000527,100,40,3,3,0.9,0.8,0.35,0.25,360.0,72,8.0,0.0,5.070422535211268,0.0,0.9960271313640471,0.980954820550963
experiment_1_perception_ablation,default,complex_room,scan_only,1,2,2.8,3.0,0.9,2.7368531297242646,4.283894575723678,-3.087902735513499,0.9927429371015052,1.2854465406224806,2.295282571666087,False,0.007310112847222185,0.04921163433362046,0.007310112847222185,0.007310112847222185,0.0,9.128893249988323,100,40,3,3,0.9,0.8,0.35,0.25,360.0,72,8.0,0.0,5.070422535211268,0.0,0.9927429371015052,0.9833699991061376
experiment_1_perception_ablation,default,complex_room,scan_only,1,3,2.8,3.0,0.9,3.0562715866002437,2.344294210165962,-2.1116501542388137,0.9926306651357866,0.7040065403961001,3.0116501542388137,False,0.007424045138888872,0.03888500345891008,0.007424045138888872,0.007424045138888872,0.0,9.218826292009908,100,40,3,3,0.9,0.8,0.35,0.25,360.0,72,8.0,0.0,5.070422535211268,0.0,0.9926306651357866,0.9821368249800838
experiment_1_perception_ablation,default,complex_room,scan_only,1,4,2.8,3.0,0.9,6.610907774267093,2.543635010724897,-2.229993961337984,0.9959071199902744,3.8381358844373183,3.129993961337984,False,0.004109700520833311,0.011300754577426658,0.004109700520833311,0.004109700520833311,0.0,9.14732095799991,100,40,3,3,0.9,0.8,0.35,0.25,360.0,72,8.0,0.0,5.070422535211268,0.0,0.9959071199902744,0.981911187916692
experiment_1_perception_ablation,default,complex_room,scan_only,1,5,2.8,3.0,0.9,6.582324421322734,2.514717347445775,-2.2600579752930474,0.9958791394333452,3.813328897565016,3.123127331886539,False,0.004137912326388868,0.013409144811040956,0.004137912326388868,0.004137912326388868,0.0,9.111826624997775,100,40,3,3,0.9,0.8,0.35,0.25,360.0,72,8.0,0.0,5.070422535211268,0.0,0.9958791394333452,0.9832833090855366
experiment_1_perception_ablation,default,complex_room,scan_only,1,6,2.8,3.0,0.9,2.704555562282103,2.9253084449184366,0.9456441573481351,0.9988830848319018,0.12119599453689749,0.045644157348135206,True,0.001118164062499997,0.004203760224476767,0.001118164062499997,0.001118164062499997,0.0,9.320205500000156,100,40,3,3,0.9,0.8,0.35,0.25,360.0,72,8.0,0.0,5.070422535211268,0.0,0.9988830848319018,0.9784559883737078
experiment_1_perception_ablation,default,complex_room,scan_only,1,7,2.8,3.0,0.9,6.631585556823315,2.529399213977832,-2.240906761664263,0.9958839821095322,3.8603773104531784,3.140906761664263,False,0.004133029513888869,0.011278228038433426,0.004133029513888869,0.004133029513888869,0.0,9.191333040987956,100,40,3,3,0.9,0.8,0.35,0.25,360.0,72,8.0,0.0,5.070422535211268,0.0,0.9958662258604285,0.9829943449508844
experiment_1_perception_ablation,default,complex_room,scan_only,1,8,2.8,3.0,0.9,2.4453590213625653,2.8898272703505077,1.0204972430757593,0.9976973716260324,0.37136000604176184,0.12049724307575937,False,0.0023079427083333246,0.010624099449270804,0.0023079427083333246,0.0023079427083333246,0.0,9.028124125004979,100,40,3,3,0.9,0.8,0.35,0.25,360.0,72,8.0,0.0,5.070422535211268,0.0,0.9976973716260324,0.9814846007523993
experiment_1_perception_ablation,default,complex_room,scan_only,1,9,2.8,3.0,0.9,6.485065129570917,2.5635895895847822,-2.2481431041676485,0.9958210309924443,3.710816494452171,3.1350422030119383,False,0.00419650607638887,0.014577849062305982,0.00419650607638887,0.00419650607638887,0.0,8.907462957999087,100,40,3,3,0.9,0.8,0.35,0.25,360.0,72,8.0,0.0,5.070422535211268,0.0,0.9958210309924443,0.9799342687670703
experiment_1_perception_ablation,default,complex_room,scan_only,2,0,4.8,1.5,-1.2,7.529115434302982,3.6806075774954468,-2.6793623839744787,0.9949523656838598,3.4932965034164103,1.4793623839744787,False,0.005073242187499981,0.009075736106403404,0.005073242187499981,0.005073242187499981,0.0,8.537286083999788,100,40,3,3,0.9,0.8,0.35,0.25,360.0,72,8.0,0.0,5.070422535211268,0.0,0.9949523656838598,0.9916732881961261
experiment_1_perception_ablation,default,complex_room,scan_only,2,1,4.8,1.5,-1.2,7.483533486380375,3.791636672998654,-2.6810490069953308,0.9949335685360897,3.528873844947868,1.4810490069953308,False,0.00509223090277776,0.014361927631471759,0.00509223090277776,0.00509223090277776,0.0,8.530076249997364,100,40,3,3,0.9,0.8,0.35,0.25,360.0,72,8.0,0.0,5.070422535211268,0.0,0.9949335685360897,0.9909492328215854
experiment_1_perception_ablation,default,complex_room,scan_only,2,2,4.8,1.5,-1.2,7.477607028113448,3.608167550275858,-2.682882844101829,0.9949555881233655,3.4079245615240144,1.4828828441018291,False,0.005069986979166649,0.013765071051135435,0.005069986979166649,0.005069986979166649,0.0,8.563300124995294,100,40,3,3,0.9,0.8,0.35,0.25,360.0,72,8.0,0.0,5.070422535211268,0.0,0.9949298091917653,0.99151241123959
experiment_1_perception_ablation,default,complex_room,scan_only,2,3,4.8,1.5,-1.2,6.240264682196013,3.3862758841436653,0.41610199602526465,0.9953386700305429,2.37326759255739,1.6161019960252645,False,0.004683159722222208,0.027508369227949248,0.004683159722222208,0.004683159722222208,0.0,8.57982104200346,100,40,3,3,0.9,0.8,0.35,0.25,360.0,72,8.0,0.0,5.070422535211268,0.0,0.9953386700305429,0.9869011121813925
experiment_1_perception_ablation,default,complex_room,scan_only,2,4,4.8,1.5,-1.2,7.4920098837811295,3.6451545138424906,-2.6683121739408326,0.9950044643483725,3.442180283284724,1.4683121739408327,False,0.005020616319444427,0.013473310067092195,0.005020616319444427,0.005020616319444427,0.0,8.5626424170041,100,40,3,3,0.9,0.8,0.35,0.25,360.0,72,8.0,0.0,5.070422535211268,0.0,0.9950044643483725,0.9915104987960802
experiment_1_perception_ablation,default,complex_room,scan_only,2,5,4.8,1.5,-1.2,4.7143465145723225,1.4320623327628899,-1.1474804703485062,0.9997006104942531,0.10932541422528272,0.052519529651493535,True,0.00029947916666666556,0.004194325407167924,0.00029947916666666556,0.00029947916666666556,0.0,8.592300374992192,100,40,3,3,0.9,0.8,0.35,0.25,360.0,72,8.0,0.0,5.070422535211268,0.0,0.9997006104942531,0.9826858142463663
experiment_1_perception_ablation,default,complex_room,scan_only,2,6,4.8,1.5,-1.2,4.81821991134953,1.5538849664265335,-1.2441916301408287,0.9990211413946621,0.056881937171420115,0.04419163014082894,True,0.00097981770833333,0.0035212830219406247,0.00097981770833333,0.00097981770833333,0.0,8.723839083002531,100,40,3,3,0.9,0.8,0.35,0.25,360.0,72,8.0,0.0,5.070422535211268,0.0,0.9990211413946621,0.9842555933590883
experiment_1_perception_ablation,default,complex_room,scan_only,2,7,4.8,1.5,-1.2,6.174463132283811,3.393216174726995,0.41473973814682363,0.9953359825945803,2.339533369339993,1.6147397381468238,False,0.004685872395833318,0.025544732992574676,0.004685872395833318,0.004685872395833318,0.0,8.587537166997208,100,40,3,3,0.9,0.8,0.35,0.25,360.0,72,8.0,0.0,5.070422535211268,0.0,0.9953359825945803,0.9895988573903732
experiment_1_perception_ablation,default,complex_room,scan_only,2,8,4.8,1.5,-1.2,4.801829497983547,1.4902712413265242,-1.1969696156392187,0.9999902344703665,0.009899283216401827,0.003030384360781291,True,9.765624999999988e-06,0.0003075382758932141,9.765624999999988e-06,9.765624999999988e-06,0.0,8.138353083006223,100,40,3,3,0.9,0.8,0.35,0.25,360.0,72,8.0,0.0,5.070422535211268,0.0,0.9999902344703665,0.9884574699352026
experiment_1_perception_ablation,default,complex_room,scan_only,2,9,4.8,1.5,-1.2,6.211293897894729,3.399437961537022,0.38614491433301756,0.9953746830726362,2.3663505733434373,1.5861449143330173,False,0.004646809895833319,0.026615882863794266,0.004646809895833319,0.004646809895833319,0.0,8.517276291007875,100,40,3,3,0.9,0.8,0.35,0.25,360.0,72,8.0,0.0,5.070422535211268,0.0,0.9953746830726362,0.9868026508743205
experiment_1_perception_ablation,default,complex_room,scan_only,3,0,2.5,5.0,2.0,3.112559006008579,2.6140300823318405,-0.45981454967983293,0.9928958816799075,2.463347515853097,2.459814549679833,False,0.007154947916666642,0.04948228822311099,0.007154947916666642,0.007154947916666642,0.0,9.417866916002822,100,40,3,3,0.9,0.8,0.35,0.25,360.0,72,8.0,0.0,5.070422535211268,0.0,0.9928958816799075,0.9817531794609125
experiment_1_perception_ablation,default,complex_room,scan_only,3,1,2.5,5.0,2.0,7.17477173832735,3.949795740949736,0.2455117194805272,0.990956553716329,4.791285818148551,1.7544882805194728,False,0.009125976562499962,0.0728859081548253,0.009125976562499962,0.009125976562499962,0.0,8.694355416999315,100,40,3,3,0.9,0.8,0.35,0.25,360.0,72,8.0,0.0,5.070422535211268,0.0,0.990956553716329,0.98557329052452
experiment_1_perception_ablation,default,complex_room,scan_only,3,2,2.5,5.0,2.0,2.4940000125106003,5.019223914933036,1.9986805306194526,0.9999820966747014,0.02013848939780651,0.001319469380547389,True,1.79036458333333e-05,0.00027517849818095114,1.79036458333333e-05,1.79036458333333e-05,0.0,9.811229458995513,100,40,3,3,0.9,0.8,0.35,0.25,360.0,72,8.0,0.0,5.070422535211268,0.0,0.9999820966747014,0.9833897930869111
experiment_1_perception_ablation,default,complex_room,scan_only,3,3,2.5,5.0,2.0,7.184791078045433,3.952402978219945,0.23130266144209244,0.9910093003900164,4.800492366932431,1.7686973385579075,False,0.009072265624999963,0.07270265187551295,0.009072265624999963,0.009072265624999963,0.0,8.654419665996102,100,40,3,3,0.9,0.8,0.35,0.25,360.0,72,8.0,0.0,5.070422535211268,0.0,0.9910093003900164,0.9860119265702653
experiment_1_perception_ablation,default,complex_room,scan_only,3,4,2.5,5.0,2.0,2.488872692598607,5.018131251863049,1.982536045603156,0.9999430370991236,0.021273440345332257,0.017463954396844006,True,5.6966145833333056e-05,0.0028886976880796215,5.6966145833333056e-05,5.6966145833333056e-05,0.0,9.870334624996758,100,40,3,3,0.9,0.8,0.35,0.25,360.0,72,8.0,0.0,5.070422535211268,0.0,0.9999430370991236,0.9835951566628977
experiment_1_perception_ablation,default,complex_room,scan_only,3,5,2.5,5.0,2.0,3.2677073604622024,2.6833755104264547,-0.42381325918524676,0.9931023781224373,2.440517079841838,2.4238132591852466,False,0.006945529513888864,0.04617614068371494,0.006945529513888864,0.006945529513888864,0.0,9.54153133399086,100,40,3,3,0.9,0.8,0.35,0.25,360.0,72,8.0,0.0,5.070422535211268,0.0,0.9931023781224373,0.9816886249040654
experiment_1_perception_ablation,default,complex_room,scan_only,3,6,2.5,5.0,2.0,7.185943588118787,4.018828367396308,0.2609675985222317,0.9910061034620695,4.787563585338347,1.7390324014777683,False,0.009075520833333298,0.07141424165395673,0.009075520833333298,0.009075520833333298,0.0,8.693277042009868,100,40,3,3,0.9,0.8,0.35,0.25,360.0,72,8.0,0.0,5.070422535211268,0.0,0.9910061034620695,0.9840454140352893
experiment_1_perception_ablation,default,complex_room,scan_only,3,7,2.5,5.0,2.0,3.114556851978478,2.600242435814664,-0.2988977656305871,0.9916176246690707,2.477199324071124,2.298897765630587,False,0.00845323350694441,0.04628549066695257,0.00845323350694441,0.00845323350694441,0.0,8.708656207993045,100,40,3,3,0.9,0.8,0.35,0.25,360.0,72,8.0,0.0,5.070422535211268,0.0,0.9916176246690707,0.9796528021512078
experiment_1_perception_ablation,default,complex_room,scan_only,3,8,2.5,5.0,2.0,2.4326462138072436,4.9971193330356005,1.9958877085435283,0.999948461857706,0.06741535994607854,0.004112291456471517,True,5.1540798611111e-05,0.0037772214323789576,5.1540798611111e-05,5.1540798611111e-05,0.0,9.757265917010955,100,40,3,3,0.9,0.8,0.35,0.25,360.0,72,8.0,0.0,5.070422535211268,0.0,0.999948461857706,0.9843216717077887
experiment_1_perception_ablation,default,complex_room,scan_only,3,9,2.5,5.0,2.0,2.4843172506032705,5.006802836190945,2.0012547947985593,0.9999875218570949,0.017094654394911188,0.0012547947985592778,True,1.2478298611111075e-05,0.0002579745023321203,1.2478298611111075e-05,1.2478298611111075e-05,0.0,9.745971875003306,100,40,3,3,0.9,0.8,0.35,0.25,360.0,72,8.0,0.0,5.070422535211268,0.0,0.9999875218570949,0.9818333280678699
experiment_1_perception_ablation,default,complex_room,scan_only,4,0,6.8,3.0,-2.4,6.770978141608288,2.966340184655993,-2.4259963913391047,0.9999750440255941,0.04444380084445096,0.025996391339104807,True,2.4956597222222227e-05,0.002672101597682762,2.4956597222222227e-05,2.4956597222222227e-05,0.0,9.023261958995136,100,40,3,3,0.9,0.8,0.35,0.25,360.0,72,8.0,0.0,5.070422535211268,0.0,0.9999750440255941,0.9941418233369431
experiment_1_perception_ablation,default,complex_room,scan_only,4,1,6.8,3.0,-2.4,6.792356436694435,3.0141782603897966,-2.3912832422634054,0.9999880643785719,0.016107362530440903,0.008716757736594527,True,1.1935763888888862e-05,0.002381676860438471,1.1935763888888862e-05,1.1935763888888862e-05,0.0,8.99286304099951,100,40,3,3,0.9,0.8,0.35,0.25,360.0,72,8.0,0.0,5.070422535211268,0.0,0.9999880643785719,0.992926621114332
experiment_1_perception_ablation,default,complex_room,scan_only,4,2,6.8,3.0,-2.4,6.735230014538856,2.955911907754384,-2.467737666748137,0.9998904199952044,0.07835120225302691,0.0677376667481373,True,0.00010959201388888874,0.003150510458666556,0.00010959201388888874,0.00010959201388888874,0.0,8.941577584002516,100,40,3,3,0.9,0.8,0.35,0.25,360.0,72,8.0,0.0,5.070422535211268,0.0,0.9996859710409978,0.9938724708263911
experiment_1_perception_ablation,default,complex_room,scan_only,4,3,6.8,3.0,-2.4,6.825937191305891,3.854753494682673,0.8844512287202573,0.9981625620805451,0.855146931565027,2.9987340784593286,False,0.0018408203124999957,0.020591640270846815,0.0018408203124999957,0.0018408203124999957,0.0,8.672192083002301,100,40,3,3,0.9,0.8,0.35,0.25,360.0,72,8.0,0.0,5.070422535211268,0.0,0.9981625620805451,0.9945633177738616
experiment_1_perception_ablation,default,complex_room,scan_only,4,4,6.8,3.0,-2.4,6.784461921702767,2.989549312009691,-2.4096841682592656,0.9999891494232918,0.0187256176571489,0.009684168259265657,True,1.0850694444444445e-05,0.0024565778476799546,1.0850694444444445e-05,1.0850694444444445e-05,0.0,9.064031500005512,100,40,3,3,0.9,0.8,0.35,0.25,360.0,72,8.0,0.0,5.070422535211268,0.0,0.9999891494232918,0.9935601704650433
experiment_1_perception_ablation,default,complex_room,scan_only,4,5,6.8,3.0,-2.4,6.804222309754396,3.914721928287093,0.8273838506570457,0.9981809408743505,0.9147316732183924,3.0558014565225404,False,0.0018223741319444407,0.020282190204800887,0.0018223741319444407,0.0018223741319444407,0.0,8.672724459000165,100,40,3,3,0.9,0.8,0.35,0.25,360.0,72,8.0,0.0,5.070422535211268,0.0,0.9981809408743505,0.9940851692926429
experiment_1_perception_ablation,default,complex_room,scan_only,4,6,6.8,3.0,-2.4,6.775368101332419,3.03300169747695,-2.389374352536132,0.9999685339762531,0.04118060791598506,0.01062564746386796,True,3.1467013888888875e-05,0.0012884718591252532,3.1467013888888875e-05,3.1467013888888875e-05,0.0,9.168869582994375,100,40,3,3,0.9,0.8,0.35,0.25,360.0,72,8.0,0.0,5.070422535211268,0.0,0.9999685339762531,0.9937114515399098
experiment_1_perception_ablation,default,complex_room,scan_only,4,7,6.8,3.0,-2.4,6.787588769351668,3.006438436923985,-2.4014394317467334,0.9999891494232918,0.01398184952823567,0.0014394317467334439,True,1.0850694444444435e-05,0.0022687587296392974,1.0850694444444435e-05,1.0850694444444435e-05,0.0,9.03337345799082,100,40,3,3,0.9,0.8,0.35,0.25,360.0,72,8.0,0.0,5.070422535211268,0.0,0.9999891494232918,0.9926574372208563
experiment_1_perception_ablation,default,complex_room,scan_only,4,8,6.8,3.0,-2.4,6.770075821484619,3.014969763348961,-2.4102414866033772,0.9999755865335318,0.0334596813275958,0.010241486603377314,True,2.441406249999999e-05,0.0024798935464178597,2.441406249999999e-05,2.441406249999999e-05,0.0,8.84293554200849,100,40,3,3,0.9,0.8,0.35,0.25,360.0,72,8.0,0.0,5.070422535211268,0.0,0.9999755865335318,0.9932718705720512
experiment_1_perception_ablation,default,complex_room,scan_only,4,9,6.8,3.0,-2.4,6.807865501253237,3.022674579370789,-2.4109824854541126,0.9999772140608776,0.024000055408412727,0.010982485454112734,True,2.2786458333333284e-05,0.0022853254700814997,2.2786458333333284e-05,2.2786458333333284e-05,0.0,8.927331250000861,100,40,3,3,0.9,0.8,0.35,0.25,360.0,72,8.0,0.0,5.070422535211268,0.0,0.9999772140608776,0.9939914760497046
experiment_1_perception_ablation,default,complex_room,perception_aware,0,0,1.0,1.6,0.0,1.0510187686449612,1.6134281910459305,0.016029876268014664,0.9996542810264534,0.05275633676454503,0.016029876268014664,True,0.000321723090277778,0.0004021079109869623,0.00034583853649053326,0.00022520616319444457,0.0001206323732960887,9.704377292000572,100,40,3,3,0.9,0.8,0.35,0.25,360.0,72,8.0,0.0,5.070422535211268,0.3,0.9996542810264534,0.9870586399300139
experiment_1_perception_ablation,default,complex_room,perception_aware,0,1,1.0,1.6,0.0,1.0176622390981198,1.6035019176101537,-0.0006309873341866232,0.9999379968543,0.018006057783630937,0.0006309873341865391,True,9.223090277777761e-06,0.00018516942378008633,6.200699032847033e-05,6.4561631944444325e-06,5.55508271340259e-05,9.800831041997299,100,40,3,3,0.9,0.8,0.35,0.25,360.0,72,8.0,0.0,5.070422535211268,0.3,0.9999379968543,0.9860480015391971
experiment_1_perception_ablation,default,complex_room,perception_aware,0,2,1.0,1.6,0.0,0.9966551558308283,1.6046273559232418,-0.0011966444563267231,0.999939822649166,0.005709676466876381,0.0011966444563267231,True,7.052951388888886e-06,0.00018414635464429792,6.01809723655116e-05,4.93706597222222e-06,5.5243906393289376e-05,9.700470791998669,100,40,3,3,0.9,0.8,0.35,0.25,360.0,72,8.0,0.0,5.070422535211268,0.3,0.999939822649166,0.9866125320571968
experiment_1_perception_ablation,default,complex_room,perception_aware,0,3,1.0,1.6,0.0,0.9882620794425936,1.6195700899668743,-0.003501783449636257,0.9999028568117111,0.022820324281734836,0.003501783449636253,True,1.8446180555555532e-05,0.0002808009987193272,9.715262600468702e-05,1.2912326388888872e-05,8.424029961579815e-05,9.67682741599856,100,40,3,3,0.9,0.8,0.35,0.25,360.0,72,8.0,0.0,5.070422535211268,0.3,0.9999028568117111,0.987857858550224
experiment_1_perception_ablation,default,complex_room,perception_aware,0,4,1.0,1.6,0.0,7.304632906289048,2.6814819740397646,1.4823537884186484,0.9921656471976145,6.3967178570916845,1.4823537884186484,False,0.008612738715277738,0.00622432477381622,0.007896214532839282,0.006028917100694416,0.0018672974321448659,8.93618737498764,100,40,3,3,0.9,0.8,0.35,0.25,360.0,72,8.0,0.0,5.070422535211268,0.3,0.9921656471976145,0.9802607502768531
experiment_1_perception_ablation,default,complex_room,perception_aware,0,5,1.0,1.6,0.0,0.9744497328362343,1.6029689035426535,0.000829164931309743,0.9994422062663978,0.02572217993066268,0.0008291649313099114,True,0.00027994791666666695,0.001207138331433678,0.0005581050410967702,0.00019596354166666685,0.0003621414994301034,9.861604709003586,100,40,3,3,0.9,0.8,0.35,0.25,360.0,72,8.0,0.0,5.070422535211268,0.3,0.9994422062663978,0.9871778442615602
experiment_1_perception_ablation,default,complex_room,perception_aware,0,6,1.0,1.6,0.0,0.9513191894335377,1.6307226832717172,-0.01998836942965773,0.9997604606619054,0.057564785979121284,0.01998836942965765,True,0.00030273437500000027,9.227556145681205e-05,0.00023959673093704382,0.0002119140625000002,2.7682668437043614e-05,9.986780667008134,100,40,3,3,0.9,0.8,0.35,0.25,360.0,72,8.0,0.0,5.070422535211268,0.3,0.9997604606619054,0.9879046900488706
experiment_1_perception_ablation,default,complex_room,perception_aware,0,7,1.0,1.6,0.0,1.0116252835689734,1.6037025981299213,0.0016246055153053332,0.9999529836481793,0.01220067420148327,0.0016246055153055217,True,5.96788194444443e-06,0.00014280348366900916,4.701856246181385e-05,4.177517361111101e-06,4.2841045100702746e-05,9.764960083004553,100,40,3,3,0.9,0.8,0.35,0.25,360.0,72,8.0,0.0,5.070422535211268,0.3,0.9999529836481793,0.9866624744336951
experiment_1_perception_ablation,default,complex_room,perception_aware,0,8,1.0,1.6,0.0,7.327909340027725,2.662955034735421,1.4712012348943826,0.9919127085049719,6.416565282258063,1.4712012348943828,False,0.008756510416666625,0.006745572477306808,0.00815322903485868,0.006129557291666637,0.002023671743192042,8.964105124992784,100,40,3,3,0.9,0.8,0.35,0.25,360.0,72,8.0,0.0,5.070422535211268,0.3,0.9919127085049719,0.9808181565208878
experiment_1_perception_ablation,default,complex_room,perception_aware,0,9,1.0,1.6,0.0,5.274967669681539,3.117417657930153,1.9323180229644465,0.9921869894669945,4.536287570846962,1.9323180229644468,False,0.00849717881944442,0.006421697264119242,0.007874534352846865,0.005948025173611093,0.0019265091792357724,10.2177214169933,100,40,3,3,0.9,0.8,0.35,0.25,360.0,72,8.0,0.0,5.070422535211268,0.3,0.9921869894669945,0.9786083848771665
experiment_1_perception_ablation,default,complex_room,perception_aware,1,0,2.8,3.0,0.9,2.8484551229143396,2.974504758626388,0.8708524869037089,0.99874968058987,0.05475313935604524,0.029147513096291267,True,0.0008262803819444407,0.002244961328219117,0.0012518846658268435,0.0005783962673611084,0.0006734883984657351,9.322503417002736,100,40,3,3,0.9,0.8,0.35,0.25,360.0,72,8.0,0.0,5.070422535211268,0.3,0.99874968058987,0.9813878732365922
experiment_1_perception_ablation,default,complex_room,perception_aware,1,1,2.8,3.0,0.9,2.486875169436162,2.9546097473334982,0.9885140430693422,0.9957336659199798,0.31639758935990814,0.0885140430693423,False,0.0020670572916666585,0.009458911897292597,0.0042846136733544395,0.0014469401041666608,0.0028376735691877787,9.858677832991816,100,40,3,3,0.9,0.8,0.35,0.25,360.0,72,8.0,0.0,5.070422535211268,0.3,0.9957336659199798,0.9776208091979229
experiment_1_perception_ablation,default,complex_room,perception_aware,1,2,2.8,3.0,0.9,6.916403922262532,2.5127829703445625,-2.225537241514501,0.9948630353167354,4.14513711295593,3.125537241514501,False,0.005532226562499976,0.0043031025064190894,0.00516348934567571,0.0038725585937499827,0.0012909307519257268,9.620110792006017,100,40,3,3,0.9,0.8,0.35,0.25,360.0,72,8.0,0.0,5.070422535211268,0.3,0.9948630353167354,0.9797293943300915
experiment_1_perception_ablation,default,complex_room,perception_aware,1,3,2.8,3.0,0.9,2.8599270225644102,2.968297131576305,0.8812069118571504,0.9977189571792506,0.06779616434375518,0.018793088142849523,True,0.0018343098958333265,0.003340803152578009,0.002286257872856731,0.0012840169270833285,0.0010022409457734027,9.596121582988417,100,40,3,3,0.9,0.8,0.35,0.25,360.0,72,8.0,0.0,5.070422535211268,0.3,0.9977189571792506,0.9760094426786384
experiment_1_perception_ablation,default,complex_room,perception_aware,1,4,2.8,3.0,0.9,6.8947178278996395,2.486757953226452,-2.2449894242544173,0.9945341270809887,4.126757987657556,3.138195882925169,False,0.005560980902777753,0.00534408749481667,0.0054959128803894275,0.0038926866319444267,0.001603226248445001,9.285841500008246,100,40,3,3,0.9,0.8,0.35,0.25,360.0,72,8.0,0.0,5.070422535211268,0.3,0.9945341270809887,0.9776991624132348
experiment_1_perception_ablation,default,complex_room,perception_aware,1,5,2.8,3.0,0.9,1.9107250432750922,1.5860377640839802,-2.1552784385059875,0.9888795266809776,1.6703589893357405,3.0552784385059875,False,0.012277560763888841,0.008837454628836285,0.011245528923373074,0.008594292534722188,0.0026512363886508853,9.794191374996444,100,40,3,3,0.9,0.8,0.35,0.25,360.0,72,8.0,0.0,5.070422535211268,0.3,0.9888795266809776,0.979665224376178
experiment_1_perception_ablation,default,complex_room,perception_aware,1,6,2.8,3.0,0.9,1.9410502176365434,1.554787598707801,-2.2311724794271495,0.9891902300396966,1.68120005159142,3.1311724794271494,False,0.012234700520833284,0.007878692198367265,0.010927898024093477,0.008564290364583298,0.0023636076595101793,9.943868707996444,100,40,3,3,0.9,0.8,0.35,0.25,360.0,72,8.0,0.0,5.070422535211268,0.3,0.9891902300396966,0.9811169805637208
experiment_1_perception_ablation,default,complex_room,perception_aware,1,7,2.8,3.0,0.9,2.7567996043102108,2.9864413913538224,0.9159551342888816,0.9995977786219742,0.045278141041506424,0.015955134288881734,True,2.2243923611111068e-05,0.0012893749287783366,0.00040238322516127875,1.5570746527777748e-05,0.000386812478633501,9.358614875003695,100,40,3,3,0.9,0.8,0.35,0.25,360.0,72,8.0,0.0,5.070422535211268,0.3,0.9995879835033837,0.9829851854957196
experiment_1_perception_ablation,default,complex_room,perception_aware,1,8,2.8,3.0,0.9,2.800499679823549,2.987762373969439,0.8976104007371799,0.9996257960535483,0.01224782310412451,0.00238959926282023,True,8.13802083333332e-06,0.0012288247096031025,0.000374344027464264,5.6966145833333234e-06,0.0003686474128809307,9.423246792008285,100,40,3,3,0.9,0.8,0.35,0.25,360.0,72,8.0,0.0,5.070422535211268,0.3,0.9996257960535483,0.9801339711864316
experiment_1_perception_ablation,default,complex_room,perception_aware,1,9,2.8,3.0,0.9,2.7448724846200774,2.9882029815696245,0.9236884657396234,0.99957358083995,0.05637563831842798,0.023688465739623243,True,3.092447916666662e-05,0.0013498464516789911,0.00042660107092036396,2.1647135416666634e-05,0.00040495393550369735,9.363445832990692,100,40,3,3,0.9,0.8,0.35,0.25,360.0,72,8.0,0.0,5.070422535211268,0.3,0.99957358083995,0.979915554332624
experiment_1_perception_ablation,default,complex_room,perception_aware,2,0,4.8,1.5,-1.2,7.593811487917237,3.652415206341796,-2.712020888963762,0.9951306495288168,3.5267937068263184,1.512020888963762,False,0.005211588541666647,0.004150216953548916,0.004893177065231328,0.0036481119791666526,0.0012450650860646748,8.346042582998052,100,40,3,3,0.9,0.8,0.35,0.25,360.0,72,8.0,0.0,5.070422535211268,0.3,0.9951306495288168,0.987963837288569
experiment_1_perception_ablation,default,complex_room,perception_aware,2,1,4.8,1.5,-1.2,4.826510608077985,1.5479141157536072,-1.1442052306808848,0.9979353109300996,0.054759244234326376,0.0557947693191152,True,0.0019970703124999947,0.0022367053732121624,0.002068960830713645,0.0013979492187499963,0.0006710116119636487,8.382388708996587,100,40,3,3,0.9,0.8,0.35,0.25,360.0,72,8.0,0.0,5.070422535211268,0.3,0.9979353109300996,0.9794503057701275
experiment_1_perception_ablation,default,complex_room,perception_aware,2,2,4.8,1.5,-1.2,1.455653255703172,2.911262452070777,-2.241293935542315,0.9949420247440295,3.6299196760691017,1.0412939355423152,False,0.0056315104166666475,0.0038054371152429823,0.005083688426239548,0.003942057291666653,0.0011416311345728947,8.228997041005641,100,40,3,3,0.9,0.8,0.35,0.25,360.0,72,8.0,0.0,5.070422535211268,0.3,0.9949420247440295,0.9851712057229984
experiment_1_perception_ablation,default,complex_room,perception_aware,2,3,4.8,1.5,-1.2,3.137381254483782,4.042810887496174,1.24746024129761,0.9961770480001033,3.0381224962978366,2.44746024129761,False,0.004249674479166663,0.0028761697106285,0.003837623048605214,0.002974772135416664,0.00086285091318855,8.850810042000376,100,40,3,3,0.9,0.8,0.35,0.25,360.0,72,8.0,0.0,5.070422535211268,0.3,0.9961770480001033,0.984506205850659
experiment_1_perception_ablation,default,complex_room,perception_aware,2,4,4.8,1.5,-1.2,7.598089831121315,3.7256698390266183,-2.7683465186219385,0.9950718243317918,3.57531997664227,1.5683465186219385,False,0.005380859374999981,0.003953271013620782,0.004952582866586221,0.0037666015624999863,0.0011859813040862345,8.310020749995601,100,40,3,3,0.9,0.8,0.35,0.25,360.0,72,8.0,0.0,5.070422535211268,0.3,0.9950718243317918,0.9894077297144728
experiment_1_perception_ablation,default,complex_room,perception_aware,2,5,4.8,1.5,-1.2,4.95429138944252,1.5332748658009074,-1.23503847863726,0.9974216633596454,0.15783868204648596,0.03503847863725973,True,0.0011398654513888858,0.0059569860961284265,0.0025850016448107477,0.00079790581597222,0.0017870958288385278,8.226707041991176,100,40,3,3,0.9,0.8,0.35,0.25,360.0,72,8.0,0.0,5.070422535211268,0.3,0.9974216633596454,0.9798198277188578
experiment_1_perception_ablation,default,complex_room,perception_aware,2,6,4.8,1.5,-1.2,1.4796649531306623,2.8944611394639614,-2.2630420577870343,0.9949863402781196,3.601270149953199,1.063042057787034,False,0.005830078124999979,0.003192894935031563,0.005038923168009453,0.004081054687499985,0.0009578684805094689,8.248779959001695,100,40,3,3,0.9,0.8,0.35,0.25,360.0,72,8.0,0.0,5.070422535211268,0.3,0.9949863402781196,0.9837682579371106
experiment_1_perception_ablation,default,complex_room,perception_aware,2,7,4.8,1.5,-1.2,7.6489886448191315,3.754441685328619,-2.7619935170627428,0.9950491182982002,3.633076328795708,1.5619935170627428,False,0.005555013020833314,0.003623352576098546,0.004975514887412883,0.00388850911458332,0.0010870057728295636,8.384634832997108,100,40,3,3,0.9,0.8,0.35,0.25,360.0,72,8.0,0.0,5.070422535211268,0.3,0.9950491182982002,0.9890594074638266
experiment_1_perception_ablation,default,complex_room,perception_aware,2,8,4.8,1.5,-1.2,4.806922932290083,1.4784923951448639,-1.2045276334928667,0.9998687039222655,0.022594336858995145,0.004527633492866556,True,2.4956597222222227e-05,0.0003794790020090639,0.00013131331865827474,1.7469618055555558e-05,0.00011384370060271918,8.18722995799908,100,40,3,3,0.9,0.8,0.35,0.25,360.0,72,8.0,0.0,5.070422535211268,0.3,0.9998687039222655,0.9842683275099803
experiment_1_perception_ablation,default,complex_room,perception_aware,2,9,4.8,1.5,-1.2,3.0367375032152735,4.045237485069057,1.2588697093163528,0.9962709662021099,3.09634114528231,2.458869709316353,False,0.00398763020833333,0.003172167980047363,0.0037429915398475393,0.0027913411458333304,0.0009516503940142089,8.77094833299634,100,40,3,3,0.9,0.8,0.35,0.25,360.0,72,8.0,0.0,5.070422535211268,0.3,0.9962709662021099,0.9853642592393191
experiment_1_perception_ablation,default,complex_room,perception_aware,3,0,2.5,5.0,2.0,2.5661833669530787,5.0460387674596365,1.9624984442798648,0.9991786523946198,0.08062137539417419,0.03750155572013547,True,0.0002343749999999989,0.002193200906051409,0.0008220227718154218,0.00016406249999999922,0.0006579602718154227,9.923346042007324,100,40,3,3,0.9,0.8,0.35,0.25,360.0,72,8.0,0.0,5.070422535211268,0.3,0.9991786523946198,0.9805491894939261
experiment_1_perception_ablation,default,complex_room,perception_aware,3,1,2.5,5.0,2.0,1.1615924797289212,1.700227503191484,3.0592744629687516,0.9915301664618131,3.5608753447729797,1.0592744629687516,False,0.009790039062499967,0.0056305235817069145,0.008542184418262051,0.006853027343749977,0.0016891570745120744,9.929575540998485,100,40,3,3,0.9,0.8,0.35,0.25,360.0,72,8.0,0.0,5.070422535211268,0.3,0.9915301664618131,0.9818971006764989
experiment_1_perception_ablation,default,complex_room,perception_aware,3,2,2.5,5.0,2.0,2.463893055600416,4.996108464670814,2.002548530900751,0.9995833538268755,0.03631604991037648,0.0025485309007509116,True,1.573350694444442e-05,0.0013526879488483673,0.00041681983951562127,1.1013454861111094e-05,0.00040580638465451016,9.819295709006838,100,40,3,3,0.9,0.8,0.35,0.25,360.0,72,8.0,0.0,5.070422535211268,0.3,0.9995833538268755,0.9816344884702866
experiment_1_perception_ablation,default,complex_room,perception_aware,3,3,2.5,5.0,2.0,5.138081433927506,3.1825308507666565,-1.4961371180615963,0.9903601141968904,3.203539879640642,2.78704818911799,False,0.012932400173611061,0.0022701253631446264,0.009733717730471131,0.009052680121527743,0.0006810376089433879,10.306698125001276,100,40,3,3,0.9,0.8,0.35,0.25,360.0,72,8.0,0.0,5.070422535211268,0.3,0.9903601141968904,0.9780397428793621
experiment_1_perception_ablation,default,complex_room,perception_aware,3,4,2.5,5.0,2.0,2.436926080452625,5.005777271737654,2.00093084388938,0.9994576035941204,0.06333795225454805,0.0009308438893800286,True,4.286024305555545e-05,0.0017089619641935568,0.0005426907593969558,3.0002170138888816e-05,0.000512688589258067,9.583538083999883,100,40,3,3,0.9,0.8,0.35,0.25,360.0,72,8.0,0.0,5.070422535211268,0.3,0.9994576035941204,0.9767568861712599
experiment_1_perception_ablation,default,complex_room,perception_aware,3,5,2.5,5.0,2.0,1.0721364357880225,1.7527139060546473,3.0068270837347426,0.9916168324468367,3.547345674435323,1.006827083734743,False,0.009772677951388855,0.005377215380463107,0.008454039180111131,0.006840874565972198,0.001613164614138932,9.898590458993567,100,40,3,3,0.9,0.8,0.35,0.25,360.0,72,8.0,0.0,5.070422535211268,0.3,0.9916168324468367,0.979742526122788
experiment_1_perception_ablation,default,complex_room,perception_aware,3,6,2.5,5.0,2.0,1.1615525679635987,1.7251649401145965,3.0568213425016113,0.9914790791989221,3.5377939733369823,1.0568213425016113,False,0.009841579861111078,0.005683483257672398,0.008594150880079473,0.006889105902777754,0.0017050449773017193,9.98169654198864,100,40,3,3,0.9,0.8,0.35,0.25,360.0,72,8.0,0.0,5.070422535211268,0.3,0.9914790791989221,0.980695341574919
experiment_1_perception_ablation,default,complex_room,perception_aware,3,7,2.5,5.0,2.0,1.0589896856782701,1.7087457710893406,3.01140475012877,0.9916547721020501,3.592890914751506,1.0114047501287704,False,0.009806857638888854,0.005168854852042767,0.008415456802835028,0.006864800347222197,0.0015506564556128299,9.797183874994516,100,40,3,3,0.9,0.8,0.35,0.25,360.0,72,8.0,0.0,5.070422535211268,0.3,0.9916547721020501,0.9805530378145295
experiment_1_perception_ablation,default,complex_room,perception_aware,3,8,2.5,5.0,2.0,2.524865551244005,5.0172501210292255,1.9987870287909555,0.9995790117243373,0.030263217181772946,0.001212971209044511,True,2.0073784722222202e-05,0.0013570464404298068,0.0004211655814344976,1.405164930555554e-05,0.00040711393212894203,9.811325667003985,100,40,3,3,0.9,0.8,0.35,0.25,360.0,72,8.0,0.0,5.070422535211268,0.3,0.9995790117243373,0.9815702624475843
experiment_1_perception_ablation,default,complex_room,perception_aware,3,9,2.5,5.0,2.0,1.0880796783948947,1.7246672155571785,3.008417863198905,0.9913997813992221,3.5666964888265205,1.008417863198905,False,0.009650065104166633,0.006399261368138257,0.008674823983358119,0.006755045572916642,0.0019197784104414768,9.79454479200649,100,40,3,3,0.9,0.8,0.35,0.25,360.0,72,8.0,0.0,5.070422535211268,0.3,0.9913997813992221,0.9810355923497592
experiment_1_perception_ablation,default,complex_room,perception_aware,4,0,6.8,3.0,-2.4,6.821761652334423,2.992861753239931,-2.40495173156238,0.9999190742212672,0.022902490675294634,0.004951731562380157,True,1.5190972222222227e-05,0.0002343288256299788,8.09323282445492e-05,1.0633680555555559e-05,7.029864768899363e-05,9.037862291006604,100,40,3,3,0.9,0.8,0.35,0.25,360.0,72,8.0,0.0,5.070422535211268,0.3,0.9999190742212672,0.9881041141366179
experiment_1_perception_ablation,default,complex_room,perception_aware,4,1,6.8,3.0,-2.4,6.810610811786426,3.0616218980560514,-2.3781580321413336,0.9998559179692504,0.0625287745505808,0.021841967858666322,True,4.0690104166666644e-05,0.00038539906818640485,0.0001441027933725881,2.848307291666665e-05,0.00011561972045592145,9.045316292002099,100,40,3,3,0.9,0.8,0.35,0.25,360.0,72,8.0,0.0,5.070422535211268,0.3,0.9998559179692504,0.9875468387820583
experiment_1_perception_ablation,default,complex_room,perception_aware,4,2,6.8,3.0,-2.4,6.93909340329492,3.0334958027924874,-2.3879994710111387,0.999352157109746,0.1430697160299009,0.01200052898886117,True,0.0002549913194444446,0.0015658964637650975,0.0006482628627406405,0.00017849392361111123,0.0004697689391295292,9.057959917001426,100,40,3,3,0.9,0.8,0.35,0.25,360.0,72,8.0,0.0,5.070422535211268,0.3,0.999352157109746,0.9879315983247946
experiment_1_perception_ablation,default,complex_room,perception_aware,4,3,6.8,3.0,-2.4,6.999829308427873,3.157885830583413,-2.34949259840339,0.9993636514388747,0.25467565255786845,0.050507401596609824,False,0.0005919053819444448,0.000741399970340899,0.0006367537584633811,0.00041433376736111136,0.00022241999110226968,9.042229832994053,100,40,3,3,0.9,0.8,0.35,0.25,360.0,72,8.0,0.0,5.070422535211268,0.3,0.9993636514388747,0.9898894984840027
experiment_1_perception_ablation,default,complex_room,perception_aware,4,4,6.8,3.0,-2.4,6.853419251227028,2.9885274398803015,-2.4024237784528797,0.9995784968359941,0.05463731359937522,0.0024237784528797768,True,5.045572916666672e-05,0.0012878729780813546,0.00042168090384107307,3.53190104166667e-05,0.0003863618934244064,9.093413042006432,100,40,3,3,0.9,0.8,0.35,0.25,360.0,72,8.0,0.0,5.070422535211268,0.3,0.9995784968359941,0.9877375937684273
experiment_1_perception_ablation,default,complex_room,perception_aware,4,5,6.8,3.0,-2.4,6.7989832662654335,3.0269214207616986,-2.389041124334879,0.9996321429008411,0.02694061326910395,0.010958875665120882,True,1.4648437499999983e-05,0.0011924618718350346,0.0003679924678005104,1.0253906249999987e-05,0.0003577385615505104,9.117248084003222,100,40,3,3,0.9,0.8,0.35,0.25,360.0,72,8.0,0.0,5.070422535211268,0.3,0.9996321429008411,0.988833388741079
experiment_1_perception_ablation,default,complex_room,perception_aware,4,6,6.8,3.0,-2.4,6.813179067104025,3.050016460188112,-2.381857033470337,0.9998775284345999,0.0517236319246956,0.018142966529663074,True,2.5499131944444416e-05,0.00034879058053503977,0.00012248656652162304,1.784939236111109e-05,0.00010463717416051193,9.02968900000269,100,40,3,3,0.9,0.8,0.35,0.25,360.0,72,8.0,0.0,5.070422535211268,0.3,0.9998775284345999,0.9892033388736065
experiment_1_perception_ablation,default,complex_room,perception_aware,4,7,6.8,3.0,-2.4,6.98812531037438,3.2033769273823163,0.15148476967156643,0.9955985031590529,0.27704387196783237,2.551484769671566,False,0.005330403645833331,0.0022989103708331475,0.004420955663333276,0.0037312825520833316,0.0006896731112499443,8.914822624996305,100,40,3,3,0.9,0.8,0.35,0.25,360.0,72,8.0,0.0,5.070422535211268,0.3,0.9955985031590529,0.9898623529382766
experiment_1_perception_ablation,default,complex_room,perception_aware,4,8,6.8,3.0,-2.4,6.843817143219199,3.092927351603539,-2.3622047350656135,0.9994227365969676,0.10273964529790622,0.03779526493438645,True,8.463541666666662e-05,0.0017278401229218496,0.0005775968285432215,5.924479166666663e-05,0.0005183520368765549,9.062741000001552,100,40,3,3,0.9,0.8,0.35,0.25,360.0,72,8.0,0.0,5.070422535211268,0.3,0.9994227365969676,0.98896603887602
experiment_1_perception_ablation,default,complex_room,perception_aware,4,9,6.8,3.0,-2.4,6.77006166581733,2.9439551746667534,-2.4585857244098857,0.9994090859028737,0.06353995829607793,0.05858572440988574,True,7.758246527777772e-05,0.0017898525245308378,0.0005912634830536958,5.4307725694444404e-05,0.0005369557573592514,9.122611624989077,100,40,3,3,0.9,0.8,0.35,0.25,360.0,72,8.0,0.0,5.070422535211268,0.3,0.9994090859028737,0.9876714542884508
experiment_1_perception_ablation,default,corridor,scan_only,0,0,1.0,3.0,0.0,7.208311907135168,2.917229313871713,3.1326572984214627,0.9975958546081978,6.208863641823555,3.1326572984214627,False,0.0024099392361111058,0.011920695633750195,0.0024099392361111058,0.0024099392361111058,0.0,10.697593333999976,100,40,3,3,0.9,0.8,0.35,0.25,360.0,72,8.0,0.0,5.070422535211268,0.0,0.9975958546081978,0.9766902378303213
experiment_1_perception_ablation,default,corridor,scan_only,0,1,1.0,3.0,0.0,7.183210528076188,2.9504447123247624,-3.118266799545418,0.997768661879196,6.183409105101229,3.118266799545418,False,0.0022363281249999944,0.011783599097668856,0.0022363281249999944,0.0022363281249999944,0.0,10.400839458001428,100,40,3,3,0.9,0.8,0.35,0.25,360.0,72,8.0,0.0,5.070422535211268,0.0,0.997768661879196,0.9768040506373141
experiment_1_perception_ablation,default,corridor,scan_only,0,2,1.0,3.0,0.0,7.079274674605685,2.8534846164267997,3.132132799458687,0.9969300266756667,6.081039987282246,3.132132799458687,False,0.0030794270833333273,0.006152098924478721,0.0030794270833333273,0.0030794270833333273,0.0,10.755170625008759,100,40,3,3,0.9,0.8,0.35,0.25,360.0,72,8.0,0.0,5.070422535211268,0.0,0.9969300266756667,0.9760202462020416
experiment_1_perception_ablation,default,corridor,scan_only,0,3,1.0,3.0,0.0,1.0026679105775234,2.936727013450451,0.02877806593780828,0.9993493819128171,0.06332920790400816,0.028778065937808073,True,0.0006510416666666636,0.0014046272828847535,0.0006510416666666636,0.0006510416666666636,0.0,10.687651291998918,100,40,3,3,0.9,0.8,0.35,0.25,360.0,72,8.0,0.0,5.070422535211268,0.0,0.9993493819128171,0.9757106449632308
experiment_1_perception_ablation,default,corridor,scan_only,0,4,1.0,3.0,0.0,0.993072177784337,2.946579100291184,-0.01408254126808206,0.9984648170077041,0.05386823968119993,0.01408254126808206,True,0.0015375434027777707,0.002365733324711692,0.0015375434027777707,0.0015375434027777707,0.0,10.654515834001359,100,40,3,3,0.9,0.8,0.35,0.25,360.0,72,8.0,0.0,5.070422535211268,0.0,0.9984648170077041,0.9758830852433785
experiment_1_perception_ablation,default,corridor,scan_only,0,5,1.0,3.0,0.0,0.9604685110748418,3.010859375008703,-0.010030606070472285,0.9995737494753213,0.04099591006697564,0.010030606070472459,True,0.00042643229166666486,0.0017034938641284682,0.00042643229166666486,0.00042643229166666486,0.0,10.709308457997395,100,40,3,3,0.9,0.8,0.35,0.25,360.0,72,8.0,0.0,5.070422535211268,0.0,0.9995737494753213,0.9769317796258301
experiment_1_perception_ablation,default,corridor,scan_only,0,6,1.0,3.0,0.0,0.9801211937631944,2.983405690752796,0.021782983714977663,0.9997244682997526,0.025894749212770844,0.021782983714977444,True,0.0002756076388888877,0.0006873754530002142,0.0002756076388888877,0.0002756076388888877,0.0,10.804281541000819,100,40,3,3,0.9,0.8,0.35,0.25,360.0,72,8.0,0.0,5.070422535211268,0.0,0.9997244682997526,0.9756194220829292
experiment_1_perception_ablation,default,corridor,scan_only,0,7,1.0,3.0,0.0,1.0091383022200613,2.98684362214289,-0.013741380415043379,0.99997775657117,0.016018702999438847,0.01374138041504347,True,2.224392361111106e-05,0.00025252700099545725,2.224392361111106e-05,2.224392361111106e-05,0.0,10.633623832996818,100,40,3,3,0.9,0.8,0.35,0.25,360.0,72,8.0,0.0,5.070422535211268,0.0,0.99997775657117,0.9758294223345113
experiment_1_perception_ablation,default,corridor,scan_only,0,8,1.0,3.0,0.0,7.231954590207513,2.9635535871020804,-3.10506357720274,0.9975046149200324,6.232061164287592,3.10506357720274,False,0.002501627604166662,0.014528303553962752,0.002501627604166662,0.002501627604166662,0.0,10.535894290995202,100,40,3,3,0.9,0.8,0.35,0.25,360.0,72,8.0,0.0,5.070422535211268,0.0,0.9975046149200324,0.9761127873424728
experiment_1_perception_ablation,default,corridor,scan_only,0,9,1.0,3.0,0.0,0.9715053818578101,2.9874940576985125,0.023827988122842068,0.9997353131332416,0.031118191719914444,0.023827988122842036,True,0.00026475694444444344,0.0005777797066952537,0.00026475694444444344,0.00026475694444444344,0.0,10.73944712500088,100,40,3,3,0.9,0.8,0.35,0.25,360.0,72,8.0,0.0,5.070422535211268,0.0,0.9997353131332416,0.9741988049181981
experiment_1_perception_ablation,default,corridor,scan_only,1,0,2.4,3.0,0.0,5.872994940306362,2.9596226799215963,-3.1174137462106173,0.9985151204724312,3.4732296473700535,3.1174137462106173,False,0.001487087673611106,0.011610312450996703,0.001487087673611106,0.001487087673611106,0.0,11.452183375004097,100,40,3,3,0.9,0.8,0.35,0.25,360.0,72,8.0,0.0,5.070422535211268,0.0,0.9985151204724312,0.9803491976676985
experiment_1_perception_ablation,default,corridor,scan_only,1,1,2.4,3.0,0.0,5.801004897869208,2.9183240130113393,-3.136188457607903,0.999117532908217,3.401985491177309,3.136188457607903,False,0.0008832465277777756,0.008924257046417479,0.0008832465277777756,0.0008832465277777756,0.0,11.546585499992943,100,40,3,3,0.9,0.8,0.35,0.25,360.0,72,8.0,0.0,5.070422535211268,0.0,0.999117532908217,0.9814915060693973
experiment_1_perception_ablation,default,corridor,scan_only,1,2,2.4,3.0,0.0,5.840642025440563,2.922827371087878,-3.1327379158845186,0.9990769162389568,3.4415073967494174,3.1327379158845186,False,0.0009239366319444416,0.01005281638168983,0.0009239366319444416,0.0009239366319444416,0.0,11.541216249999707,100,40,3,3,0.9,0.8,0.35,0.25,360.0,72,8.0,0.0,5.070422535211268,0.0,0.9990769162389568,0.9803580788961415
experiment_1_perception_ablation,default,corridor,scan_only,1,3,2.4,3.0,0.0,5.857962598377764,2.9345888828380238,-3.139861215848706,0.9989258512168447,3.458581204197449,3.139861215848706,False,0.0010753038194444373,0.010922237717803353,0.0010753038194444373,0.0010753038194444373,0.0,11.640346917003626,100,40,3,3,0.9,0.8,0.35,0.25,360.0,72,8.0,0.0,5.070422535211268,0.0,0.9989258512168447,0.9804025985189362
experiment_1_perception_ablation,default,corridor,scan_only,1,4,2.4,3.0,0.0,2.4010847586119213,2.9809130510924393,-0.00023739432007374717,0.9995358058540522,0.019117748817420153,0.00023739432007374717,True,0.000464409722222219,0.002722159945628338,0.000464409722222219,0.000464409722222219,0.0,11.644068915993557,100,40,3,3,0.9,0.8,0.35,0.25,360.0,72,8.0,0.0,5.070422535211268,0.0,0.9995358058540522,0.9786230636503176
experiment_1_perception_ablation,default,corridor,scan_only,1,5,2.4,3.0,0.0,2.422619999731563,2.9639126875348993,0.010009780786327693,0.9999641939904496,0.04259059178750304,0.010009780786327749,True,3.580729166666666e-05,0.0012947075298940433,3.580729166666666e-05,3.580729166666666e-05,0.0,11.674149999991641,100,40,3,3,0.9,0.8,0.35,0.25,360.0,72,8.0,0.0,5.070422535211268,0.0,0.9999641939904496,0.9799075715026501
experiment_1_perception_ablation,default,corridor,scan_only,1,6,2.4,3.0,0.0,5.822779543853715,2.931867683370685,-3.1354187330603565,0.9990904547617783,3.4234575823854927,3.1354187330603565,False,0.0009103732638888862,0.01009689452372397,0.0009103732638888862,0.0009103732638888862,0.0,11.596052875000169,100,40,3,3,0.9,0.8,0.35,0.25,360.0,72,8.0,0.0,5.070422535211268,0.0,0.9990904547617783,0.9788129912369636
experiment_1_perception_ablation,default,corridor,scan_only,1,7,2.4,3.0,0.0,2.4073314804195207,2.975390078054329,-0.0033710757012995487,0.9994312047885076,0.025678762885190286,0.003371075701299464,True,0.0005691189236111072,0.00408187101022866,0.0005691189236111072,0.0005691189236111072,0.0,11.745537249997142,100,40,3,3,0.9,0.8,0.35,0.25,360.0,72,8.0,0.0,5.070422535211268,0.0,0.9994312047885076,0.9814863106465045
experiment_1_perception_ablation,default,corridor,scan_only,1,8,2.4,3.0,0.0,5.798206009469477,2.938373949799348,-3.129384620341434,0.9990882885734699,3.398764753974273,3.129384620341434,False,0.0009125434027777759,0.009972728789233722,0.0009125434027777759,0.0009125434027777759,0.0,11.572529875003966,100,40,3,3,0.9,0.8,0.35,0.25,360.0,72,8.0,0.0,5.070422535211268,0.0,0.9990882885734699,0.9798183022545303
experiment_1_perception_ablation,default,corridor,scan_only,1,9,2.4,3.0,0.0,2.385298530027104,2.9480099481746787,0.013192862442273297,0.9999593115514505,0.05402868412393139,0.013192862442273245,True,4.0690104166666664e-05,0.0023894658416106322,4.0690104166666664e-05,4.0690104166666664e-05,0.0,11.780695207999088,100,40,3,3,0.9,0.8,0.35,0.25,360.0,72,8.0,0.0,5.070422535211268,0.0,0.9999593115514505,0.9811432390523475
experiment_1_perception_ablation,default,corridor,scan_only,2,0,3.8,3.0,0.0,4.407321569707728,2.8648039302629664,3.1346120770778807,0.9993585930904808,0.6221876455737444,3.1346120770778807,False,0.0006418185763888878,0.00929152950374098,0.0006418185763888878,0.0006418185763888878,0.0,11.945827584000654,100,40,3,3,0.9,0.8,0.35,0.25,360.0,72,8.0,0.0,5.070422535211268,0.0,0.9993585930904808,0.9832560596972704
experiment_1_perception_ablation,default,corridor,scan_only,2,1,3.8,3.0,0.0,4.4325194569981266,2.873321014636385,3.1364478864772347,0.9996897664136346,0.6450801723925175,3.136447886477235,False,0.0003103298611111093,0.008771135509370693,0.0003103298611111093,0.0003103298611111093,0.0,11.974110584007576,100,40,3,3,0.9,0.8,0.35,0.25,360.0,72,8.0,0.0,5.070422535211268,0.0,0.9994832315973784,0.9829951787260112
experiment_1_perception_ablation,default,corridor,scan_only,2,2,3.8,3.0,0.0,3.8155183235432686,2.978051160211212,-0.005032930659355728,0.9994778118853919,0.026880660960390268,0.005032930659355728,True,0.0005224609374999985,0.0005767852730463341,0.0005224609374999985,0.0005224609374999985,0.0,12.009490833006566,100,40,3,3,0.9,0.8,0.35,0.25,360.0,72,8.0,0.0,5.070422535211268,0.0,0.9994778118853919,0.9842418732053656
experiment_1_perception_ablation,default,corridor,scan_only,2,3,3.8,3.0,0.0,3.793057716310876,3.0269479136227218,-0.019426351259225965,0.9996035643416158,0.02782778021039311,0.01942635125922587,True,0.0003965928819444449,0.0028821859801051093,0.0003965928819444449,0.0003965928819444449,0.0,12.033648708005785,100,40,3,3,0.9,0.8,0.35,0.25,360.0,72,8.0,0.0,5.070422535211268,0.0,0.9996035643416158,0.9844362373899632
experiment_1_perception_ablation,default,corridor,scan_only,2,4,3.8,3.0,0.0,3.808781475297637,3.0016320027847283,-0.0033194098940019464,0.9999907769947869,0.008931838640077017,0.0033194098940021455,True,9.223090277777764e-06,0.00011651146754200943,9.223090277777764e-06,9.223090277777764e-06,0.0,11.915803124997183,100,40,3,3,0.9,0.8,0.35,0.25,360.0,72,8.0,0.0,5.070422535211268,0.0,0.9999907769947869,0.9848960419022674
experiment_1_perception_ablation,default,corridor,scan_only,2,5,3.8,3.0,0.0,3.790907115541993,3.00104361355011,0.0011292352207490466,0.9999886069006374,0.009152577615548153,0.0011292352207492584,True,1.1393229166666667e-05,0.00013438736298015141,1.1393229166666667e-05,1.1393229166666667e-05,0.0,12.070565917005297,100,40,3,3,0.9,0.8,0.35,0.25,360.0,72,8.0,0.0,5.070422535211268,0.0,0.9999886069006374,0.9815884679422373
experiment_1_perception_ablation,default,corridor,scan_only,2,6,3.8,3.0,0.0,3.793045774692879,2.991246453945014,0.0047184247155121735,0.9999875218570949,0.011179705638296721,0.004718424715512093,True,1.2478298611111108e-05,0.00023663379886819844,1.2478298611111108e-05,1.2478298611111108e-05,0.0,12.117696957997396,100,40,3,3,0.9,0.8,0.35,0.25,360.0,72,8.0,0.0,5.070422535211268,0.0,0.9999875218570949,0.9830050332703456
experiment_1_perception_ablation,default,corridor,scan_only,2,7,3.8,3.0,0.0,4.402320296586635,2.881796519366854,-3.134247605563958,0.9987369488781277,0.6138092558067225,3.134247605563958,False,0.0012646484374999962,0.00929443718688266,0.0012646484374999962,0.0012646484374999962,0.0,11.98364079100429,100,40,3,3,0.9,0.8,0.35,0.25,360.0,72,8.0,0.0,5.070422535211268,0.0,0.9987369488781277,0.9832845284694112
experiment_1_perception_ablation,default,corridor,scan_only,2,8,3.8,3.0,0.0,3.7837852732983075,3.0317337293585807,-0.005911353774549851,0.9999674489762703,0.03563631491911331,0.005911353774549877,True,3.255208333333331e-05,0.0023601211260567355,3.255208333333331e-05,3.255208333333331e-05,0.0,11.979069665991119,100,40,3,3,0.9,0.8,0.35,0.25,360.0,72,8.0,0.0,5.070422535211268,0.0,0.9999674489762703,0.9818771163057239
experiment_1_perception_ablation,default,corridor,scan_only,2,9,3.8,3.0,0.0,4.462397387386832,2.841029665654688,3.125691100143011,0.9995840489553229,0.6812061846597999,3.125691100143011,False,0.00041612413194444216,0.010847413176041437,0.00041612413194444216,0.00041612413194444216,0.0,12.022439458000008,100,40,3,3,0.9,0.8,0.35,0.25,360.0,72,8.0,0.0,5.070422535211268,0.0,0.9995840489553229,0.9819366224150518
experiment_1_perception_ablation,default,corridor,scan_only,3,0,5.2,3.0,3.141592653589793,5.21850894291417,3.0190051342760915,-3.1414672481733628,0.9999750440255941,0.026528778649840965,0.00012540541642991343,True,2.495659722222219e-05,0.0024383055004004624,2.495659722222219e-05,2.495659722222219e-05,0.0,11.727807374991244,100,40,3,3,0.9,0.8,0.35,0.25,360.0,72,8.0,0.0,5.070422535211268,0.0,0.9999750440255941,0.9838466795601536
experiment_1_perception_ablation,default,corridor,scan_only,3,1,5.2,3.0,3.141592653589793,5.248386265626929,3.0484391575387066,-3.1343809317394022,0.9993537165635071,0.06846592352681287,0.007211721850390873,True,0.0006467013888888871,0.0028998400002472648,0.0006467013888888871,0.0006467013888888871,0.0,11.640842958004214,100,40,3,3,0.9,0.8,0.35,0.25,360.0,72,8.0,0.0,5.070422535211268,0.0,0.9993537165635071,0.9839708419967111
experiment_1_perception_ablation,default,corridor,scan_only,3,2,5.2,3.0,3.141592653589793,5.248162326561126,2.9950994708806853,3.124514940229542,0.9992496953242574,0.04841099963262287,0.017077713360251323,True,0.0007508680555555512,0.0025201735550300385,0.0007508680555555512,0.0007508680555555512,0.0,11.631854125007521,100,40,3,3,0.9,0.8,0.35,0.25,360.0,72,8.0,0.0,5.070422535211268,0.0,0.9992496953242574,0.9837063491099945
experiment_1_perception_ablation,default,corridor,scan_only,3,3,5.2,3.0,3.141592653589793,2.973561434085134,2.876745008900306,-0.005816327069884622,0.9991359468862105,2.229847636190426,3.135776326519908,False,0.0008648003472222216,0.006939712499405388,0.0008648003472222216,0.0008648003472222216,0.0,11.632329665997531,100,40,3,3,0.9,0.8,0.35,0.25,360.0,72,8.0,0.0,5.070422535211268,0.0,0.9991359468862105,0.9817088948661618
experiment_1_perception_ablation,default,corridor,scan_only,3,4,5.2,3.0,3.141592653589793,2.9909101541843466,2.9047275530931294,-0.011209997882999364,0.9987488546520229,2.211143321005097,3.1303826557067937,False,0.0012527126736111107,0.008505384558776351,0.0012527126736111107,0.0012527126736111107,0.0,11.597452459012857,100,40,3,3,0.9,0.8,0.35,0.25,360.0,72,8.0,0.0,5.070422535211268,0.0,0.9987488546520229,0.9835922379712048
experiment_1_perception_ablation,default,corridor,scan_only,3,5,5.2,3.0,3.141592653589793,3.0081421252067764,2.9094852617669793,-0.014870651775688304,0.9991294477576503,2.193726022348839,3.1267220018141053,False,0.0008713107638888876,0.008100685283478617,0.0008713107638888876,0.0008713107638888876,0.0,11.65392654101015,100,40,3,3,0.9,0.8,0.35,0.25,360.0,72,8.0,0.0,5.070422535211268,0.0,0.9991294477576503,0.9827628037131093
experiment_1_perception_ablation,default,corridor,scan_only,3,6,5.2,3.0,3.141592653589793,5.265710771676761,2.998752912845503,3.139900200586578,0.9998654694897823,0.06572260448830608,0.0016924530032151885,True,0.00013454861111111108,0.00393541573191682,0.00013454861111111108,0.00013454861111111108,0.0,11.615319124990492,100,40,3,3,0.9,0.8,0.35,0.25,360.0,72,8.0,0.0,5.070422535211268,0.0,0.9998654694897823,0.9816712569516433
experiment_1_perception_ablation,default,corridor,scan_only,3,7,5.2,3.0,3.141592653589793,3.027959423714806,2.897182836040735,0.00121761176601668,0.9992323605563435,2.1744727255668086,3.1403750418237766,False,0.0007682291666666653,0.008108308565670219,0.0007682291666666653,0.0007682291666666653,0.0,11.608676208998077,100,40,3,3,0.9,0.8,0.35,0.25,360.0,72,8.0,0.0,5.070422535211268,0.0,0.9992323605563435,0.9823300911076916
experiment_1_perception_ablation,default,corridor,scan_only,3,8,5.2,3.0,3.141592653589793,3.05557299066918,2.9004533374962413,0.0322092975932119,0.9988240840590235,2.1467362987482095,3.1093833559965813,False,0.0011773003472222144,0.008365567398826651,0.0011773003472222144,0.0011773003472222144,0.0,11.718542458998854,100,40,3,3,0.9,0.8,0.35,0.25,360.0,72,8.0,0.0,5.070422535211268,0.0,0.9988240840590235,0.9834836141960696
experiment_1_perception_ablation,default,corridor,scan_only,3,9,5.2,3.0,3.141592653589793,3.0758251119447984,2.946113363592915,-0.001853077861202923,0.998769961039735,2.1248582834221197,3.1397395757285906,False,0.0012315538194444364,0.009324581929683993,0.0012315538194444364,0.0012315538194444364,0.0,11.831437416010885,100,40,3,3,0.9,0.8,0.35,0.25,360.0,72,8.0,0.0,5.070422535211268,0.0,0.998769961039735,0.9821646950209029
experiment_1_perception_ablation,default,corridor,scan_only,4,0,6.6,3.0,3.141592653589793,1.5810406148394993,2.934419263668887,0.014874102385445493,0.9988381570048729,5.019387825509043,3.126718551204348,False,0.0011631944444444404,0.011240713659873386,0.0011631944444444404,0.0011631944444444404,0.0,11.06674216700776,100,40,3,3,0.9,0.8,0.35,0.25,360.0,72,8.0,0.0,5.070422535211268,0.0,0.998610332301241,0.9791815771951466
experiment_1_perception_ablation,default,corridor,scan_only,4,1,6.6,3.0,3.141592653589793,6.644367256507602,3.004711165803424,-3.137163678063389,0.9999148293032766,0.044616684471604454,0.0044289755264035335,True,8.517795138888891e-05,0.0014214610024270678,8.517795138888891e-05,8.517795138888891e-05,0.0,10.926313750009285,100,40,3,3,0.9,0.8,0.35,0.25,360.0,72,8.0,0.0,5.070422535211268,0.0,0.9999148293032766,0.9803866035185613
experiment_1_perception_ablation,default,corridor,scan_only,4,2,6.6,3.0,3.141592653589793,6.633702536274543,3.030880496300836,3.141352939399331,0.9999321877585343,0.045710677123871966,0.0002397141904619815,True,6.781684027777781e-05,0.001547064795870818,6.781684027777781e-05,6.781684027777781e-05,0.0,10.973221416992601,100,40,3,3,0.9,0.8,0.35,0.25,360.0,72,8.0,0.0,5.070422535211268,0.0,0.9999321877585343,0.9793557286129797
experiment_1_perception_ablation,default,corridor,scan_only,4,3,6.6,3.0,3.141592653589793,6.650526352752015,3.010460311936421,3.141145857793231,0.9998849958663609,0.05159777561318268,0.0004467957965621494,True,0.00011501736111111116,0.0026423579045523463,0.00011501736111111116,0.00011501736111111116,0.0,10.770259125012672,100,40,3,3,0.9,0.8,0.35,0.25,360.0,72,8.0,0.0,5.070422535211268,0.0,0.9998849958663609,0.9770061282348572
experiment_1_perception_ablation,default,corridor,scan_only,4,4,6.6,3.0,3.141592653589793,6.610944157121611,2.9854559359997266,3.1382363148580503,0.9999869793362066,0.018201768396135593,0.0033563387317427917,True,1.3020833333333327e-05,0.00024490473531578347,1.3020833333333327e-05,1.3020833333333327e-05,0.0,10.904176333002397,100,40,3,3,0.9,0.8,0.35,0.25,360.0,72,8.0,0.0,5.070422535211268,0.0,0.9999869793362066,0.9798613171031395
experiment_1_perception_ablation,default,corridor,scan_only,4,5,6.6,3.0,3.141592653589793,6.625035922775793,3.0095557739432413,-3.1366599704766527,0.9999560566186055,0.02679757908636194,0.004932683113140435,True,4.394531250000001e-05,0.00022268022934035514,4.394531250000001e-05,4.394531250000001e-05,0.0,10.82004608400166,100,40,3,3,0.9,0.8,0.35,0.25,360.0,72,8.0,0.0,5.070422535211268,0.0,0.9999560566186055,0.9793258641055615
experiment_1_perception_ablation,default,corridor,scan_only,4,6,6.6,3.0,3.141592653589793,6.571057667412705,2.9862866443307685,3.1300336149771044,0.9995601978513142,0.03202678159454063,0.011559038612688699,True,0.00043999565972222297,0.002793072326365649,0.00043999565972222297,0.00043999565972222297,0.0,10.682348292000825,100,40,3,3,0.9,0.8,0.35,0.25,360.0,72,8.0,0.0,5.070422535211268,0.0,0.9995601978513142,0.9762882976774244
experiment_1_perception_ablation,default,corridor,scan_only,4,7,6.6,3.0,3.141592653589793,1.5701515650607927,2.9270259868905635,0.01693820921320504,0.9988863327832739,5.0303777676283605,3.124654444376588,False,0.0011149088541666627,0.01013979879004375,0.0011149088541666627,0.0011149088541666627,0.0,10.98455708300753,100,40,3,3,0.9,0.8,0.35,0.25,360.0,72,8.0,0.0,5.070422535211268,0.0,0.9988863327832739,0.977003284703325
experiment_1_perception_ablation,default,corridor,scan_only,4,8,6.6,3.0,3.141592653589793,1.5663037841787788,2.907228703197899,-0.006201051970485107,0.9992719063746414,5.034551033278263,3.1353916016193075,False,0.0007286241319444434,0.009299969947726467,0.0007286241319444434,0.0007286241319444434,0.0,11.152943249995587,100,40,3,3,0.9,0.8,0.35,0.25,360.0,72,8.0,0.0,5.070422535211268,0.0,0.9992719063746414,0.9771555956693584
experiment_1_perception_ablation,default,corridor,scan_only,4,9,6.6,3.0,3.141592653589793,6.652898299133108,3.020664796016068,3.1181941679714558,0.9991971511605531,0.056791406441129136,0.02339848561833735,True,0.0008034939236111066,0.003335834387381853,0.0008034939236111066,0.0008034939236111066,0.0,11.030452125007287,100,40,3,3,0.9,0.8,0.35,0.25,360.0,72,8.0,0.0,5.070422535211268,0.0,0.9991971511605531,0.9773596823179096
experiment_1_perception_ablation,default,corridor,perception_aware,0,0,1.0,3.0,0.0,6.913995094624263,2.8017322280861037,3.1091132807294404,0.9965407197408612,5.917317643038909,3.1091132807294404,False,0.0043646918402777775,0.0013866804348155331,0.003471288418639104,0.003055284288194444,0.00041600413044465994,10.649635915993713,100,40,3,3,0.9,0.8,0.35,0.25,360.0,72,8.0,0.0,5.070422535211268,0.3,0.9965407197408612,0.9771073403808286
experiment_1_perception_ablation,default,corridor,perception_aware,0,1,1.0,3.0,0.0,0.9705419641715651,2.997147182887302,0.022241210182889642,0.999242203983821,0.029595851742226544,0.022241210182889493,True,0.0006830512152777771,0.0009341161859486753,0.0007583707064790466,0.00047813585069444395,0.0002802348557846026,10.683887000006507,100,40,3,3,0.9,0.8,0.35,0.25,360.0,72,8.0,0.0,5.070422535211268,0.3,0.999242203983821,0.9793405792222843
experiment_1_perception_ablation,default,corridor,perception_aware,0,2,1.0,3.0,0.0,0.9682050185372668,2.9604908302938293,0.02493308491462587,0.9993942266275577,0.050713857446328635,0.02493308491462587,True,0.0006130642361111083,0.0005899853032446239,0.0006061405562511629,0.00042914496527777574,0.00017699559097338717,10.779436625001836,100,40,3,3,0.9,0.8,0.35,0.25,360.0,72,8.0,0.0,5.070422535211268,0.3,0.9993942266275577,0.9767486767216191
experiment_1_perception_ablation,default,corridor,perception_aware,0,3,1.0,3.0,0.0,0.9909656171935614,3.0513532725968724,-0.005771729327946235,0.9992652797502186,0.05214190904734846,0.005771729327946229,True,0.00042860243055555615,0.0014507958638060928,0.000735260460530717,0.0003000217013888893,0.0004352387591418278,10.679772750008851,100,40,3,3,0.9,0.8,0.35,0.25,360.0,72,8.0,0.0,5.070422535211268,0.3,0.9992652797502186,0.9793605789473381
experiment_1_perception_ablation,default,corridor,perception_aware,0,4,1.0,3.0,0.0,6.8959589223779325,2.800986708239292,3.094856988713877,0.9964777866269066,5.899316732017818,3.094856988713877,False,0.004412977430555554,0.0014852633657870737,0.00353466321112501,0.0030890842013888875,0.0004455790097361221,10.579012500005774,100,40,3,3,0.9,0.8,0.35,0.25,360.0,72,8.0,0.0,5.070422535211268,0.3,0.9964777866269066,0.9781737253253376
experiment_1_perception_ablation,default,corridor,perception_aware,0,5,1.0,3.0,0.0,6.901321837018037,2.869963788359026,3.1273759779965586,0.996378598517243,5.902754343558936,3.127375977996559,False,0.00484700520833333,0.0008055335042855086,0.0036345636971189836,0.003392903645833331,0.00024166005128565258,10.623129166997387,100,40,3,3,0.9,0.8,0.35,0.25,360.0,72,8.0,0.0,5.070422535211268,0.3,0.996378598517243,0.9757152302588169
experiment_1_perception_ablation,default,corridor,perception_aware,0,6,1.0,3.0,0.0,6.8887364675937,2.834700999282342,3.1181815145078824,0.9966168185704994,5.891056012669222,3.1181815145078824,False,0.004236111111111111,0.0014312947445798755,0.00339466620115174,0.002965277777777777,0.0004293884233739626,10.62864295799227,100,40,3,3,0.9,0.8,0.35,0.25,360.0,72,8.0,0.0,5.070422535211268,0.3,0.9966168185704994,0.9762284985855662
experiment_1_perception_ablation,default,corridor,perception_aware,0,7,1.0,3.0,0.0,1.013266448439789,2.948600988885247,0.022745125632665463,0.9991294490739991,0.05308349082134759,0.02274512563266562,True,0.000693901909722219,0.0012852603614660896,0.0008713094452453801,0.00048573133680555327,0.00038557810843982686,10.673002875002567,100,40,3,3,0.9,0.8,0.35,0.25,360.0,72,8.0,0.0,5.070422535211268,0.3,0.9991294490739991,0.9782119261428467
experiment_1_perception_ablation,default,corridor,perception_aware,0,8,1.0,3.0,0.0,6.976799877427623,2.8544191247032003,3.1345496018758103,0.9963604672987987,5.978572619452827,3.1345496018758103,False,0.003996310763888886,0.0028513658361222958,0.003652827285558908,0.0027974175347222196,0.0008554097508366887,10.565096082995296,100,40,3,3,0.9,0.8,0.35,0.25,360.0,72,8.0,0.0,5.070422535211268,0.3,0.9963604672987987,0.9766554582129655
experiment_1_perception_ablation,default,corridor,perception_aware,0,9,1.0,3.0,0.0,0.9722166662615586,2.9718168222168497,0.03244305658711774,0.9994100074105032,0.03957530977236026,0.03244305658711788,True,0.000597330729166664,0.0005740312527609016,0.0005903408862449353,0.00041813151041666474,0.00017220937582827049,10.75331699999515,100,40,3,3,0.9,0.8,0.35,0.25,360.0,72,8.0,0.0,5.070422535211268,0.3,0.9994100074105032,0.9730446339370324
experiment_1_perception_ablation,default,corridor,perception_aware,1,0,2.4,3.0,0.0,5.718636520552916,2.948056428994079,-3.1256109597168464,0.9960653251918966,3.3190430081751603,3.1256109597168464,False,0.002103407118055555,0.008259442157530944,0.003950217629898172,0.0014723849826388886,0.002477832647259283,11.631373625001288,100,40,3,3,0.9,0.8,0.35,0.25,360.0,72,8.0,0.0,5.070422535211268,0.3,0.9960653251918966,0.9823702480542482
experiment_1_perception_ablation,default,corridor,perception_aware,1,1,2.4,3.0,0.0,2.4175028787266406,2.9546462048654165,0.011429945238387878,0.999590076493348,0.048613964010655,0.011429945238387695,True,3.7434895833333344e-05,0.001279623952535203,0.0004100916128438942,2.620442708333334e-05,0.00038388718576056087,11.656926124996971,100,40,3,3,0.9,0.8,0.35,0.25,360.0,72,8.0,0.0,5.070422535211268,0.3,0.999590076493348,0.9816450031630899
experiment_1_perception_ablation,default,corridor,perception_aware,1,2,2.4,3.0,0.0,5.758240221660323,2.9262549442512946,-3.1330265888563384,0.9962661606755864,3.359049823927081,3.1330265888563384,False,0.0013406032986111106,0.00936470274037395,0.0037478331311399625,0.0009384223090277773,0.0028094108221121852,11.699718750009197,100,40,3,3,0.9,0.8,0.35,0.25,360.0,72,8.0,0.0,5.070422535211268,0.3,0.9962661606755864,0.9794334523708327
experiment_1_perception_ablation,default,corridor,perception_aware,1,3,2.4,3.0,0.0,2.3875316420498294,3.008847398398359,-0.002895839571073965,0.9996285491118898,0.015288440351875878,0.002895839571074088,True,1.464843749999997e-05,0.0012044500296428569,0.000371588915142857,1.0253906249999979e-05,0.00036133500889285705,11.68733745899226,100,40,3,3,0.9,0.8,0.35,0.25,360.0,72,8.0,0.0,5.070422535211268,0.3,0.9996285491118898,0.9830153867906489
experiment_1_perception_ablation,default,corridor,perception_aware,1,4,2.4,3.0,0.0,2.411665762113084,2.982814770377928,0.016751878461271543,0.9993028958135403,0.02077070347490446,0.016751878461271463,True,0.00041666666666666393,0.0013530793767898414,0.0006975904797036172,0.00029166666666666474,0.0004059238130369524,11.60233983299986,100,40,3,3,0.9,0.8,0.35,0.25,360.0,72,8.0,0.0,5.070422535211268,0.3,0.9993028958135403,0.982260347953898
experiment_1_perception_ablation,default,corridor,perception_aware,1,5,2.4,3.0,0.0,2.3709328940602212,2.9813225210886425,0.008239241708787676,0.9995827819883291,0.034550613108865695,0.008239241708787759,True,3.092447916666665e-05,0.001319150065931395,0.00041739215519608514,2.1647135416666654e-05,0.00039574501977941847,11.615792082986445,100,40,3,3,0.9,0.8,0.35,0.25,360.0,72,8.0,0.0,5.070422535211268,0.3,0.9995827819883291,0.9804887015786247
experiment_1_perception_ablation,default,corridor,perception_aware,1,6,2.4,3.0,0.0,5.7666555604396,2.9618853303701034,-3.1139689189027147,0.9962082086404932,3.3668713059277855,3.1139689189027147,False,0.0016948784722222207,0.008732696117797195,0.003806223765894713,0.0011864149305555545,0.0026198088353391585,11.778634166999836,100,40,3,3,0.9,0.8,0.35,0.25,360.0,72,8.0,0.0,5.070422535211268,0.3,0.9962082086404932,0.9825290885928959
experiment_1_perception_ablation,default,corridor,perception_aware,1,7,2.4,3.0,0.0,2.4082847108551806,2.982564248718058,0.0029150093125017294,0.9995956686881323,0.01930393371102599,0.0029150093125016596,True,1.1935763888888876e-05,0.0013204660902788833,0.00040449486180588716,8.355034722222212e-06,0.00039613982708366495,11.714478583002347,100,40,3,3,0.9,0.8,0.35,0.25,360.0,72,8.0,0.0,5.070422535211268,0.3,0.9995956686881323,0.9805448048180979
experiment_1_perception_ablation,default,corridor,perception_aware,1,8,2.4,3.0,0.0,2.3726125704218806,2.980170433583625,-0.008673885146279009,0.9990677360785489,0.03381246816128432,0.00867388514627887,True,0.0005620659722222186,0.0017989588930548035,0.0009331338484719941,0.00039344618055555297,0.0005396876679164411,11.674171874998137,100,40,3,3,0.9,0.8,0.35,0.25,360.0,72,8.0,0.0,5.070422535211268,0.3,0.9990677360785489,0.9813758285768472
experiment_1_perception_ablation,default,corridor,perception_aware,1,9,2.4,3.0,0.0,2.39059547463343,2.9929845222984466,-0.00023948544987801063,0.9996141509807603,0.011732946124117656,0.000239485449878174,True,1.4105902777777753e-05,0.0012537460807600087,0.000385997956172447,9.874131944444427e-06,0.0003761238242280026,11.710276708996389,100,40,3,3,0.9,0.8,0.35,0.25,360.0,72,8.0,0.0,5.070422535211268,0.3,0.9996141509807603,0.9805457465316847
experiment_1_perception_ablation,default,corridor,perception_aware,2,0,3.8,3.0,0.0,3.826709957367513,2.9822353627139613,-0.0007986224571402522,0.9990581313706027,0.032078094713977115,0.0007986224571401301,True,0.0008810763888888878,0.0010866770334165693,0.0009427565822471922,0.0006167534722222214,0.0003260031100249708,11.95056850000401,100,40,3,3,0.9,0.8,0.35,0.25,360.0,72,8.0,0.0,5.070422535211268,0.3,0.9990581313706027,0.9849572292339185
experiment_1_perception_ablation,default,corridor,perception_aware,2,1,3.8,3.0,0.0,4.351086615138836,2.8916024020991657,-3.14065770027325,0.9973427532491774,0.5616462379610951,3.14065770027325,False,0.0011452907986111093,0.006208743215977755,0.0026643265238211027,0.0008017035590277765,0.0018626229647933264,12.038809292003862,100,40,3,3,0.9,0.8,0.35,0.25,360.0,72,8.0,0.0,5.070422535211268,0.3,0.9973427532491774,0.9837312146452536
experiment_1_perception_ablation,default,corridor,perception_aware,2,2,3.8,3.0,0.0,3.8544089702990254,3.010088228799191,-0.002763637239731498,0.9992036776514468,0.055336320886964205,0.002763637239731498,True,0.0005192057291666673,0.0014450432426434516,0.0007969569832097026,0.0003634440104166671,0.00043351297279303546,12.020175666999421,100,40,3,3,0.9,0.8,0.35,0.25,360.0,72,8.0,0.0,5.070422535211268,0.3,0.9992036776514468,0.9831186355805017
experiment_1_perception_ablation,default,corridor,perception_aware,2,3,3.8,3.0,0.0,3.838019076721599,3.010180441131157,-0.008587555845951642,0.9995345112026682,0.03935850068775222,0.008587555845951833,True,0.0004920789930555561,0.00040416760974089594,0.00046570557806115804,0.00034445529513888926,0.00012125028292226878,11.978863958996953,100,40,3,3,0.9,0.8,0.35,0.25,360.0,72,8.0,0.0,5.070422535211268,0.3,0.9995345112026682,0.9830925833178243
experiment_1_perception_ablation,default,corridor,perception_aware,2,4,3.8,3.0,0.0,3.84516946153457,2.969388686494211,0.014761482999224057,0.9990464121081664,0.0545649408491634,0.014761482999224196,True,0.0006152343749999985,0.001746113423849063,0.0009544980896547177,0.0004306640624999989,0.0005238340271547188,11.991522500000428,100,40,3,3,0.9,0.8,0.35,0.25,360.0,72,8.0,0.0,5.070422535211268,0.3,0.9990464121081664,0.983675593182041
experiment_1_perception_ablation,default,corridor,perception_aware,2,5,3.8,3.0,0.0,3.796920952272515,3.00278511422765,-0.009015736735766534,0.999955279861974,0.004151794331272452,0.009015736735766389,True,9.765624999999978e-06,0.0001262873350210148,4.4722138006304426e-05,6.835937499999984e-06,3.788620050630444e-05,12.03700820900849,100,40,3,3,0.9,0.8,0.35,0.25,360.0,72,8.0,0.0,5.070422535211268,0.3,0.999955279861974,0.9835983898121249
experiment_1_perception_ablation,default,corridor,perception_aware,2,6,3.8,3.0,0.0,3.810219502114878,3.044615905582663,-0.013987716408598378,0.999192002412273,0.04577135845085981,0.013987716408598416,True,0.0004313151041666672,0.0016891013428273194,0.0008086509757648628,0.000301920572916667,0.0005067304028481958,11.97544416700839,100,40,3,3,0.9,0.8,0.35,0.25,360.0,72,8.0,0.0,5.070422535211268,0.3,0.999192002412273,0.9832719900026393
experiment_1_perception_ablation,default,corridor,perception_aware,2,7,3.8,3.0,0.0,4.3076894247327076,2.8975197925019653,3.1414897906618666,0.99713159949326,0.5179292856310289,3.1414897906618666,False,0.0017154947916666653,0.005586018474436567,0.0028766518964976357,0.0012008463541666656,0.0016758055423309701,12.042632458993467,100,40,3,3,0.9,0.8,0.35,0.25,360.0,72,8.0,0.0,5.070422535211268,0.3,0.99713159949326,0.9835198248185774
experiment_1_perception_ablation,default,corridor,perception_aware,2,8,3.8,3.0,0.0,3.802904282446153,3.007071840227587,-0.010684102333053006,0.9996386205347781,0.0076449840242834724,0.010684102333053058,True,1.7361111111111094e-05,0.0011645244325779434,0.0003615101075511608,1.2152777777777765e-05,0.00034935732977338304,12.011076624999987,100,40,3,3,0.9,0.8,0.35,0.25,360.0,72,8.0,0.0,5.070422535211268,0.3,0.9996386205347781,0.9843210446107047
experiment_1_perception_ablation,default,corridor,perception_aware,2,9,3.8,3.0,0.0,3.8434779935709895,2.995089424207506,-0.0333431020585324,0.9995703433682058,0.0437544246856572,0.03334310205853219,True,0.0005327690972222228,0.00018967649303578438,0.00042984131596629125,0.00037293836805555593,5.690294791073531e-05,12.12772687501274,100,40,3,3,0.9,0.8,0.35,0.25,360.0,72,8.0,0.0,5.070422535211268,0.3,0.9995703433682058,0.983890221882308
experiment_1_perception_ablation,default,corridor,perception_aware,3,0,5.2,3.0,3.141592653589793,5.1888339615849945,2.9727472330331897,3.1324587654256093,0.9999061598976295,0.02945154870686175,0.009133888164183812,True,2.3328993055555547e-05,0.00025839538007609307,9.38489091617168e-05,1.633029513888888e-05,7.751861402282792e-05,11.834991250012536,100,40,3,3,0.9,0.8,0.35,0.25,360.0,72,8.0,0.0,5.070422535211268,0.3,0.9999061598976295,0.9861889985104731
experiment_1_perception_ablation,default,corridor,perception_aware,3,1,5.2,3.0,3.141592653589793,5.184864752289175,2.9803520964056274,3.13373135757176,0.9999106916248296,0.024801528963388463,0.007861296018033315,True,1.6818576388888875e-05,0.00025847782798808897,8.931635186864889e-05,1.1773003472222212e-05,7.754334839642668e-05,11.640484792005736,100,40,3,3,0.9,0.8,0.35,0.25,360.0,72,8.0,0.0,5.070422535211268,0.3,0.9999106916248296,0.9855357737539522
experiment_1_perception_ablation,default,corridor,perception_aware,3,2,5.2,3.0,3.141592653589793,5.1836231553925005,2.9792569279467345,3.131012356859089,0.9998826799617185,0.02642869799110725,0.010580296730704042,True,2.332899305555553e-05,0.00033667836249599153,0.00011733380388768633,1.6330295138888868e-05,0.00010100350874879745,11.679912915991736,100,40,3,3,0.9,0.8,0.35,0.25,360.0,72,8.0,0.0,5.070422535211268,0.3,0.9998826799617185,0.982673431487584
experiment_1_perception_ablation,default,corridor,perception_aware,3,3,5.2,3.0,3.141592653589793,5.225992680022099,3.0095435545909393,3.1286720157679913,0.9990495289408625,0.027689327347580037,0.012920637821801861,True,0.0004975043402777744,0.002010407585484456,0.000951375313839779,0.0003482530381944421,0.0006031222756453368,11.624771959002828,100,40,3,3,0.9,0.8,0.35,0.25,360.0,72,8.0,0.0,5.070422535211268,0.3,0.9990495289408625,0.983475113894492
experiment_1_perception_ablation,default,corridor,perception_aware,3,4,5.2,3.0,3.141592653589793,5.170247945998513,2.9983718529073706,3.1345407715359372,0.9990601347458028,0.029796569941230477,0.0070518820538558735,True,0.000971137152777775,0.0008698447498555068,0.0009407494319010944,0.0006797960069444424,0.00026095342495665203,11.586106083006598,100,40,3,3,0.9,0.8,0.35,0.25,360.0,72,8.0,0.0,5.070422535211268,0.3,0.9990601347458028,0.9838550200456324
experiment_1_perception_ablation,default,corridor,perception_aware,3,5,5.2,3.0,3.141592653589793,5.237555419959358,3.0131322833935945,3.127921723133412,0.9990602602478243,0.03978525399508513,0.013670930456381125,True,0.0005197482638888857,0.0019226663631010128,0.0009406236936525237,0.00036382378472222,0.0005767999089303038,11.625937207994866,100,40,3,3,0.9,0.8,0.35,0.25,360.0,72,8.0,0.0,5.070422535211268,0.3,0.9990602602478243,0.9825449125029612
experiment_1_perception_ablation,default,corridor,perception_aware,3,6,5.2,3.0,3.141592653589793,5.227064549385762,3.010109148494181,3.1289081914480543,0.9990520123974433,0.028890910624827112,0.012684462141738795,True,0.0004980468749999968,0.0020008477443254854,0.0009488871357976434,0.0003486328124999977,0.0006002543232976456,11.584378542000195,100,40,3,3,0.9,0.8,0.35,0.25,360.0,72,8.0,0.0,5.070422535211268,0.3,0.9990520123974433,0.9825313563831888
experiment_1_perception_ablation,default,corridor,perception_aware,3,7,5.2,3.0,3.141592653589793,5.175887562343684,2.9802148160363338,3.119077192584251,0.9991256798132029,0.031190754306458377,0.022515461005542026,True,0.0006890190972222177,0.0013092397449238947,0.0008750852915327208,0.00048231336805555235,0.0003927719234771684,11.593556625011843,100,40,3,3,0.9,0.8,0.35,0.25,360.0,72,8.0,0.0,5.070422535211268,0.3,0.9991256798132029,0.9833305148785795
experiment_1_perception_ablation,default,corridor,perception_aware,3,8,5.2,3.0,3.141592653589793,2.9265653020935263,2.886503249481721,-0.01161133987493372,0.9970819779346412,2.2762659857809475,3.1299813137148593,False,0.0015060763888888893,0.006241027883845809,0.002926561837375965,0.0010542534722222225,0.0018723083651537426,11.687655874993652,100,40,3,3,0.9,0.8,0.35,0.25,360.0,72,8.0,0.0,5.070422535211268,0.3,0.9970819779346412,0.984078751916728
experiment_1_perception_ablation,default,corridor,perception_aware,3,9,5.2,3.0,3.141592653589793,3.038832122994685,2.9036983923908535,-0.0020574344568896315,0.9973886824271494,2.163312412072692,3.1395352191329033,False,0.0003455946180555537,0.007920793909397346,0.0026181544054580917,0.00024191623263888757,0.002376238172819204,11.633464707992971,100,40,3,3,0.9,0.8,0.35,0.25,360.0,72,8.0,0.0,5.070422535211268,0.3,0.9973886824271494,0.9838279934420833
experiment_1_perception_ablation,default,corridor,perception_aware,4,0,6.6,3.0,3.141592653589793,6.594631385564446,2.924690426105061,3.1051385464920713,0.9995007802583191,0.07550068834914626,0.03645410709772179,True,0.0006168619791666665,0.00022555233697485466,0.0004994690865091229,0.0004318033854166665,6.76657010924564e-05,10.672670208994532,100,40,3,3,0.9,0.8,0.35,0.25,360.0,72,8.0,0.0,5.070422535211268,0.3,0.9995007802583191,0.9811610225683703
experiment_1_perception_ablation,default,corridor,perception_aware,4,1,6.6,3.0,3.141592653589793,6.609427099541673,3.0071885521031474,3.138730113770553,0.9995932943819867,0.011855188193709955,0.0028625398192398954,True,0.00040581597222222283,0.00040933304739259696,0.00040687109477333507,0.00028407118055555596,0.00012279991421777908,10.759040124990861,100,40,3,3,0.9,0.8,0.35,0.25,360.0,72,8.0,0.0,5.070422535211268,0.3,0.9995932943819867,0.9816056304606441
experiment_1_perception_ablation,default,corridor,perception_aware,4,2,6.6,3.0,3.141592653589793,6.622310622660214,2.998874021393252,-3.137770627457796,0.9999166246361901,0.022339017688996838,0.003822026131997447,True,2.983940972222223e-05,0.000208315763450558,8.338231584072297e-05,2.088758680555556e-05,6.24947290351674e-05,10.89290395900025,100,40,3,3,0.9,0.8,0.35,0.25,360.0,72,8.0,0.0,5.070422535211268,0.3,0.9999166246361901,0.975235837291452
experiment_1_perception_ablation,default,corridor,perception_aware,4,3,6.6,3.0,3.141592653589793,1.4943959236166742,2.877862727808128,0.016313981401083488,0.9966154287613617,5.107064763446857,3.12527867218871,False,0.0015370008680555527,0.00773388285497964,0.0033960654641327784,0.0010759006076388868,0.002320164856493892,10.923507915998925,100,40,3,3,0.9,0.8,0.35,0.25,360.0,72,8.0,0.0,5.070422535211268,0.3,0.9966154287613617,0.9791228243784807
experiment_1_perception_ablation,default,corridor,perception_aware,4,4,6.6,3.0,3.141592653589793,6.599592213085076,2.9726922129168973,3.1343878334466684,0.9999548792087588,0.027310831652369204,0.007204820143124735,True,1.4105902777777779e-05,0.00011749565091491905,4.512282721892016e-05,9.874131944444444e-06,3.5248695274475714e-05,10.687565458996687,100,40,3,3,0.9,0.8,0.35,0.25,360.0,72,8.0,0.0,5.070422535211268,0.3,0.9999548792087588,0.9805357880647996
experiment_1_perception_ablation,default,corridor,perception_aware,4,5,6.6,3.0,3.141592653589793,1.5442057751858,2.8643287815533234,0.006556648554587035,0.9968269006256361,5.057614252113285,3.135036005035206,False,0.0006879340277777768,0.009005487215993455,0.0031831999842424803,0.00048155381944444374,0.0027016461647980366,10.893097166001098,100,40,3,3,0.9,0.8,0.35,0.25,360.0,72,8.0,0.0,5.070422535211268,0.3,0.9967476975397911,0.9778240231495673
experiment_1_perception_ablation,default,corridor,perception_aware,4,6,6.6,3.0,3.141592653589793,6.629354928955607,2.967862068462825,3.1286140584773743,0.9998642410130242,0.0435265263658484,0.012978595112418834,True,4.937065972222227e-05,0.0003373931939172394,0.0001357774199807274,3.455946180555559e-05,0.0001012179581751718,10.672751167003298,100,40,3,3,0.9,0.8,0.35,0.25,360.0,72,8.0,0.0,5.070422535211268,0.3,0.9998619600080989,0.9773954654114927
experiment_1_perception_ablation,default,corridor,perception_aware,4,7,6.6,3.0,3.141592653589793,1.4752293834031336,2.8370211154734206,0.030546743396210996,0.9962439267297867,5.127361503691363,3.111045910193582,False,0.0015511067708333316,0.00894819935945319,0.0037702345474192886,0.0010857747395833321,0.0026844598078359567,10.839234541999758,100,40,3,3,0.9,0.8,0.35,0.25,360.0,72,8.0,0.0,5.070422535211268,0.3,0.9962439267297867,0.9779986226754613
experiment_1_perception_ablation,default,corridor,perception_aware,4,8,6.6,3.0,3.141592653589793,6.557783517457813,3.1626341627323,-3.067532177271069,0.9966042384660605,0.16802411221569036,0.07406047631872426,True,0.00327582465277777,0.003714182546683911,0.003407332020949612,0.002293077256944439,0.0011142547640051732,10.677377083004103,100,40,3,3,0.9,0.8,0.35,0.25,360.0,72,8.0,0.0,5.070422535211268,0.3,0.9966042384660605,0.9732752398184787
experiment_1_perception_ablation,default,corridor,perception_aware,4,9,6.6,3.0,3.141592653589793,6.5916404223663605,3.0247135729351786,3.1218843877296347,0.9987941712843734,0.026089139990333778,0.01970826586015839,True,0.0011490885416666622,0.0013430750492351567,0.0012072844939372105,0.0008043619791666635,0.000402922514770547,10.914912416003062,100,40,3,3,0.9,0.8,0.35,0.25,360.0,72,8.0,0.0,5.070422535211268,0.3,0.9987148529942227,0.9779839067076455
