experiment,config_id,map_name,method,pose_id,seed,true_x,true_y,true_theta,estimated_x,estimated_y,estimated_theta,best_fitness,position_error,theta_error,success,scan_error,feature_error,combined_error,scan_contribution,perception_contribution,runtime_seconds,population_size,generations,elite_size,tournament_size,crossover_rate,mutation_rate,sigma_xy,sigma_theta,fov_deg,num_beams,max_range_m,noise_std_m,angular_resolution_deg,perception_weight,final_best_history,final_mean_history
experiment_3_beam_sensitivity,beams_18,simple_room,perception_aware,0,0,1.0,1.0,0.0,7.000887973349634,4.787766736980419,3.12044682451122,0.9986807115697341,7.096325339389928,3.1204468245112196,False,0.00019965277777777765,0.003937581023558155,0.0013210312515118908,0.00013975694444444436,0.0011812743070674465,3.6303118329960853,100,40,3,3,0.9,0.8,0.35,0.25,360.0,18,8.0,0.0,21.176470588235293,0.3,0.9986807115697341,0.9653034978753091
experiment_3_beam_sensitivity,beams_18,simple_room,perception_aware,0,1,1.0,1.0,0.0,6.980894679833097,4.808232977808165,-3.1375071872574187,0.9979459819561716,7.090397702845835,3.1375071872574187,False,0.0005143229166666642,0.005660732253348853,0.002058245717671321,0.00036002604166666496,0.0016982196760046558,3.653971541993087,100,40,3,3,0.9,0.8,0.35,0.25,360.0,18,8.0,0.0,21.176470588235293,0.3,0.9979459819561716,0.9672926346960361
experiment_3_beam_sensitivity,beams_18,simple_room,perception_aware,0,2,1.0,1.0,0.0,1.037369329961746,0.9564406431586622,0.0162736905707298,0.9995582684769115,0.057392372230295946,0.016273690570729915,True,8.463541666666624e-05,0.001275606481306484,0.00044192673605861156,5.924479166666636e-05,0.0003826819443919452,3.7733522089984035,100,40,3,3,0.9,0.8,0.35,0.25,360.0,18,8.0,0.0,21.176470588235293,0.3,0.9995582684769115,0.9687758993974864
experiment_3_beam_sensitivity,beams_18,simple_room,perception_aware,0,3,1.0,1.0,0.0,0.9863682006595569,1.0280332354812356,-0.0047066918656586765,0.9999560335061474,0.03117191435899489,0.004706691865658641,True,8.68055555555555e-06,0.00012630679367101513,4.396842699019342e-05,6.076388888888885e-06,3.789203810130454e-05,3.7382555000076536,100,40,3,3,0.9,0.8,0.35,0.25,360.0,18,8.0,0.0,21.176470588235293,0.3,0.9999560335061474,0.9638327109788477
experiment_3_beam_sensitivity,beams_18,simple_room,perception_aware,0,4,1.0,1.0,0.0,7.035058166439476,4.864312840963765,3.1354289040927603,0.9979853248251022,7.166229190107253,3.1354289040927608,False,0.0001888020833333331,0.006288602755101148,0.0020187422848636774,0.00013216145833333317,0.0018865808265303443,3.6526645830017515,100,40,3,3,0.9,0.8,0.35,0.25,360.0,18,8.0,0.0,21.176470588235293,0.3,0.9979853248251022,0.96514535378806
experiment_3_beam_sensitivity,beams_18,simple_room,perception_aware,0,5,1.0,1.0,0.0,7.034127383163114,4.741718583862756,3.0929029322057637,0.9978116830963203,7.100081072569724,3.0929029322057637,False,0.0004535590277777768,0.006252082724497445,0.002193116136793677,0.00031749131944444376,0.0018756248173492332,3.827164749993244,100,40,3,3,0.9,0.8,0.35,0.25,360.0,18,8.0,0.0,21.176470588235293,0.3,0.9978116830963203,0.9680722244613287
experiment_3_beam_sensitivity,beams_18,simple_room,perception_aware,0,6,1.0,1.0,0.0,0.9970301655171371,1.0053090589373748,0.00885290701108093,0.9996799189103958,0.006083257651630461,0.00885290701108099,True,8.46354166666661e-05,0.0008697959421501098,0.0003201835743116992,5.924479166666627e-05,0.00026093878264503293,3.7399003339960473,100,40,3,3,0.9,0.8,0.35,0.25,360.0,18,8.0,0.0,21.176470588235293,0.3,0.9996799189103958,0.9657550540365216
experiment_3_beam_sensitivity,beams_18,simple_room,perception_aware,0,7,1.0,1.0,0.0,1.0039049304381313,0.9561702636015572,0.00029253551310086764,0.9997870765682068,0.04400334390115852,0.0002925355131009333,True,9.114583333333292e-05,0.0004972223150101207,0.00021296877783636927,6.380208333333304e-05,0.00014916669450303622,3.8787336249952205,100,40,3,3,0.9,0.8,0.35,0.25,360.0,18,8.0,0.0,21.176470588235293,0.3,0.9997870765682068,0.9678216154615303
experiment_3_beam_sensitivity,beams_18,simple_room,perception_aware,0,8,1.0,1.0,0.0,0.9931195844087829,0.9847865216066846,-0.0006414884662337244,0.9998920899485682,0.016697007023168526,0.0006414884662335751,True,2.1701388888888812e-05,0.0003091024168179653,0.00010792169726761176,1.5190972222222168e-05,9.273072504538959e-05,3.8082287500001257,100,40,3,3,0.9,0.8,0.35,0.25,360.0,18,8.0,0.0,21.176470588235293,0.3,0.9998920899485682,0.9660793834190128
experiment_3_beam_sensitivity,beams_18,simple_room,perception_aware,0,9,1.0,1.0,0.0,7.032909706934302,4.801940028488416,3.110051816933363,0.9981255943863305,7.130971007671019,3.110051816933363,False,0.00028211805555555493,0.005601476563607234,0.0018779256079710586,0.00019748263888888845,0.00168044296908217,3.634124999996857,100,40,3,3,0.9,0.8,0.35,0.25,360.0,18,8.0,0.0,21.176470588235293,0.3,0.9981255943863305,0.960628033231528
experiment_3_beam_sensitivity,beams_36,simple_room,perception_aware,0,0,1.0,1.0,0.0,6.983114928331714,4.955634877393336,3.1308615350934974,0.9989811983527531,7.172496882458465,3.130861535093498,False,0.00019097222222222166,0.0029538670234612965,0.001019840662593944,0.00013368055555555515,0.0008861601070383889,6.521238499990432,100,40,3,3,0.9,0.8,0.35,0.25,360.0,36,8.0,0.0,10.285714285714286,0.3,0.9989811983527531,0.9683467668438981
experiment_3_beam_sensitivity,beams_36,simple_room,perception_aware,0,1,1.0,1.0,0.0,7.003209934651051,4.900404384499152,3.103699960311394,0.9989888610391794,7.159028138100401,3.1036999603113937,False,0.00021375868055555484,0.002875104404222374,0.0010121623976556008,0.00014963107638888838,0.0008625313212667123,6.766071750011179,100,40,3,3,0.9,0.8,0.35,0.25,360.0,36,8.0,0.0,10.285714285714286,0.3,0.9989888610391794,0.9668972420023673
experiment_3_beam_sensitivity,beams_36,simple_room,perception_aware,0,2,1.0,1.0,0.0,1.0278380635434814,0.9176127586011141,0.022759926769426144,0.999766848660506,0.08696329873670387,0.022759926769426286,True,7.812499999999992e-05,0.0005950607057266799,0.0002332057117180039,5.468749999999994e-05,0.00017851821171800396,6.944438207996427,100,40,3,3,0.9,0.8,0.35,0.25,360.0,36,8.0,0.0,10.285714285714286,0.3,0.999766848660506,0.9680560310331865
experiment_3_beam_sensitivity,beams_36,simple_room,perception_aware,0,3,1.0,1.0,0.0,6.974645066033266,4.944780013977877,-3.136986398893261,0.9990467700312737,7.159446418806062,3.136986398893261,False,0.00013780381944444408,0.0028589226982157026,0.0009541394830758216,9.646267361111086e-05,0.0008576768094647108,6.638625624997076,100,40,3,3,0.9,0.8,0.35,0.25,360.0,36,8.0,0.0,10.285714285714286,0.3,0.9990467700312737,0.9635312600759876
experiment_3_beam_sensitivity,beams_36,simple_room,perception_aware,0,4,1.0,1.0,0.0,7.030136676996476,4.882208424352278,3.0903349428175355,0.9989533798635384,7.171756451063429,3.0903349428175355,False,0.0002712673611111103,0.0028594318169235015,0.0010477166978548275,0.0001898871527777772,0.0008578295450770504,6.632800750012393,100,40,3,3,0.9,0.8,0.35,0.25,360.0,36,8.0,0.0,10.285714285714286,0.3,0.9989533798635384,0.9618605446447854
experiment_3_beam_sensitivity,beams_36,simple_room,perception_aware,0,5,1.0,1.0,0.0,1.063541471579233,0.9298793801050504,0.0372563275112192,0.9998363492647463,0.09462779689344182,0.03725632751121921,True,0.00010633680555555524,0.0002974725243719972,0.0001636775212004878,7.443576388888866e-05,8.924175731159917e-05,6.7478323340037605,100,40,3,3,0.9,0.8,0.35,0.25,360.0,36,8.0,0.0,10.285714285714286,0.3,0.9998363492647463,0.9642684414589786
experiment_3_beam_sensitivity,beams_36,simple_room,perception_aware,0,6,1.0,1.0,0.0,1.0349756979402012,0.9616437829801434,0.02663834375167067,0.9998673402271991,0.05190856220777578,0.026638343751670845,True,5.3168402777777544e-05,0.00031819830602244453,0.00013267737375117762,3.721788194444428e-05,9.545949180673335e-05,6.793026250001276,100,40,3,3,0.9,0.8,0.35,0.25,360.0,36,8.0,0.0,10.285714285714286,0.3,0.9998673402271991,0.9651566885107858
experiment_3_beam_sensitivity,beams_36,simple_room,perception_aware,0,7,1.0,1.0,0.0,6.9577578991825,4.9060422425242605,-3.1372296637898476,0.9989310900229276,7.12404696683391,3.1372296637898476,False,7.378472222222199e-05,0.003394681542219583,0.0010700537682214303,5.164930555555539e-05,0.001018404462665875,6.7167912920122035,100,40,3,3,0.9,0.8,0.35,0.25,360.0,36,8.0,0.0,10.285714285714286,0.3,0.9989310900229276,0.9615204448203072
experiment_3_beam_sensitivity,beams_36,simple_room,perception_aware,0,8,1.0,1.0,0.0,0.9939704955371083,0.9962440716415721,-0.004802826375188642,0.9999651263680288,0.00710365553089915,0.004802826375188474,True,1.1935763888888857e-05,8.839937820529636e-05,3.487484818381111e-05,8.355034722222199e-06,2.651981346158891e-05,6.8965594159963075,100,40,3,3,0.9,0.8,0.35,0.25,360.0,36,8.0,0.0,10.285714285714286,0.3,0.9999651263680288,0.9644530402068422
experiment_3_beam_sensitivity,beams_36,simple_room,perception_aware,0,9,1.0,1.0,0.0,6.980030226450374,4.962123699739914,3.1354258456550226,0.9989459629051919,7.173505818029342,3.135425845655023,False,0.00019422743055555504,0.0030639668662703922,0.001055149261270006,0.00013595920138888853,0.0009191900598811176,6.579213625009288,100,40,3,3,0.9,0.8,0.35,0.25,360.0,36,8.0,0.0,10.285714285714286,0.3,0.9989459629051919,0.9646281425437857
experiment_3_beam_sensitivity,beams_72,simple_room,perception_aware,0,0,1.0,1.0,0.0,7.038959438353554,4.846369820031795,3.108781988734046,0.9983373129218965,7.159859767518557,3.108781988734046,False,0.0003895399305555542,0.00464259419745008,0.0016654562106239116,0.00027267795138888795,0.0013927782592350238,12.52979983399564,100,40,3,3,0.9,0.8,0.35,0.25,360.0,72,8.0,0.0,5.070422535211268,0.3,0.9983373129218965,0.9634965956882594
experiment_3_beam_sensitivity,beams_72,simple_room,perception_aware,0,1,1.0,1.0,0.0,7.04362968644904,4.861351571323506,3.1164516431352656,0.9983174034585233,7.171854414605098,3.1164516431352656,False,0.00033528645833333235,0.0048357730781497564,0.0016854324442782595,0.00023470052083333264,0.0014507319234449269,12.796378584011109,100,40,3,3,0.9,0.8,0.35,0.25,360.0,72,8.0,0.0,5.070422535211268,0.3,0.9983174034585233,0.9655180628158436
experiment_3_beam_sensitivity,beams_72,simple_room,perception_aware,0,2,1.0,1.0,0.0,1.0015412846774794,0.9913162625514147,0.003773101988315851,0.9999644991559262,0.008819458857151926,0.003773101988315819,True,7.595486111111089e-06,0.00010061754716935341,3.550210442858378e-05,5.316840277777762e-06,3.0185264150806022e-05,13.156298165995395,100,40,3,3,0.9,0.8,0.35,0.25,360.0,72,8.0,0.0,5.070422535211268,0.3,0.9999644991559262,0.9680076137700846
experiment_3_beam_sensitivity,beams_72,simple_room,perception_aware,0,3,1.0,1.0,0.0,7.019760178611389,4.950302127008499,-3.114869183423002,0.9979538660959906,7.2001666301998375,3.114869183423002,False,0.00048122829861110903,0.005711564476579885,0.002050329152001742,0.0003368598090277763,0.0017134693429739654,12.798666749993572,100,40,3,3,0.9,0.8,0.35,0.25,360.0,72,8.0,0.0,5.070422535211268,0.3,0.9979538660959906,0.964365111778848
experiment_3_beam_sensitivity,beams_72,simple_room,perception_aware,0,4,1.0,1.0,0.0,7.071006130030239,4.8559602383810985,3.1266508717437493,0.9977144797005338,7.1920473295745735,3.126650871743749,False,0.0004166666666666659,0.00666363067279369,0.002290755868504773,0.0002916666666666661,0.001999089201838107,12.752255207989947,100,40,3,3,0.9,0.8,0.35,0.25,360.0,72,8.0,0.0,5.070422535211268,0.3,0.9977144797005338,0.9638683011495699
experiment_3_beam_sensitivity,beams_72,simple_room,perception_aware,0,5,1.0,1.0,0.0,1.006437167479236,1.028529680427587,-0.006894181058836473,0.9998912084281335,0.029246876593167572,0.006894181058836324,True,2.2243923611111048e-05,0.00031077554077577177,0.00010880340876050927,1.557074652777773e-05,9.323266223273153e-05,13.325268291999237,100,40,3,3,0.9,0.8,0.35,0.25,360.0,72,8.0,0.0,5.070422535211268,0.3,0.9998693502870235,0.9657682985448274
experiment_3_beam_sensitivity,beams_72,simple_room,perception_aware,0,6,1.0,1.0,0.0,1.0253520923369033,1.016419122822707,0.026252646574601926,0.9997769948645857,0.030204572172537227,0.0262526465746018,True,0.00020399305555555438,0.0002675324630287597,0.00022305487779751597,0.00014279513888888805,8.02597389086279e-05,13.067511750006815,100,40,3,3,0.9,0.8,0.35,0.25,360.0,72,8.0,0.0,5.070422535211268,0.3,0.9997769948645857,0.9680114256958368
experiment_3_beam_sensitivity,beams_72,simple_room,perception_aware,0,7,1.0,1.0,0.0,1.0509628879957387,0.9288603151398442,0.03378472705340152,0.9995709103911121,0.08751040346649351,0.0337847270534013,True,0.00012369791666666622,0.0011422842138360222,0.000429273805817473,8.658854166666635e-05,0.00034268526415080666,13.282695417001378,100,40,3,3,0.9,0.8,0.35,0.25,360.0,72,8.0,0.0,5.070422535211268,0.3,0.9995709103911121,0.9666675052644219
experiment_3_beam_sensitivity,beams_72,simple_room,perception_aware,0,8,1.0,1.0,0.0,1.0150069334707448,0.9958081378810113,0.0014762765891005942,0.9999585237964924,0.015581391472521711,0.0014762765891007668,True,8.680555555555525e-06,0.00011800511655216579,4.14779238545386e-05,6.076388888888867e-06,3.5401534965649736e-05,13.076677540986566,100,40,3,3,0.9,0.8,0.35,0.25,360.0,72,8.0,0.0,5.070422535211268,0.3,0.9998115328368878,0.9678312205205973
experiment_3_beam_sensitivity,beams_72,simple_room,perception_aware,0,9,1.0,1.0,0.0,7.070207033797857,4.818249568671471,3.10693728790256,0.9981902416043538,7.1712232709509784,3.10693728790256,False,0.0004687499999999989,0.004949715197367625,0.0018130395592102868,0.0003281249999999992,0.0014849145592102876,12.616756041999906,100,40,3,3,0.9,0.8,0.35,0.25,360.0,72,8.0,0.0,5.070422535211268,0.3,0.9981902416043538,0.9631112668093053
experiment_3_beam_sensitivity,beams_108,simple_room,perception_aware,0,0,1.0,1.0,0.0,7.039321623251001,4.727121448350045,3.084711605947136,0.9980699978080301,7.096819002892637,3.0847116059471364,False,0.0005530237268518508,0.005155392315393233,0.0019337343034142654,0.0003871166087962955,0.0015466176946179698,18.525306374998763,100,40,3,3,0.9,0.8,0.35,0.25,360.0,108,8.0,0.0,3.364485981308411,0.3,0.9980699978080301,0.9640323634640049
experiment_3_beam_sensitivity,beams_108,simple_room,perception_aware,0,1,1.0,1.0,0.0,7.05889092847912,4.790500652277547,3.0892398558041547,0.9979046760794814,7.146891245718175,3.0892398558041547,False,0.0005240885416666649,0.0057762051409097,0.0020997235214395755,0.0003668619791666654,0.00173286154227291,18.849270499995328,100,40,3,3,0.9,0.8,0.35,0.25,360.0,108,8.0,0.0,3.364485981308411,0.3,0.9979046760794814,0.9666963987585899
experiment_3_beam_sensitivity,beams_108,simple_room,perception_aware,0,2,1.0,1.0,0.0,1.005104902380939,0.990830456281028,-0.0019148846203447256,0.99993595721429,0.010494787293368897,0.0019148846203447256,True,1.772280092592586e-05,0.00017213642267614217,6.404688745099075e-05,1.24059606481481e-05,5.164092680284265e-05,19.584180624995497,100,40,3,3,0.9,0.8,0.35,0.25,360.0,108,8.0,0.0,3.364485981308411,0.3,0.99993595721429,0.9638701806879857
experiment_3_beam_sensitivity,beams_108,simple_room,perception_aware,0,3,1.0,1.0,0.0,7.0446177598182045,4.863936205432118,3.139823145185879,0.9978240490161784,7.174078816263368,3.139823145185879,False,0.00036964699074073956,0.006406477260218348,0.002180696071584022,0.0002587528935185177,0.0019219431780655041,18.690069916992798,100,40,3,3,0.9,0.8,0.35,0.25,360.0,108,8.0,0.0,3.364485981308411,0.3,0.9978240490161784,0.9658857489115188
experiment_3_beam_sensitivity,beams_108,simple_room,perception_aware,0,4,1.0,1.0,0.0,1.0026278809316214,0.995322155817716,-0.0075203099836597615,0.9999015598089291,0.005365443540333595,0.007520309983659601,True,4.629629629629602e-05,0.00022014158362900285,9.844988249610807e-05,3.240740740740721e-05,6.604247508870086e-05,19.648146167004597,100,40,3,3,0.9,0.8,0.35,0.25,360.0,108,8.0,0.0,3.364485981308411,0.3,0.9999015598089291,0.9628781179994994
experiment_3_beam_sensitivity,beams_108,simple_room,perception_aware,0,5,1.0,1.0,0.0,0.9919205790189786,1.0162506132408908,-0.009537262102176446,0.9999176096526101,0.018148263666080723,0.009537262102176314,True,2.7126736111110974e-05,0.00021136140280263228,8.239713611856736e-05,1.898871527777768e-05,6.340842084078968e-05,19.737264625000535,100,40,3,3,0.9,0.8,0.35,0.25,360.0,108,8.0,0.0,3.364485981308411,0.3,0.9999176096526101,0.967800973231049
experiment_3_beam_sensitivity,beams_108,simple_room,perception_aware,0,6,1.0,1.0,0.0,1.0228595090561303,1.002362567966182,0.0024332045711310535,0.9999127596260745,0.022981272412164952,0.0024332045711310535,True,1.7361111111111047e-05,0.0002503173589819315,8.724798547235717e-05,1.2152777777777731e-05,7.509520769457944e-05,19.25592029200925,100,40,3,3,0.9,0.8,0.35,0.25,360.0,108,8.0,0.0,3.364485981308411,0.3,0.9999065141471312,0.966862699286743
experiment_3_beam_sensitivity,beams_108,simple_room,perception_aware,0,7,1.0,1.0,0.0,0.9837734893697562,1.003362711295164,-0.01066596848940927,0.9998391833815751,0.01657128463602141,0.010665968489409483,True,4.8828124999999705e-05,0.00042220932356492696,0.00016084248456947788,3.417968749999979e-05,0.0001266627970694781,19.452846792002674,100,40,3,3,0.9,0.8,0.35,0.25,360.0,108,8.0,0.0,3.364485981308411,0.3,0.9998391833815751,0.9640726539752356
experiment_3_beam_sensitivity,beams_108,simple_room,perception_aware,0,8,1.0,1.0,0.0,1.0309231899637024,0.9812951704511704,0.009352608306457899,0.9998967811000747,0.03614020373464973,0.009352608306457899,True,3.074363425925915e-05,0.0002723633706162391,0.00010322955516635313,2.1520543981481402e-05,8.170901118487173e-05,21.08207895900705,100,40,3,3,0.9,0.8,0.35,0.25,360.0,108,8.0,0.0,3.364485981308411,0.3,0.9998967811000747,0.9670490060252476
experiment_3_beam_sensitivity,beams_108,simple_room,perception_aware,0,9,1.0,1.0,0.0,7.044558248683566,4.733377338091375,3.084818419053202,0.9980842359164582,7.104561265152323,3.084818419053202,False,0.0005439814814814802,0.005128847477232642,0.0019194412802068287,0.00038078703703703614,0.0015386542431697927,18.78816370900313,100,40,3,3,0.9,0.8,0.35,0.25,360.0,108,8.0,0.0,3.364485981308411,0.3,0.9980842359164582,0.9668152740343325
experiment_3_beam_sensitivity,beams_144,simple_room,perception_aware,0,0,1.0,1.0,0.0,7.089069222349063,4.765996604501854,3.0513118222096396,0.99774125529179,7.1595736199635605,3.051311822209639,False,0.0011857096354166605,0.004779538137053087,0.0022638581859075885,0.0008299967447916623,0.001433861441115926,24.89675120699394,100,40,3,3,0.9,0.8,0.35,0.25,360.0,144,8.0,0.0,2.5174825174825175,0.3,0.99774125529179,0.9679587707231405
experiment_3_beam_sensitivity,beams_144,simple_room,perception_aware,0,1,1.0,1.0,0.0,7.098702299409105,4.813514532996687,3.0875574699793953,0.9980060152614885,7.192848033303279,3.0875574699793953,False,0.0006022135416666647,0.0052547305945203045,0.0019979686575227564,0.0004215494791666653,0.0015764191783560913,25.130516916004126,100,40,3,3,0.9,0.8,0.35,0.25,360.0,144,8.0,0.0,2.5174825174825175,0.3,0.9980060152614885,0.9691431358033554
experiment_3_beam_sensitivity,beams_144,simple_room,perception_aware,0,2,1.0,1.0,0.0,7.066402498766941,4.806119486872642,3.1095534578710393,0.9979056117214761,7.161549052083456,3.109553457871039,False,0.0003662109374999994,0.006141454302572472,0.002098783947021741,0.0002563476562499996,0.0018424362907717414,24.70148745800543,100,40,3,3,0.9,0.8,0.35,0.25,360.0,144,8.0,0.0,2.5174825174825175,0.3,0.9979056117214761,0.9694850968882014
experiment_3_beam_sensitivity,beams_144,simple_room,perception_aware,0,3,1.0,1.0,0.0,7.067246169089761,4.81288887303936,3.101066561530037,0.9979110503458445,7.165863355833806,3.101066561530037,False,0.00038872612847222135,0.0060707140317874525,0.0020933224994667907,0.00027210828993055495,0.0018212142095362356,24.660355750005692,100,40,3,3,0.9,0.8,0.35,0.25,360.0,144,8.0,0.0,2.5174825174825175,0.3,0.9979110503458445,0.9630928081869519
experiment_3_beam_sensitivity,beams_144,simple_room,perception_aware,0,4,1.0,1.0,0.0,7.045151834806791,4.937287419761201,-3.1196227009481645,0.9973895388714729,7.2142978127935455,3.1196227009481645,False,0.0006781684027777745,0.007141918631506104,0.0026172934713962733,0.0004747178819444421,0.002142575589451831,27.372374666010728,100,40,3,3,0.9,0.8,0.35,0.25,360.0,144,8.0,0.0,2.5174825174825175,0.3,0.9973895388714729,0.9657157575056147
experiment_3_beam_sensitivity,beams_144,simple_room,perception_aware,0,5,1.0,1.0,0.0,7.084945752858023,4.819153255747898,3.0999281509006895,0.998107254209842,7.184183767562928,3.0999281509006895,False,0.00045491536458333224,0.0052596477172357535,0.0018963350703790583,0.0003184407552083325,0.001577894315170726,26.01303933399322,100,40,3,3,0.9,0.8,0.35,0.25,360.0,144,8.0,0.0,2.5174825174825175,0.3,0.998107254209842,0.9667714380002913
experiment_3_beam_sensitivity,beams_144,simple_room,perception_aware,0,6,1.0,1.0,0.0,0.9907388845247194,1.0099825283525055,-0.005912119486346849,0.9999386869811576,0.013616869396269387,0.005912119486346956,True,1.464843749999994e-05,0.00017020957369699662,6.131677835909894e-05,1.0253906249999958e-05,5.106287210909898e-05,25.835718250003993,100,40,3,3,0.9,0.8,0.35,0.25,360.0,144,8.0,0.0,2.5174825174825175,0.3,0.9999386869811576,0.9654449708742683
experiment_3_beam_sensitivity,beams_144,simple_room,perception_aware,0,7,1.0,1.0,0.0,1.0138393188939714,0.983232564953016,-0.0024478151073358944,0.9999366654960634,0.02174105851847742,0.0024478151073359378,True,3.607855902777764e-05,0.000126945080435455,6.333851545008085e-05,2.5254991319444344e-05,3.8083524130636504e-05,25.855575374996988,100,40,3,3,0.9,0.8,0.35,0.25,360.0,144,8.0,0.0,2.5174825174825175,0.3,0.9999366654960634,0.9654661921782125
experiment_3_beam_sensitivity,beams_144,simple_room,perception_aware,0,8,1.0,1.0,0.0,1.0108257695812974,0.9907234664251798,-0.010440773698398149,0.9998821547788761,0.014256625203466308,0.010440773698398242,True,7.622612847222176e-05,0.00021500273442096678,0.00011785911025684526,5.335828993055523e-05,6.450082032629003e-05,26.288289500007522,100,40,3,3,0.9,0.8,0.35,0.25,360.0,144,8.0,0.0,2.5174825174825175,0.3,0.9998821547788761,0.9657409276016654
experiment_3_beam_sensitivity,beams_144,simple_room,perception_aware,0,9,1.0,1.0,0.0,7.0715468405572395,4.769353594389953,3.0990290302116366,0.9978974683901546,7.146447198197231,3.0990290302116366,False,0.00043972439236111046,0.005997181628266266,0.002106961563132657,0.0003078070746527773,0.0017991544884798797,25.630796500001452,100,40,3,3,0.9,0.8,0.35,0.25,360.0,144,8.0,0.0,2.5174825174825175,0.3,0.9978974683901546,0.9640829392063304
experiment_3_beam_sensitivity,beams_18,simple_room,perception_aware,1,0,3.0,2.5,0.7,5.0460065470450495,2.9191020402913495,-2.6325808369703374,0.990033732026685,2.088489720043548,2.9506044702092487,False,0.007421874999999961,0.01623760616729209,0.0100665943501876,0.0051953124999999725,0.004871281850187628,4.509249166992959,100,40,3,3,0.9,0.8,0.35,0.25,360.0,18,8.0,0.0,21.176470588235293,0.3,0.990033732026685,0.9738393060766921
experiment_3_beam_sensitivity,beams_18,simple_room,perception_aware,1,1,3.0,2.5,0.7,3.020029978365246,2.497986121244559,0.7046243762688238,0.9996108439434986,0.020130964729834267,0.004624376268823838,True,1.0850694444444406e-05,0.0012723735726143405,0.0003893075578954133,7.595486111111084e-06,0.00038171207178430217,4.538631917006569,100,40,3,3,0.9,0.8,0.35,0.25,360.0,18,8.0,0.0,21.176470588235293,0.3,0.9996108439434986,0.9784191386877005
experiment_3_beam_sensitivity,beams_18,simple_room,perception_aware,1,2,3.0,2.5,0.7,3.007335949756013,2.5100210179180205,0.7076177052594945,0.999947221199401,0.012419217323810369,0.007617705259494567,True,8.680555555555495e-06,0.00015568399152958898,5.2781586347765536e-05,6.076388888888846e-06,4.670519745887669e-05,4.551306499997736,100,40,3,3,0.9,0.8,0.35,0.25,360.0,18,8.0,0.0,21.176470588235293,0.3,0.999947221199401,0.9792078983109068
experiment_3_beam_sensitivity,beams_18,simple_room,perception_aware,1,3,3.0,2.5,0.7,2.9621342990358515,2.520001122997952,0.7205574706542381,0.99965845773258,0.042823547619102315,0.020557470654238408,True,8.029513888888834e-05,0.0009515078705769989,0.0003416589583953215,5.620659722222183e-05,0.0002854523611730997,4.595569040990085,100,40,3,3,0.9,0.8,0.35,0.25,360.0,18,8.0,0.0,21.176470588235293,0.3,0.99965845773258,0.9790516553538154
experiment_3_beam_sensitivity,beams_18,simple_room,perception_aware,1,4,3.0,2.5,0.7,3.01420871892685,2.5192469041829932,0.7052742735307866,0.9999231624427426,0.023923440684223276,0.005274273530786466,True,1.302083333333326e-05,0.00022576292795962785,7.684346172122164e-05,9.114583333333282e-06,6.772887838788836e-05,4.541318207993754,100,40,3,3,0.9,0.8,0.35,0.25,360.0,18,8.0,0.0,21.176470588235293,0.3,0.9999231624427426,0.9804156154639471
experiment_3_beam_sensitivity,beams_18,simple_room,perception_aware,1,5,3.0,2.5,0.7,3.0496714630927246,2.5089626907190783,0.7215016591843852,0.9994431845514989,0.05047359775860799,0.02150165918438507,True,5.425347222222189e-05,0.0017304941137414598,0.0005571256646779932,3.797743055555532e-05,0.0005191482341224379,4.537834583010408,100,40,3,3,0.9,0.8,0.35,0.25,360.0,18,8.0,0.0,21.176470588235293,0.3,0.9994431845514989,0.9773446138327434
experiment_3_beam_sensitivity,beams_18,simple_room,perception_aware,1,6,3.0,2.5,0.7,3.0219788704355905,2.523108668288668,0.7125818227282978,0.9995633928545864,0.031891712022093927,0.012581822728297887,True,4.123263888888864e-05,0.001359783357519145,0.00043679785447796554,2.8862847222222044e-05,0.0004079350072557435,4.584806500002742,100,40,3,3,0.9,0.8,0.35,0.25,360.0,18,8.0,0.0,21.176470588235293,0.3,0.9995633928545864,0.9807718938911121
experiment_3_beam_sensitivity,beams_18,simple_room,perception_aware,1,7,3.0,2.5,0.7,2.9405966375798083,2.508088087415745,0.738892251535425,0.9993617425963567,0.05995145223319767,0.03889225153542508,True,0.00022135416666666527,0.0016123903988819743,0.000638665036331258,0.00015494791666666567,0.0004837171196645923,4.542648749993532,100,40,3,3,0.9,0.8,0.35,0.25,360.0,18,8.0,0.0,21.176470588235293,0.3,0.9993617425963567,0.9776984934213553
experiment_3_beam_sensitivity,beams_18,simple_room,perception_aware,1,8,3.0,2.5,0.7,2.98975997735351,2.546926532587576,0.7313746185264418,0.9996326889680779,0.04803079766663725,0.03137461852644208,True,0.0001844618055555543,0.000794409116674305,0.0003674459988911795,0.000129123263888888,0.0002383227350022915,4.545336291004787,100,40,3,3,0.9,0.8,0.35,0.25,360.0,18,8.0,0.0,21.176470588235293,0.3,0.9996326889680779,0.975962731451772
experiment_3_beam_sensitivity,beams_18,simple_room,perception_aware,1,9,3.0,2.5,0.7,3.0066397075209887,2.519870210111124,0.7224300266394122,0.9993729972555436,0.020950202047342964,0.022430026639412404,True,7.812499999999947e-05,0.0019090287451586755,0.0006273961235476023,5.468749999999963e-05,0.0005727086235476027,4.525355125006172,100,40,3,3,0.9,0.8,0.35,0.25,360.0,18,8.0,0.0,21.176470588235293,0.3,0.9993729972555436,0.9810284907231125
experiment_3_beam_sensitivity,beams_36,simple_room,perception_aware,1,0,3.0,2.5,0.7,5.164792331092518,2.8144456593740474,-2.7469210445491266,0.9920906266098579,2.187510436422226,2.8362642626304595,False,0.008897569444444397,0.005813772357485981,0.007972430318356871,0.006228298611111078,0.0017441317072457942,8.488367124999058,100,40,3,3,0.9,0.8,0.35,0.25,360.0,36,8.0,0.0,10.285714285714286,0.3,0.9920395870995271,0.9758249993094185
experiment_3_beam_sensitivity,beams_36,simple_room,perception_aware,1,1,3.0,2.5,0.7,2.993173866542125,2.4800615411129683,0.7017858305470888,0.9994568417172375,0.0210745875588249,0.001785830547088807,True,1.4105902777777764e-05,0.0017785977735611687,0.000543453464012795,9.874131944444434e-06,0.0005335793320683506,8.518532290996518,100,40,3,3,0.9,0.8,0.35,0.25,360.0,36,8.0,0.0,10.285714285714286,0.3,0.9994568417172375,0.9781534070430361
experiment_3_beam_sensitivity,beams_36,simple_room,perception_aware,1,2,3.0,2.5,0.7,3.0094194460655905,2.4768274782567365,0.7186452059156858,0.9990969358302703,0.025013830736706173,0.018645205915685636,True,3.689236111111105e-05,0.002926852596611868,0.0009038804317613382,2.5824652777777733e-05,0.0008780557789835605,8.502292375007528,100,40,3,3,0.9,0.8,0.35,0.25,360.0,36,8.0,0.0,10.285714285714286,0.3,0.9990969358302703,0.978663398032309
experiment_3_beam_sensitivity,beams_36,simple_room,perception_aware,1,3,3.0,2.5,0.7,2.9673176907293404,2.50938651251675,0.6948033529209804,0.9998927820586259,0.034003528588811914,0.005196647079019456,True,1.627604166666658e-05,0.00031945403042404435,0.00010722943829387991,1.1393229166666605e-05,9.58362091272133e-05,8.499591542000417,100,40,3,3,0.9,0.8,0.35,0.25,360.0,36,8.0,0.0,10.285714285714286,0.3,0.9998927820586259,0.9779490432027963
experiment_3_beam_sensitivity,beams_36,simple_room,perception_aware,1,4,3.0,2.5,0.7,3.001910087654409,2.4980188761668,0.6926281692533354,0.9993229685487629,0.0027519604811840946,0.007371830746664365,True,9.765624999999961e-06,0.0022355139862177188,0.0006774901333653156,6.835937499999972e-06,0.0006706541958653156,8.466006333997939,100,40,3,3,0.9,0.8,0.35,0.25,360.0,36,8.0,0.0,10.285714285714286,0.3,0.9993229685487629,0.9785744116649172
experiment_3_beam_sensitivity,beams_36,simple_room,perception_aware,1,5,3.0,2.5,0.7,5.133949498344711,2.8049342138639797,-2.74453895017262,0.9923617061161409,2.155626437087485,2.838646357006966,False,0.008704427083333284,0.005346625114017476,0.007697086492538541,0.006093098958333298,0.0016039875342052426,8.61598075000802,100,40,3,3,0.9,0.8,0.35,0.25,360.0,36,8.0,0.0,10.285714285714286,0.3,0.9923617061161409,0.9755167111447244
experiment_3_beam_sensitivity,beams_36,simple_room,perception_aware,1,6,3.0,2.5,0.7,2.9491662279586723,2.486105098098047,0.7001902643541467,0.9994778184439198,0.05269858327141792,0.00019026435414648546,True,2.7126736111110994e-05,0.0016782188561314433,0.0005224543721172106,1.8988715277777693e-05,0.0005034656568394329,8.492318292002892,100,40,3,3,0.9,0.8,0.35,0.25,360.0,36,8.0,0.0,10.285714285714286,0.3,0.9994778184439198,0.9783165999133021
experiment_3_beam_sensitivity,beams_36,simple_room,perception_aware,1,7,3.0,2.5,0.7,2.974170951052052,2.4822127622475563,0.715077413994445,0.999446601328047,0.03136121165416672,0.015077413994445177,True,3.2552083333333245e-05,0.001769728777607028,0.0005537050916154417,2.278645833333327e-05,0.0005309186332821084,8.456721249996917,100,40,3,3,0.9,0.8,0.35,0.25,360.0,36,8.0,0.0,10.285714285714286,0.3,0.999446601328047,0.9785823312458239
experiment_3_beam_sensitivity,beams_36,simple_room,perception_aware,1,8,3.0,2.5,0.7,2.9697954805323863,2.5069722703510213,0.6978445769580061,0.99992372998469,0.03099879917218063,0.002155423041994009,True,1.4105902777777706e-05,0.00022133900308202634,7.627583286905229e-05,9.874131944444393e-06,6.64017009246079e-05,8.563285833006375,100,40,3,3,0.9,0.8,0.35,0.25,360.0,36,8.0,0.0,10.285714285714286,0.3,0.99992372998469,0.9798230299777586
experiment_3_beam_sensitivity,beams_36,simple_room,perception_aware,1,9,3.0,2.5,0.7,2.9687653944505255,2.4940389335254496,0.7111540952394101,0.9994931337147808,0.03179834739959413,0.011154095239410022,True,2.6041666666666557e-05,0.0016296472075681505,0.0005071233289371118,1.8229166666666587e-05,0.0004888941622704452,8.527770957996836,100,40,3,3,0.9,0.8,0.35,0.25,360.0,36,8.0,0.0,10.285714285714286,0.3,0.9994931337147808,0.978941863792653
experiment_3_beam_sensitivity,beams_72,simple_room,perception_aware,1,0,3.0,2.5,0.7,2.9934621690097236,2.5024932878595134,0.7069681448708836,0.9999357813641006,0.006997122151843232,0.006968144870883819,True,1.2478298611111036e-05,0.00018495983723255545,6.422276019754435e-05,8.734809027777725e-06,5.548795116976663e-05,16.626981042005355,100,40,3,3,0.9,0.8,0.35,0.25,360.0,72,8.0,0.0,5.070422535211268,0.3,0.9999357813641006,0.9786302026389514
experiment_3_beam_sensitivity,beams_72,simple_room,perception_aware,1,1,3.0,2.5,0.7,2.988709469727614,2.5276256755742943,0.7094597469209671,0.9995731134706852,0.029843827247319012,0.009459746920967405,True,3.472222222222202e-05,0.0013425442789795818,0.00042706883924942995,2.4305555555555412e-05,0.00040276328369387454,16.640098999996553,100,40,3,3,0.9,0.8,0.35,0.25,360.0,72,8.0,0.0,5.070422535211268,0.3,0.9993310922477507,0.9813398268793253
experiment_3_beam_sensitivity,beams_72,simple_room,perception_aware,1,2,3.0,2.5,0.7,3.044944446762628,2.5053314950323413,0.6913295312896168,0.9999343736229487,0.04525956400672206,0.008670468710382906,True,2.3328993055555394e-05,0.00016433463005446786,6.563068415522913e-05,1.6330295138888773e-05,4.930038901634035e-05,16.484220791011467,100,40,3,3,0.9,0.8,0.35,0.25,360.0,72,8.0,0.0,5.070422535211268,0.3,0.9999343736229487,0.9776346274337843
experiment_3_beam_sensitivity,beams_72,simple_room,perception_aware,1,3,3.0,2.5,0.7,3.000666044732926,2.5017755976346496,0.6993152554332057,0.9999839594861186,0.0018964078006673394,0.0006847445667941265,True,1.0850694444444368e-06,5.0937408574707375e-05,1.604077118352332e-05,7.595486111111058e-07,1.5281222572412213e-05,16.50208737500361,100,40,3,3,0.9,0.8,0.35,0.25,360.0,72,8.0,0.0,5.070422535211268,0.3,0.9999839594861186,0.9808052479143463
experiment_3_beam_sensitivity,beams_72,simple_room,perception_aware,1,4,3.0,2.5,0.7,3.0087353133170573,2.450482907737408,0.7089122767663171,0.9993286339044223,0.05028168776890064,0.008912276766317007,True,5.859374999999993e-05,0.002102671686072565,0.0006718171308217694,4.101562499999995e-05,0.0006308015058217695,16.50930929199967,100,40,3,3,0.9,0.8,0.35,0.25,360.0,72,8.0,0.0,5.070422535211268,0.3,0.9993286339044223,0.9788313092394325
experiment_3_beam_sensitivity,beams_72,simple_room,perception_aware,1,5,3.0,2.5,0.7,3.0186918784880583,2.4981844338503194,0.6916765076808882,0.9996157120884143,0.0187798456291899,0.008323492319111558,True,1.4648437499999905e-05,0.001247272464357028,0.0003844356455571084,1.0253906249999933e-05,0.00037418173930710844,16.64535399999295,100,40,3,3,0.9,0.8,0.35,0.25,360.0,72,8.0,0.0,5.070422535211268,0.3,0.9996157120884143,0.9772356218211493
experiment_3_beam_sensitivity,beams_72,simple_room,perception_aware,1,6,3.0,2.5,0.7,3.0198844545270673,2.5101567891734153,0.6970995702168841,0.999941110591366,0.022328275754124306,0.0029004297831161097,True,8.680555555555503e-06,0.00017605495970553683,5.88928768005499e-05,6.076388888888852e-06,5.281648791166105e-05,16.508072541997535,100,40,3,3,0.9,0.8,0.35,0.25,360.0,72,8.0,0.0,5.070422535211268,0.3,0.999941110591366,0.9782180349329009
experiment_3_beam_sensitivity,beams_72,simple_room,perception_aware,1,7,3.0,2.5,0.7,3.009822643578822,2.501878676613026,0.6915659778204385,0.9999535349720627,0.01000068761100478,0.008434022179561573,True,1.2478298611111025e-05,0.00012577459336202135,4.6467187036384116e-05,8.734809027777716e-06,3.77323780086064e-05,16.599995583004784,100,40,3,3,0.9,0.8,0.35,0.25,360.0,72,8.0,0.0,5.070422535211268,0.3,0.9999535349720627,0.9794882199168847
experiment_3_beam_sensitivity,beams_72,simple_room,perception_aware,1,8,3.0,2.5,0.7,3.0302418903191612,2.5002552935587468,0.6929424445861573,0.9999563335968313,0.030242967858285938,0.0070575554138425645,True,1.5190972222222122e-05,0.0001101154315034051,4.366831000657701e-05,1.0633680555555484e-05,3.303462945102153e-05,16.691944541002158,100,40,3,3,0.9,0.8,0.35,0.25,360.0,72,8.0,0.0,5.070422535211268,0.3,0.9999563335968313,0.9817581884044922
experiment_3_beam_sensitivity,beams_72,simple_room,perception_aware,1,9,3.0,2.5,0.7,3.003369913037364,2.509227570027701,0.7112557128880703,0.9999450772379422,0.009823663394860646,0.01125571288807059,True,1.898871527777767e-05,0.00013877892679588338,5.492577873320938e-05,1.3292100694444367e-05,4.163367803876501e-05,16.567247042010422,100,40,3,3,0.9,0.8,0.35,0.25,360.0,72,8.0,0.0,5.070422535211268,0.3,0.9999450772379422,0.98023292589087
experiment_3_beam_sensitivity,beams_108,simple_room,perception_aware,1,0,3.0,2.5,0.7,3.014851694218552,2.5402421607106347,0.6994098882550362,0.9991820671361,0.04289527153220883,0.0005901117449638171,True,0.0007067418981481435,0.0010796103234089933,0.0008186024257263984,0.0004947193287037005,0.000323883097022698,24.698209374997532,100,40,3,3,0.9,0.8,0.35,0.25,360.0,108,8.0,0.0,3.364485981308411,0.3,0.9991820671361,0.9800311341702793
experiment_3_beam_sensitivity,beams_108,simple_room,perception_aware,1,1,3.0,2.5,0.7,3.04492048263806,2.501717427424144,0.6836426281310173,0.9998540513773749,0.044953301518280656,0.016357371868982895,True,4.014756944444418e-05,0.0003928887604120028,0.00014596992673471178,2.8103298611110924e-05,0.00011786662812360085,24.71050887501042,100,40,3,3,0.9,0.8,0.35,0.25,360.0,108,8.0,0.0,3.364485981308411,0.3,0.9998540513773749,0.9817028258132016
experiment_3_beam_sensitivity,beams_108,simple_room,perception_aware,1,2,3.0,2.5,0.7,3.009390629675093,2.539736369135009,0.7005485472503471,0.9991953163949302,0.040830906893289234,0.0005485472503470312,True,0.0006752748842592549,0.00110879741085812,0.0008053316422389145,0.0004726924189814784,0.000332639223257436,24.764231124994694,100,40,3,3,0.9,0.8,0.35,0.25,360.0,108,8.0,0.0,3.364485981308411,0.3,0.9991953163949302,0.9785162633120182
experiment_3_beam_sensitivity,beams_108,simple_room,perception_aware,1,3,3.0,2.5,0.7,3.0082541472048323,2.5129765568584483,0.6991105870776337,0.999350211810127,0.015379270918336267,0.0008894129223664393,True,0.0005895543981481443,0.0007917420346533708,0.0006502106890997122,0.000412688078703701,0.00023752261039601124,24.447687166990363,100,40,3,3,0.9,0.8,0.35,0.25,360.0,108,8.0,0.0,3.364485981308411,0.3,0.999350211810127,0.9782715515758124
experiment_3_beam_sensitivity,beams_108,simple_room,perception_aware,1,4,3.0,2.5,0.7,3.027181654173812,2.4985966198721528,0.684752046108146,0.9995962515857854,0.02721785809735871,0.01524795389185396,True,2.8211805555555388e-05,0.0012805440965012818,0.00040391149283927326,1.974826388888877e-05,0.0003841632289503845,24.674737665991415,100,40,3,3,0.9,0.8,0.35,0.25,360.0,108,8.0,0.0,3.364485981308411,0.3,0.9995962515857854,0.9801037738915634
experiment_3_beam_sensitivity,beams_108,simple_room,perception_aware,1,5,3.0,2.5,0.7,3.044103307260694,2.5179385721618743,0.682576583339515,0.9994270678909084,0.047611911141414574,0.017423416660484747,True,0.00039424189814814606,0.0009909707325431426,0.000573260548466645,0.0002759693287037022,0.00029729121976294274,24.799074458991527,100,40,3,3,0.9,0.8,0.35,0.25,360.0,108,8.0,0.0,3.364485981308411,0.3,0.9994270678909084,0.9780886554270215
experiment_3_beam_sensitivity,beams_108,simple_room,perception_aware,1,6,3.0,2.5,0.7,3.0176645257831454,2.508477142433198,0.6894491741537472,0.9999108863013947,0.019593300257387394,0.010550825846252998,True,1.591435185185176e-05,0.00025993864755993225,8.91216405642759e-05,1.114004629629623e-05,7.798159426797967e-05,24.54511720800656,100,40,3,3,0.9,0.8,0.35,0.25,360.0,108,8.0,0.0,3.364485981308411,0.3,0.9999108863013947,0.9809502929512353
experiment_3_beam_sensitivity,beams_108,simple_room,perception_aware,1,7,3.0,2.5,0.7,2.9893199626845086,2.5021212230497563,0.6955526874497024,0.9990903251117371,0.010888653924480551,0.004447312550297511,True,0.0010221354166666636,0.0006500278614916163,0.0009105031501141494,0.0007154947916666645,0.00019500835844748487,24.45426379199489,100,40,3,3,0.9,0.8,0.35,0.25,360.0,108,8.0,0.0,3.364485981308411,0.3,0.9990903251117371,0.9773324422894369
experiment_3_beam_sensitivity,beams_108,simple_room,perception_aware,1,8,3.0,2.5,0.7,5.190638197554188,2.754889701060242,-2.696620936903557,0.989227362049703,2.205417074453275,2.8865643702760293,False,0.009793475115740687,0.013448396245317908,0.010889951454613852,0.006855432581018481,0.004034518873595372,24.62720466700557,100,40,3,3,0.9,0.8,0.35,0.25,360.0,108,8.0,0.0,3.364485981308411,0.3,0.989227362049703,0.9750657005006599
experiment_3_beam_sensitivity,beams_108,simple_room,perception_aware,1,9,3.0,2.5,0.7,3.029545231439461,2.513251206193313,0.6897115340959645,0.999851363514136,0.0323807839063389,0.010288465904035426,True,2.2786458333333233e-05,0.00044236020373281923,0.00014865858195317903,1.595052083333326e-05,0.00013270806111984577,24.700390707992483,100,40,3,3,0.9,0.8,0.35,0.25,360.0,108,8.0,0.0,3.364485981308411,0.3,0.999851363514136,0.9807574092540265
experiment_3_beam_sensitivity,beams_144,simple_room,perception_aware,1,0,3.0,2.5,0.7,3.038758904076943,2.500936380568713,0.6900127493748167,0.9996094202145547,0.03877021348683992,0.009987250625183464,True,2.6584201388888714e-05,0.0012404115221640248,0.0003907323976214295,1.86089409722221e-05,0.0003721234566492074,32.74608445899503,100,40,3,3,0.9,0.8,0.35,0.25,360.0,144,8.0,0.0,2.5174825174825175,0.3,0.9992396648281131,0.9791052497082275
experiment_3_beam_sensitivity,beams_144,simple_room,perception_aware,1,1,3.0,2.5,0.7,3.037647187554993,2.4992563585925986,0.6919493268104651,0.9993250980469737,0.03765453137862198,0.008050673189535118,True,2.1430121527777645e-05,0.002201188894078053,0.0006753577532928603,1.500108506944435e-05,0.0006603566682234159,33.238659791997634,100,40,3,3,0.9,0.8,0.35,0.25,360.0,144,8.0,0.0,2.5174825174825175,0.3,0.9993250980469737,0.980029621883935
experiment_3_beam_sensitivity,beams_144,simple_room,perception_aware,1,2,3.0,2.5,0.7,2.976736532518085,2.53358176651131,0.6673065459203003,0.9994872507489921,0.040852465792192365,0.0326934540796997,True,0.00031738281249999833,0.0009694810964312423,0.0005130122976793715,0.00022216796874999881,0.0002908443289293727,32.885648750001565,100,40,3,3,0.9,0.8,0.35,0.25,360.0,144,8.0,0.0,2.5174825174825175,0.3,0.9994872507489921,0.9770125730497464
experiment_3_beam_sensitivity,beams_144,simple_room,perception_aware,1,3,3.0,2.5,0.7,2.9991859733526827,2.474950537020265,0.7049860363982672,0.9994857423845431,0.025062686108150132,0.004986036398267224,True,1.9259982638888857e-05,0.0016701340819194619,0.0005145222124230607,1.3481987847222198e-05,0.0005010402245758385,32.16751170900534,100,40,3,3,0.9,0.8,0.35,0.25,360.0,144,8.0,0.0,2.5174825174825175,0.3,0.9994857423845431,0.9815476026513089
experiment_3_beam_sensitivity,beams_144,simple_room,perception_aware,1,4,3.0,2.5,0.7,2.9810273593573546,2.5173410281874284,0.7064745956346141,0.9994831783113353,0.02570354745073424,0.0064745956346143885,True,0.0006201171874999959,0.0002766896672982807,0.0005170889314394813,0.0004340820312499971,8.30069001894842e-05,32.55856837499596,100,40,3,3,0.9,0.8,0.35,0.25,360.0,144,8.0,0.0,2.5174825174825175,0.3,0.9994640204994686,0.9789621348319111
experiment_3_beam_sensitivity,beams_144,simple_room,perception_aware,1,5,3.0,2.5,0.7,2.9830701771875265,2.542468721144683,0.6693070161271836,0.9994526194141828,0.0457188273704236,0.03069298387281627,True,0.0003168402777777762,0.0010863072699244735,0.0005476803754217854,0.00022178819444444332,0.00032589218097734204,32.846641707990784,100,40,3,3,0.9,0.8,0.35,0.25,360.0,144,8.0,0.0,2.5174825174825175,0.3,0.9994526194141828,0.9794827408274055
experiment_3_beam_sensitivity,beams_144,simple_room,perception_aware,1,6,3.0,2.5,0.7,2.9990032663742427,2.513441201070639,0.679439140787109,0.9993047555284256,0.013478106845624274,0.020560859212890747,True,0.0002810329861111096,0.001663350274875016,0.0006957281727402816,0.00019672309027777673,0.0004990050824625048,32.07137029200385,100,40,3,3,0.9,0.8,0.35,0.25,360.0,144,8.0,0.0,2.5174825174825175,0.3,0.9993047555284256,0.9786446993970178
experiment_3_beam_sensitivity,beams_144,simple_room,perception_aware,1,7,3.0,2.5,0.7,2.9672261078319537,2.522157380411731,0.6785967495090421,0.9996167255919136,0.03956106058427762,0.021403250490958037,True,0.00026909722222222087,0.0006501776937569989,0.0003834213636826543,0.0001883680555555546,0.00019505330812709967,32.497861583993654,100,40,3,3,0.9,0.8,0.35,0.25,360.0,144,8.0,0.0,2.5174825174825175,0.3,0.9996167255919136,0.9798824911285703
experiment_3_beam_sensitivity,beams_144,simple_room,perception_aware,1,8,3.0,2.5,0.7,2.989830296023293,2.523190715818402,0.6921699262557565,0.9996359875044115,0.025322562649616017,0.007830073744243382,True,0.00026068793402777646,0.0006055449837233532,0.0003641450489364495,0.0001824815538194435,0.00018166349511700595,32.68329483299749,100,40,3,3,0.9,0.8,0.35,0.25,360.0,144,8.0,0.0,2.5174825174825175,0.3,0.9996359875044115,0.9819418091168525
experiment_3_beam_sensitivity,beams_144,simple_room,perception_aware,1,9,3.0,2.5,0.7,3.0509398640550938,2.5134280490272745,0.6969085916457933,0.9989141323159512,0.05267999858229232,0.0030914083542068482,True,0.0007641601562499975,0.0018404532168292186,0.0010870480744237638,0.0005349121093749982,0.0005521359650487655,32.59637445799308,100,40,3,3,0.9,0.8,0.35,0.25,360.0,144,8.0,0.0,2.5174825174825175,0.3,0.9989141323159512,0.9804674975367134
experiment_3_beam_sensitivity,beams_18,simple_room,perception_aware,2,0,4.8,3.0,1.5,4.789759739383557,2.9894450456560793,1.4860887802730451,0.9999194432636698,0.014706121130159306,0.013911219726955082,True,1.3020833333333261e-05,0.0002381621430248305,8.056322624078242e-05,9.114583333333282e-06,7.144864290744914e-05,4.797195499995723,100,40,3,3,0.9,0.8,0.35,0.25,360.0,18,8.0,0.0,21.176470588235293,0.3,0.9999194432636698,0.9815646153263634
experiment_3_beam_sensitivity,beams_18,simple_room,perception_aware,2,1,4.8,3.0,1.5,4.811941259511527,2.9374458346458265,1.483216845758067,0.999691091030308,0.0636837285488131,0.016783154241933218,True,7.378472222222188e-05,0.0008578503945825521,0.00030900442393032095,5.164930555555532e-05,0.00025735511837476563,4.684526958997594,100,40,3,3,0.9,0.8,0.35,0.25,360.0,18,8.0,0.0,21.176470588235293,0.3,0.999691091030308,0.9828597611003428
experiment_3_beam_sensitivity,beams_18,simple_room,perception_aware,2,2,4.8,3.0,1.5,4.811616003364438,3.002791778150178,1.4837556326164323,0.9999247385310871,0.011946780294391402,0.016244367383567493,True,1.736111111111099e-05,0.00021038118616727627,7.526713362796057e-05,1.2152777777777692e-05,6.311435585018288e-05,4.672216582999681,100,40,3,3,0.9,0.8,0.35,0.25,360.0,18,8.0,0.0,21.176470588235293,0.3,0.9999247385310871,0.9797918121105192
experiment_3_beam_sensitivity,beams_18,simple_room,perception_aware,2,3,4.8,3.0,1.5,4.777946379179634,2.998598755755935,1.471783024584485,0.9999037802592396,0.022098092151133345,0.028216975415515044,True,6.944444444444397e-05,0.00015872629592901533,9.622899988981538e-05,4.8611111111110776e-05,4.76178887787046e-05,6.257078915994498,100,40,3,3,0.9,0.8,0.35,0.25,360.0,18,8.0,0.0,21.176470588235293,0.3,0.9999037802592396,0.9830121843869156
experiment_3_beam_sensitivity,beams_18,simple_room,perception_aware,2,4,4.8,3.0,1.5,4.806315697146549,2.9770677508823478,1.482658067092814,0.9998586255319357,0.02378604801224852,0.01734193290718622,True,2.6041666666666523e-05,0.0004105509698792374,0.00014139445763043776,1.8229166666666563e-05,0.0001231652909637712,4.935314083995763,100,40,3,3,0.9,0.8,0.35,0.25,360.0,18,8.0,0.0,21.176470588235293,0.3,0.9998586255319357,0.9825527626521557
experiment_3_beam_sensitivity,beams_18,simple_room,perception_aware,2,5,4.8,3.0,1.5,4.811699229558159,3.0254096037516622,1.4999261811689988,0.9996233675632121,0.027973557783574746,7.381883100121556e-05,True,1.302083333333327e-05,0.0012255325296438556,0.00037677434222648995,9.114583333333288e-06,0.00036765975889315665,4.68324145799852,100,40,3,3,0.9,0.8,0.35,0.25,360.0,18,8.0,0.0,21.176470588235293,0.3,0.9996233675632121,0.982457766344756
experiment_3_beam_sensitivity,beams_18,simple_room,perception_aware,2,6,4.8,3.0,1.5,4.7927904829678445,2.987041802306017,1.4729251960243843,0.9998363842364129,0.014828756634097466,0.02707480397561568,True,5.8593749999999645e-05,0.0004087563769532172,0.00016364253808596492,4.101562499999975e-05,0.00012262691308596516,4.7048914580082055,100,40,3,3,0.9,0.8,0.35,0.25,360.0,18,8.0,0.0,21.176470588235293,0.3,0.9998363842364129,0.979123852181982
experiment_3_beam_sensitivity,beams_18,simple_room,perception_aware,2,7,4.8,3.0,1.5,4.812531925565004,2.978317130559026,1.482273345608888,0.9998586255319357,0.025043881200028387,0.017726654391112096,True,2.6041666666666523e-05,0.0004105509698792374,0.00014139445763043776,1.8229166666666563e-05,0.0001231652909637712,5.0879710000008345,100,40,3,3,0.9,0.8,0.35,0.25,360.0,18,8.0,0.0,21.176470588235293,0.3,0.9998586255319357,0.9814324080506519
experiment_3_beam_sensitivity,beams_18,simple_room,perception_aware,2,8,4.8,3.0,1.5,4.819853252244791,2.988803696405792,1.4917262146775228,0.9995352060535079,0.022792736537524363,0.008273785322477245,True,1.0850694444444387e-05,0.0015247153141711804,0.0004650100803624652,7.59548611111107e-06,0.00045741459425135413,4.841650208996725,100,40,3,3,0.9,0.8,0.35,0.25,360.0,18,8.0,0.0,21.176470588235293,0.3,0.9995352060535079,0.9827551737697416
experiment_3_beam_sensitivity,beams_18,simple_room,perception_aware,2,9,4.8,3.0,1.5,4.794833528209269,2.9876711459607486,1.492750806268553,0.9999028701805521,0.013367612826738547,0.007249193731446724,True,1.0850694444444367e-05,0.0002984792281836383,9.713925456620254e-05,7.595486111111057e-06,8.954376845509149e-05,4.8579333749949,100,40,3,3,0.9,0.8,0.35,0.25,360.0,18,8.0,0.0,21.176470588235293,0.3,0.9999028701805521,0.9810543674907227
experiment_3_beam_sensitivity,beams_36,simple_room,perception_aware,2,0,4.8,3.0,1.5,4.799872735031112,2.970496652001471,1.5227994394419797,0.9995697576839265,0.029503622480885644,0.022799439441979708,True,7.921006944444399e-05,0.0012499348519619975,0.00043042750419971,5.544704861111079e-05,0.00037498045558859925,8.89750645798631,100,40,3,3,0.9,0.8,0.35,0.25,360.0,36,8.0,0.0,10.285714285714286,0.3,0.9995697576839265,0.9831173099496938
experiment_3_beam_sensitivity,beams_36,simple_room,perception_aware,2,1,4.8,3.0,1.5,4.8462062503510825,3.032894254708492,1.529400374682945,0.9993997709225546,0.05671904058016205,0.029400374682944985,True,7.269965277777732e-05,0.0018323327060789328,0.000600589568768124,5.088975694444412e-05,0.0005496998118236799,9.105455041004461,100,40,3,3,0.9,0.8,0.35,0.25,360.0,36,8.0,0.0,10.285714285714286,0.3,0.9993997709225546,0.9808364583519917
experiment_3_beam_sensitivity,beams_36,simple_room,perception_aware,2,2,4.8,3.0,1.5,4.81746307236776,2.947193207646335,1.5140076997620169,0.9994615155048213,0.05561938704448922,0.014007699762016657,True,9.00607638888884e-05,0.001585773607446542,0.0005387746169561844,6.304253472222187e-05,0.00047573208223396256,11.433832166003413,100,40,3,3,0.9,0.8,0.35,0.25,360.0,36,8.0,0.0,10.285714285714286,0.3,0.9994615155048213,0.9810562822535526
experiment_3_beam_sensitivity,beams_36,simple_room,perception_aware,2,3,4.8,3.0,1.5,4.795906570260479,2.9890043901257597,1.5116153501048033,0.9999135734391424,0.011732842943587124,0.011615350104803301,True,2.3871527777777633e-05,0.00023241320536371637,8.643403105355925e-05,1.6710069444444343e-05,6.972396160911491e-05,10.499952999991365,100,40,3,3,0.9,0.8,0.35,0.25,360.0,36,8.0,0.0,10.285714285714286,0.3,0.9999135734391424,0.9831301789428666
experiment_3_beam_sensitivity,beams_36,simple_room,perception_aware,2,4,4.8,3.0,1.5,4.779041526251879,2.9565366058430538,1.5192065990499,0.9994798554855373,0.04825271239518814,0.019206599049899964,True,9.223090277777725e-05,0.0015195119121088733,0.0005204152055771061,6.456163194444407e-05,0.000455853573632662,9.056100500005414,100,40,3,3,0.9,0.8,0.35,0.25,360.0,36,8.0,0.0,10.285714285714286,0.3,0.9994798554855373,0.9812241369649662
experiment_3_beam_sensitivity,beams_36,simple_room,perception_aware,2,5,4.8,3.0,1.5,4.818822067563683,3.004774433809635,1.5108271516450598,0.9994910349830068,0.019418173075097106,0.010827151645059985,True,1.6276041666666595e-05,0.0016594365504242921,0.0005092241942939543,1.1393229166666616e-05,0.0004978309651272877,8.987991832997068,100,40,3,3,0.9,0.8,0.35,0.25,360.0,36,8.0,0.0,10.285714285714286,0.3,0.9994910349830068,0.9796159911704426
experiment_3_beam_sensitivity,beams_36,simple_room,perception_aware,2,6,4.8,3.0,1.5,4.773918189686457,2.9789533398320387,1.5211357548144313,0.9995553539845611,0.03351451526513974,0.02113575481443153,True,6.9444444444444e-05,0.0013207756745234045,0.00044484381346813215,4.86111111111108e-05,0.00039623270235702134,8.956019292003475,100,40,3,3,0.9,0.8,0.35,0.25,360.0,36,8.0,0.0,10.285714285714286,0.3,0.9995553539845611,0.9809081828310258
experiment_3_beam_sensitivity,beams_36,simple_room,perception_aware,2,7,4.8,3.0,1.5,4.779999082266685,2.961399484758317,1.5023439598998092,0.9998427317764054,0.043474549878040274,0.002343959899809178,True,3.906249999999983e-05,0.00043316403593074773,0.0001572929607792242,2.734374999999988e-05,0.00012994921077922431,8.855833249996067,100,40,3,3,0.9,0.8,0.35,0.25,360.0,36,8.0,0.0,10.285714285714286,0.3,0.9998427317764054,0.9800960913430729
experiment_3_beam_sensitivity,beams_36,simple_room,perception_aware,2,8,4.8,3.0,1.5,4.81027360185162,3.0090049385882636,1.519162755756294,0.9995441585753516,0.013661471882048621,0.01916275575629367,True,2.821180555555538e-05,0.001454336823089775,0.00045604931081582125,1.9748263888888766e-05,0.0004363010469269325,8.815117750011268,100,40,3,3,0.9,0.8,0.35,0.25,360.0,36,8.0,0.0,10.285714285714286,0.3,0.9995284105378223,0.9835659150291689
experiment_3_beam_sensitivity,beams_36,simple_room,perception_aware,2,9,4.8,3.0,1.5,4.7991761335513035,2.9925545629306867,1.4990008843355513,0.9999315418762693,0.0074908803940786995,0.0009991156644488797,True,7.595486111111086e-06,0.0002104865676283788,6.846281056629141e-05,5.31684027777776e-06,6.314597028851364e-05,8.86594974999025,100,40,3,3,0.9,0.8,0.35,0.25,360.0,36,8.0,0.0,10.285714285714286,0.3,0.9999315418762693,0.9812471602610318
experiment_3_beam_sensitivity,beams_72,simple_room,perception_aware,2,0,4.8,3.0,1.5,4.8410212481012165,3.053524523699117,1.501289053686697,0.9988540473103682,0.06743602474196483,0.0012890536866967395,True,6.347656249999968e-05,0.0036761127001627863,0.0011472674037988355,4.443359374999977e-05,0.0011028338100488358,17.116624625006807,100,40,3,3,0.9,0.8,0.35,0.25,360.0,72,8.0,0.0,5.070422535211268,0.3,0.9988540473103682,0.981788548135995
experiment_3_beam_sensitivity,beams_72,simple_room,perception_aware,2,1,4.8,3.0,1.5,4.794968303448563,2.991049054807418,1.5081260005114618,0.9996223101670708,0.010268271033934939,0.00812600051146184,True,1.3563368055555473e-05,0.0012277939293259324,0.00037783253643666856,9.494357638888831e-06,0.0003683381787977797,17.372913540995796,100,40,3,3,0.9,0.8,0.35,0.25,360.0,72,8.0,0.0,5.070422535211268,0.3,0.9996223101670708,0.9819577616335144
experiment_3_beam_sensitivity,beams_72,simple_room,perception_aware,2,2,4.8,3.0,1.5,4.8001108895898925,3.007102414952821,1.4924984028134223,0.9996176449025628,0.007103280556419274,0.007501597186577946,True,1.4105902777777694e-05,0.001242090722777781,0.0003825013487777787,9.874131944444385e-06,0.00037262721683333427,17.17732479100232,100,40,3,3,0.9,0.8,0.35,0.25,360.0,72,8.0,0.0,5.070422535211268,0.3,0.9996176449025628,0.9823186092724456
experiment_3_beam_sensitivity,beams_72,simple_room,perception_aware,2,3,4.8,3.0,1.5,4.788017737123483,2.986643657987722,1.4965536955678738,0.9999279762941667,0.017943424856779498,0.003446304432126013,True,9.223090277777737e-06,0.0002185757680886006,7.20288936210246e-05,6.4561631944444155e-06,6.557273042658018e-05,17.17946812500304,100,40,3,3,0.9,0.8,0.35,0.25,360.0,72,8.0,0.0,5.070422535211268,0.3,0.9999279762941667,0.9824242077917316
experiment_3_beam_sensitivity,beams_72,simple_room,perception_aware,2,4,4.8,3.0,1.5,4.8018828696736096,2.9915842149223275,1.4978060495834316,0.9996296198058514,0.008623841179043952,0.0021939504165686685,True,5.967881944444421e-06,0.001221133030346278,0.00037051742646499445,4.177517361111094e-06,0.00036633990910388335,19.49906329200894,100,40,3,3,0.9,0.8,0.35,0.25,360.0,72,8.0,0.0,5.070422535211268,0.3,0.9996296198058514,0.9821481851791273
experiment_3_beam_sensitivity,beams_72,simple_room,perception_aware,2,5,4.8,3.0,1.5,4.809722258411546,3.00381679754283,1.5041401954525604,0.9996022994956123,0.010444627906432953,0.004140195452560391,True,8.1380208333333e-06,0.001307207061410592,0.0003978587330065109,5.696614583333309e-06,0.0003921621184231776,17.184479374991497,100,40,3,3,0.9,0.8,0.35,0.25,360.0,72,8.0,0.0,5.070422535211268,0.3,0.9996022994956123,0.9814529445701087
experiment_3_beam_sensitivity,beams_72,simple_room,perception_aware,2,6,4.8,3.0,1.5,4.7969388189990605,2.995730379935353,1.5049688599865263,0.9999685775379019,0.00525361633705284,0.004968859986526297,True,5.425347222222199e-06,9.208568814914632e-05,3.142344950029943e-05,3.797743055555539e-06,2.7625706444743894e-05,17.81618924999202,100,40,3,3,0.9,0.8,0.35,0.25,360.0,72,8.0,0.0,5.070422535211268,0.3,0.9999685775379019,0.9815959237651262
experiment_3_beam_sensitivity,beams_72,simple_room,perception_aware,2,7,4.8,3.0,1.5,4.826920144012506,3.035347768264759,1.5052870962299252,0.999504160755295,0.04443150768264791,0.005287096229925403,True,3.03819444444443e-05,0.0015827262070540766,0.000496085223227334,2.126736111111101e-05,0.00047481786211622297,17.214400249999017,100,40,3,3,0.9,0.8,0.35,0.25,360.0,72,8.0,0.0,5.070422535211268,0.3,0.999504160755295,0.9812572108679991
experiment_3_beam_sensitivity,beams_72,simple_room,perception_aware,2,8,4.8,3.0,1.5,4.838788147253122,2.999493249036881,1.50309519304799,0.9992192642350425,0.038791457356852355,0.003095193047990108,True,1.6276041666666595e-05,0.0025665085346454133,0.0007813457895602905,1.1393229166666616e-05,0.0007699525603936239,17.465079541987507,100,40,3,3,0.9,0.8,0.35,0.25,360.0,72,8.0,0.0,5.070422535211268,0.3,0.9992192642350425,0.9813566013921405
experiment_3_beam_sensitivity,beams_72,simple_room,perception_aware,2,9,4.8,3.0,1.5,4.83158193664934,2.98022219368005,1.5118572472911063,0.9995239144649656,0.03726365984913986,0.011857247291106265,True,3.363715277777759e-05,0.0015092209782880232,0.00047631230043085126,2.354600694444431e-05,0.00045276629348640695,17.57498329199734,100,40,3,3,0.9,0.8,0.35,0.25,360.0,72,8.0,0.0,5.070422535211268,0.3,0.9995239144649656,0.9818075158560369
experiment_3_beam_sensitivity,beams_108,simple_room,perception_aware,2,0,4.8,3.0,1.5,4.826023489143193,3.0094703141383965,1.5047307802226475,0.9995436608739533,0.027693118947958804,0.004730780222647724,True,1.4105902777777721e-05,0.0014889111152470366,0.00045654746651855536,9.874131944444405e-06,0.00044667333457411095,25.61564183300652,100,40,3,3,0.9,0.8,0.35,0.25,360.0,108,8.0,0.0,3.364485981308411,0.3,0.9995436608739533,0.9817246257584025
experiment_3_beam_sensitivity,beams_108,simple_room,perception_aware,2,1,4.8,3.0,1.5,4.806990378100744,3.0023202305097265,1.4983208247997604,0.999623138192989,0.007365382244638404,0.0016791752002394134,True,5.063657407407386e-06,0.0012448644173047609,0.0003770038853766134,3.54456018518517e-06,0.00037345932519142823,25.70753137501015,100,40,3,3,0.9,0.8,0.35,0.25,360.0,108,8.0,0.0,3.364485981308411,0.3,0.999623138192989,0.98404659870709
experiment_3_beam_sensitivity,beams_108,simple_room,perception_aware,2,2,4.8,3.0,1.5,4.8288340211702785,2.9859079740894137,1.4944491737811418,0.9992620383484152,0.03209339450903745,0.0055508262188581625,True,1.5552662037036973e-05,0.0024253992591317685,0.0007385066411654564,1.088686342592588e-05,0.0007276197777395305,25.895964125011233,100,40,3,3,0.9,0.8,0.35,0.25,360.0,108,8.0,0.0,3.364485981308411,0.3,0.9992620383484152,0.9800441215718316
experiment_3_beam_sensitivity,beams_108,simple_room,perception_aware,2,3,4.8,3.0,1.5,4.815299857695802,2.9906931890931383,1.5008327969495836,0.9995863520678687,0.017908165030730394,0.000832796949583603,True,1.1935763888888835e-05,0.0013515469094236038,0.00041381910754930334,8.355034722222184e-06,0.00040546407282708114,25.828499000010197,100,40,3,3,0.9,0.8,0.35,0.25,360.0,108,8.0,0.0,3.364485981308411,0.3,0.9995863520678687,0.9817715855706461
experiment_3_beam_sensitivity,beams_108,simple_room,perception_aware,2,4,4.8,3.0,1.5,4.797572490593008,3.021753703188643,1.5048538377260048,0.9991514724929452,0.021888727791733405,0.004853837726004784,True,0.0005638744212962946,0.0015151200751176545,0.0008492481174427026,0.00039471209490740623,0.00045453602253529634,25.574417041993,100,40,3,3,0.9,0.8,0.35,0.25,360.0,108,8.0,0.0,3.364485981308411,0.3,0.9991514724929452,0.9807102064640205
experiment_3_beam_sensitivity,beams_108,simple_room,perception_aware,2,5,4.8,3.0,1.5,4.816651336213141,2.9940436799395256,1.4971972166395635,0.9996038645988645,0.017684590646828126,0.0028027833604364893,True,9.403935185185149e-06,0.0012990321064977027,0.0003962923865789404,6.582754629629603e-06,0.00038970963194931077,25.696605000004638,100,40,3,3,0.9,0.8,0.35,0.25,360.0,108,8.0,0.0,3.364485981308411,0.3,0.9996038645988645,0.9786523849936509
experiment_3_beam_sensitivity,beams_108,simple_room,perception_aware,2,6,4.8,3.0,1.5,4.795489495469516,3.0124951663576067,1.491950229331841,0.9996406219191442,0.01328434542699723,0.008049770668159262,True,1.989293981481469e-05,0.001151940740072347,0.00035950727989207443,1.3925057870370283e-05,0.0003455822220217041,25.66327150000143,100,40,3,3,0.9,0.8,0.35,0.25,360.0,108,8.0,0.0,3.364485981308411,0.3,0.9996406219191442,0.9805629930841951
experiment_3_beam_sensitivity,beams_108,simple_room,perception_aware,2,7,4.8,3.0,1.5,3.130995844061909,2.6204422137291252,-1.517604807772975,0.9879369613934076,1.7116188201984304,3.017604807772975,False,0.012990451388888833,0.010390054481687573,0.012210332316728453,0.009093315972222182,0.003117016344506272,27.54844424998737,100,40,3,3,0.9,0.8,0.35,0.25,360.0,108,8.0,0.0,3.364485981308411,0.3,0.9879369613934076,0.9753231147644612
experiment_3_beam_sensitivity,beams_108,simple_room,perception_aware,2,8,4.8,3.0,1.5,4.794743944465708,3.014376375165052,1.4902224709435028,0.9996385144191489,0.015307066429132696,0.00977752905649698,True,2.8211805555555375e-05,0.001139560120134957,0.00036161629992937587,1.9748263888888763e-05,0.0003418680360404871,25.492960417002905,100,40,3,3,0.9,0.8,0.35,0.25,360.0,108,8.0,0.0,3.364485981308411,0.3,0.9996385144191489,0.9832671715009574
experiment_3_beam_sensitivity,beams_108,simple_room,perception_aware,2,9,4.8,3.0,1.5,4.843001986600934,2.9827891251014376,1.4880092894207981,0.9992117557730912,0.0463183016355406,0.011990710579201647,True,2.965856481481469e-05,0.002560350168816757,0.0007888660460153974,2.0760995370370282e-05,0.0007681050506450271,25.456082999997307,100,40,3,3,0.9,0.8,0.35,0.25,360.0,108,8.0,0.0,3.364485981308411,0.3,0.9992117557730912,0.9802012034095194
experiment_3_beam_sensitivity,beams_144,simple_room,perception_aware,2,0,4.8,3.0,1.5,4.792742041052609,2.9465426854100634,1.4945967794844464,0.9994591104843054,0.05394777522057294,0.005403220515553642,True,0.0005452473958333317,0.0005316968613617885,0.0005411822354918687,0.00038167317708333217,0.00015950905840853656,33.52892216599139,100,40,3,3,0.9,0.8,0.35,0.25,360.0,144,8.0,0.0,2.5174825174825175,0.3,0.9994591104843054,0.9816436615390225
experiment_3_beam_sensitivity,beams_144,simple_room,perception_aware,2,1,4.8,3.0,1.5,4.7947928181421595,2.97710804661332,1.508418253727251,0.9996069771669582,0.023476717674294736,0.008418253727251024,True,3.2009548611110924e-05,0.0012359022556476136,0.00039317736072206174,2.2406684027777646e-05,0.0003707706766942841,34.48860979100573,100,40,3,3,0.9,0.8,0.35,0.25,360.0,144,8.0,0.0,2.5174825174825175,0.3,0.9996069771669582,0.9813812019799327
experiment_3_beam_sensitivity,beams_144,simple_room,perception_aware,2,2,4.8,3.0,1.5,4.807382819092384,2.9971445132487773,1.5060459020627552,0.9996091055378448,0.00791579574883517,0.006045902062755459,True,1.2207031249999936e-05,0.0012750079950406233,0.000391047320387187,8.544921874999955e-06,0.000382502398512187,33.91998929200054,100,40,3,3,0.9,0.8,0.35,0.25,360.0,144,8.0,0.0,2.5174825174825175,0.3,0.9996091055378448,0.9805693342144596
experiment_3_beam_sensitivity,beams_144,simple_room,perception_aware,2,3,4.8,3.0,1.5,4.780818335015811,2.9823395899534058,1.5066658024971744,0.9996152345585011,0.026073479909277844,0.006665802497174411,True,2.441406249999986e-05,0.0012260789972606753,0.00038491354292820247,1.70898437499999e-05,0.00036782369917820256,33.862320665997686,100,40,3,3,0.9,0.8,0.35,0.25,360.0,144,8.0,0.0,2.5174825174825175,0.3,0.9996152345585011,0.981480955991309
experiment_3_beam_sensitivity,beams_144,simple_room,perception_aware,2,4,4.8,3.0,1.5,4.829879350063593,3.0001051132570793,1.5093973331776231,0.9990819601356794,0.029879534953201243,0.009397333177623146,True,0.0004389105902777764,0.002038820075836517,0.0009188834359453986,0.0003072374131944435,0.0006116460227509551,34.32598058399162,100,40,3,3,0.9,0.8,0.35,0.25,360.0,144,8.0,0.0,2.5174825174825175,0.3,0.9990819601356794,0.9815478755295092
experiment_3_beam_sensitivity,beams_144,simple_room,perception_aware,2,5,4.8,3.0,1.5,4.799406125199812,2.994204742666484,1.4993879133045938,0.999965079306361,0.005825606821608152,0.0006120866954062443,True,3.2552083333333174e-06,0.00010881089101004958,3.492191313634819e-05,2.278645833333322e-06,3.264326730301487e-05,34.29501933300344,100,40,3,3,0.9,0.8,0.35,0.25,360.0,144,8.0,0.0,2.5174825174825175,0.3,0.999965079306361,0.9831531067824366
experiment_3_beam_sensitivity,beams_144,simple_room,perception_aware,2,6,4.8,3.0,1.5,4.759572220454474,3.0014687062962766,1.5325952642996636,0.9990160974803722,0.04045444916404601,0.03259526429966364,True,0.0007286241319444411,0.0015827821495117897,0.0009848715372146456,0.0005100368923611088,0.0004748346448535369,34.00545445799071,100,40,3,3,0.9,0.8,0.35,0.25,360.0,144,8.0,0.0,2.5174825174825175,0.3,0.9990160974803722,0.9812245785105701
experiment_3_beam_sensitivity,beams_144,simple_room,perception_aware,2,7,4.8,3.0,1.5,4.756000770206545,2.990198103944447,1.488155355448825,0.9990158726377193,0.0450778148172813,0.011844644551175065,True,0.0011748589409722166,0.0005423185477937848,0.000985096823018687,0.0008224012586805515,0.00016269556433813544,33.91739445900021,100,40,3,3,0.9,0.8,0.35,0.25,360.0,144,8.0,0.0,2.5174825174825175,0.3,0.9990158726377193,0.9813097517706189
experiment_3_beam_sensitivity,beams_144,simple_room,perception_aware,2,8,4.8,3.0,1.5,4.795076503220815,2.9986839243901815,1.502319275813872,0.9999681036992124,0.005096359047928349,0.002319275813872146,True,4.611545138888866e-06,9.55641219895596e-05,3.1897318194090085e-05,3.228081597222206e-06,2.866923659686788e-05,33.70604612500756,100,40,3,3,0.9,0.8,0.35,0.25,360.0,144,8.0,0.0,2.5174825174825175,0.3,0.9999681036992124,0.9831661193342839
experiment_3_beam_sensitivity,beams_144,simple_room,perception_aware,2,9,4.8,3.0,1.5,4.793407007461052,2.9926169334253947,1.4939247098282848,0.9999658227312471,0.009898344440545107,0.006075290171715153,True,6.239149305555516e-06,9.937010788229304e-05,3.417843687857677e-05,4.367404513888861e-06,2.981103236468791e-05,34.52591850000317,100,40,3,3,0.9,0.8,0.35,0.25,360.0,144,8.0,0.0,2.5174825174825175,0.3,0.9999658227312471,0.9835353273888018
experiment_3_beam_sensitivity,beams_18,simple_room,perception_aware,3,0,2.0,4.5,-1.0,6.02799214522014,1.4357980182781804,2.149513016556317,0.998310517330511,5.061032948592913,3.1336722906232692,False,0.00010850694444444394,0.005387956635357322,0.0016923418517183072,7.595486111111075e-05,0.0016163869906071964,5.029459792000125,100,40,3,3,0.9,0.8,0.35,0.25,360.0,18,8.0,0.0,21.176470588235293,0.3,0.998310517330511,0.977671257718043
experiment_3_beam_sensitivity,beams_18,simple_room,perception_aware,3,1,2.0,4.5,-1.0,2.0182658981672397,4.484142905693669,-0.9958308222235431,0.9998990260880625,0.024188643527404567,0.004169177776456756,True,1.5190972222222115e-05,0.0003011680938086898,0.00010098410869816242,1.063368055555548e-05,9.035042814260694e-05,4.826573750004172,100,40,3,3,0.9,0.8,0.35,0.25,360.0,18,8.0,0.0,21.176470588235293,0.3,0.9998990260880625,0.9778037997397986
experiment_3_beam_sensitivity,beams_18,simple_room,perception_aware,3,2,2.0,4.5,-1.0,6.005515889530117,1.3814091775109358,2.1353386634421203,0.998331014699954,5.076393036339017,3.13533866344212,False,9.331597222222163e-05,0.005354847627242416,0.00167177546872828,6.532118055555513e-05,0.0016064542881727248,4.926072417001706,100,40,3,3,0.9,0.8,0.35,0.25,360.0,18,8.0,0.0,21.176470588235293,0.3,0.998331014699954,0.9774022415592973
experiment_3_beam_sensitivity,beams_18,simple_room,perception_aware,3,3,2.0,4.5,-1.0,1.980389480891666,4.464219613594444,-0.9944777919377754,0.9992687751765422,0.040802065033883464,0.005522208062224365,True,5.64236111111108e-05,0.002307544588956272,0.0007317599044646591,3.949652777777755e-05,0.0006922633766868816,4.83802729198942,100,40,3,3,0.9,0.8,0.35,0.25,360.0,18,8.0,0.0,21.176470588235293,0.3,0.9992687751765422,0.9786395703470955
experiment_3_beam_sensitivity,beams_18,simple_room,perception_aware,3,4,2.0,4.5,-1.0,5.680665125003776,1.294657796222629,2.110039026016051,0.9977399924136687,4.880728880580792,3.110039026016051,False,0.0005447048611111079,0.006279444624276954,0.0022651267900608615,0.0003812934027777755,0.0018838333872830861,4.8811373750068014,100,40,3,3,0.9,0.8,0.35,0.25,360.0,18,8.0,0.0,21.176470588235293,0.3,0.9977399924136687,0.976995590152187
experiment_3_beam_sensitivity,beams_18,simple_room,perception_aware,3,5,2.0,4.5,-1.0,5.703406949210914,1.3318547142081354,2.1144036205235617,0.9978211361776541,4.873640075277297,3.1144036205235617,False,0.0005598958333333298,0.0059723151773270755,0.0021836216365314536,0.0003919270833333308,0.0017916945531981227,4.9064360830088845,100,40,3,3,0.9,0.8,0.35,0.25,360.0,18,8.0,0.0,21.176470588235293,0.3,0.9978211361776541,0.9769612312059331
experiment_3_beam_sensitivity,beams_18,simple_room,perception_aware,3,6,2.0,4.5,-1.0,5.999905162715615,1.4317532942657418,2.1435868004517364,0.9983643439597731,5.0411684318189725,3.1395985067278502,False,0.000138888888888888,0.005137045239474075,0.001638335794064444,9.72222222222216e-05,0.0015411135718422224,4.945012084004702,100,40,3,3,0.9,0.8,0.35,0.25,360.0,18,8.0,0.0,21.176470588235293,0.3,0.9983643439597731,0.9778311136652481
experiment_3_beam_sensitivity,beams_18,simple_room,perception_aware,3,7,2.0,4.5,-1.0,2.0625991973180655,4.5053123498392775,-1.004307493236257,0.9993828827299366,0.06282420366133559,0.0043074932362570095,True,6.944444444444397e-05,0.001896290759471948,0.0006174983389526952,4.8611111111110776e-05,0.0005688872278415844,4.832007958000759,100,40,3,3,0.9,0.8,0.35,0.25,360.0,18,8.0,0.0,21.176470588235293,0.3,0.9993828827299366,0.9781346026459968
experiment_3_beam_sensitivity,beams_18,simple_room,perception_aware,3,8,2.0,4.5,-1.0,2.057466392560789,4.528706990362076,-1.0050713370522577,0.999238396630178,0.06423766472715992,0.005071337052257707,True,4.340277777777756e-05,0.0024393396905579797,0.0007621838516118382,3.038194444444429e-05,0.0007318019071673939,5.027118917001644,100,40,3,3,0.9,0.8,0.35,0.25,360.0,18,8.0,0.0,21.176470588235293,0.3,0.999238396630178,0.9790208602045811
experiment_3_beam_sensitivity,beams_18,simple_room,perception_aware,3,9,2.0,4.5,-1.0,1.9885618428604903,4.473569070205185,-0.9973312374492099,0.9995462485460483,0.028799748064289536,0.0026687625507899604,True,5.2083333333333e-05,0.0013916636815524107,0.0004539574377990563,3.64583333333331e-05,0.0004174991044657232,5.2223421660019085,100,40,3,3,0.9,0.8,0.35,0.25,360.0,18,8.0,0.0,21.176470588235293,0.3,0.9995462485460483,0.9780677438658572
experiment_3_beam_sensitivity,beams_36,simple_room,perception_aware,3,0,2.0,4.5,-1.0,5.789749470983674,1.403598755531888,2.1046513482757154,0.99676204903619,4.893863680116632,3.1046513482757154,False,0.0030870225694444257,0.0036251784988530745,0.0032484693482670197,0.0021609157986110976,0.0010875535496559223,9.148399790996336,100,40,3,3,0.9,0.8,0.35,0.25,360.0,36,8.0,0.0,10.285714285714286,0.3,0.99676204903619,0.9787050452141915
experiment_3_beam_sensitivity,beams_36,simple_room,perception_aware,3,1,2.0,4.5,-1.0,2.032060666616693,4.499437717005889,-0.9977389309804282,0.9995836468354476,0.03206559692368435,0.002261069019571682,True,1.1935763888888815e-05,0.0013605718399754482,0.0004165265867148566,8.35503472222217e-06,0.00040817155199263447,9.03969762500492,100,40,3,3,0.9,0.8,0.35,0.25,360.0,36,8.0,0.0,10.285714285714286,0.3,0.9995836468354476,0.9778035955092383
experiment_3_beam_sensitivity,beams_36,simple_room,perception_aware,3,2,2.0,4.5,-1.0,1.909871966930084,4.472709516142545,-0.9724091290228739,0.9996876231145148,0.09416917146405122,0.02759087097712598,True,9.548611111111056e-05,0.0008187807250569964,0.00031247449529487627,6.684027777777739e-05,0.0002456342175170989,9.076660042002914,100,40,3,3,0.9,0.8,0.35,0.25,360.0,36,8.0,0.0,10.285714285714286,0.3,0.9996876231145148,0.9788670448860521
experiment_3_beam_sensitivity,beams_36,simple_room,perception_aware,3,3,2.0,4.5,-1.0,1.950829804591246,4.469628320449904,-0.9911748239386855,0.9999224345437553,0.057794005184177766,0.008825176061314721,True,3.03819444444443e-05,0.000187680373334174,7.75714731113632e-05,2.126736111111101e-05,5.63041120002522e-05,9.13891949999379,100,40,3,3,0.9,0.8,0.35,0.25,360.0,36,8.0,0.0,10.285714285714286,0.3,0.9999224345437553,0.9800071152596935
experiment_3_beam_sensitivity,beams_36,simple_room,perception_aware,3,4,2.0,4.5,-1.0,2.0611087507534407,4.469596213494465,-1.0112402382825603,0.9992999944602796,0.068254447858878,0.011240238282560266,True,8.463541666666614e-05,0.0021375036635258534,0.0007004958907244224,5.9244791666666295e-05,0.000641251099057756,8.877656707991264,100,40,3,3,0.9,0.8,0.35,0.25,360.0,36,8.0,0.0,10.285714285714286,0.3,0.9992999944602796,0.9550271590893505
experiment_3_beam_sensitivity,beams_36,simple_room,perception_aware,3,5,2.0,4.5,-1.0,2.0007300446754583,4.496589172424326,-1.0028176739295713,0.9999231287035317,0.0034880811313880897,0.0028176739295711073,True,8.680555555555513e-06,0.00023600272409973291,7.687720611880872e-05,6.076388888888859e-06,7.080081722991987e-05,9.108701750010368,100,40,3,3,0.9,0.8,0.35,0.25,360.0,36,8.0,0.0,10.285714285714286,0.3,0.9999231287035317,0.979660723548244
experiment_3_beam_sensitivity,beams_36,simple_room,perception_aware,3,6,2.0,4.5,-1.0,5.885078229366056,1.4588239948439057,2.130708089235732,0.9971535998051588,4.933820461126577,3.130708089235732,False,0.002337239583333318,0.0040615253597473325,0.002854525316257522,0.0016360677083333225,0.0012184576079241997,9.248759166002856,100,40,3,3,0.9,0.8,0.35,0.25,360.0,36,8.0,0.0,10.285714285714286,0.3,0.9971535998051588,0.9766740649021054
experiment_3_beam_sensitivity,beams_36,simple_room,perception_aware,3,7,2.0,4.5,-1.0,2.0362278828466662,4.487042315540091,-0.9697910964167497,0.9997413631974477,0.03847546077845395,0.030208903583250457,True,0.00013671874999999912,0.0005433352928444074,0.0002587037128533216,9.570312499999938e-05,0.0001630005878533222,9.284673667003517,100,40,3,3,0.9,0.8,0.35,0.25,360.0,36,8.0,0.0,10.285714285714286,0.3,0.9997413631974477,0.9766440949279889
experiment_3_beam_sensitivity,beams_36,simple_room,perception_aware,3,8,2.0,4.5,-1.0,1.9896546428689017,4.496318571740472,-1.0028920174363094,0.9999387267579597,0.010980861906062534,0.002892017436309402,True,1.0850694444444386e-05,0.00017893836856450648,6.127699668046302e-05,7.595486111111069e-06,5.3681510569351944e-05,9.172258500009775,100,40,3,3,0.9,0.8,0.35,0.25,360.0,36,8.0,0.0,10.285714285714286,0.3,0.9999387267579597,0.9800482525997769
experiment_3_beam_sensitivity,beams_36,simple_room,perception_aware,3,9,2.0,4.5,-1.0,1.9678373001884197,4.483031547344862,-0.9886374971788657,0.999885671879829,0.0363643732886939,0.011362502821134157,True,1.9531249999999895e-05,0.0003355643919484147,0.00011434119258452433,1.3671874999999926e-05,0.0001006693175845244,9.137961875007022,100,40,3,3,0.9,0.8,0.35,0.25,360.0,36,8.0,0.0,10.285714285714286,0.3,0.999885671879829,0.978525768572682
experiment_3_beam_sensitivity,beams_72,simple_room,perception_aware,3,0,2.0,4.5,-1.0,5.810401426836168,1.3576425639880507,2.145141636483566,0.9949958990426983,4.938984641532579,3.13804367069602,False,0.005257161458333298,0.004497516336300151,0.0050292679217233535,0.0036800130208333084,0.0013492549008900453,17.869782167006633,100,40,3,3,0.9,0.8,0.35,0.25,360.0,72,8.0,0.0,5.070422535211268,0.3,0.9949958990426983,0.9801982226850172
experiment_3_beam_sensitivity,beams_72,simple_room,perception_aware,3,1,2.0,4.5,-1.0,1.9750206037200753,4.454482271367893,-0.9849369203155728,0.9998804527799006,0.05192142003389008,0.015063079684427105,True,3.851996527777759e-05,0.00030865845883892965,0.00011956151334612321,2.6963975694444312e-05,9.25975376516789e-05,17.540062250001938,100,40,3,3,0.9,0.8,0.35,0.25,360.0,72,8.0,0.0,5.070422535211268,0.3,0.9998804527799006,0.977550061491247
experiment_3_beam_sensitivity,beams_72,simple_room,perception_aware,3,2,2.0,4.5,-1.0,5.80154638501762,1.3017197580538784,2.122650776086418,0.9948739134570225,4.967972566697956,3.1226507760864184,False,0.004957682291666633,0.005607070310151062,0.005152498697211962,0.003470377604166643,0.0016821210930453186,17.793273541989038,100,40,3,3,0.9,0.8,0.35,0.25,360.0,72,8.0,0.0,5.070422535211268,0.3,0.9948739134570225,0.9759089356015679
experiment_3_beam_sensitivity,beams_72,simple_room,perception_aware,3,3,2.0,4.5,-1.0,1.9244489526990773,4.4306541296657596,-0.9748727156739353,0.9995426164167212,0.10255150160129077,0.025127284326064814,True,9.765624999999954e-05,0.0012974450124976326,0.00045759287874928947,6.835937499999968e-05,0.0003892335037492898,17.73993908400007,100,40,3,3,0.9,0.8,0.35,0.25,360.0,72,8.0,0.0,5.070422535211268,0.3,0.9995426164167212,0.9805639613139402
experiment_3_beam_sensitivity,beams_72,simple_room,perception_aware,3,4,2.0,4.5,-1.0,2.0046923060747943,4.482546621459307,-0.9973451366548669,0.9999455913138927,0.01807313361828173,0.002654863345132874,True,8.680555555555508e-06,0.0001611175256153776,5.441164657350213e-05,6.0763888888888555e-06,4.8335257684613275e-05,17.500737082998967,100,40,3,3,0.9,0.8,0.35,0.25,360.0,72,8.0,0.0,5.070422535211268,0.3,0.9999455913138927,0.9795876516764948
experiment_3_beam_sensitivity,beams_72,simple_room,perception_aware,3,5,2.0,4.5,-1.0,1.989299284938728,4.453035068182776,-0.9891934057405763,0.9998244606404416,0.048168559490803294,0.010806594259423541,True,3.3094618055555416e-05,0.0005080131546538064,0.00017557017903503073,2.316623263888879e-05,0.00015240394639614194,17.702604667007108,100,40,3,3,0.9,0.8,0.35,0.25,360.0,72,8.0,0.0,5.070422535211268,0.3,0.9998244606404416,0.9796286996652609
experiment_3_beam_sensitivity,beams_72,simple_room,perception_aware,3,6,2.0,4.5,-1.0,5.8054029277635575,1.312454950459685,2.120912768470437,0.9949493895614444,4.964024061734635,3.120912768470437,False,0.004884982638888856,0.005522535818214666,0.005076248592686599,0.003419487847222199,0.0016567607454643996,17.757214000012027,100,40,3,3,0.9,0.8,0.35,0.25,360.0,72,8.0,0.0,5.070422535211268,0.3,0.9949493895614444,0.9759621413685455
experiment_3_beam_sensitivity,beams_72,simple_room,perception_aware,3,7,2.0,4.5,-1.0,2.0313061034557,4.513781692913406,-1.0022167768295798,0.9996561572448266,0.03420536760712265,0.0022167768295799917,True,1.8988715277777693e-05,0.0011022297432832183,0.0003439610236794099,1.3292100694444384e-05,0.0003306689229849655,17.677864500001306,100,40,3,3,0.9,0.8,0.35,0.25,360.0,72,8.0,0.0,5.070422535211268,0.3,0.9996561572448266,0.9814323464521586
experiment_3_beam_sensitivity,beams_72,simple_room,perception_aware,3,8,2.0,4.5,-1.0,2.00724261408122,4.5161821136595535,-0.9991689516260918,0.9995395237352807,0.01772896672736995,0.0008310483739082386,True,1.5733506944444393e-05,0.0014989164864412559,0.0004606884007934878,1.1013454861111075e-05,0.00044967494593237676,17.57160645799013,100,40,3,3,0.9,0.8,0.35,0.25,360.0,72,8.0,0.0,5.070422535211268,0.3,0.9995395237352807,0.9773003536482895
experiment_3_beam_sensitivity,beams_72,simple_room,perception_aware,3,9,2.0,4.5,-1.0,1.9314887688275577,4.41527433813667,-0.9745721296144962,0.9995228409213774,0.1089597474985289,0.02542787038550376,True,0.00010850694444444399,0.0013381066899657197,0.0004773868681008267,7.595486111111079e-05,0.0004014320069897159,17.602144707998377,100,40,3,3,0.9,0.8,0.35,0.25,360.0,72,8.0,0.0,5.070422535211268,0.3,0.9995228409213774,0.9780923159448605
experiment_3_beam_sensitivity,beams_108,simple_room,perception_aware,3,0,2.0,4.5,-1.0,5.921373462192985,1.4157065533927435,2.1378503259625976,0.9954729669661333,4.988991470705865,3.1378503259625976,False,0.00420789930555553,0.005340302490415921,0.004547620261013647,0.002945529513888871,0.0016020907471247763,26.216723917008494,100,40,3,3,0.9,0.8,0.35,0.25,360.0,108,8.0,0.0,3.364485981308411,0.3,0.9954729669661333,0.9794348429943325
experiment_3_beam_sensitivity,beams_108,simple_room,perception_aware,3,1,2.0,4.5,-1.0,1.9660578429030493,4.474615279981906,-0.9951330523661198,0.9997692315215485,0.042384596716155,0.00486694763388007,True,0.00024920428240740567,0.0001879291571635633,0.00023082174483425293,0.00017444299768518395,5.637874714906898e-05,26.551017499994487,100,40,3,3,0.9,0.8,0.35,0.25,360.0,108,8.0,0.0,3.364485981308411,0.3,0.9997692315215485,0.9775905885511232
experiment_3_beam_sensitivity,beams_108,simple_room,perception_aware,3,2,2.0,4.5,-1.0,1.9514057860795284,4.464084784779835,-0.9795679871599813,0.9995221035806006,0.060425990358945324,0.02043201284001883,True,0.00010706018518518452,0.0013439426131798317,0.00047812491358357865,7.494212962962916e-05,0.0004031827839539495,26.372873250002158,100,40,3,3,0.9,0.8,0.35,0.25,360.0,108,8.0,0.0,3.364485981308411,0.3,0.9995221035806006,0.9763235187386152
experiment_3_beam_sensitivity,beams_108,simple_room,perception_aware,3,3,2.0,4.5,-1.0,1.938906121120935,4.437398945120059,-0.982951544639093,0.9993646200874183,0.08747201900362932,0.017048455360907155,True,0.0003012876157407388,0.0014162751528907825,0.0006357838768857518,0.00021090133101851714,0.00042488254586723473,26.061740958000883,100,40,3,3,0.9,0.8,0.35,0.25,360.0,108,8.0,0.0,3.364485981308411,0.3,0.9993646200874183,0.9820916563736043
experiment_3_beam_sensitivity,beams_108,simple_room,perception_aware,3,4,2.0,4.5,-1.0,5.881188314775708,1.4107983430819375,2.131496252034552,0.9956938634023229,4.960523118770519,3.1314962520345517,False,0.003920355902777752,0.005268368237788118,0.004324759603280862,0.0027442491319444266,0.0015805104713364354,26.225229542003945,100,40,3,3,0.9,0.8,0.35,0.25,360.0,108,8.0,0.0,3.364485981308411,0.3,0.9956938634023229,0.9776880397640612
experiment_3_beam_sensitivity,beams_108,simple_room,perception_aware,3,5,2.0,4.5,-1.0,1.9566424061561236,4.485822062978426,-0.9880664530099085,0.999877350912934,0.04561682630475592,0.011933546990091415,True,5.2083333333332984e-05,0.000287352661254824,0.00012266413170978027,3.6458333333333086e-05,8.62057983764472e-05,26.017312915995717,100,40,3,3,0.9,0.8,0.35,0.25,360.0,108,8.0,0.0,3.364485981308411,0.3,0.999877350912934,0.9794713020382791
experiment_3_beam_sensitivity,beams_108,simple_room,perception_aware,3,6,2.0,4.5,-1.0,5.950985200568303,1.4288138075564256,2.1450949082803357,0.9953979395340162,5.004245066317777,3.1380903988992506,False,0.0042664930555555295,0.0054559740170215835,0.004623337343995346,0.0029865451388888706,0.001636792205106475,26.271339041006286,100,40,3,3,0.9,0.8,0.35,0.25,360.0,108,8.0,0.0,3.364485981308411,0.3,0.9953979395340162,0.9761456168845108
experiment_3_beam_sensitivity,beams_108,simple_room,perception_aware,3,7,2.0,4.5,-1.0,1.9438155020261718,4.498949573982705,-0.9899904301408001,0.9997966097394717,0.056194316504330884,0.010009569859199985,True,6.546585648148104e-05,0.0005253517900159951,0.00020343163654183526,4.5826099537036726e-05,0.00015760553700479852,26.1864939579973,100,40,3,3,0.9,0.8,0.35,0.25,360.0,108,8.0,0.0,3.364485981308411,0.3,0.9997966097394717,0.9807134683357883
experiment_3_beam_sensitivity,beams_108,simple_room,perception_aware,3,8,2.0,4.5,-1.0,1.9443580176359476,4.460864907285948,-0.9976782729649996,0.9994144314494102,0.06802636020792961,0.0023217270350004426,True,0.0003016493055555535,0.0012491904271062597,0.0005859116420207654,0.00021115451388888744,0.0003747571281318779,26.138497666994226,100,40,3,3,0.9,0.8,0.35,0.25,360.0,108,8.0,0.0,3.364485981308411,0.3,0.9994144314494102,0.9785589978697665
experiment_3_beam_sensitivity,beams_108,simple_room,perception_aware,3,9,2.0,4.5,-1.0,1.9157840572933473,4.453646113163598,-0.9829914795144097,0.9996457967824034,0.09613016087998712,0.017008520485590317,True,0.0003287760416666644,0.0004139516426781657,0.00035432872197011477,0.00023014322916666506,0.0001241854928034497,26.07931116699183,100,40,3,3,0.9,0.8,0.35,0.25,360.0,108,8.0,0.0,3.364485981308411,0.3,0.9996457967824034,0.9797862221545404
experiment_3_beam_sensitivity,beams_144,simple_room,perception_aware,3,0,2.0,4.5,-1.0,5.889057257298101,1.3544526469021716,2.094403190986173,0.9958103658955347,5.0019230802885986,3.0944031909861724,False,0.00421332465277775,0.004193112438817057,0.004207260988589543,0.0029493272569444252,0.001257933731645117,34.98831024998799,100,40,3,3,0.9,0.8,0.35,0.25,360.0,144,8.0,0.0,2.5174825174825175,0.3,0.9958103658955347,0.976692696357698
experiment_3_beam_sensitivity,beams_144,simple_room,perception_aware,3,1,2.0,4.5,-1.0,2.0394206886693396,4.490824717947475,-1.0077197506275446,0.9998463954445345,0.04047439308882085,0.007719750627544819,True,4.231770833333304e-05,0.0004133525253881114,0.00015362815344976654,2.9622395833333124e-05,0.0001240057576164334,34.958606167012476,100,40,3,3,0.9,0.8,0.35,0.25,360.0,144,8.0,0.0,2.5174825174825175,0.3,0.999780876395037,0.9809207678637789
experiment_3_beam_sensitivity,beams_144,simple_room,perception_aware,3,2,2.0,4.5,-1.0,2.056658373221648,4.479559538442643,-1.0136325986710928,0.9997174241330304,0.060232746283075296,0.013632598671092566,True,0.00011528862847222143,0.0006731789957643246,0.0002826557386598524,8.0702039930555e-05,0.00020195369872929737,34.55865270800132,100,40,3,3,0.9,0.8,0.35,0.25,360.0,144,8.0,0.0,2.5174825174825175,0.3,0.9997174241330304,0.9761335294728043
experiment_3_beam_sensitivity,beams_144,simple_room,perception_aware,3,3,2.0,4.5,-1.0,1.9720030647997708,4.463216219418223,-0.9874176230637149,0.9999504901169384,0.04622634416103148,0.012582376936284945,True,3.119574652777762e-05,9.225103947377068e-05,4.9512334411575535e-05,2.183702256944433e-05,2.7675311842131204e-05,35.10089000000153,100,40,3,3,0.9,0.8,0.35,0.25,360.0,144,8.0,0.0,2.5174825174825175,0.3,0.9999504901169384,0.980001349843436
experiment_3_beam_sensitivity,beams_144,simple_room,perception_aware,3,4,2.0,4.5,-1.0,5.811296148073794,1.3055222900376493,2.118349088884789,0.9957300071568066,4.9729936826592125,3.1183490888847896,False,0.0039632161458333075,0.005046841893148658,0.004288303870027913,0.002774251302083315,0.0015140525679445975,34.52495970801101,100,40,3,3,0.9,0.8,0.35,0.25,360.0,144,8.0,0.0,2.5174825174825175,0.3,0.9957300071568066,0.9783845240745649
experiment_3_beam_sensitivity,beams_144,simple_room,perception_aware,3,5,2.0,4.5,-1.0,2.025696698688748,4.495229459982284,-1.0049109727502388,0.9999053395981982,0.026135768126476326,0.0049109727502387734,True,2.0616319444444306e-05,0.000267459798768804,9.466936324175221e-05,1.4431423611111014e-05,8.02379396306412e-05,36.54961341699527,100,40,3,3,0.9,0.8,0.35,0.25,360.0,144,8.0,0.0,2.5174825174825175,0.3,0.9999053395981982,0.9784069604276503
experiment_3_beam_sensitivity,beams_144,simple_room,perception_aware,3,6,2.0,4.5,-1.0,5.875587482215097,1.3503884106152964,2.1391326066990546,0.9960856713636362,4.994019573078263,3.1391326066990546,False,0.003829752604166642,0.004162946643421953,0.003929710815943235,0.002680826822916649,0.0012488839930265858,34.82698979199631,100,40,3,3,0.9,0.8,0.35,0.25,360.0,144,8.0,0.0,2.5174825174825175,0.3,0.9960856713636362,0.978564259563989
experiment_3_beam_sensitivity,beams_144,simple_room,perception_aware,3,7,2.0,4.5,-1.0,2.0198497613886808,4.525238240503219,-0.9976266863174301,0.9995754908103908,0.032108905476298716,0.0023733136825700996,True,4.421657986111087e-05,0.0013124595609694742,0.0004246894741936198,3.0951605902777606e-05,0.00039373786829084224,35.16348108300008,100,40,3,3,0.9,0.8,0.35,0.25,360.0,144,8.0,0.0,2.5174825174825175,0.3,0.9995754908103908,0.9802966370256767
experiment_3_beam_sensitivity,beams_144,simple_room,perception_aware,3,8,2.0,4.5,-1.0,2.01546479644178,4.454934985866787,-0.9856822010992545,0.9997478063097818,0.047644678903444905,0.014317798900745693,True,4.991319444444419e-05,0.0007243935726949924,0.00025225730791960863,3.4939236111110934e-05,0.00021731807180849771,34.67492258299899,100,40,3,3,0.9,0.8,0.35,0.25,360.0,144,8.0,0.0,2.5174825174825175,0.3,0.9997478063097818,0.9785221452953746
experiment_3_beam_sensitivity,beams_144,simple_room,perception_aware,3,9,2.0,4.5,-1.0,1.9963531512141703,4.498814852364061,-0.9933363708149425,0.999953621125224,0.003834590067488057,0.006663629185057474,True,2.115885416666653e-05,0.00010523275986362539,4.6381025875754185e-05,1.4811197916666569e-05,3.156982795908762e-05,34.67165162500169,100,40,3,3,0.9,0.8,0.35,0.25,360.0,144,8.0,0.0,2.5174825174825175,0.3,0.999953621125224,0.979895586348664
experiment_3_beam_sensitivity,beams_18,simple_room,perception_aware,4,0,6.5,4.8,3.0,6.5065532286409775,4.8184653083401034,2.956751462634954,0.9995896153843115,0.019593683107471872,0.04324853736504597,True,0.00021918402777777686,0.0008570809364017463,0.00041055310036496766,0.0001534288194444438,0.0002571242809205239,3.490046542006894,100,40,3,3,0.9,0.8,0.35,0.25,360.0,18,8.0,0.0,21.176470588235293,0.3,0.9995896153843115,0.9720712964844782
experiment_3_beam_sensitivity,beams_18,simple_room,perception_aware,4,1,6.5,4.8,3.0,6.5086361207374175,4.806539294554936,2.9918866676895033,0.9999332664358914,0.010832587625653848,0.008113332310496713,True,1.0850694444444386e-05,0.00019714177221078857,6.673801777434764e-05,7.595486111111069e-06,5.914253166323657e-05,3.5478815419919556,100,40,3,3,0.9,0.8,0.35,0.25,360.0,18,8.0,0.0,21.176470588235293,0.3,0.9999332664358914,0.9744552953474289
experiment_3_beam_sensitivity,beams_18,simple_room,perception_aware,4,2,6.5,4.8,3.0,1.5954551224363023,1.0690644990287175,-0.1383680829043592,0.997790004680373,6.162340478133624,3.138368082904359,False,0.00032335069444444403,0.006628482435093831,0.00221489021663926,0.0002263454861111108,0.0019885447305281493,3.571357458989951,100,40,3,3,0.9,0.8,0.35,0.25,360.0,18,8.0,0.0,21.176470588235293,0.3,0.997790004680373,0.9732352626845902
experiment_3_beam_sensitivity,beams_18,simple_room,perception_aware,4,3,6.5,4.8,3.0,6.514390151519791,4.750871244975558,3.002991058997516,0.999491236116736,0.05119288066727785,0.0029910589975159496,True,9.982638888888873e-05,0.0014638146116214442,0.0005090228557086553,6.987847222222211e-05,0.00043914438348643324,3.496316582997679,100,40,3,3,0.9,0.8,0.35,0.25,360.0,18,8.0,0.0,21.176470588235293,0.3,0.999491236116736,0.9712664285311747
experiment_3_beam_sensitivity,beams_18,simple_room,perception_aware,4,4,6.5,4.8,3.0,6.503427270268612,4.811248077925435,3.0108004523205123,0.9999539861280724,0.011758632510235815,0.0108004523205123,True,6.51041666666664e-06,0.00013819565878225396,4.601598930134283e-05,4.5572916666666476e-06,4.1458697634676185e-05,3.489506583006005,100,40,3,3,0.9,0.8,0.35,0.25,360.0,18,8.0,0.0,21.176470588235293,0.3,0.9999539861280724,0.974913481764507
experiment_3_beam_sensitivity,beams_18,simple_room,perception_aware,4,5,6.5,4.8,3.0,6.505598573067067,4.815770011287536,2.980518580010492,0.9997952454185521,0.016734314338995183,0.01948141998950792,True,5.425347222222198e-05,0.0005560636130565247,0.0002047965144725128,3.797743055555539e-05,0.0001668190839169574,3.524420582994935,100,40,3,3,0.9,0.8,0.35,0.25,360.0,18,8.0,0.0,21.176470588235293,0.3,0.9997952454185521,0.9696334745589122
experiment_3_beam_sensitivity,beams_18,simple_room,perception_aware,4,6,6.5,4.8,3.0,6.523152694765459,4.847276614949804,2.9852962333147293,0.9996103735736943,0.0526414817042088,0.014703766685270736,True,0.00013454861111111062,0.000985314221505514,0.00038977829422943164,9.418402777777742e-05,0.0002955942664516542,3.4807332920026965,100,40,3,3,0.9,0.8,0.35,0.25,360.0,18,8.0,0.0,21.176470588235293,0.3,0.9996103735736943,0.9723172048721953
experiment_3_beam_sensitivity,beams_18,simple_room,perception_aware,4,7,6.5,4.8,3.0,1.6014755028663576,1.0699424965812763,-0.13195102843038642,0.9978410197994023,6.15701804673567,3.1319510284303864,False,0.000303819444444444,0.006503259567319303,0.0021636514813069014,0.0002126736111111108,0.0019509778701957906,3.611129875003826,100,40,3,3,0.9,0.8,0.35,0.25,360.0,18,8.0,0.0,21.176470588235293,0.3,0.9978410197994023,0.9713655007192323
experiment_3_beam_sensitivity,beams_18,simple_room,perception_aware,4,8,6.5,4.8,3.0,1.5513961886629113,1.1812699353279148,-0.14721399407783586,0.9976602669462539,6.130569872576414,3.1359713131017504,False,0.0003537326388888885,0.006992024652816622,0.0023452202430672086,0.00024761284722222193,0.0020976073958449866,3.6251565420097904,100,40,3,3,0.9,0.8,0.35,0.25,360.0,18,8.0,0.0,21.176470588235293,0.3,0.9976602669462539,0.9745240500886757
experiment_3_beam_sensitivity,beams_18,simple_room,perception_aware,4,9,6.5,4.8,3.0,6.5165569784704624,4.7713817815988255,2.9785362111165514,0.9995904033278369,0.03306260668079073,0.021463788883448576,True,2.3871527777777725e-05,0.0013101814696616042,0.00040976451034292565,1.6710069444444408e-05,0.00039305444089848124,3.508155584000633,100,40,3,3,0.9,0.8,0.35,0.25,360.0,18,8.0,0.0,21.176470588235293,0.3,0.9995904033278369,0.9705712352742901
experiment_3_beam_sensitivity,beams_36,simple_room,perception_aware,4,0,6.5,4.8,3.0,6.541344697966801,4.759157037206486,2.97464074419764,0.9994584245392688,0.05811653516615026,0.025359255802360092,True,6.944444444444419e-05,0.0016441927084399725,0.0005418689236431027,4.8611111111110925e-05,0.0004932578125319918,6.537132625002414,100,40,3,3,0.9,0.8,0.35,0.25,360.0,36,8.0,0.0,10.285714285714286,0.3,0.9994584245392688,0.9749786813660868
experiment_3_beam_sensitivity,beams_36,simple_room,perception_aware,4,1,6.5,4.8,3.0,6.395281986462994,4.8316241964405835,3.025131402021738,0.9993101135356712,0.10938899469164735,0.025131402021738136,True,0.0001584201388888883,0.0019315621300461533,0.0006903627362360677,0.00011089409722222181,0.0005794686390138459,6.554807541004266,100,40,3,3,0.9,0.8,0.35,0.25,360.0,36,8.0,0.0,10.285714285714286,0.3,0.9993101135356712,0.9761675307610829
experiment_3_beam_sensitivity,beams_36,simple_room,perception_aware,4,2,6.5,4.8,3.0,1.6380578614774388,1.062138778945946,-0.10027431530386277,0.998101961603601,6.13270640632674,3.1002743153038628,False,0.0006260850694444419,0.004877960827743334,0.0019016477969341094,0.0004382595486111093,0.0014633882483230001,6.514958457992179,100,40,3,3,0.9,0.8,0.35,0.25,360.0,36,8.0,0.0,10.285714285714286,0.3,0.998101961603601,0.9701545845580374
experiment_3_beam_sensitivity,beams_36,simple_room,perception_aware,4,3,6.5,4.8,3.0,1.6142250430142313,1.0554136076699954,-0.13911833643975985,0.9973672469922298,6.155706635304539,3.13911833643976,False,0.00043185763888888766,0.007791341152508273,0.002639702692974703,0.00030230034722222133,0.002337402345752482,6.678206416007015,100,40,3,3,0.9,0.8,0.35,0.25,360.0,36,8.0,0.0,10.285714285714286,0.3,0.9971235900473422,0.9712967346015289
experiment_3_beam_sensitivity,beams_36,simple_room,perception_aware,4,4,6.5,4.8,3.0,6.489145731685163,4.822031726506176,2.992490217753214,0.9994431376293376,0.024560376900475828,0.007509782246785779,True,5.316840277777755e-05,0.0017331825239823226,0.0005571726391391411,3.721788194444428e-05,0.0005199547571946968,6.542261084003258,100,40,3,3,0.9,0.8,0.35,0.25,360.0,36,8.0,0.0,10.285714285714286,0.3,0.9994431376293376,0.9710822352278485
experiment_3_beam_sensitivity,beams_36,simple_room,perception_aware,4,5,6.5,4.8,3.0,6.413283207064456,4.832194451860689,3.0210868222278897,0.9994263741316594,0.09250018868973303,0.021086822227889712,True,9.54861111111108e-05,0.001690382753526145,0.000573955103835621,6.684027777777756e-05,0.0005071148260578435,6.848351500011631,100,40,3,3,0.9,0.8,0.35,0.25,360.0,36,8.0,0.0,10.285714285714286,0.3,0.9994263741316594,0.9748542099983846
experiment_3_beam_sensitivity,beams_36,simple_room,perception_aware,4,6,6.5,4.8,3.0,1.6834804791366578,1.057290307161517,-0.11863830799894902,0.9971988697821508,6.0997324646024245,3.118638307998949,False,0.0006098090277777762,0.007940440897444714,0.0028089985886778574,0.0004268663194444433,0.002382132269233414,6.593518082998344,100,40,3,3,0.9,0.8,0.35,0.25,360.0,36,8.0,0.0,10.285714285714286,0.3,0.9971988697821508,0.9708312383956396
experiment_3_beam_sensitivity,beams_36,simple_room,perception_aware,4,7,6.5,4.8,3.0,6.4406845757974915,4.810353992916377,3.010727124364778,0.9995061588253794,0.06021233027907084,0.010727124364778184,True,4.34027777777776e-05,0.001545677432596639,0.000494085174223436,3.038194444444432e-05,0.00046370322977899167,6.538035457997466,100,40,3,3,0.9,0.8,0.35,0.25,360.0,36,8.0,0.0,10.285714285714286,0.3,0.9995061588253794,0.9709277880276376
experiment_3_beam_sensitivity,beams_36,simple_room,perception_aware,4,8,6.5,4.8,3.0,1.6315318068661937,1.071508838552228,-0.13970640477031063,0.9972611381757847,6.132179782797444,3.1397064047703105,False,0.0004796006944444431,0.008035544346070532,0.0027463837899322696,0.00033572048611111015,0.0024106633038211596,6.581806124988361,100,40,3,3,0.9,0.8,0.35,0.25,360.0,36,8.0,0.0,10.285714285714286,0.3,0.9972611381757847,0.9759144031845548
experiment_3_beam_sensitivity,beams_36,simple_room,perception_aware,4,9,6.5,4.8,3.0,6.437092416118581,4.831278790199635,3.026887644660143,0.9996709608952385,0.07025472814089116,0.02688764466014293,True,0.00013346354166666604,0.0007857430932096525,0.00032914740712956195,9.342447916666622e-05,0.00023572292796289576,6.497166707995348,100,40,3,3,0.9,0.8,0.35,0.25,360.0,36,8.0,0.0,10.285714285714286,0.3,0.9996709608952385,0.9716879554159676
experiment_3_beam_sensitivity,beams_72,simple_room,perception_aware,4,0,6.5,4.8,3.0,6.497114660282031,4.820220252964209,2.991767970542584,0.9997721142181872,0.020425078095926266,0.008232029457416079,True,6.130642361111077e-05,0.0006167440968394324,0.00022793772557960727,4.291449652777754e-05,0.00018502322905182973,12.225126707999152,100,40,3,3,0.9,0.8,0.35,0.25,360.0,72,8.0,0.0,5.070422535211268,0.3,0.9997721142181872,0.9726195859677275
experiment_3_beam_sensitivity,beams_72,simple_room,perception_aware,4,1,6.5,4.8,3.0,6.454843440567827,4.858646736665731,3.0192300114865676,0.9995844688310814,0.07401725867181944,0.019230011486567555,True,8.029513888888881e-05,0.0011983243654218646,0.0004157039068487815,5.620659722222216e-05,0.0003594973096265594,12.282071624998935,100,40,3,3,0.9,0.8,0.35,0.25,360.0,72,8.0,0.0,5.070422535211268,0.3,0.9995844688310814,0.9756125494806368
experiment_3_beam_sensitivity,beams_72,simple_room,perception_aware,4,2,6.5,4.8,3.0,1.6028945559292669,1.0767172095739863,-0.11628835072510207,0.9983353141369196,6.15178644523928,3.1162883507251022,False,0.00041015624999999847,0.004601174293126194,0.001667461662937857,0.0002871093749999989,0.001380352287937858,12.624418291001348,100,40,3,3,0.9,0.8,0.35,0.25,360.0,72,8.0,0.0,5.070422535211268,0.3,0.9983353141369196,0.9731506302721016
experiment_3_beam_sensitivity,beams_72,simple_room,perception_aware,4,3,6.5,4.8,3.0,6.5358093622396085,4.8325415896343324,3.004827372623157,0.9994946838552836,0.048386625010810626,0.004827372623156911,True,4.2317708333333274e-05,0.001586497407946789,0.00050557161821737,2.962239583333329e-05,0.0004759492223840367,12.514685375004774,100,40,3,3,0.9,0.8,0.35,0.25,360.0,72,8.0,0.0,5.070422535211268,0.3,0.9994946838552836,0.9730820976353793
experiment_3_beam_sensitivity,beams_72,simple_room,perception_aware,4,4,6.5,4.8,3.0,6.485169481882027,4.810786392666662,3.0167343414453116,0.9997695386117238,0.01833822604307625,0.016734341445311607,True,8.300781249999948e-05,0.0005746968140692144,0.00023051451297076392,5.810546874999963e-05,0.0001724090442207643,12.403710124999634,100,40,3,3,0.9,0.8,0.35,0.25,360.0,72,8.0,0.0,5.070422535211268,0.3,0.9997695386117238,0.971551971169162
experiment_3_beam_sensitivity,beams_72,simple_room,perception_aware,4,5,6.5,4.8,3.0,6.500295446519657,4.827753727551113,3.0057946952133463,0.9999460871124206,0.02775530006372479,0.0057946952133463014,True,1.5733506944444437e-05,0.00014300779824840312,5.3915794335632035e-05,1.1013454861111105e-05,4.290233947452093e-05,12.5186936250102,100,40,3,3,0.9,0.8,0.35,0.25,360.0,72,8.0,0.0,5.070422535211268,0.3,0.9999203889406312,0.9704882946413541
experiment_3_beam_sensitivity,beams_72,simple_room,perception_aware,4,6,6.5,4.8,3.0,1.6097294256082268,1.0572874411046107,-0.10898170272243368,0.9983540408441416,6.158136373065744,3.1089817027224336,False,0.0004264322916666653,0.0045005673326280055,0.0016486728039550673,0.00029850260416666567,0.0013501701997884017,12.572887333997642,100,40,3,3,0.9,0.8,0.35,0.25,360.0,72,8.0,0.0,5.070422535211268,0.3,0.9983540408441416,0.9725988670600116
experiment_3_beam_sensitivity,beams_72,simple_room,perception_aware,4,7,6.5,4.8,3.0,1.6099198207868575,1.0572702837698513,-0.07231036473473922,0.9983796009039527,6.1579956063548345,3.072310364734739,False,0.0006575520833333305,0.0038758086417355806,0.0016230290508540053,0.0004602864583333313,0.001162742592520674,12.510424417007016,100,40,3,3,0.9,0.8,0.35,0.25,360.0,72,8.0,0.0,5.070422535211268,0.3,0.9983796009039527,0.9722278080541353
experiment_3_beam_sensitivity,beams_72,simple_room,perception_aware,4,8,6.5,4.8,3.0,1.5490799280181848,1.089018823831463,-0.13329600099142377,0.9985367462110576,6.187325015629099,3.133296000991424,False,0.00020128038194444387,0.004415005902709841,0.001465398038174063,0.0001408962673611107,0.0013245017708129524,12.748960833007004,100,40,3,3,0.9,0.8,0.35,0.25,360.0,72,8.0,0.0,5.070422535211268,0.3,0.9985367462110576,0.9733601174456364
experiment_3_beam_sensitivity,beams_72,simple_room,perception_aware,4,9,6.5,4.8,3.0,6.524491781409058,4.78416323111009,2.991299235423626,0.9995850215657133,0.02916591513156224,0.00870076457637392,True,2.332899305555553e-05,0.0013294013924688385,0.0004151507128795404,1.6330295138888868e-05,0.0003988204177406515,12.324283875001129,100,40,3,3,0.9,0.8,0.35,0.25,360.0,72,8.0,0.0,5.070422535211268,0.3,0.9995706460874096,0.9698065011949314
experiment_3_beam_sensitivity,beams_108,simple_room,perception_aware,4,0,6.5,4.8,3.0,6.482593730459525,4.845735784689613,2.996912920300586,0.999705238416192,0.048936083011315155,0.0030870796994140193,True,9.33159722222219e-05,0.000765091044204547,0.00029484849381691944,6.532118055555532e-05,0.0002295273132613641,17.93362591600453,100,40,3,3,0.9,0.8,0.35,0.25,360.0,108,8.0,0.0,3.364485981308411,0.3,0.999705238416192,0.9745869464198512
experiment_3_beam_sensitivity,beams_108,simple_room,perception_aware,4,1,6.5,4.8,3.0,6.4631999232071315,4.887291545992145,3.0237913357560067,0.9992317986103745,0.09473151351931326,0.02379133575600667,True,0.0001265914351851852,0.002267259906869115,0.0007687919766903642,8.861400462962964e-05,0.0006801779720607345,18.21399858299992,100,40,3,3,0.9,0.8,0.35,0.25,360.0,108,8.0,0.0,3.364485981308411,0.3,0.9992317986103745,0.9715676719927846
experiment_3_beam_sensitivity,beams_108,simple_room,perception_aware,4,2,6.5,4.8,3.0,1.6025826184601717,1.0506290159384164,-0.1348007069604995,0.9981725104666765,6.1678586061234695,3.1348007069604993,False,0.00040581597222222104,0.005155880617453634,0.0018308353657916449,0.0002840711805555547,0.00154676418523609,18.318110499996692,100,40,3,3,0.9,0.8,0.35,0.25,360.0,108,8.0,0.0,3.364485981308411,0.3,0.9981725104666765,0.9719147788586239
experiment_3_beam_sensitivity,beams_108,simple_room,perception_aware,4,3,6.5,4.8,3.0,1.6943103219202247,0.9566430938002815,-0.06423334183597706,0.9976380558766157,6.153539273494204,3.064233341835977,False,0.0009664351851851826,0.005636771605866587,0.002367536111389604,0.0006765046296296278,0.0016910314817599763,18.594910708998214,100,40,3,3,0.9,0.8,0.35,0.25,360.0,108,8.0,0.0,3.364485981308411,0.3,0.9976380558766157,0.9720371955035709
experiment_3_beam_sensitivity,beams_108,simple_room,perception_aware,4,4,6.5,4.8,3.0,1.6395724083314864,1.023977120371767,-0.0926398900524966,0.9982284868001348,6.154844040374092,3.0926398900524967,False,0.0005164930555555542,0.004710372964423553,0.0017746570282159537,0.0003615451388888879,0.0014131118893270659,18.639737875011633,100,40,3,3,0.9,0.8,0.35,0.25,360.0,108,8.0,0.0,3.364485981308411,0.3,0.9982284868001348,0.9753293653690074
experiment_3_beam_sensitivity,beams_108,simple_room,perception_aware,4,5,6.5,4.8,3.0,6.53414431339492,4.782113960513104,2.9746758323189453,0.9993512273587664,0.03854535699325327,0.02532416768105472,True,0.00012948495370370295,0.0018618478427684364,0.0006491938204231229,9.063946759259206e-05,0.0005585543528305309,18.437365666992264,100,40,3,3,0.9,0.8,0.35,0.25,360.0,108,8.0,0.0,3.364485981308411,0.3,0.9993512273587664,0.973533582859653
experiment_3_beam_sensitivity,beams_108,simple_room,perception_aware,4,6,6.5,4.8,3.0,1.6435927499070633,1.0575125536321766,-0.09421469521229067,0.9981384112385295,6.131142117499478,3.094214695212291,False,0.0005855758101851832,0.004850525568164167,0.0018650607375788782,0.0004099030671296282,0.00145515767044925,18.849443082988728,100,40,3,3,0.9,0.8,0.35,0.25,360.0,108,8.0,0.0,3.364485981308411,0.3,0.9981384112385295,0.9697656209462922
experiment_3_beam_sensitivity,beams_108,simple_room,perception_aware,4,7,6.5,4.8,3.0,1.58702307857459,1.0673017191999288,-0.13907794070233637,0.9982588633405347,6.170119827519277,3.1390779407023364,False,0.0003573495370370359,0.0049800960932252294,0.001744173503893494,0.00025014467592592514,0.0014940288279675687,18.817041625006823,100,40,3,3,0.9,0.8,0.35,0.25,360.0,108,8.0,0.0,3.364485981308411,0.3,0.9982588633405347,0.9743904421641392
experiment_3_beam_sensitivity,beams_108,simple_room,perception_aware,4,8,6.5,4.8,3.0,1.596215074103878,1.058671800746783,-0.12948713103496656,0.99828207641528,6.168033989365927,3.1294871310349666,False,0.0003522858796296286,0.004914266030629322,0.0017208799249295364,0.00024660011574074,0.0014742798091887965,18.682554125000024,100,40,3,3,0.9,0.8,0.35,0.25,360.0,108,8.0,0.0,3.364485981308411,0.3,0.9980671845984131,0.9748943153143709
experiment_3_beam_sensitivity,beams_108,simple_room,perception_aware,4,9,6.5,4.8,3.0,6.544594140883828,4.791296864069847,2.9688218509074895,0.9992252489663684,0.04543547046290417,0.031178149092510488,True,0.00021629050925925792,0.002079827939035692,0.0007753517381921881,0.00015140335648148052,0.0006239483817107076,18.077995667001233,100,40,3,3,0.9,0.8,0.35,0.25,360.0,108,8.0,0.0,3.364485981308411,0.3,0.9992252489663684,0.9706944283691638
experiment_3_beam_sensitivity,beams_144,simple_room,perception_aware,4,0,6.5,4.8,3.0,6.498323520908461,4.845531232937335,3.0090082375627594,0.9995763351263787,0.04556208681500665,0.00900823756275937,True,3.417968749999999e-05,0.0013330622012438908,0.00042384444162316717,2.392578124999999e-05,0.0003999186603731672,24.045186792005552,100,40,3,3,0.9,0.8,0.35,0.25,360.0,144,8.0,0.0,2.5174825174825175,0.3,0.9995763351263787,0.9743834164667007
experiment_3_beam_sensitivity,beams_144,simple_room,perception_aware,4,1,6.5,4.8,3.0,6.449742775391324,4.8732681884912505,3.015564445382568,0.9995363154465633,0.08884827556096034,0.01556444538256807,True,9.19596354166667e-05,0.0013317597058338908,0.0004638996565418339,6.437174479166669e-05,0.0003995279117501672,23.988501791012823,100,40,3,3,0.9,0.8,0.35,0.25,360.0,144,8.0,0.0,2.5174825174825175,0.3,0.9995363154465633,0.9741905862144808
experiment_3_beam_sensitivity,beams_144,simple_room,perception_aware,4,2,6.5,4.8,3.0,1.6509650399816875,1.017591988012487,-0.10926168655067503,0.9977665649424577,6.149776452248254,3.109261686550675,False,0.0005289713541666655,0.006227181692042409,0.0022384344555293886,0.00037027994791666584,0.0018681545076127226,24.6069287089922,100,40,3,3,0.9,0.8,0.35,0.25,360.0,144,8.0,0.0,2.5174825174825175,0.3,0.9974967275041957,0.9701023467121016
experiment_3_beam_sensitivity,beams_144,simple_room,perception_aware,4,3,6.5,4.8,3.0,1.630444381117647,1.0262064017977786,-0.11649552605239254,0.9978325426768969,6.160689088667012,3.1164955260523923,False,0.0004535590277777768,0.0061822469315317265,0.0021721653989039617,0.00031749131944444376,0.001854674079459518,25.20792945800349,100,40,3,3,0.9,0.8,0.35,0.25,360.0,144,8.0,0.0,2.5174825174825175,0.3,0.9978325426768969,0.9717749841032677
experiment_3_beam_sensitivity,beams_144,simple_room,perception_aware,4,4,6.5,4.8,3.0,1.640015541217027,1.0523418616986941,-0.11257066248561044,0.9981157738959796,6.137132103938129,3.1125706624856107,False,0.00047092013888888753,0.005193796723402317,0.0018877831142429162,0.00032964409722222124,0.001558139017020695,24.502579541993327,100,40,3,3,0.9,0.8,0.35,0.25,360.0,144,8.0,0.0,2.5174825174825175,0.3,0.9981157738959796,0.9705492455203448
experiment_3_beam_sensitivity,beams_144,simple_room,perception_aware,4,5,6.5,4.8,3.0,6.527555307215728,4.77848935231001,2.980337601158665,0.9994524053998253,0.03495715834841288,0.019662398841334916,True,7.432725694444404e-05,0.0016528851481712244,0.0005478946243124782,5.202907986111083e-05,0.0004958655444513673,24.512751041998854,100,40,3,3,0.9,0.8,0.35,0.25,360.0,144,8.0,0.0,2.5174825174825175,0.3,0.9994524053998253,0.9736665286275452
experiment_3_beam_sensitivity,beams_144,simple_room,perception_aware,4,6,6.5,4.8,3.0,1.6444913049600915,1.023196728648572,-0.10430727363355005,0.9978393310894057,6.151439476910994,3.10430727363355,False,0.0004972330729166655,0.006057614528657926,0.0021653475096390434,0.0003480631510416658,0.0018172843585973777,25.104533166013425,100,40,3,3,0.9,0.8,0.35,0.25,360.0,144,8.0,0.0,2.5174825174825175,0.3,0.9978393310894057,0.9748374163981773
experiment_3_beam_sensitivity,beams_144,simple_room,perception_aware,4,7,6.5,4.8,3.0,1.6280407763898868,1.0292612645209158,-0.1204721129289288,0.9978413729804907,6.160718893746253,3.120472112928929,False,0.0004397243923611102,0.0061849656523875725,0.002163296770369049,0.0003078070746527771,0.0018554896957162716,24.633221500000218,100,40,3,3,0.9,0.8,0.35,0.25,360.0,144,8.0,0.0,2.5174825174825175,0.3,0.9978413729804907,0.9688952229045816
experiment_3_beam_sensitivity,beams_144,simple_room,perception_aware,4,8,6.5,4.8,3.0,1.6201406027298273,1.0533728694882878,-0.12679866527128492,0.9978367268705274,6.152255081855143,3.126798665271285,False,0.00041015624999999885,0.006269512168772679,0.0021679630256318024,0.00028710937499999917,0.0018808536506318035,24.837483790994156,100,40,3,3,0.9,0.8,0.35,0.25,360.0,144,8.0,0.0,2.5174825174825175,0.3,0.9978367268705274,0.9735611891541884
experiment_3_beam_sensitivity,beams_144,simple_room,perception_aware,4,9,6.5,4.8,3.0,6.49202665622296,4.830542953693848,3.009945789707263,0.9996287683370687,0.03156653657485106,0.009945789707262787,True,2.0345052083333322e-05,0.0011904266353339119,0.0003713695270585069,1.4241536458333325e-05,0.00035712799060017356,24.214637459008372,100,40,3,3,0.9,0.8,0.35,0.25,360.0,144,8.0,0.0,2.5174825174825175,0.3,0.9996287683370687,0.9721492766892623
experiment_3_beam_sensitivity,beams_18,complex_room,perception_aware,0,0,1.0,1.6,0.0,5.039244077404382,4.072665256462225,3.1131934836959774,0.9937967148389192,4.735986295098602,3.1131934836959774,False,0.0032638888888888856,0.013190946275682158,0.006242006104926867,0.0022847222222222197,0.003957283882704647,2.958399000010104,100,40,3,3,0.9,0.8,0.35,0.25,360.0,18,8.0,0.0,21.176470588235293,0.3,0.9937967148389192,0.9743545948279335
experiment_3_beam_sensitivity,beams_18,complex_room,perception_aware,0,1,1.0,1.6,0.0,1.1079620921395046,1.5572160383275948,0.030874297569713605,0.9992810763275785,0.11613044697892419,0.030874297569713605,True,0.00013454861111111103,0.0020841895591144992,0.0007194408955121275,9.418402777777771e-05,0.0006252568677343498,2.816197749998537,100,40,3,3,0.9,0.8,0.35,0.25,360.0,18,8.0,0.0,21.176470588235293,0.3,0.9992810763275785,0.9710184060809611
experiment_3_beam_sensitivity,beams_18,complex_room,perception_aware,0,2,1.0,1.6,0.0,1.0643054811763286,1.6960220860451733,-0.02542718854639281,0.9980071734290618,0.1155657212056664,0.02542718854639281,True,0.00015624999999999976,0.006291436195701627,0.0019968058587104876,0.00010937499999999983,0.001887430858710488,2.971126375006861,100,40,3,3,0.9,0.8,0.35,0.25,360.0,18,8.0,0.0,21.176470588235293,0.3,0.9980071734290618,0.9661788891688468
experiment_3_beam_sensitivity,beams_18,complex_room,perception_aware,0,3,1.0,1.6,0.0,5.1713214842400514,3.721829375883902,2.1939417615798806,0.9939162807892374,4.6799661136857065,2.1939417615798806,False,0.006467013888888876,0.005313492248813335,0.006120957396866214,0.004526909722222213,0.0015940476746440005,3.0401490410004044,100,40,3,3,0.9,0.8,0.35,0.25,360.0,18,8.0,0.0,21.176470588235293,0.3,0.9939162807892374,0.9723244919884928
experiment_3_beam_sensitivity,beams_18,complex_room,perception_aware,0,4,1.0,1.6,0.0,5.215955310573153,3.6940159016025857,2.1764884801163067,0.9934606319513131,4.707354010154161,2.1764884801163067,False,0.00673394097222221,0.0062288472951028675,0.006582412869086406,0.004713758680555546,0.0018686541885308602,3.0159603749925736,100,40,3,3,0.9,0.8,0.35,0.25,360.0,18,8.0,0.0,21.176470588235293,0.3,0.9934606319513131,0.9714538998051347
experiment_3_beam_sensitivity,beams_18,complex_room,perception_aware,0,5,1.0,1.6,0.0,5.180744594874921,3.6370486813804055,2.162709842490792,0.9932644684916961,4.6506120777688515,2.1627098424907913,False,0.006249999999999988,0.008020688462029793,0.00678120653860893,0.004374999999999992,0.0024062065386089375,3.0241683749918593,100,40,3,3,0.9,0.8,0.35,0.25,360.0,18,8.0,0.0,21.176470588235293,0.3,0.9932644684916961,0.9726672992633503
experiment_3_beam_sensitivity,beams_18,complex_room,perception_aware,0,6,1.0,1.6,0.0,1.0261575508583027,1.601404349336624,-0.009831716527938876,0.9995563722150907,0.026195222159087903,0.009831716527938905,True,2.8211805555555473e-05,0.0014135880465969118,0.00044382467786796234,1.974826388888883e-05,0.0004240764139790735,2.8671436660079053,100,40,3,3,0.9,0.8,0.35,0.25,360.0,18,8.0,0.0,21.176470588235293,0.3,0.9995563722150907,0.9730971120907388
experiment_3_beam_sensitivity,beams_18,complex_room,perception_aware,0,7,1.0,1.6,0.0,5.172299941791867,3.623602578440278,2.1666550689570987,0.9939220290026682,4.6371385788810064,2.1666550689570983,False,0.006182725694444433,0.005957435488246996,0.006115138632585202,0.004327907986111103,0.0017872306464740988,3.005323542005499,100,40,3,3,0.9,0.8,0.35,0.25,360.0,18,8.0,0.0,21.176470588235293,0.3,0.9939220290026682,0.9719294610250035
experiment_3_beam_sensitivity,beams_18,complex_room,perception_aware,0,8,1.0,1.6,0.0,5.016722959502634,3.953341063394047,3.076289001615275,0.9951333172036996,4.655349341784376,3.076289001615275,False,0.003582899305555552,0.007941512376658277,0.004890483226886369,0.002508029513888886,0.002382453712997483,2.955897334002657,100,40,3,3,0.9,0.8,0.35,0.25,360.0,18,8.0,0.0,21.176470588235293,0.3,0.9951333172036996,0.9729159253850526
experiment_3_beam_sensitivity,beams_18,complex_room,perception_aware,0,9,1.0,1.6,0.0,5.021645499434499,3.919850776499996,3.064240874965984,0.9950961453939657,4.642772894332587,3.064240874965984,False,0.0038758680555555525,0.0073830442171814,0.004928020904043306,0.0027131076388888864,0.00221491326515442,3.0057147909974447,100,40,3,3,0.9,0.8,0.35,0.25,360.0,18,8.0,0.0,21.176470588235293,0.3,0.9950961453939657,0.9726343167850042
experiment_3_beam_sensitivity,beams_36,complex_room,perception_aware,0,0,1.0,1.6,0.0,0.9731113834389037,1.6445337567709226,0.01135429361562969,0.999536720867496,0.05202166080299005,0.011354293615629896,True,9.114583333333324e-05,0.0013323059206793015,0.0004634938595371237,6.380208333333327e-05,0.0003996917762037904,5.230012375002843,100,40,3,3,0.9,0.8,0.35,0.25,360.0,36,8.0,0.0,10.285714285714286,0.3,0.999536720867496,0.9860613861202774
experiment_3_beam_sensitivity,beams_36,complex_room,perception_aware,0,1,1.0,1.6,0.0,0.9971518444868342,1.601004290804745,0.0025431178101710406,0.9999758012142801,0.003020031431570164,0.002543117810171136,True,4.340277777777757e-06,7.053725623568559e-05,2.4199371315150105e-05,3.0381944444444294e-06,2.1161176870705676e-05,5.2153845409920905,100,40,3,3,0.9,0.8,0.35,0.25,360.0,36,8.0,0.0,10.285714285714286,0.3,0.9999758012142801,0.9856449124359163
experiment_3_beam_sensitivity,beams_36,complex_room,perception_aware,0,2,1.0,1.6,0.0,0.9715769204798461,1.6235705469667083,-0.018454943204135356,0.9998887277973991,0.03692481731462987,0.018454943204135432,True,2.604166666666664e-05,0.0003101847293841692,0.00011128458548191741,1.8229166666666648e-05,9.305541881525076e-05,5.187219875006122,100,40,3,3,0.9,0.8,0.35,0.25,360.0,36,8.0,0.0,10.285714285714286,0.3,0.9998887277973991,0.9839479753099596
experiment_3_beam_sensitivity,beams_36,complex_room,perception_aware,0,3,1.0,1.6,0.0,5.302288998801991,3.024796126458876,1.9573906240237546,0.9918466678891817,4.532078400820628,1.9573906240237546,False,0.008589409722222203,0.007359228642984454,0.008220355398450879,0.006012586805555542,0.002207768592895336,5.346240540995495,100,40,3,3,0.9,0.8,0.35,0.25,360.0,36,8.0,0.0,10.285714285714286,0.3,0.9918466678891817,0.976481851724535
experiment_3_beam_sensitivity,beams_36,complex_room,perception_aware,0,4,1.0,1.6,0.0,0.9112121372407218,1.6017792696126463,-0.035325921298947495,0.9994328773536537,0.08880568885896278,0.03532592129894763,True,0.0006369357638888896,0.0004052980740870046,0.0005674444569483241,0.00044585503472222265,0.00012158942222610138,5.219215000004624,100,40,3,3,0.9,0.8,0.35,0.25,360.0,36,8.0,0.0,10.285714285714286,0.3,0.9994328773536537,0.9841046917896886
experiment_3_beam_sensitivity,beams_36,complex_room,perception_aware,0,5,1.0,1.6,0.0,5.2481905600961865,4.227023591434066,2.5183501450601558,0.991985910556959,4.994834930690051,2.5183501450601558,False,0.008147786458333316,0.007917944733350212,0.008078833940838385,0.0057034505208333214,0.0023753834200050633,5.291834374991595,100,40,3,3,0.9,0.8,0.35,0.25,360.0,36,8.0,0.0,10.285714285714286,0.3,0.991985910556959,0.979162894374949
experiment_3_beam_sensitivity,beams_36,complex_room,perception_aware,0,6,1.0,1.6,0.0,0.9716057341170258,1.632458519326656,-0.006124278537877482,0.9998900261074792,0.0431252804270527,0.006124278537877448,True,3.25520833333333e-05,0.0002906650992484094,0.00010998598810785613,2.2786458333333307e-05,8.719952977452282e-05,5.180986250008573,100,40,3,3,0.9,0.8,0.35,0.25,360.0,36,8.0,0.0,10.285714285714286,0.3,0.9998900261074792,0.9822328756935735
experiment_3_beam_sensitivity,beams_36,complex_room,perception_aware,0,7,1.0,1.6,0.0,0.9669328233820979,1.6414637801779284,-0.005625097568880432,0.9999124996203863,0.05303473612758994,0.0056250975688802995,True,4.448784722222221e-05,0.00018788847848157675,8.750803660002857e-05,3.114149305555554e-05,5.636654354447302e-05,5.203876416999265,100,40,3,3,0.9,0.8,0.35,0.25,360.0,36,8.0,0.0,10.285714285714286,0.3,0.9999124996203863,0.9843337225771619
experiment_3_beam_sensitivity,beams_36,complex_room,perception_aware,0,8,1.0,1.6,0.0,0.9861077327563792,1.6431744570871825,0.0026793497908325073,0.999870985861099,0.04535447975604099,0.002679349790832397,True,4.9913194444444413e-05,0.00031363849861835877,0.00012903078569661872,3.493923611111109e-05,9.409154958550763e-05,5.108538917003898,100,40,3,3,0.9,0.8,0.35,0.25,360.0,36,8.0,0.0,10.285714285714286,0.3,0.999870985861099,0.9834396631170559
experiment_3_beam_sensitivity,beams_36,complex_room,perception_aware,0,9,1.0,1.6,0.0,0.9802795619798104,1.6323144305040311,-0.015951869924248227,0.9999210606281552,0.03785654625699488,0.01595186992424802,True,2.604166666666665e-05,0.00020238812364812309,7.894560376110358e-05,1.8229166666666655e-05,6.0716437094436925e-05,5.071541792000062,100,40,3,3,0.9,0.8,0.35,0.25,360.0,36,8.0,0.0,10.285714285714286,0.3,0.9999210606281552,0.984150910096594
experiment_3_beam_sensitivity,beams_72,complex_room,perception_aware,0,0,1.0,1.6,0.0,1.0510187686449612,1.6134281910459305,0.016029876268014664,0.9996542810264534,0.05275633676454503,0.016029876268014664,True,0.000321723090277778,0.0004021079109869623,0.00034583853649053326,0.00022520616319444457,0.0001206323732960887,9.478029249992687,100,40,3,3,0.9,0.8,0.35,0.25,360.0,72,8.0,0.0,5.070422535211268,0.3,0.9996542810264534,0.9870586399300139
experiment_3_beam_sensitivity,beams_72,complex_room,perception_aware,0,1,1.0,1.6,0.0,1.0176622390981198,1.6035019176101537,-0.0006309873341866232,0.9999379968543,0.018006057783630937,0.0006309873341865391,True,9.223090277777761e-06,0.00018516942378008633,6.200699032847033e-05,6.4561631944444325e-06,5.55508271340259e-05,9.61174058400502,100,40,3,3,0.9,0.8,0.35,0.25,360.0,72,8.0,0.0,5.070422535211268,0.3,0.9999379968543,0.9860480015391971
experiment_3_beam_sensitivity,beams_72,complex_room,perception_aware,0,2,1.0,1.6,0.0,0.9966551558308283,1.6046273559232418,-0.0011966444563267231,0.999939822649166,0.005709676466876381,0.0011966444563267231,True,7.052951388888886e-06,0.00018414635464429792,6.01809723655116e-05,4.93706597222222e-06,5.5243906393289376e-05,9.475177166008507,100,40,3,3,0.9,0.8,0.35,0.25,360.0,72,8.0,0.0,5.070422535211268,0.3,0.999939822649166,0.9866125320571968
experiment_3_beam_sensitivity,beams_72,complex_room,perception_aware,0,3,1.0,1.6,0.0,0.9882620794425936,1.6195700899668743,-0.003501783449636257,0.9999028568117111,0.022820324281734836,0.003501783449636253,True,1.8446180555555532e-05,0.0002808009987193272,9.715262600468702e-05,1.2912326388888872e-05,8.424029961579815e-05,9.49045870899863,100,40,3,3,0.9,0.8,0.35,0.25,360.0,72,8.0,0.0,5.070422535211268,0.3,0.9999028568117111,0.987857858550224
experiment_3_beam_sensitivity,beams_72,complex_room,perception_aware,0,4,1.0,1.6,0.0,7.304632906289048,2.6814819740397646,1.4823537884186484,0.9921656471976145,6.3967178570916845,1.4823537884186484,False,0.008612738715277738,0.00622432477381622,0.007896214532839282,0.006028917100694416,0.0018672974321448659,8.769253917009337,100,40,3,3,0.9,0.8,0.35,0.25,360.0,72,8.0,0.0,5.070422535211268,0.3,0.9921656471976145,0.9802607502768531
experiment_3_beam_sensitivity,beams_72,complex_room,perception_aware,0,5,1.0,1.6,0.0,0.9744497328362343,1.6029689035426535,0.000829164931309743,0.9994422062663978,0.02572217993066268,0.0008291649313099114,True,0.00027994791666666695,0.001207138331433678,0.0005581050410967702,0.00019596354166666685,0.0003621414994301034,9.671369750009035,100,40,3,3,0.9,0.8,0.35,0.25,360.0,72,8.0,0.0,5.070422535211268,0.3,0.9994422062663978,0.9871778442615602
experiment_3_beam_sensitivity,beams_72,complex_room,perception_aware,0,6,1.0,1.6,0.0,0.9513191894335377,1.6307226832717172,-0.01998836942965773,0.9997604606619054,0.057564785979121284,0.01998836942965765,True,0.00030273437500000027,9.227556145681205e-05,0.00023959673093704382,0.0002119140625000002,2.7682668437043614e-05,9.585665457998402,100,40,3,3,0.9,0.8,0.35,0.25,360.0,72,8.0,0.0,5.070422535211268,0.3,0.9997604606619054,0.9879046900488706
experiment_3_beam_sensitivity,beams_72,complex_room,perception_aware,0,7,1.0,1.6,0.0,1.0116252835689734,1.6037025981299213,0.0016246055153053332,0.9999529836481793,0.01220067420148327,0.0016246055153055217,True,5.96788194444443e-06,0.00014280348366900916,4.701856246181385e-05,4.177517361111101e-06,4.2841045100702746e-05,9.605978124993271,100,40,3,3,0.9,0.8,0.35,0.25,360.0,72,8.0,0.0,5.070422535211268,0.3,0.9999529836481793,0.9866624744336951
experiment_3_beam_sensitivity,beams_72,complex_room,perception_aware,0,8,1.0,1.6,0.0,7.327909340027725,2.662955034735421,1.4712012348943826,0.9919127085049719,6.416565282258063,1.4712012348943828,False,0.008756510416666625,0.006745572477306808,0.00815322903485868,0.006129557291666637,0.002023671743192042,8.779828291997546,100,40,3,3,0.9,0.8,0.35,0.25,360.0,72,8.0,0.0,5.070422535211268,0.3,0.9919127085049719,0.9808181565208878
experiment_3_beam_sensitivity,beams_72,complex_room,perception_aware,0,9,1.0,1.6,0.0,5.274967669681539,3.117417657930153,1.9323180229644465,0.9921869894669945,4.536287570846962,1.9323180229644468,False,0.00849717881944442,0.006421697264119242,0.007874534352846865,0.005948025173611093,0.0019265091792357724,9.801822499997797,100,40,3,3,0.9,0.8,0.35,0.25,360.0,72,8.0,0.0,5.070422535211268,0.3,0.9921869894669945,0.9786083848771665
experiment_3_beam_sensitivity,beams_108,complex_room,perception_aware,0,0,1.0,1.6,0.0,1.0002157406756431,1.6099506116394269,0.02508283011979221,0.9995054415049663,0.00995295011731812,0.025082830119792288,True,0.0002329282407407408,0.0011058447854768374,0.0004948032041615697,0.00016304976851851853,0.0003317534356430512,14.096790332987439,100,40,3,3,0.9,0.8,0.35,0.25,360.0,108,8.0,0.0,3.364485981308411,0.3,0.9995054415049663,0.9876744716658158
experiment_3_beam_sensitivity,beams_108,complex_room,perception_aware,0,1,1.0,1.6,0.0,0.9849423370041213,1.619169685512151,-0.0043206998416659365,0.9999534150399293,0.0243764242154632,0.0043206998416658315,True,1.6276041666666636e-05,0.00011731300387860198,4.658713033024724e-05,1.1393229166666645e-05,3.519390116358059e-05,14.0519483340031,100,40,3,3,0.9,0.8,0.35,0.25,360.0,108,8.0,0.0,3.364485981308411,0.3,0.9999534150399293,0.9868407812720582
experiment_3_beam_sensitivity,beams_108,complex_room,perception_aware,0,2,1.0,1.6,0.0,2.420921501888805,4.936539488681412,-0.9621476661650937,0.9918263188274139,3.6265015750803626,0.9621476661650936,False,0.010396773726851823,0.0032109973464111183,0.00824104081271961,0.0072777416087962754,0.0009632992039233354,14.355840375006665,100,40,3,3,0.9,0.8,0.35,0.25,360.0,108,8.0,0.0,3.364485981308411,0.3,0.9918263188274139,0.9794675638947008
experiment_3_beam_sensitivity,beams_108,complex_room,perception_aware,0,3,1.0,1.6,0.0,5.26565271818575,3.0613676835181245,1.8984806414148094,0.9923253429978338,4.509034111491796,1.8984806414148094,False,0.007962239583333313,0.007201483966928622,0.007734012898411906,0.005573567708333319,0.0021604451900785865,14.92266829100845,100,40,3,3,0.9,0.8,0.35,0.25,360.0,108,8.0,0.0,3.364485981308411,0.3,0.9923253429978338,0.9802685052260293
experiment_3_beam_sensitivity,beams_108,complex_room,perception_aware,0,4,1.0,1.6,0.0,1.0083926604490538,1.6110836335135081,0.015990806796168044,0.9997752979335316,0.013902650152933847,0.015990806796168044,True,0.00020471643518518533,0.00027150354735164424,0.00022475256883512299,0.00014330150462962972,8.145106420549327e-05,13.94047179199697,100,40,3,3,0.9,0.8,0.35,0.25,360.0,108,8.0,0.0,3.364485981308411,0.3,0.9997752979335316,0.9869774118114174
experiment_3_beam_sensitivity,beams_108,complex_room,perception_aware,0,5,1.0,1.6,0.0,5.287362974742346,3.0189392728868594,1.8934542949684432,0.9924323271685321,4.516067973063761,1.8934542949684428,False,0.008005280671296276,0.006738942455370631,0.007625379206518582,0.0056036964699073925,0.0020216827366111895,14.434689749992685,100,40,3,3,0.9,0.8,0.35,0.25,360.0,108,8.0,0.0,3.364485981308411,0.3,0.9924323271685321,0.9809887667055606
experiment_3_beam_sensitivity,beams_108,complex_room,perception_aware,0,6,1.0,1.6,0.0,1.0171837844053524,1.6260702483967036,0.00919000325215984,0.9997500837687107,0.031224033979539736,0.009190003252159684,True,0.00021303530092592603,0.00033617998125668076,0.00024997870502515245,0.0001491247106481482,0.00010085399437700423,14.063031249999767,100,40,3,3,0.9,0.8,0.35,0.25,360.0,108,8.0,0.0,3.364485981308411,0.3,0.9997500837687107,0.9864591852431918
experiment_3_beam_sensitivity,beams_108,complex_room,perception_aware,0,7,1.0,1.6,0.0,0.9925128987619164,1.61242475903961,-0.0021568559139288393,0.9999568769730568,0.01450625114016985,0.00215685591392889,True,8.68055555555554e-06,0.00012349499243349826,4.312488661893836e-05,6.0763888888888775e-06,3.704849773004948e-05,14.089292500008014,100,40,3,3,0.9,0.8,0.35,0.25,360.0,108,8.0,0.0,3.364485981308411,0.3,0.9999568769730568,0.9866331042393551
experiment_3_beam_sensitivity,beams_108,complex_room,perception_aware,0,8,1.0,1.6,0.0,1.0255619757888361,1.624197533970407,0.004542600262962931,0.9994486423912603,0.03519851213443596,0.004542600262962715,True,0.00020580150462962978,0.0013586690613811893,0.0005516617716550976,0.00014406105324074082,0.00040760071841435675,13.896626542002195,100,40,3,3,0.9,0.8,0.35,0.25,360.0,108,8.0,0.0,3.364485981308411,0.3,0.9994486423912603,0.9874612572074044
experiment_3_beam_sensitivity,beams_108,complex_room,perception_aware,0,9,1.0,1.6,0.0,0.932316629842087,1.6252928132762894,-0.015519912972628096,0.9996768464287196,0.0722548614237292,0.015519912972628003,True,0.00042028356481481517,9.686512632673244e-05,0.00032325803326839036,0.0002941984953703706,2.9059537898019733e-05,14.04807966700173,100,40,3,3,0.9,0.8,0.35,0.25,360.0,108,8.0,0.0,3.364485981308411,0.3,0.9996768464287196,0.9864442809100396
experiment_3_beam_sensitivity,beams_144,complex_room,perception_aware,0,0,1.0,1.6,0.0,0.9574559673061916,1.6263899659148293,-0.015656170605101733,0.9997431560188389,0.05006420896047078,0.015656170605101938,True,0.0002951388888888892,0.00016770914905866758,0.0002569099669398227,0.00020659722222222244,5.031274471760027e-05,18.45680345800065,100,40,3,3,0.9,0.8,0.35,0.25,360.0,144,8.0,0.0,2.5174825174825175,0.3,0.9997431560188389,0.9873549651711241
experiment_3_beam_sensitivity,beams_144,complex_room,perception_aware,0,1,1.0,1.6,0.0,0.9609254573051905,1.6162966646087877,-0.016277961877435253,0.9997562787370968,0.04233675901837315,0.016277961877435132,True,0.00028917100694444476,0.00013786990858894883,0.000243780677437796,0.00020241970486111133,4.136097257668465e-05,18.49260837500333,100,40,3,3,0.9,0.8,0.35,0.25,360.0,144,8.0,0.0,2.5174825174825175,0.3,0.9997562787370968,0.9875110221653807
experiment_3_beam_sensitivity,beams_144,complex_room,perception_aware,0,2,1.0,1.6,0.0,5.389578731011129,3.042024384627564,1.933128592583611,0.9917462026348879,4.620371820709431,1.9331285925836106,False,0.009003906249999976,0.006732517106922611,0.008322489507076767,0.006302734374999983,0.0020197551320767834,19.243504666999797,100,40,3,3,0.9,0.8,0.35,0.25,360.0,144,8.0,0.0,2.5174825174825175,0.3,0.9917462026348879,0.9806785477816878
experiment_3_beam_sensitivity,beams_144,complex_room,perception_aware,0,3,1.0,1.6,0.0,5.265957682474879,3.077004307230365,1.8687075758831682,0.9923262591231846,4.514414322173308,1.8687075758831684,False,0.008031955295138865,0.007035712806247123,0.007733082548471342,0.005622368706597205,0.002110713841874137,19.22858070899383,100,40,3,3,0.9,0.8,0.35,0.25,360.0,144,8.0,0.0,2.5174825174825175,0.3,0.9923262591231846,0.9807602671846968
experiment_3_beam_sensitivity,beams_144,complex_room,perception_aware,0,4,1.0,1.6,0.0,0.9571700595697141,1.6400262418506553,-0.03347525634432102,0.9992319147929232,0.058621701049602584,0.033475256344321025,True,0.0004397243923611116,0.0015362284693110238,0.0007686756154460853,0.0003078070746527781,0.00046086854079330713,18.05225233400415,100,40,3,3,0.9,0.8,0.35,0.25,360.0,144,8.0,0.0,2.5174825174825175,0.3,0.9992319147929232,0.9861128724973259
experiment_3_beam_sensitivity,beams_144,complex_room,perception_aware,0,5,1.0,1.6,0.0,5.322598871316676,3.0562141253863597,1.934793852495046,0.9926512291391592,4.561295932219588,1.934793852495046,False,0.008835177951388865,0.0040618351076951754,0.007403175098280758,0.006184624565972205,0.0012185505323085526,19.2094142499991,100,40,3,3,0.9,0.8,0.35,0.25,360.0,144,8.0,0.0,2.5174825174825175,0.3,0.9926512291391592,0.97960577244743
experiment_3_beam_sensitivity,beams_144,complex_room,perception_aware,0,6,1.0,1.6,0.0,0.937545896839277,1.61950396045251,-0.021525418832663235,0.9996272595002214,0.06542873585010872,0.021525418832663235,True,0.0004494900173611116,0.0001941215830407834,0.0003728794870650131,0.0003146430121527781,5.823647491223502e-05,18.539445250004064,100,40,3,3,0.9,0.8,0.35,0.25,360.0,144,8.0,0.0,2.5174825174825175,0.3,0.9996272595002214,0.9853585721718564
experiment_3_beam_sensitivity,beams_144,complex_room,perception_aware,0,7,1.0,1.6,0.0,0.9155684387546253,1.641053818071564,-0.03518678984654189,0.9994881169774572,0.09388346240198277,0.03518678984654189,True,0.0006361219618055561,0.0002228660256739908,0.0005121451809660865,0.00044528537326388927,6.685980770219723e-05,18.522975375002716,100,40,3,3,0.9,0.8,0.35,0.25,360.0,144,8.0,0.0,2.5174825174825175,0.3,0.9994881169774572,0.9873305042098948
experiment_3_beam_sensitivity,beams_144,complex_room,perception_aware,0,8,1.0,1.6,0.0,4.939591424943705,4.404249318273036,2.79022076858699,0.9881681022011487,4.835720715108013,2.79022076858699,False,0.010030924479166618,0.016506402314278034,0.011973567829700042,0.007021647135416632,0.00495192069428341,18.876543582999147,100,40,3,3,0.9,0.8,0.35,0.25,360.0,144,8.0,0.0,2.5174825174825175,0.3,0.9881681022011487,0.9801066258502302
experiment_3_beam_sensitivity,beams_144,complex_room,perception_aware,0,9,1.0,1.6,0.0,5.373559161433799,3.0815784153616788,1.8987954876242616,0.9919949105604078,4.617693616885722,1.8987954876242616,False,0.008670247395833306,0.00666838278936565,0.008069688013893008,0.006069173177083314,0.002000514836809695,19.33860766600992,100,40,3,3,0.9,0.8,0.35,0.25,360.0,144,8.0,0.0,2.5174825174825175,0.3,0.9919949105604078,0.9778514950820094
experiment_3_beam_sensitivity,beams_18,complex_room,perception_aware,1,0,2.8,3.0,0.9,4.706336613978295,2.4651628249548545,-2.9729115688944483,0.9940721814445479,1.979941940968094,2.410273738285138,False,0.0066883680555555325,0.004271031631049679,0.005963167128203776,0.004681857638888873,0.0012813094893149037,2.8580952499905834,100,40,3,3,0.9,0.8,0.35,0.25,360.0,18,8.0,0.0,21.176470588235293,0.3,0.9940721814445479,0.9835644380975793
experiment_3_beam_sensitivity,beams_18,complex_room,perception_aware,1,1,2.8,3.0,0.9,2.768339839922048,4.30825908799751,-3.11076158527346,0.9975082864782167,1.308642123372253,2.272423721906126,False,0.003331163194444437,0.0005537447691108139,0.0024979376668443497,0.0023318142361111057,0.00016612343073324417,2.8406634999992093,100,40,3,3,0.9,0.8,0.35,0.25,360.0,18,8.0,0.0,21.176470588235293,0.3,0.9975082864782167,0.9839077627222957
experiment_3_beam_sensitivity,beams_18,complex_room,perception_aware,1,2,2.8,3.0,0.9,2.8751562075846477,2.9766876657767813,0.8521680220929437,0.999753728968685,0.07868875691890005,0.04783197790705618,True,5.8593749999999896e-05,0.000684386902252807,0.00024633169567584204,4.101562499999993e-05,0.0002053160706758421,2.8782825420057634,100,40,3,3,0.9,0.8,0.35,0.25,360.0,18,8.0,0.0,21.176470588235293,0.3,0.999753728968685,0.9836347988040721
experiment_3_beam_sensitivity,beams_18,complex_room,perception_aware,1,3,2.8,3.0,0.9,2.7794108464075604,4.3239228568218575,-3.1270593295841698,0.9973713340524042,1.3240829445548348,2.256125977595416,False,0.0033572048611111033,0.000951835470443097,0.0026355940439107012,0.002350043402777772,0.00028555064113292906,2.8287023750017397,100,40,3,3,0.9,0.8,0.35,0.25,360.0,18,8.0,0.0,21.176470588235293,0.3,0.9973713340524042,0.9864834181375569
experiment_3_beam_sensitivity,beams_18,complex_room,perception_aware,1,4,2.8,3.0,0.9,2.829655765717383,4.3102952186759795,-3.0792657460433417,0.9974480444721748,1.3106307735305993,2.3039195611362446,False,0.003333333333333327,0.0007505044452680831,0.0025584846669137536,0.0023333333333333288,0.0002251513335804249,2.847983750005369,100,40,3,3,0.9,0.8,0.35,0.25,360.0,18,8.0,0.0,21.176470588235293,0.3,0.9974480444721748,0.9838958762148713
experiment_3_beam_sensitivity,beams_18,complex_room,perception_aware,1,5,2.8,3.0,0.9,2.784192023306417,2.9725825327307844,0.8913218711752845,0.999857553534148,0.031648216989324546,0.008678128824715525,True,1.9531249999999997e-05,0.0004293162824618747,0.0001424667597385624,1.3671874999999997e-05,0.00012879488473856241,2.8137864169984823,100,40,3,3,0.9,0.8,0.35,0.25,360.0,18,8.0,0.0,21.176470588235293,0.3,0.999857553534148,0.9817029330712042
experiment_3_beam_sensitivity,beams_18,complex_room,perception_aware,1,6,2.8,3.0,0.9,2.7875634530129965,3.002319525549444,0.8859454944187847,0.9996329777404179,0.012651003902238965,0.014054505581215349,True,1.736111111111112e-05,0.001183347455337667,0.00036715701437907785,1.2152777777777784e-05,0.0003550042366013001,2.813433832998271,100,40,3,3,0.9,0.8,0.35,0.25,360.0,18,8.0,0.0,21.176470588235293,0.3,0.9996329777404179,0.9803816772918007
experiment_3_beam_sensitivity,beams_18,complex_room,perception_aware,1,7,2.8,3.0,0.9,4.714196294541713,2.513011977005609,-2.9510415407759094,0.9942639071430395,1.9751720908764407,2.4321437664036765,False,0.006234809027777757,0.0046827304030368985,0.005769185440355498,0.004364366319444429,0.0014048191209110694,2.841902708009002,100,40,3,3,0.9,0.8,0.35,0.25,360.0,18,8.0,0.0,21.176470588235293,0.3,0.9942639071430395,0.9813125944785825
experiment_3_beam_sensitivity,beams_18,complex_room,perception_aware,1,8,2.8,3.0,0.9,2.968629548338512,2.3735880181011084,-2.2026573895406107,0.9946744128307656,0.648712490737883,3.1026573895406107,False,0.004995659722222224,0.006190463649120702,0.005354100900291767,0.0034969618055555565,0.0018571390947362105,2.7883288340090076,100,40,3,3,0.9,0.8,0.35,0.25,360.0,18,8.0,0.0,21.176470588235293,0.3,0.9946744128307656,0.9823065781814314
experiment_3_beam_sensitivity,beams_18,complex_room,perception_aware,1,9,2.8,3.0,0.9,6.340081973361246,2.5260897689924002,-2.5498617755294553,0.9947526455577386,3.571662257992899,2.833323531650131,False,0.005316840277777756,0.00517748741033687,0.00527503441754549,0.003721788194444429,0.001553246223101061,2.7874732079944806,100,40,3,3,0.9,0.8,0.35,0.25,360.0,18,8.0,0.0,21.176470588235293,0.3,0.9946343809555412,0.979767472184497
experiment_3_beam_sensitivity,beams_36,complex_room,perception_aware,1,0,2.8,3.0,0.9,2.8279460170843698,3.0176334430515324,0.8500591681548029,0.9995756748013298,0.03304418533920199,0.04994083184519704,True,5.099826388888868e-05,0.0012960218075174675,0.0004245053269774623,3.5698784722222074e-05,0.0003888065422552402,4.980489458001102,100,40,3,3,0.9,0.8,0.35,0.25,360.0,36,8.0,0.0,10.285714285714286,0.3,0.9995756748013298,0.9801601995035201
experiment_3_beam_sensitivity,beams_36,complex_room,perception_aware,1,1,2.8,3.0,0.9,6.865573448363414,2.5122498755745672,-2.340910636041698,0.993944224161118,4.094726809924516,3.0422746711378883,False,0.006669921874999974,0.004745754601380427,0.00609267169291411,0.0046689453124999815,0.001423726380414128,4.8545709590107435,100,40,3,3,0.9,0.8,0.35,0.25,360.0,36,8.0,0.0,10.285714285714286,0.3,0.9937772017203481,0.9767060051913775
experiment_3_beam_sensitivity,beams_36,complex_room,perception_aware,1,2,2.8,3.0,0.9,2.737503957812398,2.997709256204181,0.874892121403454,0.9995714152246561,0.06253801081144635,0.02510787859654595,True,8.572048611111099e-05,0.0012292139957805783,0.0004287685390119512,6.0004340277777686e-05,0.0003687641987341735,4.953882415997214,100,40,3,3,0.9,0.8,0.35,0.25,360.0,36,8.0,0.0,10.285714285714286,0.3,0.9995714152246561,0.9776163308991269
experiment_3_beam_sensitivity,beams_36,complex_room,perception_aware,1,3,2.8,3.0,0.9,6.739813364548812,2.500359836450177,-2.3132254008022772,0.9933999956763325,3.971368736406823,3.069959906377309,False,0.0056401909722221975,0.008985733689448177,0.00664385378738999,0.003948133680555538,0.0026957201068344527,4.862579207998351,100,40,3,3,0.9,0.8,0.35,0.25,360.0,36,8.0,0.0,10.285714285714286,0.3,0.9933999956763325,0.9777251525418613
experiment_3_beam_sensitivity,beams_36,complex_room,perception_aware,1,4,2.8,3.0,0.9,6.827147037025149,2.4584624520914713,-2.3522800681307663,0.9934026158890401,4.063394661316474,3.0309052390488205,False,0.006544053819444419,0.006867869919320666,0.006641198649407293,0.004580837673611093,0.0020603609757961997,4.694945916999131,100,40,3,3,0.9,0.8,0.35,0.25,360.0,36,8.0,0.0,10.285714285714286,0.3,0.9934026158890401,0.9740732635385351
experiment_3_beam_sensitivity,beams_36,complex_room,perception_aware,1,5,2.8,3.0,0.9,2.813083847861926,2.952635441232038,0.8954502430969988,0.9997589216690165,0.04913846255386668,0.004549756903001079,True,4.6657986111111134e-05,0.0006949195782730797,0.00024113646375970168,3.266059027777779e-05,0.0002084758734819239,4.978934958999162,100,40,3,3,0.9,0.8,0.35,0.25,360.0,36,8.0,0.0,10.285714285714286,0.3,0.9997589216690165,0.9792379868425407
experiment_3_beam_sensitivity,beams_36,complex_room,perception_aware,1,6,2.8,3.0,0.9,2.8201416081394752,2.966764789416081,0.8954738259449053,0.9998685666175818,0.03886211009455907,0.0045261740550945895,True,2.387152777777778e-05,0.00038246863326149685,0.00013145065942289348,1.6710069444444445e-05,0.00011474058997844905,4.941495040999143,100,40,3,3,0.9,0.8,0.35,0.25,360.0,36,8.0,0.0,10.285714285714286,0.3,0.9998685666175818,0.9782183582137057
experiment_3_beam_sensitivity,beams_36,complex_room,perception_aware,1,7,2.8,3.0,0.9,2.7707267301795317,2.9855670425926006,0.897364332263759,0.999893597555298,0.032637931697730646,0.002635667736241132,True,2.4956597222222197e-05,0.0002964804977711513,0.00010641376738690092,1.7469618055555538e-05,8.894414933134538e-05,4.980158209000365,100,40,3,3,0.9,0.8,0.35,0.25,360.0,36,8.0,0.0,10.285714285714286,0.3,0.999893597555298,0.9802681488682975
experiment_3_beam_sensitivity,beams_36,complex_room,perception_aware,1,8,2.8,3.0,0.9,2.8058935045647595,2.9850681103755035,0.8867205665447364,0.999916640384382,0.0160528727588862,0.0132794334552635,True,1.085069444444443e-05,0.0002525702630392264,8.336656502287902e-05,7.5954861111111e-06,7.577107891176791e-05,4.947069667003234,100,40,3,3,0.9,0.8,0.35,0.25,360.0,36,8.0,0.0,10.285714285714286,0.3,0.999916640384382,0.9792664434943928
experiment_3_beam_sensitivity,beams_36,complex_room,perception_aware,1,9,2.8,3.0,0.9,2.787507276589611,2.992872698230242,0.8978014868146941,0.9999038365616281,0.0143828567651102,0.0021985131853057283,True,9.765624999999999e-06,0.000297789163894156,9.61726866682468e-05,6.8359374999999984e-06,8.933674916824681e-05,4.959245125006419,100,40,3,3,0.9,0.8,0.35,0.25,360.0,36,8.0,0.0,10.285714285714286,0.3,0.9999038365616281,0.9797214380699435
experiment_3_beam_sensitivity,beams_72,complex_room,perception_aware,1,0,2.8,3.0,0.9,2.8484551229143396,2.974504758626388,0.8708524869037089,0.99874968058987,0.05475313935604524,0.029147513096291267,True,0.0008262803819444407,0.002244961328219117,0.0012518846658268435,0.0005783962673611084,0.0006734883984657351,9.080184082995402,100,40,3,3,0.9,0.8,0.35,0.25,360.0,72,8.0,0.0,5.070422535211268,0.3,0.99874968058987,0.9813878732365922
experiment_3_beam_sensitivity,beams_72,complex_room,perception_aware,1,1,2.8,3.0,0.9,2.486875169436162,2.9546097473334982,0.9885140430693422,0.9957336659199798,0.31639758935990814,0.0885140430693423,False,0.0020670572916666585,0.009458911897292597,0.0042846136733544395,0.0014469401041666608,0.0028376735691877787,9.284193915998912,100,40,3,3,0.9,0.8,0.35,0.25,360.0,72,8.0,0.0,5.070422535211268,0.3,0.9957336659199798,0.9776208091979229
experiment_3_beam_sensitivity,beams_72,complex_room,perception_aware,1,2,2.8,3.0,0.9,6.916403922262532,2.5127829703445625,-2.225537241514501,0.9948630353167354,4.14513711295593,3.125537241514501,False,0.005532226562499976,0.0043031025064190894,0.00516348934567571,0.0038725585937499827,0.0012909307519257268,9.126157125007012,100,40,3,3,0.9,0.8,0.35,0.25,360.0,72,8.0,0.0,5.070422535211268,0.3,0.9948630353167354,0.9797293943300915
experiment_3_beam_sensitivity,beams_72,complex_room,perception_aware,1,3,2.8,3.0,0.9,2.8599270225644102,2.968297131576305,0.8812069118571504,0.9977189571792506,0.06779616434375518,0.018793088142849523,True,0.0018343098958333265,0.003340803152578009,0.002286257872856731,0.0012840169270833285,0.0010022409457734027,9.365024208993418,100,40,3,3,0.9,0.8,0.35,0.25,360.0,72,8.0,0.0,5.070422535211268,0.3,0.9977189571792506,0.9760094426786384
experiment_3_beam_sensitivity,beams_72,complex_room,perception_aware,1,4,2.8,3.0,0.9,6.8947178278996395,2.486757953226452,-2.2449894242544173,0.9945341270809887,4.126757987657556,3.138195882925169,False,0.005560980902777753,0.00534408749481667,0.0054959128803894275,0.0038926866319444267,0.001603226248445001,9.167223666998325,100,40,3,3,0.9,0.8,0.35,0.25,360.0,72,8.0,0.0,5.070422535211268,0.3,0.9945341270809887,0.9776991624132348
experiment_3_beam_sensitivity,beams_72,complex_room,perception_aware,1,5,2.8,3.0,0.9,1.9107250432750922,1.5860377640839802,-2.1552784385059875,0.9888795266809776,1.6703589893357405,3.0552784385059875,False,0.012277560763888841,0.008837454628836285,0.011245528923373074,0.008594292534722188,0.0026512363886508853,9.517452041007346,100,40,3,3,0.9,0.8,0.35,0.25,360.0,72,8.0,0.0,5.070422535211268,0.3,0.9888795266809776,0.979665224376178
experiment_3_beam_sensitivity,beams_72,complex_room,perception_aware,1,6,2.8,3.0,0.9,1.9410502176365434,1.554787598707801,-2.2311724794271495,0.9891902300396966,1.68120005159142,3.1311724794271494,False,0.012234700520833284,0.007878692198367265,0.010927898024093477,0.008564290364583298,0.0023636076595101793,9.535992750010337,100,40,3,3,0.9,0.8,0.35,0.25,360.0,72,8.0,0.0,5.070422535211268,0.3,0.9891902300396966,0.9811169805637208
experiment_3_beam_sensitivity,beams_72,complex_room,perception_aware,1,7,2.8,3.0,0.9,2.7567996043102108,2.9864413913538224,0.9159551342888816,0.9995977786219742,0.045278141041506424,0.015955134288881734,True,2.2243923611111068e-05,0.0012893749287783366,0.00040238322516127875,1.5570746527777748e-05,0.000386812478633501,9.157293000011123,100,40,3,3,0.9,0.8,0.35,0.25,360.0,72,8.0,0.0,5.070422535211268,0.3,0.9995879835033837,0.9829851854957196
experiment_3_beam_sensitivity,beams_72,complex_room,perception_aware,1,8,2.8,3.0,0.9,2.800499679823549,2.987762373969439,0.8976104007371799,0.9996257960535483,0.01224782310412451,0.00238959926282023,True,8.13802083333332e-06,0.0012288247096031025,0.000374344027464264,5.6966145833333234e-06,0.0003686474128809307,9.201446999999462,100,40,3,3,0.9,0.8,0.35,0.25,360.0,72,8.0,0.0,5.070422535211268,0.3,0.9996257960535483,0.9801339711864316
experiment_3_beam_sensitivity,beams_72,complex_room,perception_aware,1,9,2.8,3.0,0.9,2.7448724846200774,2.9882029815696245,0.9236884657396234,0.99957358083995,0.05637563831842798,0.023688465739623243,True,3.092447916666662e-05,0.0013498464516789911,0.00042660107092036396,2.1647135416666634e-05,0.00040495393550369735,9.152349541996955,100,40,3,3,0.9,0.8,0.35,0.25,360.0,72,8.0,0.0,5.070422535211268,0.3,0.99957358083995,0.979915554332624
experiment_3_beam_sensitivity,beams_108,complex_room,perception_aware,1,0,2.8,3.0,0.9,7.011692555227862,2.4213269727240245,-2.249863181857645,0.992455729417317,4.251260595665542,3.133322125321941,False,0.00808087384259256,0.006483358551320209,0.007601619255210855,0.005656611689814792,0.0019450075653960625,13.654788749990985,100,40,3,3,0.9,0.8,0.35,0.25,360.0,108,8.0,0.0,3.364485981308411,0.3,0.992455729417317,0.9742599541152185
experiment_3_beam_sensitivity,beams_108,complex_room,perception_aware,1,1,2.8,3.0,0.9,6.745432474162965,2.5088463632062132,-2.2095571537144507,0.9938350560221203,3.9758859771270427,3.1095571537144506,False,0.0054011140046296025,0.00807468823500313,0.006203186273741661,0.0037807798032407215,0.0024224064705009388,13.428374416005681,100,40,3,3,0.9,0.8,0.35,0.25,360.0,108,8.0,0.0,3.364485981308411,0.3,0.9938350560221203,0.978616679236154
experiment_3_beam_sensitivity,beams_108,complex_room,perception_aware,1,2,2.8,3.0,0.9,2.899008881738175,3.0164223304546347,0.8495172963731062,0.9977662467966334,0.10036160421498459,0.05048270362689378,True,0.0017863859953703614,0.0032942794352915417,0.002238754027346715,0.0012504701967592528,0.0009882838305874625,13.678121292003198,100,40,3,3,0.9,0.8,0.35,0.25,360.0,108,8.0,0.0,3.364485981308411,0.3,0.9977662467966334,0.9767678190306067
experiment_3_beam_sensitivity,beams_108,complex_room,perception_aware,1,3,2.8,3.0,0.9,2.8478947684649114,3.005814427770995,0.9153615338248251,0.9989443097888765,0.048246413510349216,0.015361533824825191,True,0.000304904513888887,0.002811242370046817,0.001056805870736266,0.0002134331597222209,0.0008433727110140451,13.653149000005214,100,40,3,3,0.9,0.8,0.35,0.25,360.0,108,8.0,0.0,3.364485981308411,0.3,0.9989443097888765,0.9774832194314118
experiment_3_beam_sensitivity,beams_108,complex_room,perception_aware,1,4,2.8,3.0,0.9,2.8781617583394175,3.0068478233526728,0.8655280316815513,0.9979780479292509,0.07846115695921729,0.034471968318448454,True,0.001073857060185179,0.0042478290062356785,0.0020260486440003287,0.0007516999421296253,0.0012743487018707035,13.46023866700125,100,40,3,3,0.9,0.8,0.35,0.25,360.0,108,8.0,0.0,3.364485981308411,0.3,0.9979780479292509,0.9767804614313449
experiment_3_beam_sensitivity,beams_108,complex_room,perception_aware,1,5,2.8,3.0,0.9,1.8572019676932647,1.5633557670556577,-2.2466909821047656,0.9896271258066096,1.7183756230154363,3.136494325074821,False,0.012226924189814768,0.006409171876880168,0.010481598495934387,0.008558846932870337,0.0019227515630640504,13.968244666000828,100,40,3,3,0.9,0.8,0.35,0.25,360.0,108,8.0,0.0,3.364485981308411,0.3,0.9896271258066096,0.981305708090579
experiment_3_beam_sensitivity,beams_108,complex_room,perception_aware,1,6,2.8,3.0,0.9,2.8988768846431445,3.010762537053749,0.8557682638030012,0.9980057410802413,0.09946089945585185,0.04423173619699883,True,0.0011161747685185122,0.00405640532529325,0.0019982439355509334,0.0007813223379629585,0.001216921597587975,13.768577249997179,100,40,3,3,0.9,0.8,0.35,0.25,360.0,108,8.0,0.0,3.364485981308411,0.3,0.9980057410802413,0.9766636455294609
experiment_3_beam_sensitivity,beams_108,complex_room,perception_aware,1,7,2.8,3.0,0.9,2.8530180803203304,3.044344909550024,0.8551725151082422,0.9979399490763353,0.06911865047765929,0.044827484891757585,True,0.001758897569444436,0.002776917317910549,0.0020643034939842697,0.001231228298611105,0.0008330751953731647,13.60921654199774,100,40,3,3,0.9,0.8,0.35,0.25,360.0,108,8.0,0.0,3.364485981308411,0.3,0.9979399490763353,0.9791067377069108
experiment_3_beam_sensitivity,beams_108,complex_room,perception_aware,1,8,2.8,3.0,0.9,2.7760808092374374,2.9965239935541215,0.92877811851697,0.999669621771407,0.02417044284963851,0.028778118516969986,True,0.00032841435185184965,0.0003353245604777721,0.00033048741443962636,0.00022989004629629474,0.00010059736814333163,13.470319166997797,100,40,3,3,0.9,0.8,0.35,0.25,360.0,108,8.0,0.0,3.364485981308411,0.3,0.999669621771407,0.9796357751485142
experiment_3_beam_sensitivity,beams_108,complex_room,perception_aware,1,9,2.8,3.0,0.9,2.7737044544797276,3.0030497316951252,0.9262366542471278,0.9993265858822901,0.026471807222419878,0.02623665424712751,True,0.0003096064814814794,0.0015238112427893673,0.0006738679098738457,0.00021672453703703556,0.00045714337283681017,13.469144040995161,100,40,3,3,0.9,0.8,0.35,0.25,360.0,108,8.0,0.0,3.364485981308411,0.3,0.9993265858822901,0.9798573294927817
experiment_3_beam_sensitivity,beams_144,complex_room,perception_aware,1,0,2.8,3.0,0.9,2.8384894854828326,3.0449030182943724,0.9142676199542435,0.9984636378173263,0.05914153823395143,0.014267619954243749,True,0.0015296766493055483,0.0015598418964632816,0.0015387262234528682,0.0010707736545138838,0.00046795256893898446,17.991905959002906,100,40,3,3,0.9,0.8,0.35,0.25,360.0,144,8.0,0.0,2.5174825174825175,0.3,0.9984636378173263,0.9756939224340663
experiment_3_beam_sensitivity,beams_144,complex_room,perception_aware,1,1,2.8,3.0,0.9,2.8004805857122586,3.0152023696822092,0.8968108841800922,0.9995980926482304,0.01520996405588723,0.003189115819907773,True,9.223090277777776e-06,0.001318709276801734,0.0004020689462349647,6.456163194444443e-06,0.0003956127830405202,17.68414537499484,100,40,3,3,0.9,0.8,0.35,0.25,360.0,144,8.0,0.0,2.5174825174825175,0.3,0.9995980926482304,0.9795072847455921
experiment_3_beam_sensitivity,beams_144,complex_room,perception_aware,1,2,2.8,3.0,0.9,2.829908407571762,3.0200196910182933,0.8968301771379898,0.9995377078199248,0.03599028857826213,0.0031698228620102853,True,2.3871527777777762e-05,0.001485986411781961,0.0004625059929790327,1.671006944444443e-05,0.0004457959235345883,17.762937749997946,100,40,3,3,0.9,0.8,0.35,0.25,360.0,144,8.0,0.0,2.5174825174825175,0.3,0.9995377078199248,0.9814143192696148
experiment_3_beam_sensitivity,beams_144,complex_room,perception_aware,1,3,2.8,3.0,0.9,2.6644337633792485,2.9830648644918334,0.9120851710963251,0.9975534951961375,0.13661992287435057,0.01208517109632501,True,0.001797960069444438,0.003979776067314949,0.002452504868805591,0.0012585720486111066,0.0011939328201944846,18.04276620899327,100,40,3,3,0.9,0.8,0.35,0.25,360.0,144,8.0,0.0,2.5174825174825175,0.3,0.9975534951961375,0.9790705666080539
experiment_3_beam_sensitivity,beams_144,complex_room,perception_aware,1,4,2.8,3.0,0.9,2.810276860504343,2.9453082873716547,0.9777388508151661,0.9970385300533522,0.055648875029484894,0.07773885081516596,True,0.0032831488715277615,0.0022402069698745464,0.0029702663010317968,0.002298204210069433,0.0006720620909623639,18.087098958989372,100,40,3,3,0.9,0.8,0.35,0.25,360.0,144,8.0,0.0,2.5174825174825175,0.3,0.9970385300533522,0.9771175239772724
experiment_3_beam_sensitivity,beams_144,complex_room,perception_aware,1,5,2.8,3.0,0.9,2.8234794851556178,2.987611991569909,0.8919216040928593,0.9987577327632062,0.026547108619148833,0.008078395907140656,True,0.0014309353298611047,0.0008071921775486647,0.0012438123841673726,0.0010016547309027732,0.00024215765326459938,17.83672612499504,100,40,3,3,0.9,0.8,0.35,0.25,360.0,144,8.0,0.0,2.5174825174825175,0.3,0.9987577327632062,0.9809018467513104
experiment_3_beam_sensitivity,beams_144,complex_room,perception_aware,1,6,2.8,3.0,0.9,1.889335220934564,1.5674203451449262,-2.2528189174210356,0.9889779676763094,1.6975260844343398,3.130366389758551,False,0.012729492187499948,0.007447423086281674,0.011144871457134465,0.008910644531249963,0.002234226925884502,18.270746958005475,100,40,3,3,0.9,0.8,0.35,0.25,360.0,144,8.0,0.0,2.5174825174825175,0.3,0.9889779676763094,0.9817136179455673
experiment_3_beam_sensitivity,beams_144,complex_room,perception_aware,1,7,2.8,3.0,0.9,1.9111057972909138,1.5569162933709244,-2.2416124885376645,0.9891481932053678,1.6948815557283445,3.1415728186419223,False,0.012593315972222168,0.007185130906932179,0.010970860452635171,0.008815321180555518,0.0021555392720796537,18.364706541993655,100,40,3,3,0.9,0.8,0.35,0.25,360.0,144,8.0,0.0,2.5174825174825175,0.3,0.9891481932053678,0.9817144721284865
experiment_3_beam_sensitivity,beams_144,complex_room,perception_aware,1,8,2.8,3.0,0.9,2.8437897976898747,2.9882650062785534,0.8806377837409046,0.9987087177438638,0.04533493641070388,0.019362216259095177,True,0.0014371744791666602,0.0009564322882175689,0.0012929518218819328,0.0010060221354166621,0.00028692968646527064,17.734870375003084,100,40,3,3,0.9,0.8,0.35,0.25,360.0,144,8.0,0.0,2.5174825174825175,0.3,0.9987087177438638,0.9804908707040407
experiment_3_beam_sensitivity,beams_144,complex_room,perception_aware,1,9,2.8,3.0,0.9,6.8360237957449455,2.500587087888471,-2.2035950761035377,0.9937194507798323,4.066804806798964,3.1035950761035376,False,0.005903049045138858,0.007293698303272649,0.006320243822578994,0.0041321343315972,0.0021881094909817944,17.65829379099887,100,40,3,3,0.9,0.8,0.35,0.25,360.0,144,8.0,0.0,2.5174825174825175,0.3,0.9937194507798323,0.9774623870209974
experiment_3_beam_sensitivity,beams_18,complex_room,perception_aware,2,0,4.8,1.5,-1.2,4.810231370457471,1.495484972220821,-1.2002502589945916,0.9999512673838512,0.011183309764321513,0.00025025899459141243,True,8.680555555555534e-06,0.00014219534081188803,4.873499113245528e-05,6.076388888888873e-06,4.265860224356641e-05,2.4573580420110375,100,40,3,3,0.9,0.8,0.35,0.25,360.0,18,8.0,0.0,21.176470588235293,0.3,0.9999512673838512,0.9855079300163275
experiment_3_beam_sensitivity,beams_18,complex_room,perception_aware,2,1,4.8,1.5,-1.2,4.775806587931405,1.4899132444545609,-1.1933537010397395,0.9997482820640303,0.026211902352829552,0.006646298960260477,True,1.9531249999999922e-05,0.0007936981294739456,0.0002517813138421836,1.3671874999999944e-05,0.00023810943884218367,2.477190375007922,100,40,3,3,0.9,0.8,0.35,0.25,360.0,18,8.0,0.0,21.176470588235293,0.3,0.9997482820640303,0.9849274409796139
experiment_3_beam_sensitivity,beams_18,complex_room,perception_aware,2,2,4.8,1.5,-1.2,2.8587457746593903,3.2811791142045497,-1.3664426940778018,0.9958682436856245,2.6345904813236674,0.16644269407780188,False,0.003893229166666657,0.004745460451664321,0.004148898552165956,0.0027252604166666597,0.0014236381354992963,2.511674667010084,100,40,3,3,0.9,0.8,0.35,0.25,360.0,18,8.0,0.0,21.176470588235293,0.3,0.9958682436856245,0.982843653323984
experiment_3_beam_sensitivity,beams_18,complex_room,perception_aware,2,3,4.8,1.5,-1.2,4.831619336474681,1.4992572072849923,-1.2030007649642742,0.9995855129797365,0.031628060011903436,0.0030007649642742606,True,1.3020833333333261e-05,0.0013518143588613755,0.00041465889099174597,9.114583333333282e-06,0.00040554430765841267,2.457769999993616,100,40,3,3,0.9,0.8,0.35,0.25,360.0,18,8.0,0.0,21.176470588235293,0.3,0.9995855129797365,0.9845106600470658
experiment_3_beam_sensitivity,beams_18,complex_room,perception_aware,2,4,4.8,1.5,-1.2,2.7700724460757917,3.0619379207985533,-0.9522100716478589,0.9962470112572224,2.5612996588859387,0.24778992835214098,False,0.001729600694444444,0.008521354136218165,0.00376712672697656,0.0012107204861111108,0.0025564062408654493,2.6231844169960823,100,40,3,3,0.9,0.8,0.35,0.25,360.0,18,8.0,0.0,21.176470588235293,0.3,0.9962470112572224,0.981391977198846
experiment_3_beam_sensitivity,beams_18,complex_room,perception_aware,2,5,4.8,1.5,-1.2,4.759338438287105,1.4773632992236856,-1.1880041427772263,0.9993968027492229,0.046537971839863794,0.01199585722277341,True,3.689236111111098e-05,0.0019257888817554695,0.0006035613173044186,2.5824652777777686e-05,0.0005777366645266409,2.507083167001838,100,40,3,3,0.9,0.8,0.35,0.25,360.0,18,8.0,0.0,21.176470588235293,0.3,0.9993968027492229,0.9854799901905696
experiment_3_beam_sensitivity,beams_18,complex_room,perception_aware,2,6,4.8,1.5,-1.2,6.667154688912774,0.39754044127005705,1.958500664358204,0.9977167236305383,2.168336623074005,3.124684642821382,False,0.001171874999999996,0.004893963837344466,0.002288501651203337,0.0008203124999999972,0.0014681891512033397,2.5145404590002727,100,40,3,3,0.9,0.8,0.35,0.25,360.0,18,8.0,0.0,21.176470588235293,0.3,0.9977167236305383,0.9743898240637232
experiment_3_beam_sensitivity,beams_18,complex_room,perception_aware,2,7,4.8,1.5,-1.2,6.7624334210610915,0.421316200083561,1.9944546953115847,0.9960095258158468,2.2393534049586075,3.0887306118680016,False,0.0012304687499999978,0.010483779139342043,0.004006461866802612,0.0008613281249999984,0.003145133741802613,2.6059761670039734,100,40,3,3,0.9,0.8,0.35,0.25,360.0,18,8.0,0.0,21.176470588235293,0.3,0.9960095258158468,0.9831540140626384
experiment_3_beam_sensitivity,beams_18,complex_room,perception_aware,2,8,4.8,1.5,-1.2,4.759134724473531,1.4656387451351662,-1.1843810394609673,0.999527120460773,0.0533916339864238,0.015618960539032667,True,6.293402777777767e-05,0.0014301648021136995,0.00047310326007855423,4.405381944444437e-05,0.00042904944063410985,2.4275481250078883,100,40,3,3,0.9,0.8,0.35,0.25,360.0,18,8.0,0.0,21.176470588235293,0.3,0.999527120460773,0.9836800615879199
experiment_3_beam_sensitivity,beams_18,complex_room,perception_aware,2,9,4.8,1.5,-1.2,4.786919059036714,1.4915373655656117,-1.189157400249361,0.999664019826273,0.015579704684462264,0.010842599750638726,True,4.340277777777752e-05,0.0010190371663291176,0.0003360930943431795,3.0381944444444264e-05,0.00030571114989873526,2.4968925830035005,100,40,3,3,0.9,0.8,0.35,0.25,360.0,18,8.0,0.0,21.176470588235293,0.3,0.999664019826273,0.9839132461732873
experiment_3_beam_sensitivity,beams_36,complex_room,perception_aware,2,0,4.8,1.5,-1.2,7.59631154732289,3.6886792281165985,-2.8236208686880437,0.9951609350074523,3.5510104242708733,1.6236208686880438,False,0.005158420138888873,0.0041723377017871535,0.0048625954077583565,0.0036108940972222107,0.001251701310536146,4.360618542006705,100,40,3,3,0.9,0.8,0.35,0.25,360.0,36,8.0,0.0,10.285714285714286,0.3,0.9951609350074523,0.9893140609981437
experiment_3_beam_sensitivity,beams_36,complex_room,perception_aware,2,1,4.8,1.5,-1.2,4.933654413358212,1.538073385146998,-1.2398351247858872,0.998602879538296,0.13897152538084764,0.039835124785887466,True,0.0001671006944444442,0.004273682173653763,0.0013990751382072398,0.00011697048611111093,0.0012821046520961289,4.449512749997666,100,40,3,3,0.9,0.8,0.35,0.25,360.0,36,8.0,0.0,10.285714285714286,0.3,0.998602879538296,0.9784411412578546
experiment_3_beam_sensitivity,beams_36,complex_room,perception_aware,2,2,4.8,1.5,-1.2,1.4956645801816537,2.857723066641148,-2.26077185105796,0.995553656694783,3.5724003824257338,1.06077185105796,False,0.004570312499999984,0.004223276068901887,0.004466201570670555,0.0031992187499999885,0.0012669828206705658,4.362755624999409,100,40,3,3,0.9,0.8,0.35,0.25,360.0,36,8.0,0.0,10.285714285714286,0.3,0.995553656694783,0.9846804200070554
experiment_3_beam_sensitivity,beams_36,complex_room,perception_aware,2,3,4.8,1.5,-1.2,6.836975780754907,1.4469959413232016,-1.8481111743160137,0.9951489663727311,2.0376652722216857,0.6481111743160137,False,0.005616319444444432,0.003144190856570432,0.004874680868082231,0.003931423611111102,0.0009432572569711296,4.19363079201139,100,40,3,3,0.9,0.8,0.35,0.25,360.0,36,8.0,0.0,10.285714285714286,0.3,0.9951489663727311,0.9800681032651358
experiment_3_beam_sensitivity,beams_36,complex_room,perception_aware,2,4,4.8,1.5,-1.2,7.581467864739971,3.4302525997529845,-2.736785638551191,0.9951135609489513,3.385622332959524,1.5367856385511909,False,0.004992404513888873,0.004719168085854131,0.00491043358547845,0.003494683159722211,0.0014157504257562394,4.395169458002783,100,40,3,3,0.9,0.8,0.35,0.25,360.0,36,8.0,0.0,10.285714285714286,0.3,0.9951135609489513,0.9896751842757048
experiment_3_beam_sensitivity,beams_36,complex_room,perception_aware,2,5,4.8,1.5,-1.2,4.814320777123582,1.4945316721526047,-1.2126545694821962,0.9999396265583144,0.01532929440221921,0.01265456948219601,True,2.6041666666666692e-05,0.00014049306730477365,6.037708685809878e-05,1.8229166666666682e-05,4.2147920191432094e-05,4.281439792001038,100,40,3,3,0.9,0.8,0.35,0.25,360.0,36,8.0,0.0,10.285714285714286,0.3,0.9999396265583144,0.9835204005240051
experiment_3_beam_sensitivity,beams_36,complex_room,perception_aware,2,6,4.8,1.5,-1.2,7.588885478803057,3.8403313288385195,-2.7565524686655656,0.995176897282874,3.6407462068402445,1.5565524686655656,False,0.005195312499999983,0.004032530090873445,0.004846477777262021,0.0036367187499999876,0.0012097590272620335,4.3684580420085695,100,40,3,3,0.9,0.8,0.35,0.25,360.0,36,8.0,0.0,10.285714285714286,0.3,0.995176897282874,0.9891635023828481
experiment_3_beam_sensitivity,beams_36,complex_room,perception_aware,2,7,4.8,1.5,-1.2,1.4597962412789085,2.893581648860351,-2.2659844839305774,0.9957598590512344,3.619258344165948,1.0659844839305777,False,0.004561631944444429,0.0035501798005314242,0.004258196301270527,0.0031931423611111,0.0010650539401594271,4.33102416699694,100,40,3,3,0.9,0.8,0.35,0.25,360.0,36,8.0,0.0,10.285714285714286,0.3,0.9957598590512344,0.9855123850646251
experiment_3_beam_sensitivity,beams_36,complex_room,perception_aware,2,8,4.8,1.5,-1.2,4.871156270275013,1.5262342037701087,-1.2514254935492763,0.9986522338496642,0.07583830329656854,0.05142549354927617,True,0.00028754340277777654,0.003827682311577182,0.001349585075417598,0.00020128038194444357,0.0011483046934731545,4.3320035000069765,100,40,3,3,0.9,0.8,0.35,0.25,360.0,36,8.0,0.0,10.285714285714286,0.3,0.9986522338496642,0.9844238548423823
experiment_3_beam_sensitivity,beams_36,complex_room,perception_aware,2,9,4.8,1.5,-1.2,2.7480067154570107,4.1288097325945925,1.2448237149785166,0.9950063012060074,3.3348638727830524,2.444823714978517,False,0.004267578124999991,0.006771520957062643,0.005018760974618786,0.0029873046874999937,0.0020314562871187928,4.576081291001174,100,40,3,3,0.9,0.8,0.35,0.25,360.0,36,8.0,0.0,10.285714285714286,0.3,0.9950063012060074,0.9859723379646964
experiment_3_beam_sensitivity,beams_72,complex_room,perception_aware,2,0,4.8,1.5,-1.2,7.593811487917237,3.652415206341796,-2.712020888963762,0.9951306495288168,3.5267937068263184,1.512020888963762,False,0.005211588541666647,0.004150216953548916,0.004893177065231328,0.0036481119791666526,0.0012450650860646748,8.157939084005193,100,40,3,3,0.9,0.8,0.35,0.25,360.0,72,8.0,0.0,5.070422535211268,0.3,0.9951306495288168,0.987963837288569
experiment_3_beam_sensitivity,beams_72,complex_room,perception_aware,2,1,4.8,1.5,-1.2,4.826510608077985,1.5479141157536072,-1.1442052306808848,0.9979353109300996,0.054759244234326376,0.0557947693191152,True,0.0019970703124999947,0.0022367053732121624,0.002068960830713645,0.0013979492187499963,0.0006710116119636487,8.225547499998356,100,40,3,3,0.9,0.8,0.35,0.25,360.0,72,8.0,0.0,5.070422535211268,0.3,0.9979353109300996,0.9794503057701275
experiment_3_beam_sensitivity,beams_72,complex_room,perception_aware,2,2,4.8,1.5,-1.2,1.455653255703172,2.911262452070777,-2.241293935542315,0.9949420247440295,3.6299196760691017,1.0412939355423152,False,0.0056315104166666475,0.0038054371152429823,0.005083688426239548,0.003942057291666653,0.0011416311345728947,8.01708633400267,100,40,3,3,0.9,0.8,0.35,0.25,360.0,72,8.0,0.0,5.070422535211268,0.3,0.9949420247440295,0.9851712057229984
experiment_3_beam_sensitivity,beams_72,complex_room,perception_aware,2,3,4.8,1.5,-1.2,3.137381254483782,4.042810887496174,1.24746024129761,0.9961770480001033,3.0381224962978366,2.44746024129761,False,0.004249674479166663,0.0028761697106285,0.003837623048605214,0.002974772135416664,0.00086285091318855,8.62279004100128,100,40,3,3,0.9,0.8,0.35,0.25,360.0,72,8.0,0.0,5.070422535211268,0.3,0.9961770480001033,0.984506205850659
experiment_3_beam_sensitivity,beams_72,complex_room,perception_aware,2,4,4.8,1.5,-1.2,7.598089831121315,3.7256698390266183,-2.7683465186219385,0.9950718243317918,3.57531997664227,1.5683465186219385,False,0.005380859374999981,0.003953271013620782,0.004952582866586221,0.0037666015624999863,0.0011859813040862345,8.103321041999152,100,40,3,3,0.9,0.8,0.35,0.25,360.0,72,8.0,0.0,5.070422535211268,0.3,0.9950718243317918,0.9894077297144728
experiment_3_beam_sensitivity,beams_72,complex_room,perception_aware,2,5,4.8,1.5,-1.2,4.95429138944252,1.5332748658009074,-1.23503847863726,0.9974216633596454,0.15783868204648596,0.03503847863725973,True,0.0011398654513888858,0.0059569860961284265,0.0025850016448107477,0.00079790581597222,0.0017870958288385278,7.938041875007912,100,40,3,3,0.9,0.8,0.35,0.25,360.0,72,8.0,0.0,5.070422535211268,0.3,0.9974216633596454,0.9798198277188578
experiment_3_beam_sensitivity,beams_72,complex_room,perception_aware,2,6,4.8,1.5,-1.2,1.4796649531306623,2.8944611394639614,-2.2630420577870343,0.9949863402781196,3.601270149953199,1.063042057787034,False,0.005830078124999979,0.003192894935031563,0.005038923168009453,0.004081054687499985,0.0009578684805094689,8.08359720800945,100,40,3,3,0.9,0.8,0.35,0.25,360.0,72,8.0,0.0,5.070422535211268,0.3,0.9949863402781196,0.9837682579371106
experiment_3_beam_sensitivity,beams_72,complex_room,perception_aware,2,7,4.8,1.5,-1.2,7.6489886448191315,3.754441685328619,-2.7619935170627428,0.9950491182982002,3.633076328795708,1.5619935170627428,False,0.005555013020833314,0.003623352576098546,0.004975514887412883,0.00388850911458332,0.0010870057728295636,8.056042791999062,100,40,3,3,0.9,0.8,0.35,0.25,360.0,72,8.0,0.0,5.070422535211268,0.3,0.9950491182982002,0.9890594074638266
experiment_3_beam_sensitivity,beams_72,complex_room,perception_aware,2,8,4.8,1.5,-1.2,4.806922932290083,1.4784923951448639,-1.2045276334928667,0.9998687039222655,0.022594336858995145,0.004527633492866556,True,2.4956597222222227e-05,0.0003794790020090639,0.00013131331865827474,1.7469618055555558e-05,0.00011384370060271918,7.9932074999960605,100,40,3,3,0.9,0.8,0.35,0.25,360.0,72,8.0,0.0,5.070422535211268,0.3,0.9998687039222655,0.9842683275099803
experiment_3_beam_sensitivity,beams_72,complex_room,perception_aware,2,9,4.8,1.5,-1.2,3.0367375032152735,4.045237485069057,1.2588697093163528,0.9962709662021099,3.09634114528231,2.458869709316353,False,0.00398763020833333,0.003172167980047363,0.0037429915398475393,0.0027913411458333304,0.0009516503940142089,8.58911887499562,100,40,3,3,0.9,0.8,0.35,0.25,360.0,72,8.0,0.0,5.070422535211268,0.3,0.9962709662021099,0.9853642592393191
experiment_3_beam_sensitivity,beams_108,complex_room,perception_aware,2,0,4.8,1.5,-1.2,7.582620721273404,3.712573984350392,-2.758375124125313,0.9953976068611805,3.5550614220691448,1.5583751241253132,False,0.00499529803240739,0.003756548258289224,0.004623673100171939,0.0034967086226851724,0.0011269644774867672,11.925287250007386,100,40,3,3,0.9,0.8,0.35,0.25,360.0,108,8.0,0.0,3.364485981308411,0.3,0.9953976068611805,0.9886061944542639
experiment_3_beam_sensitivity,beams_108,complex_room,perception_aware,2,1,4.8,1.5,-1.2,4.781643957706114,1.5175376959090168,-1.1957624402508737,0.9994835826472349,0.025387301284147127,0.004237559749125985,True,2.96585648148148e-05,0.0016530772735662126,0.0005166841774402341,2.076099537037036e-05,0.0004959231820698637,11.78524437500164,100,40,3,3,0.9,0.8,0.35,0.25,360.0,108,8.0,0.0,3.364485981308411,0.3,0.9994835826472349,0.9842289343081214
experiment_3_beam_sensitivity,beams_108,complex_room,perception_aware,2,2,4.8,1.5,-1.2,4.431930820382901,1.423797897583146,-1.0882753117515103,0.996420342228576,0.3758745553994752,0.11172468824848991,False,0.0015766059027777742,0.008296312078606928,0.0035925177555265206,0.0011036241319444418,0.0024888936235820786,12.012390125004458,100,40,3,3,0.9,0.8,0.35,0.25,360.0,108,8.0,0.0,3.364485981308411,0.3,0.996420342228576,0.9805241852041717
experiment_3_beam_sensitivity,beams_108,complex_room,perception_aware,2,3,4.8,1.5,-1.2,7.575382290582419,3.8188598658141406,-2.7726704225855143,0.9953080218578315,3.616608623581226,1.5726704225855144,False,0.0051869936342592415,0.003610670121006016,0.004714096580283274,0.0036308955439814687,0.0010832010363018047,12.002578125000582,100,40,3,3,0.9,0.8,0.35,0.25,360.0,108,8.0,0.0,3.364485981308411,0.3,0.9953080218578315,0.9886352694605303
experiment_3_beam_sensitivity,beams_108,complex_room,perception_aware,2,4,4.8,1.5,-1.2,7.586876139255619,3.8374540876417007,-2.71608777619189,0.9953944267147146,3.6373575886053873,1.5160877761918898,False,0.005205439814814797,0.0032769162080779225,0.004626882732793734,0.003643807870370358,0.0009830748624233767,11.896753124994575,100,40,3,3,0.9,0.8,0.35,0.25,360.0,108,8.0,0.0,3.364485981308411,0.3,0.9953944267147146,0.9891967340871253
experiment_3_beam_sensitivity,beams_108,complex_room,perception_aware,2,5,4.8,1.5,-1.2,5.017259648028386,1.504081838131898,-1.311365518426954,0.9970987740313004,0.2172979890932108,0.11136551842695397,True,0.0021969039351851785,0.004572782723965127,0.0029096675718191627,0.001537832754629625,0.001371834817189538,11.785159624996595,100,40,3,3,0.9,0.8,0.35,0.25,360.0,108,8.0,0.0,3.364485981308411,0.3,0.9970987740313004,0.9827862081212864
experiment_3_beam_sensitivity,beams_108,complex_room,perception_aware,2,6,4.8,1.5,-1.2,7.583226573363882,3.8756533341026707,-2.695202299883442,0.9953711466647338,3.6592456767087937,1.4952022998834422,False,0.005262225115740724,0.0032227389259674114,0.004650379258808729,0.0036835575810185064,0.0009668216777902233,11.841492291991017,100,40,3,3,0.9,0.8,0.35,0.25,360.0,108,8.0,0.0,3.364485981308411,0.3,0.9953711466647338,0.988444815553484
experiment_3_beam_sensitivity,beams_108,complex_room,perception_aware,2,7,4.8,1.5,-1.2,3.1002897161047978,4.0457870731023755,1.2882062080919514,0.995148020842486,3.061053228997214,2.4882062080919516,False,0.00474500868055555,0.005180431878767152,0.0048756356400190305,0.0033215060763888845,0.0015541295636301456,11.849709457994322,100,40,3,3,0.9,0.8,0.35,0.25,360.0,108,8.0,0.0,3.364485981308411,0.3,0.995148020842486,0.9843413900546854
experiment_3_beam_sensitivity,beams_108,complex_room,perception_aware,2,8,4.8,1.5,-1.2,4.899416731097011,1.488877421544095,-1.17768289460952,0.9993372134170817,0.10003698402852405,0.02231710539048004,True,0.0008130787037037018,0.0003135702257537635,0.0006632261603187203,0.0005691550925925913,9.407106772612904e-05,11.911081999991438,100,40,3,3,0.9,0.8,0.35,0.25,360.0,108,8.0,0.0,3.364485981308411,0.3,0.9993372134170817,0.9861255292531258
experiment_3_beam_sensitivity,beams_108,complex_room,perception_aware,2,9,4.8,1.5,-1.2,3.010398192600271,4.029440722646084,1.2678148303477939,0.9955837737368088,3.09850689823804,2.467814830347794,False,0.0045359519675925875,0.00420216484080469,0.004435815829556218,0.003175166377314811,0.001260649452241407,12.561490291001974,100,40,3,3,0.9,0.8,0.35,0.25,360.0,108,8.0,0.0,3.364485981308411,0.3,0.9955837737368088,0.9853448432907839
experiment_3_beam_sensitivity,beams_144,complex_room,perception_aware,2,0,4.8,1.5,-1.2,7.556849798826567,4.025170144395194,-2.6695457794064015,0.9954395600267266,3.738543175012819,1.4695457794064015,False,0.005367024739583319,0.0027480518303390727,0.004581332866810044,0.003756917317708323,0.0008244155491017218,15.643998875006218,100,40,3,3,0.9,0.8,0.35,0.25,360.0,144,8.0,0.0,2.5174825174825175,0.3,0.9954395600267266,0.9897758145224337
experiment_3_beam_sensitivity,beams_144,complex_room,perception_aware,2,1,4.8,1.5,-1.2,7.55180860068687,3.781251987915472,-2.727882872128222,0.9955519197242085,3.5744315921811296,1.5278828721282218,False,0.004653049045138875,0.004036065875580581,0.004467954094271386,0.003257134331597212,0.0012108197626741744,15.59811141701357,100,40,3,3,0.9,0.8,0.35,0.25,360.0,144,8.0,0.0,2.5174825174825175,0.3,0.9955519197242085,0.9885230599092799
experiment_3_beam_sensitivity,beams_144,complex_room,perception_aware,2,2,4.8,1.5,-1.2,1.4640121470723004,2.9294312640675426,-2.289081133841693,0.9959864408050965,3.6293372251107905,1.0890811338416935,False,0.00510877821180554,0.0015119600587844204,0.004029732765899204,0.0035761447482638774,0.0004535880176353261,15.4117408329912,100,40,3,3,0.9,0.8,0.35,0.25,360.0,144,8.0,0.0,2.5174825174825175,0.3,0.9959864408050965,0.9865982204080426
experiment_3_beam_sensitivity,beams_144,complex_room,perception_aware,2,3,4.8,1.5,-1.2,2.9941739537775094,4.0410153677262475,1.2949416684137667,0.9950100082298755,3.1173332847542157,2.494941668413767,False,0.00467176649305555,0.005815933722853669,0.0050150166619949855,0.003270236545138885,0.0017447801168561006,16.486957291999715,100,40,3,3,0.9,0.8,0.35,0.25,360.0,144,8.0,0.0,2.5174825174825175,0.3,0.9950100082298755,0.9855187123457826
experiment_3_beam_sensitivity,beams_144,complex_room,perception_aware,2,4,4.8,1.5,-1.2,7.586705490386882,3.7893647803576482,-2.6925479062556414,0.9954472184049022,3.606510583333205,1.4925479062556415,False,0.00479627821180554,0.00405403155977558,0.004573604216196552,0.003357394748263878,0.001216209467932674,15.669210917010787,100,40,3,3,0.9,0.8,0.35,0.25,360.0,144,8.0,0.0,2.5174825174825175,0.3,0.9954472184049022,0.9894461518383986
experiment_3_beam_sensitivity,beams_144,complex_room,perception_aware,2,5,4.8,1.5,-1.2,4.801808164420166,1.499986542988422,-1.2146248962419426,0.9998562946691324,0.0018082144954387205,0.014624896241942409,True,3.662109374999982e-05,0.0003936373981092333,0.00014372598505776987,2.5634765624999874e-05,0.00011809121943276999,15.435162291993038,100,40,3,3,0.9,0.8,0.35,0.25,360.0,144,8.0,0.0,2.5174825174825175,0.3,0.9998562946691324,0.9788939297858973
experiment_3_beam_sensitivity,beams_144,complex_room,perception_aware,2,6,4.8,1.5,-1.2,7.58641274716666,3.806686286610249,-2.723006747130536,0.9954883112182505,3.6173052984796064,1.523006747130536,False,0.0047271050347222066,0.004077209487547952,0.00453213637056993,0.0033089735243055445,0.0012231628462643855,15.703832457991666,100,40,3,3,0.9,0.8,0.35,0.25,360.0,144,8.0,0.0,2.5174825174825175,0.3,0.9954883112182505,0.9881874959679492
experiment_3_beam_sensitivity,beams_144,complex_room,perception_aware,2,7,4.8,1.5,-1.2,7.573995499195543,3.9250001430381825,-2.673942628393957,0.9956386579905494,3.6845185198737074,1.4739426283939572,False,0.005062120225694429,0.002789874924651913,0.004380446635381674,0.0035434841579861003,0.0008369624773955739,15.476141541992547,100,40,3,3,0.9,0.8,0.35,0.25,360.0,144,8.0,0.0,2.5174825174825175,0.3,0.9956386579905494,0.9886851122144305
experiment_3_beam_sensitivity,beams_144,complex_room,perception_aware,2,8,4.8,1.5,-1.2,4.792691092198524,1.4738879110309737,-1.1943661397014846,0.9995759046492839,0.027115702527812525,0.005633860298515536,True,0.00044433593749999844,0.00037746709213803124,0.0004242752838914082,0.00031103515624999887,0.00011324012764140937,15.748261625005398,100,40,3,3,0.9,0.8,0.35,0.25,360.0,144,8.0,0.0,2.5174825174825175,0.3,0.9995759046492839,0.9818080732280418
experiment_3_beam_sensitivity,beams_144,complex_room,perception_aware,2,9,4.8,1.5,-1.2,3.010636962077227,4.041980544907478,1.2414960108179025,0.9955521725981465,3.1086146709060505,2.441496010817902,False,0.0044514973958333275,0.0045055025953611725,0.004467698955691681,0.003116048177083329,0.0013516507786083517,16.59880641599011,100,40,3,3,0.9,0.8,0.35,0.25,360.0,144,8.0,0.0,2.5174825174825175,0.3,0.9955521725981465,0.9838243136863221
experiment_3_beam_sensitivity,beams_18,complex_room,perception_aware,3,0,2.5,5.0,2.0,4.391577111877903,2.9763905831239112,2.1556424782349097,0.9958087455535417,2.770028707838591,0.15564247823490973,False,0.004811197916666666,0.0028035215155323007,0.004208894996326356,0.003367838541666666,0.0008410564546596902,2.843577625011676,100,40,3,3,0.9,0.8,0.35,0.25,360.0,18,8.0,0.0,21.176470588235293,0.3,0.9958087455535417,0.9812993158752179
experiment_3_beam_sensitivity,beams_18,complex_room,perception_aware,3,1,2.5,5.0,2.0,2.4320851940507486,2.4155063104953176,2.7457712653714323,0.995976508327628,2.5853858613283722,0.7457712653714323,False,0.003932291666666662,0.004290471294348124,0.0040397455549711,0.002752604166666663,0.001287141388304437,2.826708416992915,100,40,3,3,0.9,0.8,0.35,0.25,360.0,18,8.0,0.0,21.176470588235293,0.3,0.995976508327628,0.9835373560350571
experiment_3_beam_sensitivity,beams_18,complex_room,perception_aware,3,2,2.5,5.0,2.0,2.4556796184628267,5.006322383997719,2.0062622771509786,0.9991803222234577,0.0447690602873818,0.006262277150978601,True,1.9531249999999977e-05,0.0026889277478990815,0.0008203501993697245,1.3671874999999983e-05,0.0008066783243697245,2.8538360410020687,100,40,3,3,0.9,0.8,0.35,0.25,360.0,18,8.0,0.0,21.176470588235293,0.3,0.9991803222234577,0.9805772611334435
experiment_3_beam_sensitivity,beams_18,complex_room,perception_aware,3,3,2.5,5.0,2.0,2.5000743720237493,2.4561233897653625,2.823769309770655,0.9956830846998996,2.5438766113217968,0.8237693097706549,False,0.004316406249999994,0.004380491601978291,0.004335631855593483,0.0030214843749999955,0.0013141474805934874,2.817918875007308,100,40,3,3,0.9,0.8,0.35,0.25,360.0,18,8.0,0.0,21.176470588235293,0.3,0.9956830846998996,0.9843831369909742
experiment_3_beam_sensitivity,beams_18,complex_room,perception_aware,3,4,2.5,5.0,2.0,2.5067821835251323,5.0602272412388,2.010740607665739,0.9991359362105969,0.06060790872984457,0.01074060766573881,True,0.0006684027777777751,0.0013230969895470974,0.0008648110413085718,0.0004678819444444426,0.0003969290968641292,2.824925708002411,100,40,3,3,0.9,0.8,0.35,0.25,360.0,18,8.0,0.0,21.176470588235293,0.3,0.9991359362105969,0.9839238153638434
experiment_3_beam_sensitivity,beams_18,complex_room,perception_aware,3,5,2.5,5.0,2.0,3.389884966923187,4.488775278314127,-1.0763841199097484,0.9964621671294873,1.0262777257734286,3.0763841199097484,False,0.002777777777777769,0.005353163750473344,0.0035503935695864416,0.0019444444444444383,0.0016059491251420033,2.8109675419982523,100,40,3,3,0.9,0.8,0.35,0.25,360.0,18,8.0,0.0,21.176470588235293,0.3,0.9964621671294873,0.9842492351687528
experiment_3_beam_sensitivity,beams_18,complex_room,perception_aware,3,6,2.5,5.0,2.0,2.4696006939760573,2.4308504508526134,2.7610526610901935,0.996182813946741,2.5693293918240525,0.7610526610901935,False,0.004008246527777773,0.0034201340872557265,0.0038318127956211588,0.002805772569444441,0.001026040226176718,2.8257483749912353,100,40,3,3,0.9,0.8,0.35,0.25,360.0,18,8.0,0.0,21.176470588235293,0.3,0.996182813946741,0.9836790827026631
experiment_3_beam_sensitivity,beams_18,complex_room,perception_aware,3,7,2.5,5.0,2.0,2.4986865289757083,2.4421764246095554,2.809678701562177,0.9960162771395906,2.5578239126314557,0.8096787015621771,False,0.004216579861111105,0.0034935016006607095,0.003999656382975987,0.0029516059027777735,0.0010480504801982128,2.8356394589936826,100,40,3,3,0.9,0.8,0.35,0.25,360.0,18,8.0,0.0,21.176470588235293,0.3,0.9960162771395906,0.9849457214980488
experiment_3_beam_sensitivity,beams_18,complex_room,perception_aware,3,8,2.5,5.0,2.0,3.3751431591921777,4.533510076912723,-1.0636400537911712,0.9964770119339458,0.9917098352960098,3.063640053791171,False,0.0025542534722222134,0.005824886534577005,0.0035354433909286507,0.0017879774305555492,0.0017474659603731013,2.830240874987794,100,40,3,3,0.9,0.8,0.35,0.25,360.0,18,8.0,0.0,21.176470588235293,0.3,0.9964770119339458,0.9857438523643302
experiment_3_beam_sensitivity,beams_18,complex_room,perception_aware,3,9,2.5,5.0,2.0,2.5569659490117904,4.99586106059698,1.9962138105772074,0.9992128843496901,0.0571161112663999,0.0037861894227928516,True,2.8211805555555527e-05,0.002559958085034388,0.0007877356893992054,1.9748263888888868e-05,0.0007679874255103165,2.856799667002633,100,40,3,3,0.9,0.8,0.35,0.25,360.0,18,8.0,0.0,21.176470588235293,0.3,0.9992128843496901,0.9806509931391065
experiment_3_beam_sensitivity,beams_36,complex_room,perception_aware,3,0,2.5,5.0,2.0,2.5110232503292407,2.377465053719609,-0.4018278246756577,0.9936582515325421,2.622558113085335,2.4018278246756575,False,0.006903211805555531,0.005166582186633834,0.006382222919879022,0.004832248263888872,0.00154997465599015,5.023325792004471,100,40,3,3,0.9,0.8,0.35,0.25,360.0,36,8.0,0.0,10.285714285714286,0.3,0.9936582515325421,0.9849685154318165
experiment_3_beam_sensitivity,beams_36,complex_room,perception_aware,3,1,2.5,5.0,2.0,2.899153498855831,2.632183827833526,-0.4299929924548489,0.9936130725364383,2.40122405052547,2.429992992454849,False,0.004792751736111098,0.010243521021289257,0.006427982521664545,0.0033549262152777685,0.003073056306386777,5.049590042006457,100,40,3,3,0.9,0.8,0.35,0.25,360.0,36,8.0,0.0,10.285714285714286,0.3,0.9936130725364383,0.9833861649770347
experiment_3_beam_sensitivity,beams_36,complex_room,perception_aware,3,2,2.5,5.0,2.0,2.9794079877121975,2.651977314048367,-0.43642438078719853,0.9937921546701521,2.396464594444445,2.4364243807871984,False,0.004615885416666654,0.010051678700310531,0.006246623401759817,0.0032311197916666578,0.0030155036100931593,5.017917958990438,100,40,3,3,0.9,0.8,0.35,0.25,360.0,36,8.0,0.0,10.285714285714286,0.3,0.9937921546701521,0.9827447383490786
experiment_3_beam_sensitivity,beams_36,complex_room,perception_aware,3,3,2.5,5.0,2.0,2.5532935588198735,2.4444009523719474,-0.39438101349550836,0.9936627045811431,2.5561546697430297,2.3943810134955084,False,0.006503906249999979,0.006083261648022806,0.006377712869406827,0.004552734374999985,0.0018249784944068417,5.035077499996987,100,40,3,3,0.9,0.8,0.35,0.25,360.0,36,8.0,0.0,10.285714285714286,0.3,0.9936627045811431,0.9852671734532648
experiment_3_beam_sensitivity,beams_36,complex_room,perception_aware,3,4,2.5,5.0,2.0,2.5973234540143877,2.505273006930843,-0.38930079496264103,0.993886853345055,2.4966246463273505,2.389300794962641,False,0.006234809027777758,0.005954602514667937,0.006150747073844812,0.004364366319444431,0.001786380754400381,4.960410416999366,100,40,3,3,0.9,0.8,0.35,0.25,360.0,36,8.0,0.0,10.285714285714286,0.3,0.993886853345055,0.9842180835202192
experiment_3_beam_sensitivity,beams_36,complex_room,perception_aware,3,5,2.5,5.0,2.0,2.5832624034012848,2.4726680241216368,-0.3999689812940614,0.9935472704088787,2.5287031348336226,2.3999689812940614,False,0.006205512152777759,0.00716926408418317,0.006494637732199382,0.004343858506944431,0.0021507792252549508,5.035990290998598,100,40,3,3,0.9,0.8,0.35,0.25,360.0,36,8.0,0.0,10.285714285714286,0.3,0.9935472704088787,0.9828266012713404
experiment_3_beam_sensitivity,beams_36,complex_room,perception_aware,3,6,2.5,5.0,2.0,2.456476935296941,4.971705905829315,2.023405638750019,0.9992709526957729,0.05191158758973047,0.023405638750018998,True,4.123263888888888e-05,0.002335721182517151,0.0007295792019773675,2.8862847222222217e-05,0.0007007163547551453,5.024909333995311,100,40,3,3,0.9,0.8,0.35,0.25,360.0,36,8.0,0.0,10.285714285714286,0.3,0.9992709526957729,0.9826250160826792
experiment_3_beam_sensitivity,beams_36,complex_room,perception_aware,3,7,2.5,5.0,2.0,2.8680559626020106,2.5336324461059436,-0.4995343518597449,0.994326481084048,2.4936788290612415,2.499534351859745,False,0.0048328993055555425,0.007742872949487571,0.00570589139873515,0.0033830295138888794,0.002322861884846271,5.031571208004607,100,40,3,3,0.9,0.8,0.35,0.25,360.0,36,8.0,0.0,10.285714285714286,0.3,0.994326481084048,0.985492812733652
experiment_3_beam_sensitivity,beams_36,complex_room,perception_aware,3,8,2.5,5.0,2.0,2.5478801932822908,5.006203697250079,2.004028938547202,0.9995559400238322,0.048280418062814676,0.004028938547202099,True,2.4956597222222197e-05,0.0014226254499247147,0.00044425725303297,1.7469618055555538e-05,0.00042678763497741443,5.108613749995129,100,40,3,3,0.9,0.8,0.35,0.25,360.0,36,8.0,0.0,10.285714285714286,0.3,0.9995559400238322,0.9840740205908719
experiment_3_beam_sensitivity,beams_36,complex_room,perception_aware,3,9,2.5,5.0,2.0,2.455446064191441,4.9352398587399495,2.032743282620903,0.9992162308673269,0.07860616446599403,0.03274328262090309,True,9.440104166666669e-05,0.0023943439313402807,0.0007843839085687509,6.608072916666668e-05,0.0007183031794020842,5.045440292000421,100,40,3,3,0.9,0.8,0.35,0.25,360.0,36,8.0,0.0,10.285714285714286,0.3,0.9992162308673269,0.9836156544106532
experiment_3_beam_sensitivity,beams_72,complex_room,perception_aware,3,0,2.5,5.0,2.0,2.5661833669530787,5.0460387674596365,1.9624984442798648,0.9991786523946198,0.08062137539417419,0.03750155572013547,True,0.0002343749999999989,0.002193200906051409,0.0008220227718154218,0.00016406249999999922,0.0006579602718154227,9.71133308399294,100,40,3,3,0.9,0.8,0.35,0.25,360.0,72,8.0,0.0,5.070422535211268,0.3,0.9991786523946198,0.9805491894939261
experiment_3_beam_sensitivity,beams_72,complex_room,perception_aware,3,1,2.5,5.0,2.0,1.1615924797289212,1.700227503191484,3.0592744629687516,0.9915301664618131,3.5608753447729797,1.0592744629687516,False,0.009790039062499967,0.0056305235817069145,0.008542184418262051,0.006853027343749977,0.0016891570745120744,9.780813332996331,100,40,3,3,0.9,0.8,0.35,0.25,360.0,72,8.0,0.0,5.070422535211268,0.3,0.9915301664618131,0.9818971006764989
experiment_3_beam_sensitivity,beams_72,complex_room,perception_aware,3,2,2.5,5.0,2.0,2.463893055600416,4.996108464670814,2.002548530900751,0.9995833538268755,0.03631604991037648,0.0025485309007509116,True,1.573350694444442e-05,0.0013526879488483673,0.00041681983951562127,1.1013454861111094e-05,0.00040580638465451016,9.638096708993544,100,40,3,3,0.9,0.8,0.35,0.25,360.0,72,8.0,0.0,5.070422535211268,0.3,0.9995833538268755,0.9816344884702866
experiment_3_beam_sensitivity,beams_72,complex_room,perception_aware,3,3,2.5,5.0,2.0,5.138081433927506,3.1825308507666565,-1.4961371180615963,0.9903601141968904,3.203539879640642,2.78704818911799,False,0.012932400173611061,0.0022701253631446264,0.009733717730471131,0.009052680121527743,0.0006810376089433879,10.05350599999656,100,40,3,3,0.9,0.8,0.35,0.25,360.0,72,8.0,0.0,5.070422535211268,0.3,0.9903601141968904,0.9780397428793621
experiment_3_beam_sensitivity,beams_72,complex_room,perception_aware,3,4,2.5,5.0,2.0,2.436926080452625,5.005777271737654,2.00093084388938,0.9994576035941204,0.06333795225454805,0.0009308438893800286,True,4.286024305555545e-05,0.0017089619641935568,0.0005426907593969558,3.0002170138888816e-05,0.000512688589258067,9.410298707996844,100,40,3,3,0.9,0.8,0.35,0.25,360.0,72,8.0,0.0,5.070422535211268,0.3,0.9994576035941204,0.9767568861712599
experiment_3_beam_sensitivity,beams_72,complex_room,perception_aware,3,5,2.5,5.0,2.0,1.0721364357880225,1.7527139060546473,3.0068270837347426,0.9916168324468367,3.547345674435323,1.006827083734743,False,0.009772677951388855,0.005377215380463107,0.008454039180111131,0.006840874565972198,0.001613164614138932,9.736797582998406,100,40,3,3,0.9,0.8,0.35,0.25,360.0,72,8.0,0.0,5.070422535211268,0.3,0.9916168324468367,0.979742526122788
experiment_3_beam_sensitivity,beams_72,complex_room,perception_aware,3,6,2.5,5.0,2.0,1.1615525679635987,1.7251649401145965,3.0568213425016113,0.9914790791989221,3.5377939733369823,1.0568213425016113,False,0.009841579861111078,0.005683483257672398,0.008594150880079473,0.006889105902777754,0.0017050449773017193,9.782103290999657,100,40,3,3,0.9,0.8,0.35,0.25,360.0,72,8.0,0.0,5.070422535211268,0.3,0.9914790791989221,0.980695341574919
experiment_3_beam_sensitivity,beams_72,complex_room,perception_aware,3,7,2.5,5.0,2.0,1.0589896856782701,1.7087457710893406,3.01140475012877,0.9916547721020501,3.592890914751506,1.0114047501287704,False,0.009806857638888854,0.005168854852042767,0.008415456802835028,0.006864800347222197,0.0015506564556128299,9.777217541995924,100,40,3,3,0.9,0.8,0.35,0.25,360.0,72,8.0,0.0,5.070422535211268,0.3,0.9916547721020501,0.9805530378145295
experiment_3_beam_sensitivity,beams_72,complex_room,perception_aware,3,8,2.5,5.0,2.0,2.524865551244005,5.0172501210292255,1.9987870287909555,0.9995790117243373,0.030263217181772946,0.001212971209044511,True,2.0073784722222202e-05,0.0013570464404298068,0.0004211655814344976,1.405164930555554e-05,0.00040711393212894203,9.734423624991905,100,40,3,3,0.9,0.8,0.35,0.25,360.0,72,8.0,0.0,5.070422535211268,0.3,0.9995790117243373,0.9815702624475843
experiment_3_beam_sensitivity,beams_72,complex_room,perception_aware,3,9,2.5,5.0,2.0,1.0880796783948947,1.7246672155571785,3.008417863198905,0.9913997813992221,3.5666964888265205,1.008417863198905,False,0.009650065104166633,0.006399261368138257,0.008674823983358119,0.006755045572916642,0.0019197784104414768,9.67584741700557,100,40,3,3,0.9,0.8,0.35,0.25,360.0,72,8.0,0.0,5.070422535211268,0.3,0.9913997813992221,0.9810355923497592
experiment_3_beam_sensitivity,beams_108,complex_room,perception_aware,3,0,2.5,5.0,2.0,5.115997440129317,2.976935171638408,-1.5021501332906253,0.9898643707107685,3.306997717948541,2.781035173888961,False,0.010991391782407363,0.008484793091645527,0.01023941217517881,0.007693974247685153,0.002545437927493658,14.758930791998864,100,40,3,3,0.9,0.8,0.35,0.25,360.0,108,8.0,0.0,3.364485981308411,0.3,0.9898643707107685,0.9786393548007993
experiment_3_beam_sensitivity,beams_108,complex_room,perception_aware,3,1,2.5,5.0,2.0,5.111282095588535,3.231322666445638,-1.390983160519421,0.9899504935824167,3.1538886621074975,2.892202146660165,False,0.013738425925925878,0.0017820869242899777,0.010151524225435107,0.009616898148148114,0.0005346260772869933,14.770386375006638,100,40,3,3,0.9,0.8,0.35,0.25,360.0,108,8.0,0.0,3.364485981308411,0.3,0.9899504935824167,0.9792264789646639
experiment_3_beam_sensitivity,beams_108,complex_room,perception_aware,3,2,2.5,5.0,2.0,2.4912151506753504,5.001331244246097,1.9933734080439898,0.9999222855369898,0.008885144281302493,0.00662659195601023,True,1.4105902777777738e-05,0.0002261545702431552,7.772050301739097e-05,9.874131944444417e-06,6.784637107294655e-05,14.335723791999044,100,40,3,3,0.9,0.8,0.35,0.25,360.0,108,8.0,0.0,3.364485981308411,0.3,0.9999222855369898,0.9834103152235685
experiment_3_beam_sensitivity,beams_108,complex_room,perception_aware,3,3,2.5,5.0,2.0,5.1980680958361605,3.0083170181580887,-1.5001073430447949,0.9903560508797751,3.3535611743231484,2.783077964134791,False,0.011307508680555507,0.0060753482517957235,0.00973786055192757,0.007915256076388854,0.001822604475538717,14.575592042005155,100,40,3,3,0.9,0.8,0.35,0.25,360.0,108,8.0,0.0,3.364485981308411,0.3,0.9903560508797751,0.9784959201779525
experiment_3_beam_sensitivity,beams_108,complex_room,perception_aware,3,4,2.5,5.0,2.0,1.0767553136711294,1.6842580953570452,3.034798145758344,0.9908249489783593,3.6082918140539375,1.0347981457583444,False,0.01069878472222218,0.0059028759987041456,0.00926001210516677,0.007489149305555526,0.0017708627996112435,14.222540874994593,100,40,3,3,0.9,0.8,0.35,0.25,360.0,108,8.0,0.0,3.364485981308411,0.3,0.9908249489783593,0.9812962679952782
experiment_3_beam_sensitivity,beams_108,complex_room,perception_aware,3,5,2.5,5.0,2.0,5.196048592100599,3.125454247619243,-1.4120849461366718,0.9905524291745788,3.283686920023948,2.871100361042915,False,0.011888382523148113,0.004052703181470202,0.00953767872064474,0.008321867766203679,0.0012158109544410606,14.76729983399855,100,40,3,3,0.9,0.8,0.35,0.25,360.0,108,8.0,0.0,3.364485981308411,0.3,0.9905524291745788,0.9796156254978484
experiment_3_beam_sensitivity,beams_108,complex_room,perception_aware,3,6,2.5,5.0,2.0,1.1403035415398601,1.750374415204376,3.028467320730242,0.99085929543745,3.5226184721748317,1.0284673207302415,False,0.010851779513888847,0.005429273855596096,0.009225027816401022,0.007596245659722192,0.0016287821566788286,14.294043792004231,100,40,3,3,0.9,0.8,0.35,0.25,360.0,108,8.0,0.0,3.364485981308411,0.3,0.99085929543745,0.9813060402470917
experiment_3_beam_sensitivity,beams_108,complex_room,perception_aware,3,7,2.5,5.0,2.0,1.0249212479169914,1.7126359388046741,3.015569409649641,0.9904090602125887,3.603140268666402,1.0155694096496415,False,0.011629050925925881,0.005144936806837474,0.009683816690199359,0.008140335648148117,0.001543481042051242,14.215317832989967,100,40,3,3,0.9,0.8,0.35,0.25,360.0,108,8.0,0.0,3.364485981308411,0.3,0.9904090602125887,0.9818006048718368
experiment_3_beam_sensitivity,beams_108,complex_room,perception_aware,3,8,2.5,5.0,2.0,2.440178476834627,5.044457835736237,1.9686925016115913,0.9991177846408021,0.07453263575223618,0.03130749838840874,True,0.0004705584490740734,0.0018453447867470031,0.0008829943503759522,0.00032939091435185133,0.0005536034360241009,14.308969207995688,100,40,3,3,0.9,0.8,0.35,0.25,360.0,108,8.0,0.0,3.364485981308411,0.3,0.9991177846408021,0.9835898903723326
experiment_3_beam_sensitivity,beams_108,complex_room,perception_aware,3,9,2.5,5.0,2.0,1.05841121680263,1.65655257142493,3.0225667759034343,0.9908651137315888,3.6409914758875392,1.0225667759034343,False,0.010678168402777735,0.005814612773738996,0.009219101714066112,0.007474717881944414,0.0017443838321216988,14.205067667004187,100,40,3,3,0.9,0.8,0.35,0.25,360.0,108,8.0,0.0,3.364485981308411,0.3,0.9908651137315888,0.9807384861943592
experiment_3_beam_sensitivity,beams_144,complex_room,perception_aware,3,0,2.5,5.0,2.0,4.93365281544712,1.0082561489152302,-0.4505640239242778,0.9890614683679987,4.675113367481773,2.4505640239242776,False,0.009463433159722196,0.014783677269014852,0.011059506392509993,0.006624403211805537,0.004435103180704456,16.406952833000105,100,40,3,3,0.9,0.8,0.35,0.25,360.0,144,8.0,0.0,2.5174825174825175,0.3,0.9890614683679987,0.9792706688229661
experiment_3_beam_sensitivity,beams_144,complex_room,perception_aware,3,1,2.5,5.0,2.0,1.169638690087788,1.7614166250376797,3.0078608595249183,0.9929937958121311,3.5011831559479534,1.0078608595249179,False,0.009151746961805525,0.0021647151702514273,0.0070556374243392955,0.006406222873263867,0.0006494145510754282,18.920747709009447,100,40,3,3,0.9,0.8,0.35,0.25,360.0,144,8.0,0.0,2.5174825174825175,0.3,0.9929937958121311,0.9841075085940244
experiment_3_beam_sensitivity,beams_144,complex_room,perception_aware,3,2,2.5,5.0,2.0,1.2253719946250745,1.7634584903391093,3.019444618360742,0.9931816619865181,3.478487817406302,1.0194446183607422,False,0.008780653211805529,0.002395632191108735,0.00686514690559649,0.00614645724826387,0.0007186896573326205,18.82494824999594,100,40,3,3,0.9,0.8,0.35,0.25,360.0,144,8.0,0.0,2.5174825174825175,0.3,0.9931816619865181,0.9828301024888666
experiment_3_beam_sensitivity,beams_144,complex_room,perception_aware,3,3,2.5,5.0,2.0,5.197771752711988,3.004933534685284,-1.5246158378671575,0.992382075236854,3.355333460440865,2.7585694693124285,False,0.009988064236111073,0.002282526861851304,0.007676403023833142,0.006991644965277751,0.0006847580585553912,19.47397004099912,100,40,3,3,0.9,0.8,0.35,0.25,360.0,144,8.0,0.0,2.5174825174825175,0.3,0.992382075236854,0.980732499206642
experiment_3_beam_sensitivity,beams_144,complex_room,perception_aware,3,4,2.5,5.0,2.0,1.1640498756770816,1.7562598266209304,3.0096191744990484,0.9927253179416877,3.508078255551278,1.0096191744990488,False,0.009124891493055527,0.003135222722734216,0.007327990861959133,0.006387424045138868,0.0009405668168202647,18.812156792002497,100,40,3,3,0.9,0.8,0.35,0.25,360.0,144,8.0,0.0,2.5174825174825175,0.3,0.9927253179416877,0.9828432680398371
experiment_3_beam_sensitivity,beams_144,complex_room,perception_aware,3,5,2.5,5.0,2.0,1.1657107729191147,1.7652484114326619,2.959426686939469,0.9924774076584347,3.4991349761395347,0.9594266869394694,False,0.009884982638888856,0.0022004093848875953,0.007579610662688477,0.006919487847222198,0.0006601228154662786,18.733145958001842,100,40,3,3,0.9,0.8,0.35,0.25,360.0,144,8.0,0.0,2.5174825174825175,0.3,0.9924774076584347,0.9850464897925235
experiment_3_beam_sensitivity,beams_144,complex_room,perception_aware,3,6,2.5,5.0,2.0,1.1803074408132816,1.796024596455548,3.0007909868287785,0.992861966646255,3.4651185892102774,1.000790986828779,False,0.009159342447916637,0.0025927048957809285,0.0071893511822759245,0.006411539713541646,0.0007778114687342785,18.989902583998628,100,40,3,3,0.9,0.8,0.35,0.25,360.0,144,8.0,0.0,2.5174825174825175,0.3,0.992861966646255,0.9833097809836394
experiment_3_beam_sensitivity,beams_144,complex_room,perception_aware,3,7,2.5,5.0,2.0,1.2441470152658614,1.7781316703690473,3.0290804850608595,0.9925697349884777,3.457976612521344,1.0290804850608595,False,0.009601508246527748,0.002549437880752286,0.007485887136795109,0.0067210557725694235,0.0007648313642256858,18.802337417000672,100,40,3,3,0.9,0.8,0.35,0.25,360.0,144,8.0,0.0,2.5174825174825175,0.3,0.9925697349884777,0.9830496039572328
experiment_3_beam_sensitivity,beams_144,complex_room,perception_aware,3,8,2.5,5.0,2.0,2.5041997518411083,5.0219619099997495,1.9827591323937241,0.9993886389165305,0.022359861501449148,0.017240867606275856,True,0.00013292100694444392,0.0017289678987545617,0.0006117350744874792,9.304470486111073e-05,0.0005186903696263685,18.908037625005818,100,40,3,3,0.9,0.8,0.35,0.25,360.0,144,8.0,0.0,2.5174825174825175,0.3,0.9993886389165305,0.9844843357394043
experiment_3_beam_sensitivity,beams_144,complex_room,perception_aware,3,9,2.5,5.0,2.0,1.1656670054284926,1.7755949861360432,3.035928780760188,0.9925520348613646,3.489589121061847,1.0359287807601874,False,0.00926296657986108,0.003399256575302472,0.0075038535784934975,0.006484076605902756,0.0010197769725907417,17.763569999995525,100,40,3,3,0.9,0.8,0.35,0.25,360.0,144,8.0,0.0,2.5174825174825175,0.3,0.9925520348613646,0.9838440165150337
experiment_3_beam_sensitivity,beams_18,complex_room,perception_aware,4,0,6.8,3.0,-2.4,6.829660619158622,3.9384256993434925,0.9025680817940561,0.9985365452344512,0.9388943207396644,2.9806172253855303,False,0.0006922743055555561,0.003270025301284204,0.0014655996042741504,0.0004845920138888892,0.0009810075903852612,2.6569062499911524,100,40,3,3,0.9,0.8,0.35,0.25,360.0,18,8.0,0.0,21.176470588235293,0.3,0.9985365452344512,0.9920228173498739
experiment_3_beam_sensitivity,beams_18,complex_room,perception_aware,4,1,6.8,3.0,-2.4,6.8497990022928645,3.0222454461909933,-2.4087700553587403,0.9995455881141891,0.0545417317803636,0.008770055358740425,True,6.29340277777778e-05,0.001368548834675555,0.00045461846984711093,4.405381944444446e-05,0.0004105646504026665,2.6712043750012526,100,40,3,3,0.9,0.8,0.35,0.25,360.0,18,8.0,0.0,21.176470588235293,0.3,0.9995455881141891,0.9884076515221548
experiment_3_beam_sensitivity,beams_18,complex_room,perception_aware,4,2,6.8,3.0,-2.4,6.985249758981076,3.91754790094279,0.7534526198494529,0.998540678308206,0.9360617627737321,3.129732687330133,False,0.0007964409722222233,0.0030131524779361,0.0014614544239363863,0.0005575086805555563,0.00090394574338083,2.661770416001673,100,40,3,3,0.9,0.8,0.35,0.25,360.0,18,8.0,0.0,21.176470588235293,0.3,0.998540678308206,0.9900845311357412
experiment_3_beam_sensitivity,beams_18,complex_room,perception_aware,4,3,6.8,3.0,-2.4,6.978623317285439,3.9212825898314825,0.7886013440980186,0.9984955601539768,0.9384390762349243,3.0945839630815675,False,0.0007356770833333344,0.003305775457094712,0.0015067065954617476,0.0005149739583333341,0.0009917326371284136,2.6493281250004657,100,40,3,3,0.9,0.8,0.35,0.25,360.0,18,8.0,0.0,21.176470588235293,0.3,0.9984955601539768,0.9920258599583427
experiment_3_beam_sensitivity,beams_18,complex_room,perception_aware,4,4,6.8,3.0,-2.4,6.797607000951809,2.9935383168047522,-2.3995856782223046,0.999930851224837,0.006890558334445144,0.0004143217776952923,True,2.1701388888888927e-06,0.00022544819941471236,6.915355704663593e-05,1.5190972222222249e-06,6.76344598244137e-05,2.6840850000007777,100,40,3,3,0.9,0.8,0.35,0.25,360.0,18,8.0,0.0,21.176470588235293,0.3,0.999930851224837,0.9909565214267172
experiment_3_beam_sensitivity,beams_18,complex_room,perception_aware,4,5,6.8,3.0,-2.4,6.9701607950955795,3.953060040712968,0.781370738377199,0.998526284978467,0.9681312604142911,3.1018145688023875,False,0.0007486979166666676,0.0031726717374074916,0.0014758900628889147,0.0005240885416666673,0.0009518015212222474,2.6508519999915734,100,40,3,3,0.9,0.8,0.35,0.25,360.0,18,8.0,0.0,21.176470588235293,0.3,0.998526284978467,0.9921763243125814
experiment_3_beam_sensitivity,beams_18,complex_room,perception_aware,4,6,6.8,3.0,-2.4,6.8092902153622905,2.992018205193273,-2.402512581096135,0.999893211454055,0.012248148832147568,0.002512581096135058,True,6.510416666666678e-06,0.0003408088642991985,0.00010679995095642623,4.557291666666675e-06,0.00010224265928975955,2.6886645420017885,100,40,3,3,0.9,0.8,0.35,0.25,360.0,18,8.0,0.0,21.176470588235293,0.3,0.999893211454055,0.9893117047067456
experiment_3_beam_sensitivity,beams_18,complex_room,perception_aware,4,7,6.8,3.0,-2.4,6.818708559262346,3.926452703862182,0.8968993110075854,0.9985661829507779,0.9266415826430524,2.9862859961720005,False,0.0006857638888888896,0.0031861370341635304,0.0014358758324712817,0.0004800347222222227,0.000955841110249059,2.658509957997012,100,40,3,3,0.9,0.8,0.35,0.25,360.0,18,8.0,0.0,21.176470588235293,0.3,0.9985661829507779,0.9912864153126386
experiment_3_beam_sensitivity,beams_18,complex_room,perception_aware,4,8,6.8,3.0,-2.4,6.82268902663249,3.0016958824495323,-2.398095431217442,0.9999178383013065,0.02275231739433371,0.0019045687825580693,True,1.3020833333333356e-05,0.00024351288819849637,8.216844979288225e-05,9.11458333333335e-06,7.30538664595489e-05,2.683666124998126,100,40,3,3,0.9,0.8,0.35,0.25,360.0,18,8.0,0.0,21.176470588235293,0.3,0.9999178383013065,0.9903409457003601
experiment_3_beam_sensitivity,beams_18,complex_room,perception_aware,4,9,6.8,3.0,-2.4,6.832044951369837,3.075549968756796,-2.4112816362094094,0.9997855312478168,0.08206507593031341,0.011281636209409474,True,9.982638888888861e-05,0.00048212095557880727,0.0002145147588958642,6.987847222222202e-05,0.00014463628667364217,2.6958174589963164,100,40,3,3,0.9,0.8,0.35,0.25,360.0,18,8.0,0.0,21.176470588235293,0.3,0.9997855312478168,0.9892243958512497
experiment_3_beam_sensitivity,beams_36,complex_room,perception_aware,4,0,6.8,3.0,-2.4,6.82373545279706,2.935869178247974,-2.4296407913740135,0.999651029410307,0.06838226391449484,0.029640791374013542,True,6.8359375e-05,0.0010041361672601917,0.0003490924126780575,4.78515625e-05,0.0003012408501780575,4.780386665996048,100,40,3,3,0.9,0.8,0.35,0.25,360.0,36,8.0,0.0,10.285714285714286,0.3,0.999651029410307,0.9874793395765916
experiment_3_beam_sensitivity,beams_36,complex_room,perception_aware,4,1,6.8,3.0,-2.4,6.805413215255341,2.9860340183058485,-2.4013140450257313,0.9998636499405174,0.014978369206360115,0.001314045025731403,True,1.0850694444444435e-05,0.0004292438908182223,0.0001363686533565778,7.595486111111104e-06,0.00012877316724546668,4.7701134589879075,100,40,3,3,0.9,0.8,0.35,0.25,360.0,36,8.0,0.0,10.285714285714286,0.3,0.9998636499405174,0.9865154141073659
experiment_3_beam_sensitivity,beams_36,complex_room,perception_aware,4,2,6.8,3.0,-2.4,6.7698747627711935,2.9995641589066415,-2.3934566627502396,0.9995952340957522,0.030128389859906537,0.006543337249760306,True,2.9296874999999948e-05,0.0012814066450899328,0.0004049298060269798,2.0507812499999964e-05,0.00038442199352697984,4.80463845799386,100,40,3,3,0.9,0.8,0.35,0.25,360.0,36,8.0,0.0,10.285714285714286,0.3,0.9995952340957522,0.9869788283109225
experiment_3_beam_sensitivity,beams_36,complex_room,perception_aware,4,3,6.8,3.0,-2.4,6.846287342080398,2.9201111471183068,-2.4528106737515083,0.9995816770035099,0.09232955567758694,0.052810673751508386,True,0.00013997395833333329,0.0010683876434030761,0.0004184980638542561,9.798177083333329e-05,0.0003205162930209228,4.778966209007194,100,40,3,3,0.9,0.8,0.35,0.25,360.0,36,8.0,0.0,10.285714285714286,0.3,0.9995816770035099,0.9882895467189923
experiment_3_beam_sensitivity,beams_36,complex_room,perception_aware,4,4,6.8,3.0,-2.4,6.824782753029622,2.981480347675693,-2.4305758512877738,0.9998095672923158,0.03093804082259314,0.030575851287773848,True,4.2317708333333335e-05,0.0005361552779139059,0.0001904689792075051,2.9622395833333334e-05,0.00016084658337417178,4.81659087499429,100,40,3,3,0.9,0.8,0.35,0.25,360.0,36,8.0,0.0,10.285714285714286,0.3,0.9998095672923158,0.9883174207255604
experiment_3_beam_sensitivity,beams_36,complex_room,perception_aware,4,5,6.8,3.0,-2.4,6.833718999771706,2.9315882330247796,-2.4643250465127307,0.9996012694090165,0.07627018294377008,0.06432504651273074,True,0.00014648437499999983,0.0009878352599522536,0.0003988896404856759,0.00010253906249999987,0.00029635057798567605,4.776493917001062,100,40,3,3,0.9,0.8,0.35,0.25,360.0,36,8.0,0.0,10.285714285714286,0.3,0.9996012694090165,0.9851502316677399
experiment_3_beam_sensitivity,beams_36,complex_room,perception_aware,4,6,6.8,3.0,-2.4,6.80889002977334,2.9889889006123314,-2.4029230717858514,0.9998947642074442,0.014151923512229488,0.0029230717858514943,True,7.595486111111106e-06,0.0003331000933849895,0.00010524686829327462,5.3168402777777736e-06,9.993002801549684e-05,4.813883916998748,100,40,3,3,0.9,0.8,0.35,0.25,360.0,36,8.0,0.0,10.285714285714286,0.3,0.9998947642074442,0.9882075647876414
experiment_3_beam_sensitivity,beams_36,complex_room,perception_aware,4,7,6.8,3.0,-2.4,6.84586360886941,2.9698888475752443,-2.44330456711445,0.9997994486520363,0.05486485322019073,0.04330456711445008,True,9.440104166666661e-05,0.00044836949236046485,0.00020059157687480608,6.608072916666663e-05,0.00013451084770813945,4.807074750002357,100,40,3,3,0.9,0.8,0.35,0.25,360.0,36,8.0,0.0,10.285714285714286,0.3,0.9997994486520363,0.9884361946444261
experiment_3_beam_sensitivity,beams_36,complex_room,perception_aware,4,8,6.8,3.0,-2.4,6.84403022756804,2.9779469873464848,-2.365196725267644,0.999748727341825,0.04924425151009516,0.034803274732356115,True,5.09982638888888e-05,0.0007187900909017518,0.0002513358119927477,3.5698784722222155e-05,0.00021563702727052554,4.80295599999954,100,40,3,3,0.9,0.8,0.35,0.25,360.0,36,8.0,0.0,10.285714285714286,0.3,0.999748727341825,0.9887897887785997
experiment_3_beam_sensitivity,beams_36,complex_room,perception_aware,4,9,6.8,3.0,-2.4,6.803820038178745,2.995056968053103,-2.3945095671068573,0.9999200007146135,0.006247099848338623,0.0054904328931426605,True,6.510416666666659e-06,0.00025149464705828223,8.000568578415133e-05,4.557291666666661e-06,7.544839411748466e-05,4.803280000007362,100,40,3,3,0.9,0.8,0.35,0.25,360.0,36,8.0,0.0,10.285714285714286,0.3,0.9999200007146135,0.986252306745955
experiment_3_beam_sensitivity,beams_72,complex_room,perception_aware,4,0,6.8,3.0,-2.4,6.821761652334423,2.992861753239931,-2.40495173156238,0.9999190742212672,0.022902490675294634,0.004951731562380157,True,1.5190972222222227e-05,0.0002343288256299788,8.09323282445492e-05,1.0633680555555559e-05,7.029864768899363e-05,8.902784250007244,100,40,3,3,0.9,0.8,0.35,0.25,360.0,72,8.0,0.0,5.070422535211268,0.3,0.9999190742212672,0.9881041141366179
experiment_3_beam_sensitivity,beams_72,complex_room,perception_aware,4,1,6.8,3.0,-2.4,6.810610811786426,3.0616218980560514,-2.3781580321413336,0.9998559179692504,0.0625287745505808,0.021841967858666322,True,4.0690104166666644e-05,0.00038539906818640485,0.0001441027933725881,2.848307291666665e-05,0.00011561972045592145,8.846568332999595,100,40,3,3,0.9,0.8,0.35,0.25,360.0,72,8.0,0.0,5.070422535211268,0.3,0.9998559179692504,0.9875468387820583
experiment_3_beam_sensitivity,beams_72,complex_room,perception_aware,4,2,6.8,3.0,-2.4,6.93909340329492,3.0334958027924874,-2.3879994710111387,0.999352157109746,0.1430697160299009,0.01200052898886117,True,0.0002549913194444446,0.0015658964637650975,0.0006482628627406405,0.00017849392361111123,0.0004697689391295292,8.926170333012124,100,40,3,3,0.9,0.8,0.35,0.25,360.0,72,8.0,0.0,5.070422535211268,0.3,0.999352157109746,0.9879315983247946
experiment_3_beam_sensitivity,beams_72,complex_room,perception_aware,4,3,6.8,3.0,-2.4,6.999829308427873,3.157885830583413,-2.34949259840339,0.9993636514388747,0.25467565255786845,0.050507401596609824,False,0.0005919053819444448,0.000741399970340899,0.0006367537584633811,0.00041433376736111136,0.00022241999110226968,8.889603082992835,100,40,3,3,0.9,0.8,0.35,0.25,360.0,72,8.0,0.0,5.070422535211268,0.3,0.9993636514388747,0.9898894984840027
experiment_3_beam_sensitivity,beams_72,complex_room,perception_aware,4,4,6.8,3.0,-2.4,6.853419251227028,2.9885274398803015,-2.4024237784528797,0.9995784968359941,0.05463731359937522,0.0024237784528797768,True,5.045572916666672e-05,0.0012878729780813546,0.00042168090384107307,3.53190104166667e-05,0.0003863618934244064,8.90477275000012,100,40,3,3,0.9,0.8,0.35,0.25,360.0,72,8.0,0.0,5.070422535211268,0.3,0.9995784968359941,0.9877375937684273
experiment_3_beam_sensitivity,beams_72,complex_room,perception_aware,4,5,6.8,3.0,-2.4,6.7989832662654335,3.0269214207616986,-2.389041124334879,0.9996321429008411,0.02694061326910395,0.010958875665120882,True,1.4648437499999983e-05,0.0011924618718350346,0.0003679924678005104,1.0253906249999987e-05,0.0003577385615505104,8.896049416987807,100,40,3,3,0.9,0.8,0.35,0.25,360.0,72,8.0,0.0,5.070422535211268,0.3,0.9996321429008411,0.988833388741079
experiment_3_beam_sensitivity,beams_72,complex_room,perception_aware,4,6,6.8,3.0,-2.4,6.813179067104025,3.050016460188112,-2.381857033470337,0.9998775284345999,0.0517236319246956,0.018142966529663074,True,2.5499131944444416e-05,0.00034879058053503977,0.00012248656652162304,1.784939236111109e-05,0.00010463717416051193,8.903654084002483,100,40,3,3,0.9,0.8,0.35,0.25,360.0,72,8.0,0.0,5.070422535211268,0.3,0.9998775284345999,0.9892033388736065
experiment_3_beam_sensitivity,beams_72,complex_room,perception_aware,4,7,6.8,3.0,-2.4,6.98812531037438,3.2033769273823163,0.15148476967156643,0.9955985031590529,0.27704387196783237,2.551484769671566,False,0.005330403645833331,0.0022989103708331475,0.004420955663333276,0.0037312825520833316,0.0006896731112499443,8.752181916002883,100,40,3,3,0.9,0.8,0.35,0.25,360.0,72,8.0,0.0,5.070422535211268,0.3,0.9955985031590529,0.9898623529382766
experiment_3_beam_sensitivity,beams_72,complex_room,perception_aware,4,8,6.8,3.0,-2.4,6.843817143219199,3.092927351603539,-2.3622047350656135,0.9994227365969676,0.10273964529790622,0.03779526493438645,True,8.463541666666662e-05,0.0017278401229218496,0.0005775968285432215,5.924479166666663e-05,0.0005183520368765549,8.937036083996645,100,40,3,3,0.9,0.8,0.35,0.25,360.0,72,8.0,0.0,5.070422535211268,0.3,0.9994227365969676,0.98896603887602
experiment_3_beam_sensitivity,beams_72,complex_room,perception_aware,4,9,6.8,3.0,-2.4,6.77006166581733,2.9439551746667534,-2.4585857244098857,0.9994090859028737,0.06353995829607793,0.05858572440988574,True,7.758246527777772e-05,0.0017898525245308378,0.0005912634830536958,5.4307725694444404e-05,0.0005369557573592514,8.923278875008691,100,40,3,3,0.9,0.8,0.35,0.25,360.0,72,8.0,0.0,5.070422535211268,0.3,0.9994090859028737,0.9876714542884508
experiment_3_beam_sensitivity,beams_108,complex_room,perception_aware,4,0,6.8,3.0,-2.4,6.8047871044165475,2.994693997343298,-2.403285905505327,0.9999149346424604,0.007146330029312911,0.003285905505327147,True,7.595486111111116e-06,0.00026585251330850666,8.507259427032978e-05,5.316840277777781e-06,7.9755753992552e-05,13.073588541010395,100,40,3,3,0.9,0.8,0.35,0.25,360.0,108,8.0,0.0,3.364485981308411,0.3,0.9999149346424604,0.9887103768083522
experiment_3_beam_sensitivity,beams_108,complex_room,perception_aware,4,1,6.8,3.0,-2.4,6.999989795209603,3.2084147490322468,0.18188847291726606,0.9952963422561834,0.2888470629972781,2.5818884729172655,False,0.00561161747685185,0.0026591815452695644,0.004725886697377164,0.003928132233796295,0.0007977544635808692,12.91045291699993,100,40,3,3,0.9,0.8,0.35,0.25,360.0,108,8.0,0.0,3.364485981308411,0.3,0.9952963422561834,0.9879238811477637
experiment_3_beam_sensitivity,beams_108,complex_room,perception_aware,4,2,6.8,3.0,-2.4,6.831847702072449,3.069756860726188,1.4189166849133752,0.9956332855664478,0.07668308643806838,2.4642686222662107,False,0.005854311342592591,0.0009594943974483818,0.0043858662590493275,0.0040980179398148135,0.00028784831923451453,12.919136707991129,100,40,3,3,0.9,0.8,0.35,0.25,360.0,108,8.0,0.0,3.364485981308411,0.3,0.9956332855664478,0.984952374033229
experiment_3_beam_sensitivity,beams_108,complex_room,perception_aware,4,3,6.8,3.0,-2.4,6.808459433764603,3.0017015658759325,-2.4060774957971542,0.9999462590660222,0.008628867019942147,0.006077495797154331,True,8.318865740740734e-06,0.00015973538734130165,5.374382222090901e-05,5.823206018518514e-06,4.792061620239049e-05,13.027950290997978,100,40,3,3,0.9,0.8,0.35,0.25,360.0,108,8.0,0.0,3.364485981308411,0.3,0.9999462590660222,0.9874229998964202
experiment_3_beam_sensitivity,beams_108,complex_room,perception_aware,4,4,6.8,3.0,-2.4,6.825669516538717,3.0059849008295623,-2.3959751051313636,0.9996071498591982,0.026357980143993886,0.004024894868636331,True,1.4467592592592595e-05,0.0012762573929104059,0.00039300453268793653,1.0127314814814816e-05,0.0003828772178731217,13.014649958000518,100,40,3,3,0.9,0.8,0.35,0.25,360.0,108,8.0,0.0,3.364485981308411,0.3,0.9996071498591982,0.9869911020156592
experiment_3_beam_sensitivity,beams_108,complex_room,perception_aware,4,5,6.8,3.0,-2.4,6.829421641448333,3.0530689683062904,-2.3465278364311324,0.9996911516311775,0.0606790604954321,0.053472163568867526,True,7.125289351851839e-05,0.0008635558671459325,0.00030894378560674264,4.9877025462962864e-05,0.00025906676014377975,13.031834624998737,100,40,3,3,0.9,0.8,0.35,0.25,360.0,108,8.0,0.0,3.364485981308411,0.3,0.9996911516311775,0.9889577919730271
experiment_3_beam_sensitivity,beams_108,complex_room,perception_aware,4,6,6.8,3.0,-2.4,6.789415151022666,3.01569584752007,-2.3875335786331964,0.9996149453782767,0.018931419842321637,0.012466421366803537,True,1.8084490740740736e-05,0.0012418126745984085,0.00038520294589804106,1.2659143518518515e-05,0.00037254380237952255,13.021462083008373,100,40,3,3,0.9,0.8,0.35,0.25,360.0,108,8.0,0.0,3.364485981308411,0.3,0.9996028355610693,0.9876881551198418
experiment_3_beam_sensitivity,beams_108,complex_room,perception_aware,4,7,6.8,3.0,-2.4,6.808522215644158,3.013378174936633,-2.3618691909579397,0.9997515367706737,0.01586202143866553,0.03813080904206023,True,4.521122685185174e-05,0.0007229237328287488,0.0002485249786449209,3.164785879629622e-05,0.00021687711984862465,13.01410508400295,100,40,3,3,0.9,0.8,0.35,0.25,360.0,108,8.0,0.0,3.364485981308411,0.3,0.9997515367706737,0.9873533993256122
experiment_3_beam_sensitivity,beams_108,complex_room,perception_aware,4,8,6.8,3.0,-2.4,6.786170914584548,3.0217345413901686,-2.391954984648784,0.9996426937397053,0.025761092617915444,0.008045015351215934,True,1.6999421296296295e-05,0.001151781262612253,0.0003574339736910833,1.1899594907407407e-05,0.0003455343787836759,12.999183207997703,100,40,3,3,0.9,0.8,0.35,0.25,360.0,108,8.0,0.0,3.364485981308411,0.3,0.9996426937397053,0.9885285239128758
experiment_3_beam_sensitivity,beams_108,complex_room,perception_aware,4,9,6.8,3.0,-2.4,6.807184192909192,2.976642521257671,-2.402502979215836,0.9998763692294151,0.024437357487151676,0.0025029792158361985,True,1.6276041666666653e-05,0.0003741760929181195,0.0001236460570421025,1.1393229166666657e-05,0.00011225282787543584,13.094421666988637,100,40,3,3,0.9,0.8,0.35,0.25,360.0,108,8.0,0.0,3.364485981308411,0.3,0.9998763692294151,0.9882273174632235
experiment_3_beam_sensitivity,beams_144,complex_room,perception_aware,4,0,6.8,3.0,-2.4,6.812044003515233,3.0605886906982,-2.3880361822411937,0.9998476048072871,0.061774164997975466,0.011963817758806172,True,4.475911458333328e-05,0.0004036234677974723,0.00015241842054757498,3.13313802083333e-05,0.00012108704033924169,17.180232792001334,100,40,3,3,0.9,0.8,0.35,0.25,360.0,144,8.0,0.0,2.5174825174825175,0.3,0.9997094285730267,0.9895167709114664
experiment_3_beam_sensitivity,beams_144,complex_room,perception_aware,4,1,6.8,3.0,-2.4,6.814707826054204,3.0126061931486667,-2.4361523812437316,0.9997508240249309,0.0193710157953118,0.03615238124373166,True,7.839626736111087e-05,0.0006478689735259784,0.0002492380792105711,5.487738715277761e-05,0.0001943606920577935,17.074697167001432,100,40,3,3,0.9,0.8,0.35,0.25,360.0,144,8.0,0.0,2.5174825174825175,0.3,0.9997508240249309,0.9880548695528659
experiment_3_beam_sensitivity,beams_144,complex_room,perception_aware,4,2,6.8,3.0,-2.4,6.800671489520612,3.02620073476147,-2.404105248435145,0.999953183767972,0.02620933803470054,0.004105248435144926,True,1.6276041666666616e-05,0.00011808398241148724,4.68184238901128e-05,1.139322916666663e-05,3.542519472344617e-05,17.157635333001963,100,40,3,3,0.9,0.8,0.35,0.25,360.0,144,8.0,0.0,2.5174825174825175,0.3,0.999953183767972,0.9881180131807095
experiment_3_beam_sensitivity,beams_144,complex_room,perception_aware,4,3,6.8,3.0,-2.4,6.832352506784728,3.028810471042043,-2.4125900899973973,0.9998854786976953,0.043321218091372966,0.012590089997397413,True,5.181206597222213e-05,0.0002608865758498828,0.00011453441893552032,3.626844618055549e-05,7.826597275496483e-05,17.149032208995777,100,40,3,3,0.9,0.8,0.35,0.25,360.0,144,8.0,0.0,2.5174825174825175,0.3,0.9998854786976953,0.9886834657490334
experiment_3_beam_sensitivity,beams_144,complex_room,perception_aware,4,4,6.8,3.0,-2.4,6.810628551653389,2.9823308909596404,-2.419155951885749,0.9998817602685188,0.0206194937990456,0.019155951885748923,True,2.332899305555554e-05,0.0003397447287653453,0.00011825371376849245,1.6330295138888878e-05,0.00010192341862960358,17.17886245799309,100,40,3,3,0.9,0.8,0.35,0.25,360.0,144,8.0,0.0,2.5174825174825175,0.3,0.9998817602685188,0.9886495501270729
experiment_3_beam_sensitivity,beams_144,complex_room,perception_aware,4,5,6.8,3.0,-2.4,6.814981017916969,3.01494244982004,-2.3989900099726027,0.9999668394898571,0.02115910452861733,0.0010099900273972118,True,1.274956597222221e-05,8.078971206088301e-05,3.316160979882045e-05,8.924696180555546e-06,2.4236913618264904e-05,17.169062250002753,100,40,3,3,0.9,0.8,0.35,0.25,360.0,144,8.0,0.0,2.5174825174825175,0.3,0.9999668394898571,0.9887126330375423
experiment_3_beam_sensitivity,beams_144,complex_room,perception_aware,4,6,6.8,3.0,-2.4,6.826131156778431,3.065975045810494,-2.3735886630259073,0.9998644988488634,0.07096156723379031,0.026411336974092592,True,4.584418402777775e-05,0.0003447619512247808,0.00013551951418687866,3.209092881944442e-05,0.00010342858536743424,17.243301167007303,100,40,3,3,0.9,0.8,0.35,0.25,360.0,144,8.0,0.0,2.5174825174825175,0.3,0.9998644988488634,0.9878160714873251
experiment_3_beam_sensitivity,beams_144,complex_room,perception_aware,4,7,6.8,3.0,-2.4,6.844842010335094,3.0622832136557547,-2.364349776153886,0.9994805554971556,0.07674636534834157,0.03565022384611405,True,5.208333333333331e-05,0.001610853774444164,0.0005197144656665824,3.6458333333333316e-05,0.00048325613233324917,17.063083792003454,100,40,3,3,0.9,0.8,0.35,0.25,360.0,144,8.0,0.0,2.5174825174825175,0.3,0.9994805554971556,0.9895745221149903
experiment_3_beam_sensitivity,beams_144,complex_room,perception_aware,4,8,6.8,3.0,-2.4,6.955533542061081,3.1446795031998014,-2.345718477983105,0.9995383532356261,0.21242137687202656,0.05428152201689507,True,0.00037245008680555577,0.0006704830659189869,0.0004618599805395851,0.000260715060763889,0.00020114491977569606,17.135432333001518,100,40,3,3,0.9,0.8,0.35,0.25,360.0,144,8.0,0.0,2.5174825174825175,0.3,0.9995383532356261,0.9884083315193151
experiment_3_beam_sensitivity,beams_144,complex_room,perception_aware,4,9,6.8,3.0,-2.4,6.82986091586317,2.981103883527899,-2.449663092535859,0.9997126932972948,0.03533748029945758,0.04966309253585921,True,0.00011773003472222195,0.0006832608242119597,0.0002873892715691433,8.241102430555537e-05,0.00020497824726358792,17.246557999998913,100,40,3,3,0.9,0.8,0.35,0.25,360.0,144,8.0,0.0,2.5174825174825175,0.3,0.9997126932972948,0.9886037385526771
experiment_3_beam_sensitivity,beams_18,corridor,perception_aware,0,0,1.0,3.0,0.0,5.188617278833399,2.5570693121365053,3.04096196375032,0.9936670383170291,4.211971308400965,3.04096196375032,False,0.0065386284722222165,0.00598761255728818,0.006373323697742005,0.004577039930555552,0.0017962837671864538,2.946039667003788,100,40,3,3,0.9,0.8,0.35,0.25,360.0,18,8.0,0.0,21.176470588235293,0.3,0.9936670383170291,0.976653286661524
experiment_3_beam_sensitivity,beams_18,corridor,perception_aware,0,1,1.0,3.0,0.0,2.9530922650368225,3.08984479615944,-2.2352107900318736,0.9921031889709501,1.955157661965806,2.2352107900318736,False,0.006814236111111081,0.0106323391251543,0.007959667015324046,0.004769965277777757,0.0031897017375462897,2.97632929100655,100,40,3,3,0.9,0.8,0.35,0.25,360.0,18,8.0,0.0,21.176470588235293,0.3,0.9921031889709501,0.9759286194156768
experiment_3_beam_sensitivity,beams_18,corridor,perception_aware,0,2,1.0,3.0,0.0,6.292849829934248,3.0060447652116924,-2.7569186447203573,0.9943752108763694,5.292853281682902,2.7569186447203573,False,0.006414930555555556,0.0038871831752258063,0.00565660634145663,0.0044904513888888884,0.0011661549525677419,2.975859665995813,100,40,3,3,0.9,0.8,0.35,0.25,360.0,18,8.0,0.0,21.176470588235293,0.3,0.9943752108763694,0.9749761341676133
experiment_3_beam_sensitivity,beams_18,corridor,perception_aware,0,3,1.0,3.0,0.0,1.063000080294493,2.988401673372596,0.005627068450549601,0.9989544042060077,0.0640588112414562,0.0056270684505497215,True,9.114583333333311e-05,0.003276293751796812,0.0010466902088723767,6.380208333333318e-05,0.0009828881255390435,2.90358837498934,100,40,3,3,0.9,0.8,0.35,0.25,360.0,18,8.0,0.0,21.176470588235293,0.3,0.9989544042060077,0.9714133620525456
experiment_3_beam_sensitivity,beams_18,corridor,perception_aware,0,4,1.0,3.0,0.0,5.326261911489212,2.5335141819709555,3.018273237897228,0.9937984482752774,4.351339006010048,3.018273237897228,False,0.005963541666666665,0.006885905990611394,0.006240250963850082,0.004174479166666665,0.002065771797183418,2.9551696669950616,100,40,3,3,0.9,0.8,0.35,0.25,360.0,18,8.0,0.0,21.176470588235293,0.3,0.9937984482752774,0.9753061941089682
experiment_3_beam_sensitivity,beams_18,corridor,perception_aware,0,5,1.0,3.0,0.0,5.103554280943037,2.3983254017609963,0.6509164073280616,0.9926634366818504,4.1474293313825115,0.6509164073280616,False,0.007493489583333316,0.0071511452713392465,0.007390786289735095,0.005245442708333321,0.002145343581401774,2.964248917007353,100,40,3,3,0.9,0.8,0.35,0.25,360.0,18,8.0,0.0,21.176470588235293,0.3,0.9926634366818504,0.9735949324874698
experiment_3_beam_sensitivity,beams_18,corridor,perception_aware,0,6,1.0,3.0,0.0,2.080046146812277,2.7259849294030007,0.40919214600962356,0.9929933998013803,1.1142638548199995,0.4091921460096235,False,0.007439236111111108,0.0061619125513444105,0.0070560390431810985,0.005207465277777775,0.001848573765403323,3.0501401249930495,100,40,3,3,0.9,0.8,0.35,0.25,360.0,18,8.0,0.0,21.176470588235293,0.3,0.9929933998013803,0.974739030000932
experiment_3_beam_sensitivity,beams_18,corridor,perception_aware,0,7,1.0,3.0,0.0,5.226467071712698,2.4005025732155465,0.6915105088030065,0.9934469258538957,4.2687727830130395,0.6915105088030065,False,0.006968315972222205,0.0057282633659534316,0.006596300190341572,0.004877821180555543,0.0017184790097860294,2.9837917919940082,100,40,3,3,0.9,0.8,0.35,0.25,360.0,18,8.0,0.0,21.176470588235293,0.3,0.9934469258538957,0.9770824471898792
experiment_3_beam_sensitivity,beams_18,corridor,perception_aware,0,8,1.0,3.0,0.0,2.899733136447354,3.3797353464797903,-0.13886685307504051,0.9925338178395164,1.9373138421748366,0.13886685307504054,False,0.006953124999999992,0.008850526204081994,0.007522345361224592,0.004867187499999994,0.002655157861224598,2.974302959002671,100,40,3,3,0.9,0.8,0.35,0.25,360.0,18,8.0,0.0,21.176470588235293,0.3,0.9925338178395164,0.9776278556779636
experiment_3_beam_sensitivity,beams_18,corridor,perception_aware,0,9,1.0,3.0,0.0,1.0483518258585005,3.0372378682904078,0.014959063712803644,0.9989626076040282,0.061029156135936485,0.014959063712803644,True,7.378472222222197e-05,0.003289401303275865,0.0010384696965383149,5.164930555555537e-05,0.0009868203909827594,2.9577200829953654,100,40,3,3,0.9,0.8,0.35,0.25,360.0,18,8.0,0.0,21.176470588235293,0.3,0.9989626076040282,0.9724486097672327
experiment_3_beam_sensitivity,beams_36,corridor,perception_aware,0,0,1.0,3.0,0.0,6.866524237405951,2.8776455920819206,-3.137494257396192,0.9964965827219892,5.867800033164769,3.137494257396192,False,0.003522135416666667,0.0035007985695154043,0.0035157343625212877,0.0024654947916666666,0.0010502395708546213,5.477086833998328,100,40,3,3,0.9,0.8,0.35,0.25,360.0,36,8.0,0.0,10.285714285714286,0.3,0.9964965827219892,0.9775000921432917
experiment_3_beam_sensitivity,beams_36,corridor,perception_aware,0,1,1.0,3.0,0.0,0.9504910872278136,3.049993553268239,-0.0127630442815585,0.9983746510611525,0.07035970304278015,0.0127630442815585,True,0.0006152343749999969,0.003991103120970898,0.0016279949987912674,0.0004306640624999978,0.0011973309362912695,5.537937750006677,100,40,3,3,0.9,0.8,0.35,0.25,360.0,36,8.0,0.0,10.285714285714286,0.3,0.9983746510611525,0.9783941793318105
experiment_3_beam_sensitivity,beams_36,corridor,perception_aware,0,2,1.0,3.0,0.0,1.0346325595427688,3.027034696175583,-0.011752933836238705,0.9998818151991262,0.04393505408884238,0.011752933836238544,True,3.4722222222222215e-05,0.0003129773820548798,0.0001181987701720195,2.430555555555555e-05,9.389321461646394e-05,5.594955833003041,100,40,3,3,0.9,0.8,0.35,0.25,360.0,36,8.0,0.0,10.285714285714286,0.3,0.9998818151991262,0.9753230178880544
experiment_3_beam_sensitivity,beams_36,corridor,perception_aware,0,3,1.0,3.0,0.0,1.0112540018444525,2.9965714823372864,0.016437811947750618,0.9984822704088372,0.011764662803432932,0.016437811947750625,True,0.0008626302083333272,0.0030539848328346906,0.001520036595683736,0.0006038411458333291,0.0009161954498504071,5.562070166997728,100,40,3,3,0.9,0.8,0.35,0.25,360.0,36,8.0,0.0,10.285714285714286,0.3,0.9984822704088372,0.9742547842582738
experiment_3_beam_sensitivity,beams_36,corridor,perception_aware,0,4,1.0,3.0,0.0,6.946932254061868,2.7334405663210757,3.111467902546635,0.9965191655369748,5.95290325522636,3.111467902546635,False,0.002993706597222223,0.004657994584533992,0.0034929929934157536,0.002095594618055556,0.0013973983753601976,5.4673529580031754,100,40,3,3,0.9,0.8,0.35,0.25,360.0,36,8.0,0.0,10.285714285714286,0.3,0.9965191655369748,0.9717738358603316
experiment_3_beam_sensitivity,beams_36,corridor,perception_aware,0,5,1.0,3.0,0.0,1.0185584653181559,2.9807746068990175,0.007663591647042593,0.998548389804092,0.026721384224109697,0.007663591647042445,True,0.0014214409722222183,0.001529039169175429,0.0014537204313081814,0.0009950086805555528,0.0004587117507526287,5.5332842909992905,100,40,3,3,0.9,0.8,0.35,0.25,360.0,36,8.0,0.0,10.285714285714286,0.3,0.998548389804092,0.9726245919660758
experiment_3_beam_sensitivity,beams_36,corridor,perception_aware,0,6,1.0,3.0,0.0,6.956942673628937,2.6848792712827545,3.10583476250504,0.9964424266726184,5.965271753287419,3.10583476250504,False,0.0029524739583333347,0.005011810236991193,0.0035702748419306923,0.0020667317708333343,0.001503543071097358,5.497403750006924,100,40,3,3,0.9,0.8,0.35,0.25,360.0,36,8.0,0.0,10.285714285714286,0.3,0.9964424266726184,0.9765743615289832
experiment_3_beam_sensitivity,beams_36,corridor,perception_aware,0,7,1.0,3.0,0.0,1.0296626610260677,3.054478725197245,-0.013556949855226819,0.9984224643205827,0.06203067755767568,0.013556949855226819,True,0.0007747395833333291,0.00345903507330624,0.0015800282303252023,0.0005423177083333303,0.0010377105219918719,5.529623624999658,100,40,3,3,0.9,0.8,0.35,0.25,360.0,36,8.0,0.0,10.285714285714286,0.3,0.9984224643205827,0.9785207248309484
experiment_3_beam_sensitivity,beams_36,corridor,perception_aware,0,8,1.0,3.0,0.0,1.0082819140369899,2.990710001084925,0.00959906691255515,0.9986644609665709,0.012445649037241246,0.009599066912555188,True,0.000685763888888884,0.0028576345368536427,0.0013373250832783116,0.0004800347222222188,0.0008572903610560928,5.599064499998349,100,40,3,3,0.9,0.8,0.35,0.25,360.0,36,8.0,0.0,10.285714285714286,0.3,0.9986644609665709,0.9794018662095262
experiment_3_beam_sensitivity,beams_36,corridor,perception_aware,0,9,1.0,3.0,0.0,6.931074341151684,2.7215081775088423,3.10454899269859,0.9967415680919279,5.937608991459637,3.1045489926985894,False,0.003079427083333334,0.003711616791134411,0.003269083995673657,0.0021555989583333336,0.0011134850373403233,5.535406708004302,100,40,3,3,0.9,0.8,0.35,0.25,360.0,36,8.0,0.0,10.285714285714286,0.3,0.9967415680919279,0.9725024475413753
experiment_3_beam_sensitivity,beams_72,corridor,perception_aware,0,0,1.0,3.0,0.0,6.913995094624263,2.8017322280861037,3.1091132807294404,0.9965407197408612,5.917317643038909,3.1091132807294404,False,0.0043646918402777775,0.0013866804348155331,0.003471288418639104,0.003055284288194444,0.00041600413044465994,10.421149208006682,100,40,3,3,0.9,0.8,0.35,0.25,360.0,72,8.0,0.0,5.070422535211268,0.3,0.9965407197408612,0.9771073403808286
experiment_3_beam_sensitivity,beams_72,corridor,perception_aware,0,1,1.0,3.0,0.0,0.9705419641715651,2.997147182887302,0.022241210182889642,0.999242203983821,0.029595851742226544,0.022241210182889493,True,0.0006830512152777771,0.0009341161859486753,0.0007583707064790466,0.00047813585069444395,0.0002802348557846026,10.475191540986998,100,40,3,3,0.9,0.8,0.35,0.25,360.0,72,8.0,0.0,5.070422535211268,0.3,0.999242203983821,0.9793405792222843
experiment_3_beam_sensitivity,beams_72,corridor,perception_aware,0,2,1.0,3.0,0.0,0.9682050185372668,2.9604908302938293,0.02493308491462587,0.9993942266275577,0.050713857446328635,0.02493308491462587,True,0.0006130642361111083,0.0005899853032446239,0.0006061405562511629,0.00042914496527777574,0.00017699559097338717,10.558489125003689,100,40,3,3,0.9,0.8,0.35,0.25,360.0,72,8.0,0.0,5.070422535211268,0.3,0.9993942266275577,0.9767486767216191
experiment_3_beam_sensitivity,beams_72,corridor,perception_aware,0,3,1.0,3.0,0.0,0.9909656171935614,3.0513532725968724,-0.005771729327946235,0.9992652797502186,0.05214190904734846,0.005771729327946229,True,0.00042860243055555615,0.0014507958638060928,0.000735260460530717,0.0003000217013888893,0.0004352387591418278,10.43880179199914,100,40,3,3,0.9,0.8,0.35,0.25,360.0,72,8.0,0.0,5.070422535211268,0.3,0.9992652797502186,0.9793605789473381
experiment_3_beam_sensitivity,beams_72,corridor,perception_aware,0,4,1.0,3.0,0.0,6.8959589223779325,2.800986708239292,3.094856988713877,0.9964777866269066,5.899316732017818,3.094856988713877,False,0.004412977430555554,0.0014852633657870737,0.00353466321112501,0.0030890842013888875,0.0004455790097361221,10.332473208007286,100,40,3,3,0.9,0.8,0.35,0.25,360.0,72,8.0,0.0,5.070422535211268,0.3,0.9964777866269066,0.9781737253253376
experiment_3_beam_sensitivity,beams_72,corridor,perception_aware,0,5,1.0,3.0,0.0,6.901321837018037,2.869963788359026,3.1273759779965586,0.996378598517243,5.902754343558936,3.127375977996559,False,0.00484700520833333,0.0008055335042855086,0.0036345636971189836,0.003392903645833331,0.00024166005128565258,10.42174225000781,100,40,3,3,0.9,0.8,0.35,0.25,360.0,72,8.0,0.0,5.070422535211268,0.3,0.996378598517243,0.9757152302588169
experiment_3_beam_sensitivity,beams_72,corridor,perception_aware,0,6,1.0,3.0,0.0,6.8887364675937,2.834700999282342,3.1181815145078824,0.9966168185704994,5.891056012669222,3.1181815145078824,False,0.004236111111111111,0.0014312947445798755,0.00339466620115174,0.002965277777777777,0.0004293884233739626,10.454883749989676,100,40,3,3,0.9,0.8,0.35,0.25,360.0,72,8.0,0.0,5.070422535211268,0.3,0.9966168185704994,0.9762284985855662
experiment_3_beam_sensitivity,beams_72,corridor,perception_aware,0,7,1.0,3.0,0.0,1.013266448439789,2.948600988885247,0.022745125632665463,0.9991294490739991,0.05308349082134759,0.02274512563266562,True,0.000693901909722219,0.0012852603614660896,0.0008713094452453801,0.00048573133680555327,0.00038557810843982686,10.44662449999305,100,40,3,3,0.9,0.8,0.35,0.25,360.0,72,8.0,0.0,5.070422535211268,0.3,0.9991294490739991,0.9782119261428467
experiment_3_beam_sensitivity,beams_72,corridor,perception_aware,0,8,1.0,3.0,0.0,6.976799877427623,2.8544191247032003,3.1345496018758103,0.9963604672987987,5.978572619452827,3.1345496018758103,False,0.003996310763888886,0.0028513658361222958,0.003652827285558908,0.0027974175347222196,0.0008554097508366887,10.286295708006946,100,40,3,3,0.9,0.8,0.35,0.25,360.0,72,8.0,0.0,5.070422535211268,0.3,0.9963604672987987,0.9766554582129655
experiment_3_beam_sensitivity,beams_72,corridor,perception_aware,0,9,1.0,3.0,0.0,0.9722166662615586,2.9718168222168497,0.03244305658711774,0.9994100074105032,0.03957530977236026,0.03244305658711788,True,0.000597330729166664,0.0005740312527609016,0.0005903408862449353,0.00041813151041666474,0.00017220937582827049,10.527683292006259,100,40,3,3,0.9,0.8,0.35,0.25,360.0,72,8.0,0.0,5.070422535211268,0.3,0.9994100074105032,0.9730446339370324
experiment_3_beam_sensitivity,beams_108,corridor,perception_aware,0,0,1.0,3.0,0.0,6.891107770855779,2.795349024674027,3.1147639371268374,0.996569539676894,5.894661380396606,3.1147639371268374,False,0.0044429976851851835,0.0011072350344161423,0.0034422688899544713,0.0031100983796296285,0.00033217051032484267,15.310616125003435,100,40,3,3,0.9,0.8,0.35,0.25,360.0,108,8.0,0.0,3.364485981308411,0.3,0.996569539676894,0.977197376816208
experiment_3_beam_sensitivity,beams_108,corridor,perception_aware,0,1,1.0,3.0,0.0,1.0094601299861634,2.985717709188319,0.004891623097686537,0.9996995486198501,0.01713119640260242,0.004891623097686537,True,0.00023980034722222106,0.0004422714508550152,0.0003005416783120593,0.00016786024305555472,0.00013268143525650456,15.45302470799652,100,40,3,3,0.9,0.8,0.35,0.25,360.0,108,8.0,0.0,3.364485981308411,0.3,0.9996995486198501,0.978040979221034
experiment_3_beam_sensitivity,beams_108,corridor,perception_aware,0,2,1.0,3.0,0.0,0.9846997257986927,2.987098485420662,0.009460557195413324,0.99976679585578,0.020013682046941362,0.009460557195413166,True,0.0001920572916666658,0.0003293947897058368,0.00023325854107841707,0.00013444010416666604,9.881843691175104e-05,15.43638991699845,100,40,3,3,0.9,0.8,0.35,0.25,360.0,108,8.0,0.0,3.364485981308411,0.3,0.99976679585578,0.977290246373466
experiment_3_beam_sensitivity,beams_108,corridor,perception_aware,0,3,1.0,3.0,0.0,1.024374628113295,3.00248349921959,-0.001997494404332624,0.9996540797047497,0.02450082170122335,0.0019974944043328335,True,0.000268373842592593,0.0005272610256453382,0.00034603999750841655,0.0001878616898148151,0.00015817830769360145,15.507650542000192,100,40,3,3,0.9,0.8,0.35,0.25,360.0,108,8.0,0.0,3.364485981308411,0.3,0.9996540797047497,0.9780058034944212
experiment_3_beam_sensitivity,beams_108,corridor,perception_aware,0,4,1.0,3.0,0.0,0.9829917197313129,2.9923836142357056,-0.001103366431431273,0.9993060171527953,0.01863574333931317,0.001103366431431052,True,0.000621744791666663,0.0008641447989762881,0.0006944647938595505,0.0004352213541666641,0.0002592434396928864,15.612055667006643,100,40,3,3,0.9,0.8,0.35,0.25,360.0,108,8.0,0.0,3.364485981308411,0.3,0.9993060171527953,0.9781118134890175
experiment_3_beam_sensitivity,beams_108,corridor,perception_aware,0,5,1.0,3.0,0.0,0.9858668713671283,2.982852689406607,0.012407443329796942,0.9997490777547176,0.022221061755451302,0.01240744332979693,True,0.0001927806712962954,0.0003867958438355263,0.00025098522305806465,0.00013494646990740676,0.00011603875315065789,15.512928832991747,100,40,3,3,0.9,0.8,0.35,0.25,360.0,108,8.0,0.0,3.364485981308411,0.3,0.9997490777547176,0.9785823057385724
experiment_3_beam_sensitivity,beams_108,corridor,perception_aware,0,6,1.0,3.0,0.0,6.89605564996075,2.811169751087858,3.1201621798491677,0.9965935187592356,5.89907866453214,3.120162179849167,False,0.004396701388888887,0.0011347801576662413,0.003418125019522093,0.0030776909722222204,0.0003404340472998724,15.376412708996213,100,40,3,3,0.9,0.8,0.35,0.25,360.0,108,8.0,0.0,3.364485981308411,0.3,0.9965935187592356,0.9757604330617206
experiment_3_beam_sensitivity,beams_108,corridor,perception_aware,0,7,1.0,3.0,0.0,0.9884228314606909,2.9805945393456685,0.009278288241742913,0.9997400542094753,0.022596520409000488,0.009278288241743038,True,0.0002065248842592583,0.00038481986975570474,0.0002600133799081922,0.0001445674189814808,0.00011544596092671141,15.313897125000949,100,40,3,3,0.9,0.8,0.35,0.25,360.0,108,8.0,0.0,3.364485981308411,0.3,0.9997400542094753,0.9793340808739159
experiment_3_beam_sensitivity,beams_108,corridor,perception_aware,0,8,1.0,3.0,0.0,6.910710039760374,2.852176205489611,3.133339151681055,0.9964310099734285,5.9125582490447846,3.1333391516810547,False,0.004756582754629626,0.0008405513721945045,0.0035817733398990892,0.003329607928240738,0.00025216541165835134,15.118357250001281,100,40,3,3,0.9,0.8,0.35,0.25,360.0,108,8.0,0.0,3.364485981308411,0.3,0.9964310099734285,0.9787011023426061
experiment_3_beam_sensitivity,beams_108,corridor,perception_aware,0,9,1.0,3.0,0.0,0.9852240586283234,3.020380499565054,-0.007599469120751507,0.9994958419807025,0.025173263712526282,0.00759946912075149,True,0.0004962384259259247,0.0005234847488893753,0.0005044123228149599,0.00034736689814814727,0.00015704542466681256,15.484417333995225,100,40,3,3,0.9,0.8,0.35,0.25,360.0,108,8.0,0.0,3.364485981308411,0.3,0.9994958419807025,0.9787687489574093
experiment_3_beam_sensitivity,beams_144,corridor,perception_aware,0,0,1.0,3.0,0.0,6.957986026036231,2.8366045686827546,3.115045761496696,0.9960462847719872,5.9602261327418065,3.115045761496696,False,0.0039024522569444417,0.0041256418717338025,0.00396940914138125,0.002731716579861109,0.0012376925615201408,20.270463041000767,100,40,3,3,0.9,0.8,0.35,0.25,360.0,144,8.0,0.0,2.5174825174825175,0.3,0.9960462847719872,0.9804458152865582
experiment_3_beam_sensitivity,beams_144,corridor,perception_aware,0,1,1.0,3.0,0.0,0.9795750719328912,3.016876188723388,-0.006505357155418353,0.9999515599640323,0.026494969944764527,0.006505357155418334,True,2.8754340277777766e-05,9.438114774672965e-05,4.8442382518463324e-05,2.0128038194444434e-05,2.8314344324018893e-05,20.398342375003267,100,40,3,3,0.9,0.8,0.35,0.25,360.0,144,8.0,0.0,2.5174825174825175,0.3,0.9999515599640323,0.97776770732858
experiment_3_beam_sensitivity,beams_144,corridor,perception_aware,0,2,1.0,3.0,0.0,0.9946621670351398,3.019202876723225,-0.029320583525796504,0.9992205816980162,0.01993095419713085,0.029320583525796362,True,0.0009301757812499944,0.00042967740619518556,0.0007800262687335518,0.000651123046874996,0.00012890322185855565,20.62072924998938,100,40,3,3,0.9,0.8,0.35,0.25,360.0,144,8.0,0.0,2.5174825174825175,0.3,0.9992205816980162,0.9783666879636095
experiment_3_beam_sensitivity,beams_144,corridor,perception_aware,0,3,1.0,3.0,0.0,0.9935920494778694,2.980022745899692,0.003744563346683855,0.9999644717239974,0.02097981199349364,0.003744563346683716,True,8.95182291666666e-06,9.754420754702908e-05,3.552953830577539e-05,6.266276041666662e-06,2.9263262264108723e-05,20.48689766600728,100,40,3,3,0.9,0.8,0.35,0.25,360.0,144,8.0,0.0,2.5174825174825175,0.3,0.9999644717239974,0.9788959422842528
experiment_3_beam_sensitivity,beams_144,corridor,perception_aware,0,4,1.0,3.0,0.0,7.0147079328868305,2.930518741607357,-3.1375013099310025,0.9960840517609064,6.01510923950676,3.1375013099310025,False,0.0033626302083333303,0.005258340098818,0.003931343175478731,0.0023538411458333313,0.0015775020296454,20.14105441700667,100,40,3,3,0.9,0.8,0.35,0.25,360.0,144,8.0,0.0,2.5174825174825175,0.3,0.9960840517609064,0.9756206663033615
experiment_3_beam_sensitivity,beams_144,corridor,perception_aware,0,5,1.0,3.0,0.0,0.978659978938117,2.9936071725455653,0.006531486519062318,0.9994977553457366,0.022277000286927903,0.006531486519062213,True,0.0003521050347222198,0.0008534116880172833,0.0005024970307107388,0.00024647352430555387,0.000256023506405185,20.32142441700853,100,40,3,3,0.9,0.8,0.35,0.25,360.0,144,8.0,0.0,2.5174825174825175,0.3,0.9994977553457366,0.9791159176932035
experiment_3_beam_sensitivity,beams_144,corridor,perception_aware,0,6,1.0,3.0,0.0,6.992905283276331,2.863258363680437,3.1211920058579956,0.9962030499886974,5.99446511453897,3.1211920058579956,False,0.0035972764756944404,0.004311094187741273,0.00381142178930849,0.0025180935329861083,0.0012933282563223818,20.5152638330037,100,40,3,3,0.9,0.8,0.35,0.25,360.0,144,8.0,0.0,2.5174825174825175,0.3,0.9962030499886974,0.9762795644362846
experiment_3_beam_sensitivity,beams_144,corridor,perception_aware,0,7,1.0,3.0,0.0,6.891353951413372,2.789666175235231,3.1151170926232887,0.9962165895081169,5.895107437415719,3.1151170926232883,False,0.004953070746527772,0.001102098421378462,0.003797779048982979,0.0034671495225694405,0.0003306295264135386,19.92506749999302,100,40,3,3,0.9,0.8,0.35,0.25,360.0,144,8.0,0.0,2.5174825174825175,0.3,0.9962165895081169,0.9765990277783332
experiment_3_beam_sensitivity,beams_144,corridor,perception_aware,0,8,1.0,3.0,0.0,7.066313602801638,2.85474406843933,3.110740322668664,0.996204335709157,6.06805240692512,3.110740322668664,False,0.0026174587673611065,0.006593017046148837,0.0038101262509974256,0.0018322211371527744,0.001977905113844651,20.000538374995813,100,40,3,3,0.9,0.8,0.35,0.25,360.0,144,8.0,0.0,2.5174825174825175,0.3,0.996204335709157,0.9774300690806527
experiment_3_beam_sensitivity,beams_144,corridor,perception_aware,0,9,1.0,3.0,0.0,1.0073019309780507,2.988732540048068,0.007653052478179605,0.9995327307116207,0.013426609764814143,0.0076530524781794895,True,0.0003312174479166644,0.0007854517249900073,0.00046748773103866726,0.00023185221354166507,0.0002356355174970022,20.36893087500357,100,40,3,3,0.9,0.8,0.35,0.25,360.0,144,8.0,0.0,2.5174825174825175,0.3,0.9995327307116207,0.9777425338259426
experiment_3_beam_sensitivity,beams_18,corridor,perception_aware,1,0,2.4,3.0,0.0,5.747414248065617,2.8096564835174362,3.0733743534089673,0.9977881097967904,3.3528216180434725,3.0733743534089673,False,0.002189670138888888,0.0022800813660938135,0.0022167935070503656,0.0015327690972222216,0.0006840244098281441,3.3983000419975724,100,40,3,3,0.9,0.8,0.35,0.25,360.0,18,8.0,0.0,21.176470588235293,0.3,0.9977881097967904,0.9797441721569007
experiment_3_beam_sensitivity,beams_18,corridor,perception_aware,1,1,2.4,3.0,0.0,2.3816639609596875,2.959956369005308,0.028524287863878506,0.9997828269315038,0.04404205616143404,0.028524287863878506,True,3.689236111111106e-05,0.0006379853003507218,0.00021722024288299427,2.582465277777774e-05,0.00019139559010521653,3.4312148750032065,100,40,3,3,0.9,0.8,0.35,0.25,360.0,18,8.0,0.0,21.176470588235293,0.3,0.9997828269315038,0.9790812371695152
experiment_3_beam_sensitivity,beams_18,corridor,perception_aware,1,2,2.4,3.0,0.0,5.9388217454438275,2.903205000143047,3.1218238199188537,0.9977132209005846,3.5401452820503576,3.1218238199188537,False,0.0009592013888888835,0.005401931572132412,0.002292020443861942,0.0006714409722222183,0.0016205794716397236,3.416227916997741,100,40,3,3,0.9,0.8,0.35,0.25,360.0,18,8.0,0.0,21.176470588235293,0.3,0.9977132209005846,0.9786723834602004
experiment_3_beam_sensitivity,beams_18,corridor,perception_aware,1,3,2.4,3.0,0.0,5.819440779251964,2.8971783230773256,-3.1058625070227093,0.9968500266510016,3.4209863402323704,3.1058625070227093,False,0.0023871527777777745,0.004963066968329395,0.003159927034943261,0.001671006944444442,0.0014889200904988186,3.414014624999254,100,40,3,3,0.9,0.8,0.35,0.25,360.0,18,8.0,0.0,21.176470588235293,0.3,0.9968500266510016,0.9804652210481367
experiment_3_beam_sensitivity,beams_18,corridor,perception_aware,1,4,2.4,3.0,0.0,3.8215662175759073,2.5851445076657593,3.065660405436864,0.9947816302112263,1.4808631234766287,3.065660405436864,False,0.007274305555555545,0.0005124337733434676,0.005245744020891921,0.005092013888888881,0.00015373013200304026,3.4424177080072695,100,40,3,3,0.9,0.8,0.35,0.25,360.0,18,8.0,0.0,21.176470588235293,0.3,0.9947816302112263,0.9799959033033386
experiment_3_beam_sensitivity,beams_18,corridor,perception_aware,1,5,2.4,3.0,0.0,2.479697027573661,3.1146920260511926,0.015666588226789714,0.9976688933359356,0.13966344204481113,0.0156665882267899,True,0.002319878472222222,0.0023754616291850905,0.0023365534193110823,0.0016239149305555553,0.0007126384887555271,3.4390128330123844,100,40,3,3,0.9,0.8,0.35,0.25,360.0,18,8.0,0.0,21.176470588235293,0.3,0.9976688933359356,0.9800940264581812
experiment_3_beam_sensitivity,beams_18,corridor,perception_aware,1,6,2.4,3.0,0.0,3.839701454359414,2.6490233063066277,3.0559216416820227,0.9952306910550545,1.481865350563452,3.0559216416820227,False,0.006705729166666658,0.00032717946711530166,0.00479216425680125,0.00469401041666666,9.81538401345905e-05,3.46414383299998,100,40,3,3,0.9,0.8,0.35,0.25,360.0,18,8.0,0.0,21.176470588235293,0.3,0.9952306910550545,0.9808204882719751
experiment_3_beam_sensitivity,beams_18,corridor,perception_aware,1,7,2.4,3.0,0.0,5.730211293452776,2.792566232003738,3.0741242856785,0.9975251712850398,3.336665405332926,3.0741242856785,False,0.00241970486111111,0.0026239176157701835,0.002480968687508832,0.001693793402777777,0.000787175284731055,3.3997701669868547,100,40,3,3,0.9,0.8,0.35,0.25,360.0,18,8.0,0.0,21.176470588235293,0.3,0.9967178714826371,0.9783361414944615
experiment_3_beam_sensitivity,beams_18,corridor,perception_aware,1,8,2.4,3.0,0.0,2.3271383938793724,3.0396921630408635,0.019676093378799546,0.9991469845534569,0.08297157015110634,0.019676093378799386,True,0.00014105902777777763,0.0025166746122162556,0.000853743703109321,9.874131944444433e-05,0.0007550023836648766,3.4025400419923244,100,40,3,3,0.9,0.8,0.35,0.25,360.0,18,8.0,0.0,21.176470588235293,0.3,0.9991469845534569,0.9814868727793205
experiment_3_beam_sensitivity,beams_18,corridor,perception_aware,1,9,2.4,3.0,0.0,2.3353201226406846,2.9780833729221206,-0.014857278285538058,0.9994835627699115,0.06829220363765481,0.014857278285537845,True,0.0001540798611111109,0.0013628272417744007,0.0005167040753100978,0.00010785590277777763,0.0004088481725323202,3.423544042001595,100,40,3,3,0.9,0.8,0.35,0.25,360.0,18,8.0,0.0,21.176470588235293,0.3,0.9994835627699115,0.9810154252966702
experiment_3_beam_sensitivity,beams_36,corridor,perception_aware,1,0,2.4,3.0,0.0,5.699249473844907,2.9080156982342427,-3.134676421052489,0.9972315162714664,3.3005315030214804,3.134676421052489,False,0.001374782986111111,0.00604607139456038,0.0027761695086458917,0.0009623480902777776,0.001813821418368114,6.026180540997302,100,40,3,3,0.9,0.8,0.35,0.25,360.0,36,8.0,0.0,10.285714285714286,0.3,0.9972315162714664,0.9808432644566466
experiment_3_beam_sensitivity,beams_36,corridor,perception_aware,1,1,2.4,3.0,0.0,5.780126690691413,2.85940052712377,3.1150597324303426,0.9969776289785277,3.383049608991502,3.1150597324303426,False,0.0011859809027777765,0.007337822694494524,0.003031533440292801,0.0008301866319444435,0.0022013468083483573,6.076023625006201,100,40,3,3,0.9,0.8,0.35,0.25,360.0,36,8.0,0.0,10.285714285714286,0.3,0.9969776289785277,0.9792705651490773
experiment_3_beam_sensitivity,beams_36,corridor,perception_aware,1,2,2.4,3.0,0.0,5.700445412951953,2.9317716568669976,-3.141466535416711,0.9969714490710705,3.301150561650023,3.141466535416711,False,0.0013009982638888886,0.007090173758515338,0.003037750912276823,0.000910698784722222,0.0021270521275546014,6.040720624994719,100,40,3,3,0.9,0.8,0.35,0.25,360.0,36,8.0,0.0,10.285714285714286,0.3,0.9969714490710705,0.9799452233406928
experiment_3_beam_sensitivity,beams_36,corridor,perception_aware,1,3,2.4,3.0,0.0,2.4010449948520103,2.9920724328431305,-0.00023550668242870737,0.9999839816032463,0.007996145025410928,0.00023550668242888761,True,3.255208333333334e-06,4.5800025045061865e-05,1.6018653346851892e-05,2.2786458333333335e-06,1.3740007513518559e-05,6.069932124999468,100,40,3,3,0.9,0.8,0.35,0.25,360.0,36,8.0,0.0,10.285714285714286,0.3,0.9999839816032463,0.9814378809171366
experiment_3_beam_sensitivity,beams_36,corridor,perception_aware,1,4,2.4,3.0,0.0,2.4055188036362636,2.9634216105976003,-0.012279088683861307,0.9999362648465765,0.03699237441486043,0.012279088683861517,True,1.73611111111111e-05,0.00017195479358165142,6.37392158522732e-05,1.215277777777777e-05,5.1586438074495425e-05,6.05709095900238,100,40,3,3,0.9,0.8,0.35,0.25,360.0,36,8.0,0.0,10.285714285714286,0.3,0.9999362648465765,0.9809319976144545
experiment_3_beam_sensitivity,beams_36,corridor,perception_aware,1,5,2.4,3.0,0.0,2.4091799372479663,3.0136077383697653,0.00021574443103186046,0.9999942047359386,0.016414682190544608,0.00021574443103178353,True,6.510416666666664e-06,4.126686599714713e-06,5.7952976465810785e-06,4.5572916666666645e-06,1.2380059799144138e-06,6.033707874987158,100,40,3,3,0.9,0.8,0.35,0.25,360.0,36,8.0,0.0,10.285714285714286,0.3,0.9999942047359386,0.9825961696476696
experiment_3_beam_sensitivity,beams_36,corridor,perception_aware,1,6,2.4,3.0,0.0,5.723583837724432,2.9053260910577143,-3.1360509409310353,0.9974861069564052,3.32493198057005,3.1360509409310353,False,0.0011762152777777771,0.005656259781228789,0.002520228628813081,0.0008233506944444439,0.0016968779343686368,6.0225932500034105,100,40,3,3,0.9,0.8,0.35,0.25,360.0,36,8.0,0.0,10.285714285714286,0.3,0.997147150595632,0.9792099988339652
experiment_3_beam_sensitivity,beams_36,corridor,perception_aware,1,7,2.4,3.0,0.0,2.393469054175812,2.9907694774413907,-0.029132282669870176,0.999812697075513,0.011307333906075063,0.029132282669870335,True,4.557291666666666e-05,0.0005181232392603465,0.00018733801344477058,3.190104166666666e-05,0.00015543697177810393,6.024334665999049,100,40,3,3,0.9,0.8,0.35,0.25,360.0,36,8.0,0.0,10.285714285714286,0.3,0.999812697075513,0.9822718980693947
experiment_3_beam_sensitivity,beams_36,corridor,perception_aware,1,8,2.4,3.0,0.0,2.4109844185237903,2.9575215476002676,-0.004940665988793761,0.9999498270093653,0.04387569222909329,0.004940665988793835,True,2.0616319444444438e-05,0.00011914694826252227,5.0175508089867786e-05,1.4431423611111105e-05,3.574408447875668e-05,6.071787958004279,100,40,3,3,0.9,0.8,0.35,0.25,360.0,36,8.0,0.0,10.285714285714286,0.3,0.9999498270093653,0.9813231369297586
experiment_3_beam_sensitivity,beams_36,corridor,perception_aware,1,9,2.4,3.0,0.0,2.3849374493041413,2.9758575814350547,0.0007955201517068577,0.999941103093993,0.028455874747234954,0.0007955201517066968,True,1.736111111111109e-05,0.0001558253242632974,5.8900375056766984e-05,1.2152777777777764e-05,4.674759727898922e-05,6.050664207999944,100,40,3,3,0.9,0.8,0.35,0.25,360.0,36,8.0,0.0,10.285714285714286,0.3,0.999941103093993,0.9813347862117788
experiment_3_beam_sensitivity,beams_72,corridor,perception_aware,1,0,2.4,3.0,0.0,5.718636520552916,2.948056428994079,-3.1256109597168464,0.9960653251918966,3.3190430081751603,3.1256109597168464,False,0.002103407118055555,0.008259442157530944,0.003950217629898172,0.0014723849826388886,0.002477832647259283,11.34761054199771,100,40,3,3,0.9,0.8,0.35,0.25,360.0,72,8.0,0.0,5.070422535211268,0.3,0.9960653251918966,0.9823702480542482
experiment_3_beam_sensitivity,beams_72,corridor,perception_aware,1,1,2.4,3.0,0.0,2.4175028787266406,2.9546462048654165,0.011429945238387878,0.999590076493348,0.048613964010655,0.011429945238387695,True,3.7434895833333344e-05,0.001279623952535203,0.0004100916128438942,2.620442708333334e-05,0.00038388718576056087,11.419560916998307,100,40,3,3,0.9,0.8,0.35,0.25,360.0,72,8.0,0.0,5.070422535211268,0.3,0.999590076493348,0.9816450031630899
experiment_3_beam_sensitivity,beams_72,corridor,perception_aware,1,2,2.4,3.0,0.0,5.758240221660323,2.9262549442512946,-3.1330265888563384,0.9962661606755864,3.359049823927081,3.1330265888563384,False,0.0013406032986111106,0.00936470274037395,0.0037478331311399625,0.0009384223090277773,0.0028094108221121852,11.415137707997928,100,40,3,3,0.9,0.8,0.35,0.25,360.0,72,8.0,0.0,5.070422535211268,0.3,0.9962661606755864,0.9794334523708327
experiment_3_beam_sensitivity,beams_72,corridor,perception_aware,1,3,2.4,3.0,0.0,2.3875316420498294,3.008847398398359,-0.002895839571073965,0.9996285491118898,0.015288440351875878,0.002895839571074088,True,1.464843749999997e-05,0.0012044500296428569,0.000371588915142857,1.0253906249999979e-05,0.00036133500889285705,11.453412584000034,100,40,3,3,0.9,0.8,0.35,0.25,360.0,72,8.0,0.0,5.070422535211268,0.3,0.9996285491118898,0.9830153867906489
experiment_3_beam_sensitivity,beams_72,corridor,perception_aware,1,4,2.4,3.0,0.0,2.411665762113084,2.982814770377928,0.016751878461271543,0.9993028958135403,0.02077070347490446,0.016751878461271463,True,0.00041666666666666393,0.0013530793767898414,0.0006975904797036172,0.00029166666666666474,0.0004059238130369524,11.371260083004017,100,40,3,3,0.9,0.8,0.35,0.25,360.0,72,8.0,0.0,5.070422535211268,0.3,0.9993028958135403,0.982260347953898
experiment_3_beam_sensitivity,beams_72,corridor,perception_aware,1,5,2.4,3.0,0.0,2.3709328940602212,2.9813225210886425,0.008239241708787676,0.9995827819883291,0.034550613108865695,0.008239241708787759,True,3.092447916666665e-05,0.001319150065931395,0.00041739215519608514,2.1647135416666654e-05,0.00039574501977941847,11.425488624998252,100,40,3,3,0.9,0.8,0.35,0.25,360.0,72,8.0,0.0,5.070422535211268,0.3,0.9995827819883291,0.9804887015786247
experiment_3_beam_sensitivity,beams_72,corridor,perception_aware,1,6,2.4,3.0,0.0,5.7666555604396,2.9618853303701034,-3.1139689189027147,0.9962082086404932,3.3668713059277855,3.1139689189027147,False,0.0016948784722222207,0.008732696117797195,0.003806223765894713,0.0011864149305555545,0.0026198088353391585,11.477669667001464,100,40,3,3,0.9,0.8,0.35,0.25,360.0,72,8.0,0.0,5.070422535211268,0.3,0.9962082086404932,0.9825290885928959
experiment_3_beam_sensitivity,beams_72,corridor,perception_aware,1,7,2.4,3.0,0.0,2.4082847108551806,2.982564248718058,0.0029150093125017294,0.9995956686881323,0.01930393371102599,0.0029150093125016596,True,1.1935763888888876e-05,0.0013204660902788833,0.00040449486180588716,8.355034722222212e-06,0.00039613982708366495,11.456074667003122,100,40,3,3,0.9,0.8,0.35,0.25,360.0,72,8.0,0.0,5.070422535211268,0.3,0.9995956686881323,0.9805448048180979
experiment_3_beam_sensitivity,beams_72,corridor,perception_aware,1,8,2.4,3.0,0.0,2.3726125704218806,2.980170433583625,-0.008673885146279009,0.9990677360785489,0.03381246816128432,0.00867388514627887,True,0.0005620659722222186,0.0017989588930548035,0.0009331338484719941,0.00039344618055555297,0.0005396876679164411,11.394729124993319,100,40,3,3,0.9,0.8,0.35,0.25,360.0,72,8.0,0.0,5.070422535211268,0.3,0.9990677360785489,0.9813758285768472
experiment_3_beam_sensitivity,beams_72,corridor,perception_aware,1,9,2.4,3.0,0.0,2.39059547463343,2.9929845222984466,-0.00023948544987801063,0.9996141509807603,0.011732946124117656,0.000239485449878174,True,1.4105902777777753e-05,0.0012537460807600087,0.000385997956172447,9.874131944444427e-06,0.0003761238242280026,11.515997082999093,100,40,3,3,0.9,0.8,0.35,0.25,360.0,72,8.0,0.0,5.070422535211268,0.3,0.9996141509807603,0.9805457465316847
experiment_3_beam_sensitivity,beams_108,corridor,perception_aware,1,0,2.4,3.0,0.0,5.710686479584098,2.9488333077083766,3.140133139553665,0.9964358074347629,3.3110818468441723,3.140133139553665,False,0.00216435185185185,0.006872983923822622,0.0035769414734430818,0.001515046296296295,0.0020618951771467866,16.801229416989372,100,40,3,3,0.9,0.8,0.35,0.25,360.0,108,8.0,0.0,3.364485981308411,0.3,0.9964358074347629,0.9817584069569457
experiment_3_beam_sensitivity,beams_108,corridor,perception_aware,1,1,2.4,3.0,0.0,2.4311162544883613,3.003536932271552,0.004409775675717228,0.9991941815581521,0.03131662790400681,0.00440977567571732,True,0.0005432581018518512,0.0014206254586254595,0.0008064683088839337,0.0003802806712962958,0.0004261876375876378,16.904599333996885,100,40,3,3,0.9,0.8,0.35,0.25,360.0,108,8.0,0.0,3.364485981308411,0.3,0.9991941815581521,0.9810917661575305
experiment_3_beam_sensitivity,beams_108,corridor,perception_aware,1,2,2.4,3.0,0.0,5.800751967605173,2.900056330275458,-3.1398854703130934,0.9967510192000442,3.402220257756465,3.1398854703130934,False,0.0010253906249999979,0.008472658821077431,0.0032595710838232276,0.0007177734374999985,0.002541797646323229,16.81782650000241,100,40,3,3,0.9,0.8,0.35,0.25,360.0,108,8.0,0.0,3.364485981308411,0.3,0.9967510192000442,0.9816389577429718
experiment_3_beam_sensitivity,beams_108,corridor,perception_aware,1,3,2.4,3.0,0.0,2.3862564652222096,2.960074036224517,0.009361611620225141,0.9989782299506033,0.04222519782771335,0.009361611620225307,True,0.0009888599537037017,0.0011020438789044174,0.0010228151312639162,0.0006922019675925912,0.0003306131636713252,16.951282415990136,100,40,3,3,0.9,0.8,0.35,0.25,360.0,108,8.0,0.0,3.364485981308411,0.3,0.9989782299506033,0.9811464100734473
experiment_3_beam_sensitivity,beams_108,corridor,perception_aware,1,4,2.4,3.0,0.0,2.404861999739234,2.992878032022893,0.0020617825383286432,0.9996283670430861,0.008623309650664917,0.0020617825383286714,True,5.4253472222222224e-06,0.0012265779208625119,0.0003717711193143091,3.7977430555555554e-06,0.00036797337625875355,16.865639083000133,100,40,3,3,0.9,0.8,0.35,0.25,360.0,108,8.0,0.0,3.364485981308411,0.3,0.9996283670430861,0.9816265859339777
experiment_3_beam_sensitivity,beams_108,corridor,perception_aware,1,5,2.4,3.0,0.0,2.4017985029614053,3.0097025853851647,0.013327373624746803,0.9990311724309561,0.009867865830998862,0.013327373624747008,True,0.0013588686342592535,6.186354056785665e-05,0.0009697671061518344,0.0009512080439814774,1.8559062170356994e-05,16.859876333008287,100,40,3,3,0.9,0.8,0.35,0.25,360.0,108,8.0,0.0,3.364485981308411,0.3,0.9990311724309561,0.9806463608572784
experiment_3_beam_sensitivity,beams_108,corridor,perception_aware,1,6,2.4,3.0,0.0,5.752436762424459,2.9104023679379494,3.135729219074457,0.9966236044825624,3.3536338472955145,3.135729219074457,False,0.0017494936342592566,0.007210628805380575,0.003387834185595652,0.0012246455439814796,0.0021631886416141723,16.791558915996575,100,40,3,3,0.9,0.8,0.35,0.25,360.0,108,8.0,0.0,3.364485981308411,0.3,0.9966236044825624,0.9797266730582613
experiment_3_beam_sensitivity,beams_108,corridor,perception_aware,1,7,2.4,3.0,0.0,2.2775071186497886,3.1062843257475787,-0.020802414066148245,0.9965851654732877,0.16217541083991238,0.020802414066148245,True,0.0019249131944444385,0.0069303211420082755,0.0034265355787135897,0.001347439236111107,0.0020790963426024827,16.76234320900403,100,40,3,3,0.9,0.8,0.35,0.25,360.0,108,8.0,0.0,3.364485981308411,0.3,0.9965851654732877,0.977815663351585
experiment_3_beam_sensitivity,beams_108,corridor,perception_aware,1,8,2.4,3.0,0.0,2.413336016398479,2.9654003905588495,-0.006497597021645646,0.9991657097141821,0.0370807538604686,0.006497597021645429,True,0.0005302372685185157,0.0015460693977348745,0.0008349869072834233,0.000371166087962961,0.0004638208193204623,16.924637292002444,100,40,3,3,0.9,0.8,0.35,0.25,360.0,108,8.0,0.0,3.364485981308411,0.3,0.9991657097141821,0.9801907882039076
experiment_3_beam_sensitivity,beams_108,corridor,perception_aware,1,9,2.4,3.0,0.0,5.756153559244798,2.937690081653392,-3.1235675823282643,0.9963338580553539,3.3567319284023696,3.1235675823282643,False,0.0016500289351851843,0.008415372477415374,0.003679631997854241,0.0011550202546296289,0.002524611743224612,16.92537345799792,100,40,3,3,0.9,0.8,0.35,0.25,360.0,108,8.0,0.0,3.364485981308411,0.3,0.9963338580553539,0.9806493060850476
experiment_3_beam_sensitivity,beams_144,corridor,perception_aware,1,0,2.4,3.0,0.0,5.831890642117131,2.8973598668130633,3.140161725998748,0.9964672480747003,3.4334251668547786,3.140161725998748,False,0.0009429253472222197,0.00961742921550784,0.003545276507707905,0.0006600477430555537,0.0028852287646523515,22.226648625000962,100,40,3,3,0.9,0.8,0.35,0.25,360.0,144,8.0,0.0,2.5174825174825175,0.3,0.9964672480747003,0.9819895404980563
experiment_3_beam_sensitivity,beams_144,corridor,perception_aware,1,1,2.4,3.0,0.0,2.385759930821947,3.0057243401465326,-0.002482824220383595,0.999970061479325,0.015347561379872117,0.002482824220383595,True,1.3020833333333314e-05,6.941611227837738e-05,2.9939417016846533e-05,9.114583333333319e-06,2.0824833683513214e-05,22.36339295799553,100,40,3,3,0.9,0.8,0.35,0.25,360.0,144,8.0,0.0,2.5174825174825175,0.3,0.999970061479325,0.9832110831894488
experiment_3_beam_sensitivity,beams_144,corridor,perception_aware,1,2,2.4,3.0,0.0,5.810245041983395,2.9179058170507663,3.137197585472968,0.9966931129293358,3.4112330177292827,3.1371975854729683,False,0.0009724934895833297,0.008790378041687728,0.003317858855214649,0.0006807454427083307,0.002637113412506318,22.253197459009243,100,40,3,3,0.9,0.8,0.35,0.25,360.0,144,8.0,0.0,2.5174825174825175,0.3,0.9966931129293358,0.981612794207616
experiment_3_beam_sensitivity,beams_144,corridor,perception_aware,1,3,2.4,3.0,0.0,2.4303525817909892,2.9753747238858863,0.002303964847368707,0.9993321279298003,0.03908559127191291,0.0023039648473686114,True,0.00039089626736110955,0.0013156367808489621,0.0006683184214074653,0.00027362738715277666,0.0003946910342546886,22.235021792002954,100,40,3,3,0.9,0.8,0.35,0.25,360.0,144,8.0,0.0,2.5174825174825175,0.3,0.9993321279298003,0.9820398729706038
experiment_3_beam_sensitivity,beams_144,corridor,perception_aware,1,4,2.4,3.0,0.0,2.381490936431099,3.021200589659801,0.007736449518433229,0.9996115846833911,0.028143390629433097,0.007736449518433108,True,0.00033610026041666435,0.0005109868646571338,0.00038856624168880517,0.00023527018229166501,0.00015329605939714015,22.207796041999245,100,40,3,3,0.9,0.8,0.35,0.25,360.0,144,8.0,0.0,2.5174825174825175,0.3,0.9996115846833911,0.9812055815518795
experiment_3_beam_sensitivity,beams_144,corridor,perception_aware,1,5,2.4,3.0,0.0,5.793290193035776,2.909670701053909,-3.133796070462248,0.9965914924048032,3.394492261944467,3.133796070462248,False,0.0011610243055555516,0.008691494135181827,0.0034201652544434344,0.0008127170138888862,0.002607448240554548,22.17271937499754,100,40,3,3,0.9,0.8,0.35,0.25,360.0,144,8.0,0.0,2.5174825174825175,0.3,0.9965914924048032,0.9820456916449622
experiment_3_beam_sensitivity,beams_144,corridor,perception_aware,1,6,2.4,3.0,0.0,5.800271465252594,2.896216872568871,3.139253052135056,0.9968581023702995,3.401854931496993,3.1392530521350555,False,0.0008216688368055537,0.008588773592378758,0.0031518002634775147,0.0005751681857638875,0.0025766320777136273,22.148754207999445,100,40,3,3,0.9,0.8,0.35,0.25,360.0,144,8.0,0.0,2.5174825174825175,0.3,0.9968581023702995,0.9812500885381436
experiment_3_beam_sensitivity,beams_144,corridor,perception_aware,1,7,2.4,3.0,0.0,5.723159523533615,2.9521882932206887,-3.120075910417272,0.9962529720957223,3.323503449397535,3.120075910417272,False,0.0023475477430555517,0.007059458364041766,0.003761120929351416,0.001643283420138886,0.00211783750921253,22.06389187500463,100,40,3,3,0.9,0.8,0.35,0.25,360.0,144,8.0,0.0,2.5174825174825175,0.3,0.9962529720957223,0.9802954819252718
experiment_3_beam_sensitivity,beams_144,corridor,perception_aware,1,8,2.4,3.0,0.0,2.408093615405145,2.9927744220029493,0.007566331950969457,0.9995118266516084,0.010849681456976828,0.007566331950969563,True,0.0005316840277777757,0.00038744319520072544,0.0004884117780046606,0.00037217881944444294,0.00011623295856021763,22.26743770900066,100,40,3,3,0.9,0.8,0.35,0.25,360.0,144,8.0,0.0,2.5174825174825175,0.3,0.9995118266516084,0.9829542677856641
experiment_3_beam_sensitivity,beams_144,corridor,perception_aware,1,9,2.4,3.0,0.0,2.4015018150660365,3.016302930218649,-0.014480577411740657,0.9994914038088523,0.016371957189252214,0.01448057741174047,True,0.0007020399305555538,5.809013823312598e-05,0.0005088549928588255,0.0004914279513888877,1.7427041469937796e-05,22.3637372910016,100,40,3,3,0.9,0.8,0.35,0.25,360.0,144,8.0,0.0,2.5174825174825175,0.3,0.9994914038088523,0.9811681609129564
experiment_3_beam_sensitivity,beams_18,corridor,perception_aware,2,0,3.8,3.0,0.0,4.386408611771925,2.9082293244812636,-3.1150443195924553,0.9980120075571726,0.5935460528429464,3.1150443195924553,False,0.00026475694444444295,0.006022075226973314,0.001991952429203104,0.00018532986111111004,0.0018066225680919942,3.478272125008516,100,40,3,3,0.9,0.8,0.35,0.25,360.0,18,8.0,0.0,21.176470588235293,0.3,0.9980120075571726,0.9827761387183142
experiment_3_beam_sensitivity,beams_18,corridor,perception_aware,2,1,3.8,3.0,0.0,4.212637472906439,2.872662900743575,3.1373706609564227,0.997738086537984,0.4318384198906499,3.1373706609564227,False,0.0013910590277777784,0.004310999979456468,0.0022670413132813852,0.0009737413194444448,0.0012932999938369402,3.459987207999802,100,40,3,3,0.9,0.8,0.35,0.25,360.0,18,8.0,0.0,21.176470588235293,0.3,0.997738086537984,0.9823333621480053
experiment_3_beam_sensitivity,beams_18,corridor,perception_aware,2,2,3.8,3.0,0.0,3.827857285497748,3.0113894094420055,0.05249484397827985,0.9995419142791088,0.030095630957677103,0.05249484397827997,True,5.425347222222205e-05,0.0014010607634443613,0.0004582956595888638,3.7977430555555434e-05,0.00042031822903330836,3.4790515420027077,100,40,3,3,0.9,0.8,0.35,0.25,360.0,18,8.0,0.0,21.176470588235293,0.3,0.9995419142791088,0.980258209751561
experiment_3_beam_sensitivity,beams_18,corridor,perception_aware,2,3,3.8,3.0,0.0,3.8284657350871707,3.0136496296824733,0.0501763008227511,0.9994958676558133,0.03156913784888094,0.05017630082275115,True,5.6423611111110946e-05,0.001549633646729602,0.0005043866217966582,3.949652777777766e-05,0.0004648900940188806,3.4668174580001505,100,40,3,3,0.9,0.8,0.35,0.25,360.0,18,8.0,0.0,21.176470588235293,0.3,0.9994958676558133,0.9825562217631103
experiment_3_beam_sensitivity,beams_18,corridor,perception_aware,2,4,3.8,3.0,0.0,3.795834946179667,3.0195535784818017,0.0012205057966236943,0.9995874414299493,0.01999225111812691,0.0012205057966236943,True,1.5190972222222181e-05,0.0013403172143910045,0.00041272884487285685,1.0633680555555527e-05,0.00040209516431730135,3.4467392079968704,100,40,3,3,0.9,0.8,0.35,0.25,360.0,18,8.0,0.0,21.176470588235293,0.3,0.9995874414299493,0.9806971190996728
experiment_3_beam_sensitivity,beams_18,corridor,perception_aware,2,5,3.8,3.0,0.0,3.7947716927668322,2.993172330777459,-0.004372274580372322,0.9998621479827626,0.008599550193866197,0.00437227458037226,True,8.680555555555495e-06,0.00043931544715677023,0.00013787102303591993,6.076388888888846e-06,0.00013179463414703108,3.467679124994902,100,40,3,3,0.9,0.8,0.35,0.25,360.0,18,8.0,0.0,21.176470588235293,0.3,0.999850738956919,0.9798668028577575
experiment_3_beam_sensitivity,beams_18,corridor,perception_aware,2,6,3.8,3.0,0.0,3.8083394890263493,2.9927942025110337,0.01860128413322476,0.9996150523877269,0.01102136990907198,0.018601284133224816,True,1.7361111111111047e-05,0.0012431435874159767,0.0003850958540025707,1.2152777777777731e-05,0.000372943076224793,3.4776286669948604,100,40,3,3,0.9,0.8,0.35,0.25,360.0,18,8.0,0.0,21.176470588235293,0.3,0.9996150523877269,0.9836607844014164
experiment_3_beam_sensitivity,beams_18,corridor,perception_aware,2,7,3.8,3.0,0.0,4.345499347526749,2.876608759641148,-3.0990768234116652,0.9978812341160377,0.5592807312516721,3.0990768234116652,False,0.0003472222222222212,0.006267363429903702,0.0021232645845266655,0.00024305555555555482,0.0018802090289711105,3.459867249999661,100,40,3,3,0.9,0.8,0.35,0.25,360.0,18,8.0,0.0,21.176470588235293,0.3,0.9978812341160377,0.9815701396598034
experiment_3_beam_sensitivity,beams_18,corridor,perception_aware,2,8,3.8,3.0,0.0,4.374466743527242,2.8994743071178513,-3.1131016458051426,0.997949858232981,0.5831958970605253,3.1131016458051426,False,0.00028211805555555407,0.0061895694800323,0.0020543534828985775,0.00019748263888888783,0.0018568708440096899,3.479490124998847,100,40,3,3,0.9,0.8,0.35,0.25,360.0,18,8.0,0.0,21.176470588235293,0.3,0.997949858232981,0.9820058428759311
experiment_3_beam_sensitivity,beams_18,corridor,perception_aware,2,9,3.8,3.0,0.0,3.8246343538726317,2.9787721606152573,0.055011994591955556,0.9995904744792881,0.03251880310937794,0.05501199459195538,True,5.425347222222204e-05,0.0012390529000622745,0.0004096933005742378,3.797743055555543e-05,0.00037171587001868237,3.4897199169936357,100,40,3,3,0.9,0.8,0.35,0.25,360.0,18,8.0,0.0,21.176470588235293,0.3,0.9995904744792881,0.9825441435087048
experiment_3_beam_sensitivity,beams_36,corridor,perception_aware,2,0,3.8,3.0,0.0,4.408534249849966,2.9346497868886456,-3.137468174053859,0.9976144471670901,0.6120331556330593,3.137468174053859,False,0.0003190104166666647,0.007226500039592981,0.002391257303544559,0.00022330729166666527,0.002167950011877894,6.213849959007348,100,40,3,3,0.9,0.8,0.35,0.25,360.0,36,8.0,0.0,10.285714285714286,0.3,0.9976144471670901,0.982633916801984
experiment_3_beam_sensitivity,beams_36,corridor,perception_aware,2,1,3.8,3.0,0.0,3.8015557642275444,2.9802401336774254,0.0021696501922068468,0.999981399975472,0.0198210171136026,0.002169650192207051,True,9.765624999999999e-06,3.921477665104709e-05,1.8600370495314124e-05,6.8359374999999984e-06,1.1764432995314126e-05,6.291723582995473,100,40,3,3,0.9,0.8,0.35,0.25,360.0,36,8.0,0.0,10.285714285714286,0.3,0.999981399975472,0.9834563789258387
experiment_3_beam_sensitivity,beams_36,corridor,perception_aware,2,2,3.8,3.0,0.0,3.7950179496853385,2.98985080923938,0.0064749341036640165,0.9999081757520633,0.011306055830097002,0.006474934103664065,True,7.595486111111075e-06,0.00028838613375254996,9.183268040354274e-05,5.316840277777752e-06,8.651584012576498e-05,6.2313853340019705,100,40,3,3,0.9,0.8,0.35,0.25,360.0,36,8.0,0.0,10.285714285714286,0.3,0.9999081757520633,0.9820042920742719
experiment_3_beam_sensitivity,beams_36,corridor,perception_aware,2,3,3.8,3.0,0.0,3.761354666284241,2.986389264578069,0.01416093344952998,0.9996132871983358,0.04097211169476342,0.014160933449530066,True,3.038194444444433e-05,0.0012186501506602082,0.00038686240630917345,2.126736111111103e-05,0.00036559504519806244,6.210188500001095,100,40,3,3,0.9,0.8,0.35,0.25,360.0,36,8.0,0.0,10.285714285714286,0.3,0.9996132871983358,0.9838960167551164
experiment_3_beam_sensitivity,beams_36,corridor,perception_aware,2,4,3.8,3.0,0.0,3.793395076929412,3.002139290056503,0.00882798695781737,0.99990230776538,0.006942735103274159,0.00882798695781739,True,9.765624999999963e-06,0.00030288613941713977,9.77017793251419e-05,6.835937499999974e-06,9.086584182514192e-05,6.240905500002555,100,40,3,3,0.9,0.8,0.35,0.25,360.0,36,8.0,0.0,10.285714285714286,0.3,0.99990230776538,0.983646159304069
experiment_3_beam_sensitivity,beams_36,corridor,perception_aware,2,5,3.8,3.0,0.0,3.8035381998570355,2.998401254261673,-0.011536895004337177,0.9999960570837503,0.0038826339209544264,0.0115368950043373,True,4.340277777777767e-06,3.015791173302529e-06,3.942931796435195e-06,3.0381944444444366e-06,9.047373519907586e-07,6.291454709004029,100,40,3,3,0.9,0.8,0.35,0.25,360.0,36,8.0,0.0,10.285714285714286,0.3,0.9999960570837503,0.9842025247808119
experiment_3_beam_sensitivity,beams_36,corridor,perception_aware,2,6,3.8,3.0,0.0,3.7819159574581613,2.978284590719147,0.014649485389096476,0.9998914924925495,0.028259362959734014,0.014649485389096384,True,1.8446180555555498e-05,0.00031868985406124467,0.00010851928260726224,1.2912326388888848e-05,9.56069562183734e-05,6.269575250000344,100,40,3,3,0.9,0.8,0.35,0.25,360.0,36,8.0,0.0,10.285714285714286,0.3,0.9998914924925495,0.9847698168919823
experiment_3_beam_sensitivity,beams_36,corridor,perception_aware,2,7,3.8,3.0,0.0,3.788520706237504,2.9921213534424,-0.005454837869727438,0.9998807190071524,0.0139229040384992,0.005454837869727225,True,1.6276041666666622e-05,0.0003596733111117037,0.00011929522250017774,1.1393229166666635e-05,0.0001079019933335111,6.237932666001143,100,40,3,3,0.9,0.8,0.35,0.25,360.0,36,8.0,0.0,10.285714285714286,0.3,0.9998807190071524,0.9848975006071968
experiment_3_beam_sensitivity,beams_36,corridor,perception_aware,2,8,3.8,3.0,0.0,3.8039012482527665,2.9993054014722116,0.00789775876289726,0.9999669896410307,0.003962600792979431,0.007897758762897222,True,3.2552083333333293e-06,0.00010244267618574517,3.301144868905688e-05,2.2786458333333306e-06,3.073280285572355e-05,6.264612000013585,100,40,3,3,0.9,0.8,0.35,0.25,360.0,36,8.0,0.0,10.285714285714286,0.3,0.9999669896410307,0.9838766138776566
experiment_3_beam_sensitivity,beams_36,corridor,perception_aware,2,9,3.8,3.0,0.0,3.783348620585842,2.9701974139714062,0.002400438523619977,0.9998922569745223,0.03413887183821357,0.002400438523619819,True,2.4956597222222163e-05,0.0003009500574416013,0.0001077546352880359,1.7469618055555514e-05,9.028501723248038e-05,6.2585220000037225,100,40,3,3,0.9,0.8,0.35,0.25,360.0,36,8.0,0.0,10.285714285714286,0.3,0.9998922569745223,0.9838688366432882
experiment_3_beam_sensitivity,beams_72,corridor,perception_aware,2,0,3.8,3.0,0.0,3.826709957367513,2.9822353627139613,-0.0007986224571402522,0.9990581313706027,0.032078094713977115,0.0007986224571401301,True,0.0008810763888888878,0.0010866770334165693,0.0009427565822471922,0.0006167534722222214,0.0003260031100249708,11.76136766601121,100,40,3,3,0.9,0.8,0.35,0.25,360.0,72,8.0,0.0,5.070422535211268,0.3,0.9990581313706027,0.9849572292339185
experiment_3_beam_sensitivity,beams_72,corridor,perception_aware,2,1,3.8,3.0,0.0,4.351086615138836,2.8916024020991657,-3.14065770027325,0.9973427532491774,0.5616462379610951,3.14065770027325,False,0.0011452907986111093,0.006208743215977755,0.0026643265238211027,0.0008017035590277765,0.0018626229647933264,11.850852292001946,100,40,3,3,0.9,0.8,0.35,0.25,360.0,72,8.0,0.0,5.070422535211268,0.3,0.9973427532491774,0.9837312146452536
experiment_3_beam_sensitivity,beams_72,corridor,perception_aware,2,2,3.8,3.0,0.0,3.8544089702990254,3.010088228799191,-0.002763637239731498,0.9992036776514468,0.055336320886964205,0.002763637239731498,True,0.0005192057291666673,0.0014450432426434516,0.0007969569832097026,0.0003634440104166671,0.00043351297279303546,11.791976916007116,100,40,3,3,0.9,0.8,0.35,0.25,360.0,72,8.0,0.0,5.070422535211268,0.3,0.9992036776514468,0.9831186355805017
experiment_3_beam_sensitivity,beams_72,corridor,perception_aware,2,3,3.8,3.0,0.0,3.838019076721599,3.010180441131157,-0.008587555845951642,0.9995345112026682,0.03935850068775222,0.008587555845951833,True,0.0004920789930555561,0.00040416760974089594,0.00046570557806115804,0.00034445529513888926,0.00012125028292226878,11.744273000003886,100,40,3,3,0.9,0.8,0.35,0.25,360.0,72,8.0,0.0,5.070422535211268,0.3,0.9995345112026682,0.9830925833178243
experiment_3_beam_sensitivity,beams_72,corridor,perception_aware,2,4,3.8,3.0,0.0,3.84516946153457,2.969388686494211,0.014761482999224057,0.9990464121081664,0.0545649408491634,0.014761482999224196,True,0.0006152343749999985,0.001746113423849063,0.0009544980896547177,0.0004306640624999989,0.0005238340271547188,11.768818541997462,100,40,3,3,0.9,0.8,0.35,0.25,360.0,72,8.0,0.0,5.070422535211268,0.3,0.9990464121081664,0.983675593182041
experiment_3_beam_sensitivity,beams_72,corridor,perception_aware,2,5,3.8,3.0,0.0,3.796920952272515,3.00278511422765,-0.009015736735766534,0.999955279861974,0.004151794331272452,0.009015736735766389,True,9.765624999999978e-06,0.0001262873350210148,4.4722138006304426e-05,6.835937499999984e-06,3.788620050630444e-05,11.800419792009052,100,40,3,3,0.9,0.8,0.35,0.25,360.0,72,8.0,0.0,5.070422535211268,0.3,0.999955279861974,0.9835983898121249
experiment_3_beam_sensitivity,beams_72,corridor,perception_aware,2,6,3.8,3.0,0.0,3.810219502114878,3.044615905582663,-0.013987716408598378,0.999192002412273,0.04577135845085981,0.013987716408598416,True,0.0004313151041666672,0.0016891013428273194,0.0008086509757648628,0.000301920572916667,0.0005067304028481958,11.72640779199719,100,40,3,3,0.9,0.8,0.35,0.25,360.0,72,8.0,0.0,5.070422535211268,0.3,0.999192002412273,0.9832719900026393
experiment_3_beam_sensitivity,beams_72,corridor,perception_aware,2,7,3.8,3.0,0.0,4.3076894247327076,2.8975197925019653,3.1414897906618666,0.99713159949326,0.5179292856310289,3.1414897906618666,False,0.0017154947916666653,0.005586018474436567,0.0028766518964976357,0.0012008463541666656,0.0016758055423309701,11.825505999993766,100,40,3,3,0.9,0.8,0.35,0.25,360.0,72,8.0,0.0,5.070422535211268,0.3,0.99713159949326,0.9835198248185774
experiment_3_beam_sensitivity,beams_72,corridor,perception_aware,2,8,3.8,3.0,0.0,3.802904282446153,3.007071840227587,-0.010684102333053006,0.9996386205347781,0.0076449840242834724,0.010684102333053058,True,1.7361111111111094e-05,0.0011645244325779434,0.0003615101075511608,1.2152777777777765e-05,0.00034935732977338304,11.768598374997964,100,40,3,3,0.9,0.8,0.35,0.25,360.0,72,8.0,0.0,5.070422535211268,0.3,0.9996386205347781,0.9843210446107047
experiment_3_beam_sensitivity,beams_72,corridor,perception_aware,2,9,3.8,3.0,0.0,3.8434779935709895,2.995089424207506,-0.0333431020585324,0.9995703433682058,0.0437544246856572,0.03334310205853219,True,0.0005327690972222228,0.00018967649303578438,0.00042984131596629125,0.00037293836805555593,5.690294791073531e-05,11.838740208011586,100,40,3,3,0.9,0.8,0.35,0.25,360.0,72,8.0,0.0,5.070422535211268,0.3,0.9995703433682058,0.983890221882308
experiment_3_beam_sensitivity,beams_108,corridor,perception_aware,2,0,3.8,3.0,0.0,4.341928056150981,2.9008694787227083,3.1300679720082387,0.9973517294555033,0.5509200289445725,3.1300679720082387,False,0.00131257233796296,0.00578833955776815,0.002655302503904517,0.000918800636574072,0.001736501867330445,17.413588042007177,100,40,3,3,0.9,0.8,0.35,0.25,360.0,108,8.0,0.0,3.364485981308411,0.3,0.9973517294555033,0.9856410684760774
experiment_3_beam_sensitivity,beams_108,corridor,perception_aware,2,1,3.8,3.0,0.0,4.3398188242585105,2.921933753782813,3.125255873268457,0.9974041864613815,0.5454344156929257,3.1252558732684577,False,0.0013501880787036996,0.005524792227368583,0.0026025693233031645,0.0009451316550925896,0.0016574376682105749,17.48800412499986,100,40,3,3,0.9,0.8,0.35,0.25,360.0,108,8.0,0.0,3.364485981308411,0.3,0.9974041864613815,0.9827323613842388
experiment_3_beam_sensitivity,beams_108,corridor,perception_aware,2,2,3.8,3.0,0.0,3.832854718836948,2.994349245641657,-0.0076803735933848975,0.999565819335714,0.03333712007167457,0.007680373593384804,True,0.0004405381944444437,0.0004199750763612912,0.0004343692590194979,0.00030837673611111056,0.00012599252290838736,17.41574950001086,100,40,3,3,0.9,0.8,0.35,0.25,360.0,108,8.0,0.0,3.364485981308411,0.3,0.999565819335714,0.9842518753356047
experiment_3_beam_sensitivity,beams_108,corridor,perception_aware,2,3,3.8,3.0,0.0,3.7986648836880947,3.002674456535506,-0.006917197473850038,0.9999518927013276,0.0029891894096270456,0.006917197473850223,True,1.5914351851851827e-05,0.0001232318893319573,4.8109613095883465e-05,1.1140046296296278e-05,3.696956679958719e-05,17.335240083993995,100,40,3,3,0.9,0.8,0.35,0.25,360.0,108,8.0,0.0,3.364485981308411,0.3,0.9999518927013276,0.98571351503492
experiment_3_beam_sensitivity,beams_108,corridor,perception_aware,2,4,3.8,3.0,0.0,3.81789434111182,2.977207116232553,-0.004256401329944572,0.999745584390949,0.028977974295359817,0.004256401329944648,True,0.00020037615740740638,0.0003807234754661202,0.0002544803528250205,0.00014026331018518446,0.00011421704263983606,17.3383537500049,100,40,3,3,0.9,0.8,0.35,0.25,360.0,108,8.0,0.0,3.364485981308411,0.3,0.999745584390949,0.9836815277850437
experiment_3_beam_sensitivity,beams_108,corridor,perception_aware,2,5,3.8,3.0,0.0,3.800686954979233,2.9888426750783186,0.0033406178132573544,0.9999755620434241,0.01117845277985582,0.0033406178132575626,True,7.233796296296286e-06,6.458298798957089e-05,2.4438553804278666e-05,5.0636574074074005e-06,1.9374896396871266e-05,17.36656791700807,100,40,3,3,0.9,0.8,0.35,0.25,360.0,108,8.0,0.0,3.364485981308411,0.3,0.9999755620434241,0.9847851809074796
experiment_3_beam_sensitivity,beams_108,corridor,perception_aware,2,6,3.8,3.0,0.0,3.8137924703510424,2.966133778003681,0.0012986788307248285,0.9997124136553781,0.03656710585606056,0.0012986788307247643,True,0.000187355324074073,0.0005217344915587532,0.00028766907431947706,0.0001311487268518511,0.00015652034746762593,17.307810749989585,100,40,3,3,0.9,0.8,0.35,0.25,360.0,108,8.0,0.0,3.364485981308411,0.3,0.9997124136553781,0.9843984909759435
experiment_3_beam_sensitivity,beams_108,corridor,perception_aware,2,7,3.8,3.0,0.0,3.804766242981236,3.001656799836655,-0.001976335794368289,0.9999584030954721,0.005045994238494672,0.001976335794368289,True,9.042245370370372e-06,0.00011756354380980845,4.1598634902201794e-05,6.32957175925926e-06,3.526906314294253e-05,17.305683124999632,100,40,3,3,0.9,0.8,0.35,0.25,360.0,108,8.0,0.0,3.364485981308411,0.3,0.9999584030954721,0.9848964795153159
experiment_3_beam_sensitivity,beams_108,corridor,perception_aware,2,8,3.8,3.0,0.0,3.8169344506147374,2.993186393285026,-0.001590206748588236,0.9998771752776142,0.018253790129431284,0.0015902067485882299,True,4.6657986111111134e-05,0.00030059739957861406,0.000122839810151362,3.266059027777779e-05,9.017921987358422e-05,17.394089249995886,100,40,3,3,0.9,0.8,0.35,0.25,360.0,108,8.0,0.0,3.364485981308411,0.3,0.9998771752776142,0.9844071481114162
experiment_3_beam_sensitivity,beams_108,corridor,perception_aware,2,9,3.8,3.0,0.0,3.8309691108342383,2.98533420217106,-0.007954902922561395,0.9995731412439911,0.03426618525343452,0.007954902922561402,True,0.00044560185185185116,0.0003837324864021553,0.00042704104221694236,0.0003119212962962958,0.00011511974592064657,17.43556537499535,100,40,3,3,0.9,0.8,0.35,0.25,360.0,108,8.0,0.0,3.364485981308411,0.3,0.9995731412439911,0.983324112719308
experiment_3_beam_sensitivity,beams_144,corridor,perception_aware,2,0,3.8,3.0,0.0,4.383011104555505,2.9099326205385907,3.1398281348697297,0.9974725367504723,0.5899271826912844,3.1398281348697292,False,0.0007912868923611083,0.006599888939589794,0.002533867506529714,0.0005539008246527757,0.0019799666818769383,22.878630582999904,100,40,3,3,0.9,0.8,0.35,0.25,360.0,144,8.0,0.0,2.5174825174825175,0.3,0.9974725367504723,0.9840345274253375
experiment_3_beam_sensitivity,beams_144,corridor,perception_aware,2,1,3.8,3.0,0.0,3.7684856481215174,2.986948840914215,-0.011102424685632484,0.9993983419115842,0.03410992711518559,0.011102424685632606,True,0.0007093641493055527,0.0003515513142802011,0.0006020202987979472,0.0004965549045138868,0.00010546539428406034,22.919839374997537,100,40,3,3,0.9,0.8,0.35,0.25,360.0,144,8.0,0.0,2.5174825174825175,0.3,0.9993983419115842,0.9848593535380207
experiment_3_beam_sensitivity,beams_144,corridor,perception_aware,2,2,3.8,3.0,0.0,4.402961956327609,2.898640213042283,-3.120680721996415,0.9972204063809665,0.6114220532418919,3.120680721996415,False,0.0011857096354166618,0.006524481834398725,0.0027873412951112805,0.0008299967447916633,0.0019573445503196173,22.92697279099957,100,40,3,3,0.9,0.8,0.35,0.25,360.0,144,8.0,0.0,2.5174825174825175,0.3,0.9972204063809665,0.9830321854171408
experiment_3_beam_sensitivity,beams_144,corridor,perception_aware,2,3,3.8,3.0,0.0,3.781487876897848,2.9741532516764893,0.0058909287222296,0.9992616005005736,0.03179234342806663,0.005890928722229738,True,0.0008371310763888845,0.0005098446089091395,0.000738945136144961,0.0005859917534722192,0.00015295338267274185,22.757656667003175,100,40,3,3,0.9,0.8,0.35,0.25,360.0,144,8.0,0.0,2.5174825174825175,0.3,0.9992616005005736,0.9844046410119808
experiment_3_beam_sensitivity,beams_144,corridor,perception_aware,2,4,3.8,3.0,0.0,3.798380195632584,3.0004657542786903,-0.015436611542328602,0.9992350449981304,0.001685435622270102,0.01543661154232856,True,0.000878363715277773,0.0005022866843025666,0.0007655406059852111,0.0006148546006944411,0.00015068600529076997,23.006062665997888,100,40,3,3,0.9,0.8,0.35,0.25,360.0,144,8.0,0.0,2.5174825174825175,0.3,0.9992350449981304,0.9832599705839606
experiment_3_beam_sensitivity,beams_144,corridor,perception_aware,2,5,3.8,3.0,0.0,3.802100558133186,2.99011604781979,0.022199739581917986,0.9994121194460002,0.010104694709469217,0.02219973958191801,True,0.0006358506944444413,0.00047710291575880914,0.0005882263608387515,0.00044509548611110884,0.00014313087472764274,23.02107420800894,100,40,3,3,0.9,0.8,0.35,0.25,360.0,144,8.0,0.0,2.5174825174825175,0.3,0.9994121194460002,0.9839721432462606
experiment_3_beam_sensitivity,beams_144,corridor,perception_aware,2,6,3.8,3.0,0.0,3.802297898080012,3.002997349549289,0.0014808448269780972,0.9997825677330487,0.003776829345727398,0.0014808448269780783,True,0.00015842013888888918,0.0003552848560050565,0.00021747955402373934,0.00011089409722222242,0.00010658545680151694,22.881342416992993,100,40,3,3,0.9,0.8,0.35,0.25,360.0,144,8.0,0.0,2.5174825174825175,0.3,0.9997825677330487,0.9848879356328105
experiment_3_beam_sensitivity,beams_144,corridor,perception_aware,2,7,3.8,3.0,0.0,3.8150044485818855,2.9887951210637063,0.00028813697420111093,0.9992852313450137,0.018726526352301688,0.0002881369742011586,True,0.0006909179687499965,0.000772124455079313,0.0007152799146487915,0.00048364257812499753,0.0002316373365237939,22.969149541007937,100,40,3,3,0.9,0.8,0.35,0.25,360.0,144,8.0,0.0,2.5174825174825175,0.3,0.9992852313450137,0.9851337071077496
experiment_3_beam_sensitivity,beams_144,corridor,perception_aware,2,8,3.8,3.0,0.0,4.359574681500831,2.927962938137293,-3.1355653360673332,0.9974038549117987,0.5641924870632081,3.1355653360673332,False,0.0012898763020833285,0.005666630631818979,0.0026029026010040237,0.00090291341145833,0.0016999891895456937,23.132390416998533,100,40,3,3,0.9,0.8,0.35,0.25,360.0,144,8.0,0.0,2.5174825174825175,0.3,0.9974038549117987,0.9846618826983342
experiment_3_beam_sensitivity,beams_144,corridor,perception_aware,2,9,3.8,3.0,0.0,3.802485462083842,2.995059487406989,-0.004014590854704262,0.999682797138274,0.005530477958722849,0.004014590854704458,True,0.00033040364583333245,0.00028673653074791247,0.0003173035113077064,0.0002312825520833327,8.602095922437374e-05,22.949010249998537,100,40,3,3,0.9,0.8,0.35,0.25,360.0,144,8.0,0.0,2.5174825174825175,0.3,0.999682797138274,0.9831034597312529
experiment_3_beam_sensitivity,beams_18,corridor,perception_aware,3,0,5.2,3.0,3.141592653589793,5.222478796435147,3.039012729301434,-3.134514582794482,0.9995044868409945,0.04502542988933841,0.007078070795310865,True,2.170138888888886e-05,0.0016018928059974246,0.0004957588140214495,1.51909722222222e-05,0.0004805678417992273,3.4319684590009274,100,40,3,3,0.9,0.8,0.35,0.25,360.0,18,8.0,0.0,21.176470588235293,0.3,0.9995044868409945,0.9822203310368742
experiment_3_beam_sensitivity,beams_18,corridor,perception_aware,3,1,5.2,3.0,3.141592653589793,2.947356787276082,2.8975978531726194,-0.03460814503035454,0.9982990197227282,2.2549695438089605,3.1069845085594388,False,0.000789930555555555,0.003836423840587131,0.0017038785410650277,0.0005529513888888884,0.0011509271521761393,3.435444417002145,100,40,3,3,0.9,0.8,0.35,0.25,360.0,18,8.0,0.0,21.176470588235293,0.3,0.9982990197227282,0.9813991798250286
experiment_3_beam_sensitivity,beams_18,corridor,perception_aware,3,2,5.2,3.0,3.141592653589793,5.206160871636875,2.931582431115913,3.1414887782142946,0.9998786386331638,0.06869439621493777,0.00010387537549849668,True,3.689236111111106e-05,0.00031850481475839687,0.0001213760972052968,2.582465277777774e-05,9.555144442751906e-05,3.448092958002235,100,40,3,3,0.9,0.8,0.35,0.25,360.0,18,8.0,0.0,21.176470588235293,0.3,0.9998786386331638,0.9802706677278753
experiment_3_beam_sensitivity,beams_18,corridor,perception_aware,3,3,5.2,3.0,3.141592653589793,2.9682100229621122,2.905416708269785,-0.003298222821126906,0.9986189396235017,2.233793298557702,3.138294430768666,False,0.00032335069444444317,0.003855416186428142,0.0013829703420395526,0.0002263454861111102,0.0011566248559284425,3.4401360420015408,100,40,3,3,0.9,0.8,0.35,0.25,360.0,18,8.0,0.0,21.176470588235293,0.3,0.9986189396235017,0.9827536429767071
experiment_3_beam_sensitivity,beams_18,corridor,perception_aware,3,4,5.2,3.0,3.141592653589793,2.9902262934459105,2.9037515821586433,-0.042837323004856924,0.998247154289513,2.2118688008366965,3.098755330584936,False,0.000540364583333332,0.0045922278841919115,0.0017559235735909058,0.0003782552083333324,0.0013776683652575734,3.4435687080112984,100,40,3,3,0.9,0.8,0.35,0.25,360.0,18,8.0,0.0,21.176470588235293,0.3,0.998247154289513,0.9821756755050453
experiment_3_beam_sensitivity,beams_18,corridor,perception_aware,3,5,5.2,3.0,3.141592653589793,5.213344365428415,2.9727359962315236,3.109823928702634,0.9994312672603072,0.030354538213825003,0.031768724887159205,True,2.3871527777777725e-05,0.0018411543708095914,0.0005690563806873218,1.6710069444444408e-05,0.0005523463112428774,3.4487472500040894,100,40,3,3,0.9,0.8,0.35,0.25,360.0,18,8.0,0.0,21.176470588235293,0.3,0.9994312672603072,0.9812482162709635
experiment_3_beam_sensitivity,beams_18,corridor,perception_aware,3,6,5.2,3.0,3.141592653589793,5.204462389711621,3.0257711556108147,-3.1345360929927826,0.9998947171872175,0.026154643630820144,0.007056560597010986,True,1.0850694444444425e-05,0.0003256613743639868,0.00010529389842030713,7.5954861111110965e-06,9.769841230919603e-05,3.4472478329989826,100,40,3,3,0.9,0.8,0.35,0.25,360.0,18,8.0,0.0,21.176470588235293,0.3,0.9998947171872175,0.9809236669129898
experiment_3_beam_sensitivity,beams_18,corridor,perception_aware,3,7,5.2,3.0,3.141592653589793,2.917481569890512,2.818563385053312,-0.002933582964782739,0.9970886755632138,2.2897182422806512,3.1386590706250104,False,0.0008897569444444443,0.0076566504451103246,0.0029198249946442083,0.000622829861111111,0.0022969951335330974,3.455512083004578,100,40,3,3,0.9,0.8,0.35,0.25,360.0,18,8.0,0.0,21.176470588235293,0.3,0.9970886755632138,0.9804118210868986
experiment_3_beam_sensitivity,beams_18,corridor,perception_aware,3,8,5.2,3.0,3.141592653589793,2.9690881518513104,2.9624754917441436,-0.009988630737823382,0.9988922495077458,2.2312274117467377,3.1316040228519704,False,0.00037977430555555426,0.002810456501196374,0.0011089789642478001,0.00026584201388888794,0.0008431369503589122,3.4800103750021663,100,40,3,3,0.9,0.8,0.35,0.25,360.0,18,8.0,0.0,21.176470588235293,0.3,0.9988922495077458,0.9808567601119103
experiment_3_beam_sensitivity,beams_18,corridor,perception_aware,3,9,5.2,3.0,3.141592653589793,3.020408018060574,2.921850711401844,0.00698746103732171,0.9983515011517831,2.180992553642271,3.1346051925524714,False,0.0002886284722222203,0.00483060317795569,0.0016512208839422613,0.00020203993055555418,0.001449180953386707,3.454552374998457,100,40,3,3,0.9,0.8,0.35,0.25,360.0,18,8.0,0.0,21.176470588235293,0.3,0.9983515011517831,0.9802074572923557
experiment_3_beam_sensitivity,beams_36,corridor,perception_aware,3,0,5.2,3.0,3.141592653589793,5.198686580382298,2.984629710224776,3.123975607519341,0.999904587028474,0.015426304770311147,0.017617046070452336,True,1.6276041666666646e-05,0.000280096156210279,9.542207602975035e-05,1.1393229166666652e-05,8.40288468630837e-05,6.120573041989701,100,40,3,3,0.9,0.8,0.35,0.25,360.0,36,8.0,0.0,10.285714285714286,0.3,0.999904587028474,0.9837904678670575
experiment_3_beam_sensitivity,beams_36,corridor,perception_aware,3,1,5.2,3.0,3.141592653589793,5.201398609576685,3.008237451761143,-3.138545347175751,0.9999453591642742,0.008355340822800296,0.0030473064140421613,True,6.510416666666659e-06,0.000166955099477617,5.464382150995176e-05,4.557291666666661e-06,5.00865298432851e-05,6.130583167003351,100,40,3,3,0.9,0.8,0.35,0.25,360.0,36,8.0,0.0,10.285714285714286,0.3,0.9998692293116487,0.9823754047360559
experiment_3_beam_sensitivity,beams_36,corridor,perception_aware,3,2,5.2,3.0,3.141592653589793,5.20059680554992,2.9729194717584986,3.1218974876265175,0.9998946358689164,0.027087103697205638,0.019695165963275585,True,2.170138888888887e-05,0.0003006142054379271,0.00010537523385360033,1.5190972222222208e-05,9.018426163137812e-05,6.128556916999514,100,40,3,3,0.9,0.8,0.35,0.25,360.0,36,8.0,0.0,10.285714285714286,0.3,0.9998946358689164,0.9803481836282564
experiment_3_beam_sensitivity,beams_36,corridor,perception_aware,3,3,5.2,3.0,3.141592653589793,2.962218609828673,2.8343469597628212,0.025694454213468,0.9972771585500401,2.243904293845203,3.1158981993763253,False,0.0005175781249999987,0.007893236233058232,0.002730275557417469,0.0003623046874999991,0.0023679708699174697,6.141529208005522,100,40,3,3,0.9,0.8,0.35,0.25,360.0,36,8.0,0.0,10.285714285714286,0.3,0.9972771585500401,0.9804751716063776
experiment_3_beam_sensitivity,beams_36,corridor,perception_aware,3,4,5.2,3.0,3.141592653589793,3.0393946460054195,2.8887130080381795,-0.007510539435353625,0.9973130994983523,2.1634695029720103,3.13408211415444,False,0.00044053819444444197,0.007952542166682269,0.00269413938611579,0.00030837673611110937,0.0023857626500046803,6.100268958995002,100,40,3,3,0.9,0.8,0.35,0.25,360.0,36,8.0,0.0,10.285714285714286,0.3,0.9973130994983523,0.9815193778739857
experiment_3_beam_sensitivity,beams_36,corridor,perception_aware,3,5,5.2,3.0,3.141592653589793,5.2231256144337985,3.0058933681283366,3.1362614805884066,0.9999122466824696,0.023864740326196645,0.005331173001386524,True,1.9531249999999997e-05,0.00024696381283656477,8.776101885096943e-05,1.3671874999999997e-05,7.408914385096943e-05,6.10710508399643,100,40,3,3,0.9,0.8,0.35,0.25,360.0,36,8.0,0.0,10.285714285714286,0.3,0.9999122466824696,0.980947661087637
experiment_3_beam_sensitivity,beams_36,corridor,perception_aware,3,6,5.2,3.0,3.141592653589793,5.221396249518268,3.0552141644837443,-3.1334448528204994,0.9994835151704498,0.05921489215633119,0.008147800769293667,True,4.665798611111115e-05,0.0016136371123285527,0.0005167517239763436,3.2660590277777804e-05,0.0004840911336985658,6.13429349999933,100,40,3,3,0.9,0.8,0.35,0.25,360.0,36,8.0,0.0,10.285714285714286,0.3,0.9994835151704498,0.9833875249975054
experiment_3_beam_sensitivity,beams_36,corridor,perception_aware,3,7,5.2,3.0,3.141592653589793,5.30409868887978,3.028236453681186,-3.108851585689189,0.9972899291902385,0.10786025376837796,0.03274106790060394,True,0.001869574652777774,0.004695776649233791,0.002717435251714579,0.0013087022569444418,0.0014087329947701374,6.112005709001096,100,40,3,3,0.9,0.8,0.35,0.25,360.0,36,8.0,0.0,10.285714285714286,0.3,0.9972899291902385,0.9790766403041871
experiment_3_beam_sensitivity,beams_36,corridor,perception_aware,3,8,5.2,3.0,3.141592653589793,5.199148733203785,3.0320594856174323,-3.1303904408843923,0.999916263153103,0.032070785353849524,0.011202212705400783,True,1.5190972222222239e-05,0.00024370059596031182,8.374385934364911e-05,1.0633680555555566e-05,7.311017878809354e-05,6.128380708993063,100,40,3,3,0.9,0.8,0.35,0.25,360.0,36,8.0,0.0,10.285714285714286,0.3,0.999916263153103,0.9820416357232995
experiment_3_beam_sensitivity,beams_36,corridor,perception_aware,3,9,5.2,3.0,3.141592653589793,3.0473829365469194,2.888614902994849,-0.009996263296579167,0.9973119389310003,2.155496894385193,3.131596390293214,False,0.0004513888888888863,0.007931113314958783,0.0026953062167098555,0.0003159722222222204,0.002379333994487635,6.138180374997319,100,40,3,3,0.9,0.8,0.35,0.25,360.0,36,8.0,0.0,10.285714285714286,0.3,0.9973119389310003,0.9813293147682064
experiment_3_beam_sensitivity,beams_72,corridor,perception_aware,3,0,5.2,3.0,3.141592653589793,5.1888339615849945,2.9727472330331897,3.1324587654256093,0.9999061598976295,0.02945154870686175,0.009133888164183812,True,2.3328993055555547e-05,0.00025839538007609307,9.38489091617168e-05,1.633029513888888e-05,7.751861402282792e-05,11.576026208000258,100,40,3,3,0.9,0.8,0.35,0.25,360.0,72,8.0,0.0,5.070422535211268,0.3,0.9999061598976295,0.9861889985104731
experiment_3_beam_sensitivity,beams_72,corridor,perception_aware,3,1,5.2,3.0,3.141592653589793,5.184864752289175,2.9803520964056274,3.13373135757176,0.9999106916248296,0.024801528963388463,0.007861296018033315,True,1.6818576388888875e-05,0.00025847782798808897,8.931635186864889e-05,1.1773003472222212e-05,7.754334839642668e-05,11.604627334003453,100,40,3,3,0.9,0.8,0.35,0.25,360.0,72,8.0,0.0,5.070422535211268,0.3,0.9999106916248296,0.9855357737539522
experiment_3_beam_sensitivity,beams_72,corridor,perception_aware,3,2,5.2,3.0,3.141592653589793,5.1836231553925005,2.9792569279467345,3.131012356859089,0.9998826799617185,0.02642869799110725,0.010580296730704042,True,2.332899305555553e-05,0.00033667836249599153,0.00011733380388768633,1.6330295138888868e-05,0.00010100350874879745,11.622584500000812,100,40,3,3,0.9,0.8,0.35,0.25,360.0,72,8.0,0.0,5.070422535211268,0.3,0.9998826799617185,0.982673431487584
experiment_3_beam_sensitivity,beams_72,corridor,perception_aware,3,3,5.2,3.0,3.141592653589793,5.225992680022099,3.0095435545909393,3.1286720157679913,0.9990495289408625,0.027689327347580037,0.012920637821801861,True,0.0004975043402777744,0.002010407585484456,0.000951375313839779,0.0003482530381944421,0.0006031222756453368,11.599504166995757,100,40,3,3,0.9,0.8,0.35,0.25,360.0,72,8.0,0.0,5.070422535211268,0.3,0.9990495289408625,0.983475113894492
experiment_3_beam_sensitivity,beams_72,corridor,perception_aware,3,4,5.2,3.0,3.141592653589793,5.170247945998513,2.9983718529073706,3.1345407715359372,0.9990601347458028,0.029796569941230477,0.0070518820538558735,True,0.000971137152777775,0.0008698447498555068,0.0009407494319010944,0.0006797960069444424,0.00026095342495665203,11.572660292004002,100,40,3,3,0.9,0.8,0.35,0.25,360.0,72,8.0,0.0,5.070422535211268,0.3,0.9990601347458028,0.9838550200456324
experiment_3_beam_sensitivity,beams_72,corridor,perception_aware,3,5,5.2,3.0,3.141592653589793,5.237555419959358,3.0131322833935945,3.127921723133412,0.9990602602478243,0.03978525399508513,0.013670930456381125,True,0.0005197482638888857,0.0019226663631010128,0.0009406236936525237,0.00036382378472222,0.0005767999089303038,11.55868833301065,100,40,3,3,0.9,0.8,0.35,0.25,360.0,72,8.0,0.0,5.070422535211268,0.3,0.9990602602478243,0.9825449125029612
experiment_3_beam_sensitivity,beams_72,corridor,perception_aware,3,6,5.2,3.0,3.141592653589793,5.227064549385762,3.010109148494181,3.1289081914480543,0.9990520123974433,0.028890910624827112,0.012684462141738795,True,0.0004980468749999968,0.0020008477443254854,0.0009488871357976434,0.0003486328124999977,0.0006002543232976456,11.57793133299856,100,40,3,3,0.9,0.8,0.35,0.25,360.0,72,8.0,0.0,5.070422535211268,0.3,0.9990520123974433,0.9825313563831888
experiment_3_beam_sensitivity,beams_72,corridor,perception_aware,3,7,5.2,3.0,3.141592653589793,5.175887562343684,2.9802148160363338,3.119077192584251,0.9991256798132029,0.031190754306458377,0.022515461005542026,True,0.0006890190972222177,0.0013092397449238947,0.0008750852915327208,0.00048231336805555235,0.0003927719234771684,11.54092629099614,100,40,3,3,0.9,0.8,0.35,0.25,360.0,72,8.0,0.0,5.070422535211268,0.3,0.9991256798132029,0.9833305148785795
experiment_3_beam_sensitivity,beams_72,corridor,perception_aware,3,8,5.2,3.0,3.141592653589793,2.9265653020935263,2.886503249481721,-0.01161133987493372,0.9970819779346412,2.2762659857809475,3.1299813137148593,False,0.0015060763888888893,0.006241027883845809,0.002926561837375965,0.0010542534722222225,0.0018723083651537426,11.612419583005249,100,40,3,3,0.9,0.8,0.35,0.25,360.0,72,8.0,0.0,5.070422535211268,0.3,0.9970819779346412,0.984078751916728
experiment_3_beam_sensitivity,beams_72,corridor,perception_aware,3,9,5.2,3.0,3.141592653589793,3.038832122994685,2.9036983923908535,-0.0020574344568896315,0.9973886824271494,2.163312412072692,3.1395352191329033,False,0.0003455946180555537,0.007920793909397346,0.0026181544054580917,0.00024191623263888757,0.002376238172819204,11.595569999990403,100,40,3,3,0.9,0.8,0.35,0.25,360.0,72,8.0,0.0,5.070422535211268,0.3,0.9973886824271494,0.9838279934420833
experiment_3_beam_sensitivity,beams_108,corridor,perception_aware,3,0,5.2,3.0,3.141592653589793,5.21587324586409,2.987527999591495,-3.1300244689738728,0.9993691365550228,0.020186894968062828,0.011568184615920352,True,0.000652488425925924,0.000581732622500959,0.0006312616848984344,0.00045674189814814677,0.0001745197867502877,17.11277500000142,100,40,3,3,0.9,0.8,0.35,0.25,360.0,108,8.0,0.0,3.364485981308411,0.3,0.9993691365550228,0.984106839144707
experiment_3_beam_sensitivity,beams_108,corridor,perception_aware,3,1,5.2,3.0,3.141592653589793,5.2104612324589885,3.0038506978821036,-3.134606983742198,0.9999715356062007,0.011147432831832988,0.006985669847594522,True,1.0850694444444436e-05,6.956572644306776e-05,2.8465204044031433e-05,7.595486111111105e-06,2.0869717932920327e-05,17.107594000000972,100,40,3,3,0.9,0.8,0.35,0.25,360.0,108,8.0,0.0,3.364485981308411,0.3,0.9999715356062007,0.9850045002701323
experiment_3_beam_sensitivity,beams_108,corridor,perception_aware,3,2,5.2,3.0,3.141592653589793,5.223332291330259,2.983320340515123,3.137109234059105,0.9996854835789455,0.028681123744572785,0.004483419530687982,True,0.00035373263888888905,0.00022334175177780394,0.00031461537275556347,0.0002476128472222223,6.700252553334118e-05,17.159622084000148,100,40,3,3,0.9,0.8,0.35,0.25,360.0,108,8.0,0.0,3.364485981308411,0.3,0.9996854835789455,0.9829404811777281
experiment_3_beam_sensitivity,beams_108,corridor,perception_aware,3,3,5.2,3.0,3.141592653589793,3.0167470435958066,2.9147842064749527,0.008438023134269603,0.9969646580394516,2.184915376648202,3.1331546304555236,False,0.0012731481481481446,0.007177932027747203,0.003044583312027862,0.0008912037037037011,0.0021533796083241605,17.01979733299231,100,40,3,3,0.9,0.8,0.35,0.25,360.0,108,8.0,0.0,3.364485981308411,0.3,0.9969646580394516,0.9842517581812301
experiment_3_beam_sensitivity,beams_108,corridor,perception_aware,3,4,5.2,3.0,3.141592653589793,5.1737834189542475,2.9910844524099627,-3.1340424885050058,0.9995936787314393,0.027691083593076253,0.007550165084786897,True,2.6041666666666645e-05,0.001294190886589841,0.00040648643264361897,1.822916666666665e-05,0.0003882572659769523,17.116443749997416,100,40,3,3,0.9,0.8,0.35,0.25,360.0,108,8.0,0.0,3.364485981308411,0.3,0.9995936787314393,0.9836622001830113
experiment_3_beam_sensitivity,beams_108,corridor,perception_aware,3,5,5.2,3.0,3.141592653589793,5.222887217667191,2.9994285325127397,-3.1396494104399086,0.9996589448871454,0.022894350998321992,0.0019432431498849212,True,0.00035011574074074084,0.0003203015087026879,0.00034117147112932493,0.00024508101851851855,9.609045261080636e-05,17.12356512498809,100,40,3,3,0.9,0.8,0.35,0.25,360.0,108,8.0,0.0,3.364485981308411,0.3,0.9996589448871454,0.9843378032090818
experiment_3_beam_sensitivity,beams_108,corridor,perception_aware,3,6,5.2,3.0,3.141592653589793,5.17080828185813,3.000628126644276,3.136431760143546,0.9996094898130997,0.029198475151207017,0.005160893446247261,True,2.7488425925925892e-05,0.001238069488445422,0.0003906627446817747,1.9241898148148123e-05,0.0003714208465336266,17.133345000009285,100,40,3,3,0.9,0.8,0.35,0.25,360.0,108,8.0,0.0,3.364485981308411,0.3,0.9996094898130997,0.9821638949823088
experiment_3_beam_sensitivity,beams_108,corridor,perception_aware,3,7,5.2,3.0,3.141592653589793,5.210451328246231,3.0124665572513956,-3.123135404019771,0.9994056874617816,0.01626792278727638,0.01845724957002215,True,0.00045175057870370074,0.0009281351685314857,0.0005946659556520362,0.0003162254050925905,0.0002784405505594457,16.963509124994744,100,40,3,3,0.9,0.8,0.35,0.25,360.0,108,8.0,0.0,3.364485981308411,0.3,0.9994056874617816,0.9819574480483104
experiment_3_beam_sensitivity,beams_108,corridor,perception_aware,3,8,5.2,3.0,3.141592653589793,5.176812387018075,3.003012914475576,3.1362664287252815,0.9996038725152618,0.023382537275425563,0.0053262248645116195,True,1.953124999999996e-05,0.0012753752963532723,0.0003962844639059816,1.3671874999999971e-05,0.00038261258890598165,17.159660667006392,100,40,3,3,0.9,0.8,0.35,0.25,360.0,108,8.0,0.0,3.364485981308411,0.3,0.9996038725152618,0.9834970491771746
experiment_3_beam_sensitivity,beams_108,corridor,perception_aware,3,9,5.2,3.0,3.141592653589793,5.203752977815637,2.983386182196029,3.13907649717834,0.9996044882284624,0.01703243331142714,0.0025161564114530854,True,0.000354817708333332,0.0004909862238668307,0.0003956682629933816,0.0002483723958333324,0.0001472958671600492,17.126580416006618,100,40,3,3,0.9,0.8,0.35,0.25,360.0,108,8.0,0.0,3.364485981308411,0.3,0.9996044882284624,0.983541647677267
experiment_3_beam_sensitivity,beams_144,corridor,perception_aware,3,0,5.2,3.0,3.141592653589793,5.194105006721744,2.976703309356036,3.1402581683330473,0.9996075239136725,0.02403095380361026,0.0013344852567458432,True,0.00040581597222222126,0.0003618633457669543,0.00039263018428564115,0.0002840711805555549,0.0001085590037300863,22.494034708011895,100,40,3,3,0.9,0.8,0.35,0.25,360.0,144,8.0,0.0,2.5174825174825175,0.3,0.9996075239136725,0.9846044922633417
experiment_3_beam_sensitivity,beams_144,corridor,perception_aware,3,1,5.2,3.0,3.141592653589793,5.194454284590985,2.977871772041576,3.1296142667104294,0.9997008993430584,0.022812571796660054,0.0119783868793637,True,0.0002780490451388879,0.0003485193777113931,0.00029919014491063944,0.00019463433159722153,0.00010455581331341792,22.56910516601056,100,40,3,3,0.9,0.8,0.35,0.25,360.0,144,8.0,0.0,2.5174825174825175,0.3,0.9996877166154637,0.9848952707355706
experiment_3_beam_sensitivity,beams_144,corridor,perception_aware,3,2,5.2,3.0,3.141592653589793,5.185213959949741,2.993329911268506,-3.133469003247484,0.999731472010644,0.016220883578087448,0.008123650342309219,True,0.00027560763888888893,0.00025224922927588193,0.0002686001160049868,0.00019292534722222223,7.567476878276457e-05,22.495503208992886,100,40,3,3,0.9,0.8,0.35,0.25,360.0,144,8.0,0.0,2.5174825174825175,0.3,0.999731472010644,0.9828132571692026
experiment_3_beam_sensitivity,beams_144,corridor,perception_aware,3,3,5.2,3.0,3.141592653589793,2.991329765553659,2.882579464262744,0.0036426452016960435,0.9970426256565619,2.211789272679945,3.137950008388097,False,0.0008143446180555546,0.007987017053030772,0.0029661463485481194,0.0005700412326388882,0.0023961051159092314,22.57561645899841,100,40,3,3,0.9,0.8,0.35,0.25,360.0,144,8.0,0.0,2.5174825174825175,0.3,0.9970426256565619,0.9828464093879192
experiment_3_beam_sensitivity,beams_144,corridor,perception_aware,3,4,5.2,3.0,3.141592653589793,2.9877149964577407,2.874657270777135,-0.0009281144144907045,0.997043138743658,2.2158329667795384,3.1406645391753027,False,0.0008330620659722213,0.007941622557467302,0.0029656302134207454,0.0005831434461805548,0.0023824867672401907,22.600234415993327,100,40,3,3,0.9,0.8,0.35,0.25,360.0,144,8.0,0.0,2.5174825174825175,0.3,0.997043138743658,0.9832272776424226
experiment_3_beam_sensitivity,beams_144,corridor,perception_aware,3,5,5.2,3.0,3.141592653589793,2.990110869899842,2.8840642684231446,0.0031287562483525155,0.9970402730106876,2.2129281644895515,3.1384638973414405,False,0.0008178710937499992,0.007986677372214828,0.0029685129772894477,0.0005725097656249994,0.0023960032116644484,22.725547209003707,100,40,3,3,0.9,0.8,0.35,0.25,360.0,144,8.0,0.0,2.5174825174825175,0.3,0.9970402730106876,0.9814865258800097
experiment_3_beam_sensitivity,beams_144,corridor,perception_aware,3,6,5.2,3.0,3.141592653589793,5.147297002816953,3.0122689647839884,3.1390276090507094,0.9989379001583043,0.05411222975397555,0.002565044539083683,True,0.0009459092881944438,0.0013369753180512468,0.0010632290971514845,0.0006621365017361106,0.00040109259541537404,22.425784040999133,100,40,3,3,0.9,0.8,0.35,0.25,360.0,144,8.0,0.0,2.5174825174825175,0.3,0.9989379001583043,0.983618038845429
experiment_3_beam_sensitivity,beams_144,corridor,perception_aware,3,7,5.2,3.0,3.141592653589793,5.195181188904314,3.0013779492144756,3.1257599717347646,0.9999420930907458,0.005011954151184941,0.015832681855028508,True,2.1701388888888866e-05,0.00014239763478744957,5.791026265845708e-05,1.5190972222222205e-05,4.271929043623487e-05,22.45622529099637,100,40,3,3,0.9,0.8,0.35,0.25,360.0,144,8.0,0.0,2.5174825174825175,0.3,0.9999420930907458,0.9836647314417507
experiment_3_beam_sensitivity,beams_144,corridor,perception_aware,3,8,5.2,3.0,3.141592653589793,5.199269898053619,2.9950443466430174,3.1397317078106637,0.9999751642599786,0.005009146538751072,0.0018609457791294304,True,5.154079861111121e-06,7.076166982651622e-05,2.483635685073265e-05,3.6078559027777843e-06,2.1228500947954865e-05,22.5319930419937,100,40,3,3,0.9,0.8,0.35,0.25,360.0,144,8.0,0.0,2.5174825174825175,0.3,0.9991975055523243,0.9825802546687552
experiment_3_beam_sensitivity,beams_144,corridor,perception_aware,3,9,5.2,3.0,3.141592653589793,5.189519100329758,3.0000712818147517,3.141220283267255,0.9997150414387296,0.010481142065386058,0.00037237032253800706,True,0.0002677408854166667,0.0003254038866863605,0.00028503978579757486,0.0001874186197916667,9.762116600590815e-05,22.550741040991852,100,40,3,3,0.9,0.8,0.35,0.25,360.0,144,8.0,0.0,2.5174825174825175,0.3,0.9997150414387296,0.9825881557230173
experiment_3_beam_sensitivity,beams_18,corridor,perception_aware,4,0,6.6,3.0,3.141592653589793,6.629794272140912,2.9507184276876104,3.111720123579145,0.9998871533643601,0.05758795031938567,0.029872530010647935,True,2.8211805555555588e-05,0.0003103703585048805,0.00011285937144035304,1.9748263888888912e-05,9.311110755146414e-05,3.232960125009413,100,40,3,3,0.9,0.8,0.35,0.25,360.0,18,8.0,0.0,21.176470588235293,0.3,0.9998871533643601,0.9762113863939555
experiment_3_beam_sensitivity,beams_18,corridor,perception_aware,4,1,6.6,3.0,3.141592653589793,1.656813021520486,2.7771172848870385,0.07098454527351657,0.9966831595445235,4.948209192112389,3.0706081083162764,False,0.0020203993055555574,0.006378663278729894,0.003327878497507858,0.00141427951388889,0.001913598983618968,3.124274708010489,100,40,3,3,0.9,0.8,0.35,0.25,360.0,18,8.0,0.0,21.176470588235293,0.3,0.9966831595445235,0.9755368909397081
experiment_3_beam_sensitivity,beams_18,corridor,perception_aware,4,2,6.6,3.0,3.141592653589793,6.515111314881008,2.7603300808540943,3.0530658729474744,0.9968374055755469,0.254259235829569,0.08852678064231867,False,0.0005121527777777778,0.009380404053800787,0.0031726281605846804,0.00035850694444444444,0.002814121216140236,3.178820082990569,100,40,3,3,0.9,0.8,0.35,0.25,360.0,18,8.0,0.0,21.176470588235293,0.3,0.9968374055755469,0.975798275430268
experiment_3_beam_sensitivity,beams_18,corridor,perception_aware,4,3,6.6,3.0,3.141592653589793,1.685875437724007,2.8359104947756415,0.013506100456405488,0.9982371240170572,4.916863388308545,3.1280865531333877,False,0.0018598090277777797,0.0015470762781672777,0.001765989202894629,0.0013018663194444458,0.0004641228834501833,3.1969825830019545,100,40,3,3,0.9,0.8,0.35,0.25,360.0,18,8.0,0.0,21.176470588235293,0.3,0.9982371240170572,0.974334146578094
experiment_3_beam_sensitivity,beams_18,corridor,perception_aware,4,4,6.6,3.0,3.141592653589793,6.536890048129546,2.8760160012395866,3.1076937581958637,0.9980983160000576,0.13912188172143572,0.03389889539392943,True,0.00015190972222222222,0.005996568289265053,0.0019053072923350713,0.00010633680555555555,0.0017989704867795158,3.164060958995833,100,40,3,3,0.9,0.8,0.35,0.25,360.0,18,8.0,0.0,21.176470588235293,0.3,0.9980983160000576,0.975697239222921
experiment_3_beam_sensitivity,beams_18,corridor,perception_aware,4,5,6.6,3.0,3.141592653589793,5.653801400414542,2.7887233605124098,2.715136469741699,0.9940831798104484,0.969499669030707,0.42645618384809403,False,0.00642578125,0.004846634830533786,0.005952037324160136,0.004498046875,0.0014539904491601356,3.139403166002012,100,40,3,3,0.9,0.8,0.35,0.25,360.0,18,8.0,0.0,21.176470588235293,0.3,0.991198124671981,0.9763324870525025
experiment_3_beam_sensitivity,beams_18,corridor,perception_aware,4,6,6.6,3.0,3.141592653589793,1.743262618775848,2.9208368312581494,-0.022871115720763502,0.9977213100387011,4.85738250475143,3.11872153786903,False,0.001968315972222223,0.0030202435587974863,0.002283894248194802,0.001377821180555556,0.0009060730676392458,3.1368660000007367,100,40,3,3,0.9,0.8,0.35,0.25,360.0,18,8.0,0.0,21.176470588235293,0.3,0.9977213100387011,0.9726520209294897
experiment_3_beam_sensitivity,beams_18,corridor,perception_aware,4,7,6.6,3.0,3.141592653589793,6.52972065973397,3.0643005849478686,3.1351685573301715,0.9979366318670847,0.0952562380784926,0.006424096259621592,True,0.001169704861111113,0.004162803403727967,0.002067634423896169,0.000818793402777779,0.0012488410211183901,3.1532979999901727,100,40,3,3,0.9,0.8,0.35,0.25,360.0,18,8.0,0.0,21.176470588235293,0.3,0.9979366318670847,0.9737856965025216
experiment_3_beam_sensitivity,beams_18,corridor,perception_aware,4,8,6.6,3.0,3.141592653589793,6.5975874871210545,2.9854959967106343,-3.1347984407606337,0.9999501490898897,0.014703276159040494,0.006794212829159818,True,8.680555555555534e-06,0.00014592335486161845,4.9853395347374404e-05,6.076388888888873e-06,4.377700645848553e-05,3.1663184169883607,100,40,3,3,0.9,0.8,0.35,0.25,360.0,18,8.0,0.0,21.176470588235293,0.3,0.9999501490898897,0.9723070806518445
experiment_3_beam_sensitivity,beams_18,corridor,perception_aware,4,9,6.6,3.0,3.141592653589793,1.7638985775553757,3.268429311180264,-0.12451163883508753,0.9934662401787799,4.843545319626072,3.017081014754705,False,0.0038172743055555594,0.013015461951587171,0.006576730599365043,0.0026720920138888914,0.0039046385854761513,3.187775208003586,100,40,3,3,0.9,0.8,0.35,0.25,360.0,18,8.0,0.0,21.176470588235293,0.3,0.9934662401787799,0.9750195607297776
experiment_3_beam_sensitivity,beams_36,corridor,perception_aware,4,0,6.6,3.0,3.141592653589793,6.5987225460273295,3.024151266112203,-3.1330809581767736,0.9999182702725251,0.0241850272580939,0.008511695413019993,True,1.0850694444444435e-05,0.0002471364055269265,8.173640776918905e-05,7.595486111111104e-06,7.414092165807795e-05,5.62491491700348,100,40,3,3,0.9,0.8,0.35,0.25,360.0,36,8.0,0.0,10.285714285714286,0.3,0.9999182702725251,0.975887207711725
experiment_3_beam_sensitivity,beams_36,corridor,perception_aware,4,1,6.6,3.0,3.141592653589793,1.5731249713408042,2.89438179449684,0.00048619194069484404,0.9968214135275987,5.02798446289277,3.1411064616490982,False,0.0007910156249999978,0.008783370546122833,0.0031887221013368484,0.0005537109374999984,0.00263501116383685,5.717061959003331,100,40,3,3,0.9,0.8,0.35,0.25,360.0,36,8.0,0.0,10.285714285714286,0.3,0.9968214135275987,0.9766915761397549
experiment_3_beam_sensitivity,beams_36,corridor,perception_aware,4,2,6.6,3.0,3.141592653589793,6.5988536001902505,3.0368487295455653,-3.1277909175236513,0.9999045748287542,0.03686655803904141,0.013801736066142212,True,1.844618055555553e-05,0.0002750731722977508,9.543427807821411e-05,1.291232638888887e-05,8.252195168932524e-05,5.668067291000625,100,40,3,3,0.9,0.8,0.35,0.25,360.0,36,8.0,0.0,10.285714285714286,0.3,0.9999045748287542,0.976469123797439
experiment_3_beam_sensitivity,beams_36,corridor,perception_aware,4,3,6.6,3.0,3.141592653589793,1.56240704141769,2.8547234910875443,0.016245615003920442,0.9965146174619345,5.039687299862944,3.125347038585873,False,0.0007400173611111093,0.009931869216201513,0.00349757291763823,0.0005180121527777764,0.0029795607648604536,5.7743528749997495,100,40,3,3,0.9,0.8,0.35,0.25,360.0,36,8.0,0.0,10.285714285714286,0.3,0.9965146174619345,0.9766845846495794
experiment_3_beam_sensitivity,beams_36,corridor,perception_aware,4,4,6.6,3.0,3.141592653589793,1.464495140899149,2.8414379034295223,0.014307035165245008,0.9967188360161402,5.137952130598073,3.127285618424548,False,0.0016677517361111112,0.007081797490310841,0.0032919654623710303,0.0011674262152777776,0.0021245392470932525,5.707794083995395,100,40,3,3,0.9,0.8,0.35,0.25,360.0,36,8.0,0.0,10.285714285714286,0.3,0.9967188360161402,0.9787912446599186
experiment_3_beam_sensitivity,beams_36,corridor,perception_aware,4,5,6.6,3.0,3.141592653589793,1.4896561811343523,2.8230188478836458,0.019623012764803226,0.9964411799745664,5.1134075013852325,3.12196964082499,False,0.001487630208333333,0.008433964379070307,0.0035715304595544247,0.001041341145833333,0.002530189313721092,5.693927500004065,100,40,3,3,0.9,0.8,0.35,0.25,360.0,36,8.0,0.0,10.285714285714286,0.3,0.9964411799745664,0.9746443652318635
experiment_3_beam_sensitivity,beams_36,corridor,perception_aware,4,6,6.6,3.0,3.141592653589793,6.559542708400738,2.907050292272771,3.119152131179879,0.9989232373429198,0.10137278042021465,0.02244052240991401,True,0.00045030381944444247,0.00254236883684114,0.0010779233246634517,0.0003152126736111097,0.0007627106510523419,5.658188792003784,100,40,3,3,0.9,0.8,0.35,0.25,360.0,36,8.0,0.0,10.285714285714286,0.3,0.9989232373429198,0.9777578147390795
experiment_3_beam_sensitivity,beams_36,corridor,perception_aware,4,7,6.6,3.0,3.141592653589793,6.526571248282186,2.9148037864202565,3.128072040544768,0.9984450379034907,0.11247300292586505,0.013520613045025165,True,0.0005327690972222203,0.003948151337282184,0.0015573837692402096,0.0003729383680555542,0.0011844454011846553,5.7090647500008345,100,40,3,3,0.9,0.8,0.35,0.25,360.0,36,8.0,0.0,10.285714285714286,0.3,0.9984450379034907,0.9680597984663026
experiment_3_beam_sensitivity,beams_36,corridor,perception_aware,4,8,6.6,3.0,3.141592653589793,6.582231437165005,3.0064453196294725,-3.139789682798075,0.9996379303770239,0.018901427733037074,0.00180297079171865,True,1.844618055555555e-05,0.0011642947949383105,0.000362200764870382,1.2912326388888884e-05,0.00034928843848149315,5.670395541004837,100,40,3,3,0.9,0.8,0.35,0.25,360.0,36,8.0,0.0,10.285714285714286,0.3,0.9996379303770239,0.9765403741083101
experiment_3_beam_sensitivity,beams_36,corridor,perception_aware,4,9,6.6,3.0,3.141592653589793,6.605609411057129,2.9409610494287612,3.1412907008373847,0.9990261223753928,0.059304832661099545,0.0003019527524084076,True,0.0008843315972222232,0.0011859828958064496,0.000974826986797491,0.0006190321180555562,0.0003557948687419349,5.662812291004229,100,40,3,3,0.9,0.8,0.35,0.25,360.0,36,8.0,0.0,10.285714285714286,0.3,0.9990261223753928,0.9755100188520588
experiment_3_beam_sensitivity,beams_72,corridor,perception_aware,4,0,6.6,3.0,3.141592653589793,6.594631385564446,2.924690426105061,3.1051385464920713,0.9995007802583191,0.07550068834914626,0.03645410709772179,True,0.0006168619791666665,0.00022555233697485466,0.0004994690865091229,0.0004318033854166665,6.76657010924564e-05,10.634766124989255,100,40,3,3,0.9,0.8,0.35,0.25,360.0,72,8.0,0.0,5.070422535211268,0.3,0.9995007802583191,0.9811610225683703
experiment_3_beam_sensitivity,beams_72,corridor,perception_aware,4,1,6.6,3.0,3.141592653589793,6.609427099541673,3.0071885521031474,3.138730113770553,0.9995932943819867,0.011855188193709955,0.0028625398192398954,True,0.00040581597222222283,0.00040933304739259696,0.00040687109477333507,0.00028407118055555596,0.00012279991421777908,10.702292458998272,100,40,3,3,0.9,0.8,0.35,0.25,360.0,72,8.0,0.0,5.070422535211268,0.3,0.9995932943819867,0.9816056304606441
experiment_3_beam_sensitivity,beams_72,corridor,perception_aware,4,2,6.6,3.0,3.141592653589793,6.622310622660214,2.998874021393252,-3.137770627457796,0.9999166246361901,0.022339017688996838,0.003822026131997447,True,2.983940972222223e-05,0.000208315763450558,8.338231584072297e-05,2.088758680555556e-05,6.24947290351674e-05,10.904971708994708,100,40,3,3,0.9,0.8,0.35,0.25,360.0,72,8.0,0.0,5.070422535211268,0.3,0.9999166246361901,0.975235837291452
experiment_3_beam_sensitivity,beams_72,corridor,perception_aware,4,3,6.6,3.0,3.141592653589793,1.4943959236166742,2.877862727808128,0.016313981401083488,0.9966154287613617,5.107064763446857,3.12527867218871,False,0.0015370008680555527,0.00773388285497964,0.0033960654641327784,0.0010759006076388868,0.002320164856493892,10.86369233300502,100,40,3,3,0.9,0.8,0.35,0.25,360.0,72,8.0,0.0,5.070422535211268,0.3,0.9966154287613617,0.9791228243784807
experiment_3_beam_sensitivity,beams_72,corridor,perception_aware,4,4,6.6,3.0,3.141592653589793,6.599592213085076,2.9726922129168973,3.1343878334466684,0.9999548792087588,0.027310831652369204,0.007204820143124735,True,1.4105902777777779e-05,0.00011749565091491905,4.512282721892016e-05,9.874131944444444e-06,3.5248695274475714e-05,10.680860833992483,100,40,3,3,0.9,0.8,0.35,0.25,360.0,72,8.0,0.0,5.070422535211268,0.3,0.9999548792087588,0.9805357880647996
experiment_3_beam_sensitivity,beams_72,corridor,perception_aware,4,5,6.6,3.0,3.141592653589793,1.5442057751858,2.8643287815533234,0.006556648554587035,0.9968269006256361,5.057614252113285,3.135036005035206,False,0.0006879340277777768,0.009005487215993455,0.0031831999842424803,0.00048155381944444374,0.0027016461647980366,10.879919999992126,100,40,3,3,0.9,0.8,0.35,0.25,360.0,72,8.0,0.0,5.070422535211268,0.3,0.9967476975397911,0.9778240231495673
experiment_3_beam_sensitivity,beams_72,corridor,perception_aware,4,6,6.6,3.0,3.141592653589793,6.629354928955607,2.967862068462825,3.1286140584773743,0.9998642410130242,0.0435265263658484,0.012978595112418834,True,4.937065972222227e-05,0.0003373931939172394,0.0001357774199807274,3.455946180555559e-05,0.0001012179581751718,10.649728499993216,100,40,3,3,0.9,0.8,0.35,0.25,360.0,72,8.0,0.0,5.070422535211268,0.3,0.9998619600080989,0.9773954654114927
experiment_3_beam_sensitivity,beams_72,corridor,perception_aware,4,7,6.6,3.0,3.141592653589793,1.4752293834031336,2.8370211154734206,0.030546743396210996,0.9962439267297867,5.127361503691363,3.111045910193582,False,0.0015511067708333316,0.00894819935945319,0.0037702345474192886,0.0010857747395833321,0.0026844598078359567,10.800515790993813,100,40,3,3,0.9,0.8,0.35,0.25,360.0,72,8.0,0.0,5.070422535211268,0.3,0.9962439267297867,0.9779986226754613
experiment_3_beam_sensitivity,beams_72,corridor,perception_aware,4,8,6.6,3.0,3.141592653589793,6.557783517457813,3.1626341627323,-3.067532177271069,0.9966042384660605,0.16802411221569036,0.07406047631872426,True,0.00327582465277777,0.003714182546683911,0.003407332020949612,0.002293077256944439,0.0011142547640051732,10.654872541999794,100,40,3,3,0.9,0.8,0.35,0.25,360.0,72,8.0,0.0,5.070422535211268,0.3,0.9966042384660605,0.9732752398184787
experiment_3_beam_sensitivity,beams_72,corridor,perception_aware,4,9,6.6,3.0,3.141592653589793,6.5916404223663605,3.0247135729351786,3.1218843877296347,0.9987941712843734,0.026089139990333778,0.01970826586015839,True,0.0011490885416666622,0.0013430750492351567,0.0012072844939372105,0.0008043619791666635,0.000402922514770547,10.899721915993723,100,40,3,3,0.9,0.8,0.35,0.25,360.0,72,8.0,0.0,5.070422535211268,0.3,0.9987148529942227,0.9779839067076455
experiment_3_beam_sensitivity,beams_108,corridor,perception_aware,4,0,6.6,3.0,3.141592653589793,6.575212302559117,2.9681903371739775,-3.1114901499360355,0.9986697485169869,0.040327219015523254,0.030102503653758106,True,0.0008937355324074035,0.0023546951214777575,0.0013320234091285096,0.0006256148726851824,0.0007064085364433272,15.81478270801017,100,40,3,3,0.9,0.8,0.35,0.25,360.0,108,8.0,0.0,3.364485981308411,0.3,0.9986697485169869,0.9808994546355504
experiment_3_beam_sensitivity,beams_108,corridor,perception_aware,4,1,6.6,3.0,3.141592653589793,6.591088713501275,2.987824830500564,-3.1327699742904933,0.9998881645053609,0.015087934895218279,0.008822679299299807,True,1.4829282407407377e-05,0.0003382250184353758,0.00011184800321579788,1.0380497685185163e-05,0.00010146750553061273,15.766789959001471,100,40,3,3,0.9,0.8,0.35,0.25,360.0,108,8.0,0.0,3.364485981308411,0.3,0.9998881645053609,0.9812918692334527
experiment_3_beam_sensitivity,beams_108,corridor,perception_aware,4,2,6.6,3.0,3.141592653589793,6.584808709368662,2.9600672880524055,3.1328150239643993,0.9997080766125539,0.04272466260294301,0.008777629625393857,True,0.00023473668981481512,0.0004256431624150789,0.00029200863159489424,0.00016431568287037058,0.00012769294872452366,15.858209082987742,100,40,3,3,0.9,0.8,0.35,0.25,360.0,108,8.0,0.0,3.364485981308411,0.3,0.9997080766125539,0.977152205794177
experiment_3_beam_sensitivity,beams_108,corridor,perception_aware,4,3,6.6,3.0,3.141592653589793,1.4915719427915477,2.827556493249718,0.050787256532752054,0.9960845752563063,5.11133778757527,3.090805397057041,False,0.0019108072916666646,0.008644168173395585,0.003930815556185341,0.001337565104166665,0.0025932504520186756,16.027692832998582,100,40,3,3,0.9,0.8,0.35,0.25,360.0,108,8.0,0.0,3.364485981308411,0.3,0.9960845752563063,0.9789337224268713
experiment_3_beam_sensitivity,beams_108,corridor,perception_aware,4,4,6.6,3.0,3.141592653589793,6.602120326781275,2.9554664947708074,3.1282650655494697,0.999767889783976,0.04458395309590573,0.013327588040323413,True,0.0002340133101851855,0.00022784928851499534,0.00023216410368412843,0.00016380931712962982,6.835478655449859e-05,15.68457149999449,100,40,3,3,0.9,0.8,0.35,0.25,360.0,108,8.0,0.0,3.364485981308411,0.3,0.999767889783976,0.9784521798773512
experiment_3_beam_sensitivity,beams_108,corridor,perception_aware,4,5,6.6,3.0,3.141592653589793,1.5505436839531024,2.8498774670047045,0.01908798394423717,0.9962098166876674,5.051687427244368,3.122504669645556,False,0.0016008391203703664,0.008946720242018704,0.0038046034568648677,0.0011205873842592565,0.002684016072605611,15.975464083996485,100,40,3,3,0.9,0.8,0.35,0.25,360.0,108,8.0,0.0,3.364485981308411,0.3,0.9962098166876674,0.9780633835564433
experiment_3_beam_sensitivity,beams_108,corridor,perception_aware,4,6,6.6,3.0,3.141592653589793,6.579853199206451,2.973489800441294,-3.137249430574416,0.9996729654135407,0.03329691071041484,0.004343223015377262,True,0.00025426793981481513,0.0004971800506597679,0.00032714157306830096,0.0001779875578703706,0.00014915401519793037,15.741482375000487,100,40,3,3,0.9,0.8,0.35,0.25,360.0,108,8.0,0.0,3.364485981308411,0.3,0.9996729654135407,0.9788913002684753
experiment_3_beam_sensitivity,beams_108,corridor,perception_aware,4,7,6.6,3.0,3.141592653589793,6.596756840534018,2.9569622427767763,3.1370312004100716,0.9997253287799877,0.0431597802372409,0.004561453179721564,True,0.00022497106481481516,0.00039088979883043713,0.0002747466850195017,0.0001574797453703706,0.00011726693964913114,15.817221749995952,100,40,3,3,0.9,0.8,0.35,0.25,360.0,108,8.0,0.0,3.364485981308411,0.3,0.9996695163336579,0.9788016872702222
experiment_3_beam_sensitivity,beams_108,corridor,perception_aware,4,8,6.6,3.0,3.141592653589793,1.6104103824684106,2.9063076861573767,0.0029977173258669263,0.996352828836541,4.990469196483654,3.1385949362639263,False,0.0012568721064814784,0.009269037460518955,0.0036605217126927216,0.0008798104745370349,0.0027807112381556865,15.918378041998949,100,40,3,3,0.9,0.8,0.35,0.25,360.0,108,8.0,0.0,3.364485981308411,0.3,0.996352828836541,0.9789959161092999
experiment_3_beam_sensitivity,beams_108,corridor,perception_aware,4,9,6.6,3.0,3.141592653589793,1.5529775295472783,2.879277812947737,0.04881262382784587,0.996070874636243,5.0484660703724025,3.0927800297619474,False,0.0015679253472222184,0.009490255146794392,0.00394462428709387,0.0010975477430555528,0.0028470765440383175,15.96432395800366,100,40,3,3,0.9,0.8,0.35,0.25,360.0,108,8.0,0.0,3.364485981308411,0.3,0.996070874636243,0.9798238158103509
experiment_3_beam_sensitivity,beams_144,corridor,perception_aware,4,0,6.6,3.0,3.141592653589793,6.631339191032232,2.9684444389909834,3.134557236615326,0.9996111075701305,0.044473568837552734,0.007035416974467079,True,0.0004058159722222228,0.00034990848491305303,0.00038904372602947183,0.0002840711805555559,0.00010497254547391591,20.821610792001593,100,40,3,3,0.9,0.8,0.35,0.25,360.0,144,8.0,0.0,2.5174825174825175,0.3,0.9996111075701305,0.9818097790053525
experiment_3_beam_sensitivity,beams_144,corridor,perception_aware,4,1,6.6,3.0,3.141592653589793,6.602570792909672,3.0548448276212734,-3.1320665332190427,0.9988606745070581,0.054905046152349396,0.009526120370750846,True,0.0009404839409722215,0.0016076209248099358,0.0011406250361235357,0.000658338758680555,0.0004822862774429807,20.88100462500006,100,40,3,3,0.9,0.8,0.35,0.25,360.0,144,8.0,0.0,2.5174825174825175,0.3,0.9988606745070581,0.9799863788366729
experiment_3_beam_sensitivity,beams_144,corridor,perception_aware,4,2,6.6,3.0,3.141592653589793,1.5108898578503367,2.8684413777527697,0.003344468700531553,0.9964487084462569,5.090810319587457,3.1382481848892616,False,0.0020526801215277747,0.00709024029239227,0.003563948172787123,0.0014368760850694423,0.002127072087717681,21.16780608400586,100,40,3,3,0.9,0.8,0.35,0.25,360.0,144,8.0,0.0,2.5174825174825175,0.3,0.9964487084462569,0.9796455452659744
experiment_3_beam_sensitivity,beams_144,corridor,perception_aware,4,3,6.6,3.0,3.141592653589793,6.594252314354281,3.0080946770728274,-3.134751685563952,0.9998294094974546,0.009927723162707281,0.006840968025841221,True,0.0001516384548611113,0.0002149089674244719,0.00017061960863011945,0.0001061469184027779,6.447269022734157e-05,21.28124124999158,100,40,3,3,0.9,0.8,0.35,0.25,360.0,144,8.0,0.0,2.5174825174825175,0.3,0.9998294094974546,0.9796896930718542
experiment_3_beam_sensitivity,beams_144,corridor,perception_aware,4,4,6.6,3.0,3.141592653589793,6.601838383528721,2.9814748616748865,3.133497983741602,0.9998294106523696,0.018616132894972073,0.00809466984819096,True,9.955512152777725e-05,0.00033643289417166776,0.0001706184533209444,6.968858506944408e-05,0.00010092986825150033,20.76276133301144,100,40,3,3,0.9,0.8,0.35,0.25,360.0,144,8.0,0.0,2.5174825174825175,0.3,0.9998294106523696,0.9792685815291384
experiment_3_beam_sensitivity,beams_144,corridor,perception_aware,4,5,6.6,3.0,3.141592653589793,1.5683494394205029,2.8872894826991975,-0.009514468925618044,0.9964151939711173,5.032912777357678,3.1320781846641754,False,0.001560329861111106,0.00835157397951952,0.0035977030966336306,0.0010922309027777742,0.002505472193855856,21.2041697090026,100,40,3,3,0.9,0.8,0.35,0.25,360.0,144,8.0,0.0,2.5174825174825175,0.3,0.9964151939711173,0.9789842290769433
experiment_3_beam_sensitivity,beams_144,corridor,perception_aware,4,6,6.6,3.0,3.141592653589793,6.601771097306172,2.975592785127544,3.1289490156261754,0.9998203692271177,0.02447138989714651,0.012643637963617671,True,0.00010877821180555502,0.00034506099210088816,0.00017966304589415495,7.614474826388851e-05,0.00010351829763026644,20.94391008299135,100,40,3,3,0.9,0.8,0.35,0.25,360.0,144,8.0,0.0,2.5174825174825175,0.3,0.9998203692271177,0.9803354393825494
experiment_3_beam_sensitivity,beams_144,corridor,perception_aware,4,7,6.6,3.0,3.141592653589793,1.6172664553276779,2.949349105111837,-0.019123785959405115,0.996330551571976,4.9829909783538415,3.1224688676303884,False,0.001346842447916664,0.009133910522657671,0.003682962870338966,0.0009427897135416647,0.002740173156797301,21.10085366599378,100,40,3,3,0.9,0.8,0.35,0.25,360.0,144,8.0,0.0,2.5174825174825175,0.3,0.996330551571976,0.9800152783526545
experiment_3_beam_sensitivity,beams_144,corridor,perception_aware,4,8,6.6,3.0,3.141592653589793,6.576495642247448,2.9406744858199185,3.115696541364473,0.999446056285597,0.06381200095664608,0.025896112225320067,True,0.0005666775173611094,0.0005252549198759311,0.0005542507381155559,0.00039667426215277655,0.00015757647596277935,20.82452574999479,100,40,3,3,0.9,0.8,0.35,0.25,360.0,144,8.0,0.0,2.5174825174825175,0.3,0.999446056285597,0.9800575203668761
experiment_3_beam_sensitivity,beams_144,corridor,perception_aware,4,9,6.6,3.0,3.141592653589793,1.6029200853537182,2.919866566027871,-0.014190258472039146,0.9965001016298732,4.997722385307276,3.1274023951177536,False,0.0013118489583333294,0.008646321365772992,0.003512190680565228,0.0009182942708333305,0.0025938964097318973,21.260419290993013,100,40,3,3,0.9,0.8,0.35,0.25,360.0,144,8.0,0.0,2.5174825174825175,0.3,0.9965001016298732,0.9793322710265555
