experiment,config_id,map_name,method,pose_id,seed,true_x,true_y,true_theta,estimated_x,estimated_y,estimated_theta,best_fitness,position_error,theta_error,success,scan_error,feature_error,combined_error,scan_contribution,perception_contribution,runtime_seconds,population_size,generations,elite_size,tournament_size,crossover_rate,mutation_rate,sigma_xy,sigma_theta,fov_deg,num_beams,max_range_m,noise_std_m,angular_resolution_deg,perception_weight,final_best_history,final_mean_history,ea_overrides
experiment_4_parameter_tuning,base,medium_room,perception_aware,0,0,2.0,2.2,0.0,5.8382393884845785,2.64042441765949,2.97600737442318,0.9915330126607566,3.8634253287704645,2.9760073744231796,False,0.009176432291666632,0.007052622634218406,0.008539289394432164,0.006423502604166642,0.0021157867902655216,11.828503124997951,100,40,3,3,0.9,0.8,0.35,0.25,360.0,72,8.0,0.0,5.070422535211268,0.3,0.9915330126607566,0.9789300763154499,{}
experiment_4_parameter_tuning,base,medium_room,perception_aware,0,1,2.0,2.2,0.0,2.0149975533764857,2.2467386880056255,0.0016298761202310228,0.9995377229244807,0.04908596096408544,0.0016298761202309109,True,6.618923611111085e-05,0.001387194697234278,0.0004624908744480609,4.633246527777759e-05,0.00041615840917028334,11.596864834005828,100,40,3,3,0.9,0.8,0.35,0.25,360.0,72,8.0,0.0,5.070422535211268,0.3,0.9995377229244807,0.97955835410722,{}
experiment_4_parameter_tuning,base,medium_room,perception_aware,0,2,2.0,2.2,0.0,2.000426874372336,2.20721978520137,-0.0073476646433150074,0.999624918421546,0.007232393800373108,0.007347664643314822,True,8.680555555555527e-06,0.001230486428480652,0.00037522231743308446,6.076388888888868e-06,0.0003691459285441956,11.593543124996359,100,40,3,3,0.9,0.8,0.35,0.25,360.0,72,8.0,0.0,5.070422535211268,0.3,0.999624918421546,0.9770875173759122,{}
experiment_4_parameter_tuning,base,medium_room,perception_aware,0,3,2.0,2.2,0.0,5.741726852055695,2.5750422341480537,2.935996943659312,0.9913876201811438,3.760475570029592,2.935996943659312,False,0.00967610677083329,0.006379741738826254,0.00868719726123118,0.006773274739583303,0.0019139225216478761,11.969785665991367,100,40,3,3,0.9,0.8,0.35,0.25,360.0,72,8.0,0.0,5.070422535211268,0.3,0.9913876201811438,0.9777751521668318,{}
experiment_4_parameter_tuning,base,medium_room,perception_aware,0,4,2.0,2.2,0.0,5.729197537207292,2.5604869769940555,2.9065817958233775,0.9908716230212787,3.746580458510833,2.906581795823378,False,0.009157986111111072,0.009339605391025916,0.009212471895085525,0.0064105902777777495,0.0028018816173077748,11.82941608299734,100,40,3,3,0.9,0.8,0.35,0.25,360.0,72,8.0,0.0,5.070422535211268,0.3,0.9908716230212787,0.9780937870364488,{}
experiment_4_parameter_tuning,base,medium_room,perception_aware,0,5,2.0,2.2,0.0,2.0092435188067035,2.2074698793179324,0.00409586574258336,0.9996644777890104,0.011884516689977436,0.00409586574258336,True,1.30208333333333e-05,0.0010884008019819424,0.00033563482392791604,9.11458333333331e-06,0.00032652024059458273,11.562997625005664,100,40,3,3,0.9,0.8,0.35,0.25,360.0,72,8.0,0.0,5.070422535211268,0.3,0.9996644777890104,0.979857392088447,{}
experiment_4_parameter_tuning,base,medium_room,perception_aware,0,6,2.0,2.2,0.0,5.799018026735805,2.646601729597938,2.921911561703137,0.9914230084575967,3.8251785673800223,2.921911561703137,False,0.009302300347222186,0.007131941687971963,0.00865119274944712,0.00651161024305553,0.002139582506391589,11.836249667001539,100,40,3,3,0.9,0.8,0.35,0.25,360.0,72,8.0,0.0,5.070422535211268,0.3,0.9914230084575967,0.9773245325071243,{}
experiment_4_parameter_tuning,base,medium_room,perception_aware,0,7,2.0,2.2,0.0,2.006461133218448,2.2605082694435885,6.648657483541107e-05,0.9992081790413069,0.060852254794086465,6.648657483543374e-05,True,9.440104166666631e-05,0.002421225689355737,0.0007924484359733875,6.608072916666641e-05,0.000726367706806721,11.696458999998868,100,40,3,3,0.9,0.8,0.35,0.25,360.0,72,8.0,0.0,5.070422535211268,0.3,0.9992081790413069,0.9813204505846952,{}
experiment_4_parameter_tuning,base,medium_room,perception_aware,0,8,2.0,2.2,0.0,5.799472499154549,2.6398822216633056,2.9247354283215037,0.9914453131566797,3.8248513227009444,2.9247354283215037,False,0.009295789930555519,0.00707149338543861,0.008628500967020445,0.006507052951388863,0.002121448015631583,11.938212208988261,100,40,3,3,0.9,0.8,0.35,0.25,360.0,72,8.0,0.0,5.070422535211268,0.3,0.9914453131566797,0.9797462538007972,{}
experiment_4_parameter_tuning,base,medium_room,perception_aware,0,9,2.0,2.2,0.0,2.0071204180162354,2.275373048376647,-0.018554023069505897,0.998882722952525,0.07570863077822923,0.01855402306950582,True,7.324218749999986e-05,0.0035575240683058985,0.0011185267517417694,5.12695312499999e-05,0.0010672572204917694,11.822248416006914,100,40,3,3,0.9,0.8,0.35,0.25,360.0,72,8.0,0.0,5.070422535211268,0.3,0.9987619764721243,0.9734274682503511,{}
experiment_4_parameter_tuning,base,medium_room,perception_aware,2,0,5.5,2.0,-0.8,5.498795557627574,2.009363282975689,-0.7942617236996679,0.99991153050825,0.009440431637977434,0.005738276300331968,True,8.13802083333329e-06,0.00027593568236702545,8.847731929344093e-05,5.696614583333302e-06,8.278070471010763e-05,11.820334583011572,100,40,3,3,0.9,0.8,0.35,0.25,360.0,72,8.0,0.0,5.070422535211268,0.3,0.99991153050825,0.9837963679441554,{}
experiment_4_parameter_tuning,base,medium_room,perception_aware,2,1,5.5,2.0,-0.8,5.511622402875596,2.0528408720612883,-0.8025191427635293,0.9994195620732246,0.05410395557443189,0.0025191427635293806,True,8.626302083333301e-05,0.0017346363868230494,0.0005807750306302479,6.03841145833331e-05,0.0005203909160469148,11.723460125009296,100,40,3,3,0.9,0.8,0.35,0.25,360.0,72,8.0,0.0,5.070422535211268,0.3,0.9994195620732246,0.9848401002435816,{}
experiment_4_parameter_tuning,base,medium_room,perception_aware,2,2,5.5,2.0,-0.8,5.501357503059246,1.969291349163153,-0.805860896168369,0.9994815625274995,0.030738641004040005,0.005860896168369045,True,2.0073784722222175e-05,0.0016821824667477097,0.0005187063893298684,1.4051649305555521e-05,0.0005046547400243129,11.992896249998012,100,40,3,3,0.9,0.8,0.35,0.25,360.0,72,8.0,0.0,5.070422535211268,0.3,0.9994815625274995,0.9822879623191558,{}
experiment_4_parameter_tuning,base,medium_room,perception_aware,2,3,5.5,2.0,-0.8,5.505414099322738,2.0023770686226854,-0.8062713641178072,0.999656102845396,0.005912945688353931,0.006271364117806932,True,1.573350694444437e-05,0.0011100066856035307,0.00034401546054217024,1.1013454861111058e-05,0.0003330020056810592,11.666964833988459,100,40,3,3,0.9,0.8,0.35,0.25,360.0,72,8.0,0.0,5.070422535211268,0.3,0.999656102845396,0.9823700104506112,{}
experiment_4_parameter_tuning,base,medium_room,perception_aware,2,4,5.5,2.0,-0.8,3.936124506893994,3.9888975433262863,2.127452353651096,0.9892306866790805,2.5301027638787503,2.9274523536510957,False,0.010560438368055518,0.011647490582131319,0.010886554032278258,0.007392306857638862,0.0034942471746393956,12.385027791999164,100,40,3,3,0.9,0.8,0.35,0.25,360.0,72,8.0,0.0,5.070422535211268,0.3,0.9892306866790805,0.9762611973483972,{}
experiment_4_parameter_tuning,base,medium_room,perception_aware,2,5,5.5,2.0,-0.8,5.494462187392858,2.0355634191764977,-0.8015785499840619,0.9997846808564286,0.0359920012224259,0.0015785499840617057,True,4.286024305555538e-05,0.0006178778191699343,0.00021536551588986907,3.000217013888876e-05,0.0001853633457509803,11.653247708003619,100,40,3,3,0.9,0.8,0.35,0.25,360.0,72,8.0,0.0,5.070422535211268,0.3,0.9997846808564286,0.9832324335090803,{}
experiment_4_parameter_tuning,base,medium_room,perception_aware,2,6,5.5,2.0,-0.8,3.907647768782915,3.997813279649238,2.12656640695165,0.989222348039602,2.5547687818283817,2.9265664069516504,False,0.011169704861111067,0.010254272957259279,0.010895075289955529,0.007818793402777746,0.0030762818871777836,12.616766874998575,100,40,3,3,0.9,0.8,0.35,0.25,360.0,72,8.0,0.0,5.070422535211268,0.3,0.989222348039602,0.9745384516466449,{}
experiment_4_parameter_tuning,base,medium_room,perception_aware,2,7,5.5,2.0,-0.8,5.548113182773658,2.019941632886013,-0.7940381150750612,0.9991887291529038,0.05208211860871223,0.005961884924938765,True,3.038194444444437e-05,0.002635540602507291,0.0008119295418632983,2.1267361111111057e-05,0.0007906621807521873,11.699596749997,100,40,3,3,0.9,0.8,0.35,0.25,360.0,72,8.0,0.0,5.070422535211268,0.3,0.9991887291529038,0.9837723032310955,{}
experiment_4_parameter_tuning,base,medium_room,perception_aware,2,8,5.5,2.0,-0.8,5.501399661571471,1.9845852400878583,-0.8042396492587665,0.9995619224004509,0.015478174170864674,0.004239649258766409,True,9.765624999999993e-06,0.0014381121938052376,0.00043826959564157125,6.835937499999995e-06,0.00043143365814157124,11.677782375001698,100,40,3,3,0.9,0.8,0.35,0.25,360.0,72,8.0,0.0,5.070422535211268,0.3,0.9992788150682124,0.9828532034664049,{}
experiment_4_parameter_tuning,base,medium_room,perception_aware,2,9,5.5,2.0,-0.8,5.457316182411358,2.012304820275314,-0.8052289751476174,0.9994067136419981,0.044422031537833556,0.005228975147617554,True,3.7434895833333195e-05,0.0018914470952510858,0.000593638555658659,2.6204427083333236e-05,0.0005674341285753257,11.93930816599459,100,40,3,3,0.9,0.8,0.35,0.25,360.0,72,8.0,0.0,5.070422535211268,0.3,0.9994067136419981,0.9811799754068398,{}
experiment_4_parameter_tuning,base,medium_room,perception_aware,4,0,7.6,2.8,-2.6,3.3046975361081357,1.6071648667088168,2.4004040655562786,0.9898155468247707,4.457855864822158,1.282781241623308,False,0.012160373263888826,0.005923274030260855,0.010289243493800435,0.008512261284722178,0.0017769822090782563,11.97105512500275,100,40,3,3,0.9,0.8,0.35,0.25,360.0,72,8.0,0.0,5.070422535211268,0.3,0.9898155468247707,0.9735236596150452,{}
experiment_4_parameter_tuning,base,medium_room,perception_aware,4,1,7.6,2.8,-2.6,3.297462425988167,1.6230781414202735,2.487844101099987,0.9896748173429696,4.460602497083369,1.1953412060795987,False,0.011968315972222168,0.0068502770633707905,0.010432904299566755,0.008377821180555517,0.002055083119011237,12.066547249996802,100,40,3,3,0.9,0.8,0.35,0.25,360.0,72,8.0,0.0,5.070422535211268,0.3,0.9896748173429696,0.9744875305028686,{}
experiment_4_parameter_tuning,base,medium_room,perception_aware,4,2,7.6,2.8,-2.6,3.2593652870427547,1.6103760199985815,2.4789922144667975,0.9897418625751723,4.500701603652906,1.2041930927127886,False,0.011907552083333276,0.006763903317961659,0.01036445745372179,0.008335286458333292,0.0020291709953884976,11.997841541990056,100,40,3,3,0.9,0.8,0.35,0.25,360.0,72,8.0,0.0,5.070422535211268,0.3,0.9897418625751723,0.9740712983460048,{}
experiment_4_parameter_tuning,base,medium_room,perception_aware,4,3,7.6,2.8,-2.6,4.0117821732768615,4.058436361075014,-1.3918002623617751,0.9886981288312883,3.8024951343676223,1.2081997376382247,False,0.013927951388888828,0.00560499201451128,0.011431063576575563,0.00974956597222218,0.0016814976043533839,11.72643229199457,100,40,3,3,0.9,0.8,0.35,0.25,360.0,72,8.0,0.0,5.070422535211268,0.3,0.9886981288312883,0.9747455687091922,{}
experiment_4_parameter_tuning,base,medium_room,perception_aware,4,4,7.6,2.8,-2.6,7.643996127331149,2.85405379546906,-2.514996235674894,0.9949593611196463,0.06969556675104713,0.08500376432510626,True,0.005731336805555525,0.0035141329279399537,0.005066175642270854,0.004011935763888867,0.001054239878381986,11.845617792001576,100,40,3,3,0.9,0.8,0.35,0.25,360.0,72,8.0,0.0,5.070422535211268,0.3,0.9947373541942066,0.9726337683388511,{}
experiment_4_parameter_tuning,base,medium_room,perception_aware,4,5,7.6,2.8,-2.6,7.580392437660215,2.8196666954508327,-2.5883675481965316,0.9998525096226789,0.027771125487893632,0.011632451803468502,True,4.937065972222215e-05,0.0003765089071197473,0.00014751213394147969,3.45594618055555e-05,0.00011295267213592419,10.688896124993335,100,40,3,3,0.9,0.8,0.35,0.25,360.0,72,8.0,0.0,5.070422535211268,0.3,0.9998525096226789,0.9796027505830414,{}
experiment_4_parameter_tuning,base,medium_room,perception_aware,4,6,7.6,2.8,-2.6,4.0659757627817195,4.053123490010763,-1.388868032498528,0.989062032028503,3.74961941941619,1.2111319675014718,False,0.013455403645833273,0.005467158812314461,0.01105893019577763,0.009418782552083291,0.0016401476436943383,11.877385542000411,100,40,3,3,0.9,0.8,0.35,0.25,360.0,72,8.0,0.0,5.070422535211268,0.3,0.989062032028503,0.9724778137717047,{}
experiment_4_parameter_tuning,base,medium_room,perception_aware,4,7,7.6,2.8,-2.6,3.559568483568483,5.597814282137507,-0.9771623016747201,0.9917173743670186,4.914555076129038,1.62283769832528,False,0.005677083333333304,0.014592807120998216,0.008351800469632777,0.003973958333333313,0.004377842136299465,9.858187250007177,100,40,3,3,0.9,0.8,0.35,0.25,360.0,72,8.0,0.0,5.070422535211268,0.3,0.9915094479526879,0.9775679112875078,{}
experiment_4_parameter_tuning,base,medium_room,perception_aware,4,8,7.6,2.8,-2.6,4.112349698609785,4.039468912278391,-1.4001933370305155,0.9888047940483031,3.7013494578723356,1.1998066629694843,False,0.013124457465277723,0.007116124576991316,0.011321957598791801,0.009187120225694406,0.0021348373730973947,11.823290875006933,100,40,3,3,0.9,0.8,0.35,0.25,360.0,72,8.0,0.0,5.070422535211268,0.3,0.9888047940483031,0.9758219615998363,{}
experiment_4_parameter_tuning,base,medium_room,perception_aware,4,9,7.6,2.8,-2.6,7.432830824161771,2.8458674384053437,-2.653752637834724,0.9958993351985944,0.1733474985579563,0.05375263783472395,True,0.002520616319444436,0.007843726893543465,0.004117549491674145,0.001764431423611105,0.0023531180680630395,11.867161832997226,100,40,3,3,0.9,0.8,0.35,0.25,360.0,72,8.0,0.0,5.070422535211268,0.3,0.9958993351985944,0.966785672191312,{}
experiment_4_parameter_tuning,base,complex_room,perception_aware,0,0,1.0,1.6,0.0,1.0510187686449612,1.6134281910459305,0.016029876268014664,0.9996542810264534,0.05275633676454503,0.016029876268014664,True,0.000321723090277778,0.0004021079109869623,0.00034583853649053326,0.00022520616319444457,0.0001206323732960887,9.51450862501224,100,40,3,3,0.9,0.8,0.35,0.25,360.0,72,8.0,0.0,5.070422535211268,0.3,0.9996542810264534,0.9870586399300139,{}
experiment_4_parameter_tuning,base,complex_room,perception_aware,0,1,1.0,1.6,0.0,1.0176622390981198,1.6035019176101537,-0.0006309873341866232,0.9999379968543,0.018006057783630937,0.0006309873341865391,True,9.223090277777761e-06,0.00018516942378008633,6.200699032847033e-05,6.4561631944444325e-06,5.55508271340259e-05,9.61444545800623,100,40,3,3,0.9,0.8,0.35,0.25,360.0,72,8.0,0.0,5.070422535211268,0.3,0.9999379968543,0.9860480015391971,{}
experiment_4_parameter_tuning,base,complex_room,perception_aware,0,2,1.0,1.6,0.0,0.9966551558308283,1.6046273559232418,-0.0011966444563267231,0.999939822649166,0.005709676466876381,0.0011966444563267231,True,7.052951388888886e-06,0.00018414635464429792,6.01809723655116e-05,4.93706597222222e-06,5.5243906393289376e-05,9.520143166009802,100,40,3,3,0.9,0.8,0.35,0.25,360.0,72,8.0,0.0,5.070422535211268,0.3,0.999939822649166,0.9866125320571968,{}
experiment_4_parameter_tuning,base,complex_room,perception_aware,0,3,1.0,1.6,0.0,0.9882620794425936,1.6195700899668743,-0.003501783449636257,0.9999028568117111,0.022820324281734836,0.003501783449636253,True,1.8446180555555532e-05,0.0002808009987193272,9.715262600468702e-05,1.2912326388888872e-05,8.424029961579815e-05,9.550220999997691,100,40,3,3,0.9,0.8,0.35,0.25,360.0,72,8.0,0.0,5.070422535211268,0.3,0.9999028568117111,0.987857858550224,{}
experiment_4_parameter_tuning,base,complex_room,perception_aware,0,4,1.0,1.6,0.0,7.304632906289048,2.6814819740397646,1.4823537884186484,0.9921656471976145,6.3967178570916845,1.4823537884186484,False,0.008612738715277738,0.00622432477381622,0.007896214532839282,0.006028917100694416,0.0018672974321448659,8.812906542007113,100,40,3,3,0.9,0.8,0.35,0.25,360.0,72,8.0,0.0,5.070422535211268,0.3,0.9921656471976145,0.9802607502768531,{}
experiment_4_parameter_tuning,base,complex_room,perception_aware,0,5,1.0,1.6,0.0,0.9744497328362343,1.6029689035426535,0.000829164931309743,0.9994422062663978,0.02572217993066268,0.0008291649313099114,True,0.00027994791666666695,0.001207138331433678,0.0005581050410967702,0.00019596354166666685,0.0003621414994301034,9.633904166010325,100,40,3,3,0.9,0.8,0.35,0.25,360.0,72,8.0,0.0,5.070422535211268,0.3,0.9994422062663978,0.9871778442615602,{}
experiment_4_parameter_tuning,base,complex_room,perception_aware,0,6,1.0,1.6,0.0,0.9513191894335377,1.6307226832717172,-0.01998836942965773,0.9997604606619054,0.057564785979121284,0.01998836942965765,True,0.00030273437500000027,9.227556145681205e-05,0.00023959673093704382,0.0002119140625000002,2.7682668437043614e-05,9.630670167010976,100,40,3,3,0.9,0.8,0.35,0.25,360.0,72,8.0,0.0,5.070422535211268,0.3,0.9997604606619054,0.9879046900488706,{}
experiment_4_parameter_tuning,base,complex_room,perception_aware,0,7,1.0,1.6,0.0,1.0116252835689734,1.6037025981299213,0.0016246055153053332,0.9999529836481793,0.01220067420148327,0.0016246055153055217,True,5.96788194444443e-06,0.00014280348366900916,4.701856246181385e-05,4.177517361111101e-06,4.2841045100702746e-05,9.61278595800104,100,40,3,3,0.9,0.8,0.35,0.25,360.0,72,8.0,0.0,5.070422535211268,0.3,0.9999529836481793,0.9866624744336951,{}
experiment_4_parameter_tuning,base,complex_room,perception_aware,0,8,1.0,1.6,0.0,7.327909340027725,2.662955034735421,1.4712012348943826,0.9919127085049719,6.416565282258063,1.4712012348943828,False,0.008756510416666625,0.006745572477306808,0.00815322903485868,0.006129557291666637,0.002023671743192042,8.829896458002622,100,40,3,3,0.9,0.8,0.35,0.25,360.0,72,8.0,0.0,5.070422535211268,0.3,0.9919127085049719,0.9808181565208878,{}
experiment_4_parameter_tuning,base,complex_room,perception_aware,0,9,1.0,1.6,0.0,5.274967669681539,3.117417657930153,1.9323180229644465,0.9921869894669945,4.536287570846962,1.9323180229644468,False,0.00849717881944442,0.006421697264119242,0.007874534352846865,0.005948025173611093,0.0019265091792357724,9.837333957999363,100,40,3,3,0.9,0.8,0.35,0.25,360.0,72,8.0,0.0,5.070422535211268,0.3,0.9921869894669945,0.9786083848771665,{}
experiment_4_parameter_tuning,base,complex_room,perception_aware,2,0,4.8,1.5,-1.2,7.593811487917237,3.652415206341796,-2.712020888963762,0.9951306495288168,3.5267937068263184,1.512020888963762,False,0.005211588541666647,0.004150216953548916,0.004893177065231328,0.0036481119791666526,0.0012450650860646748,8.194498666009167,100,40,3,3,0.9,0.8,0.35,0.25,360.0,72,8.0,0.0,5.070422535211268,0.3,0.9951306495288168,0.987963837288569,{}
experiment_4_parameter_tuning,base,complex_room,perception_aware,2,1,4.8,1.5,-1.2,4.826510608077985,1.5479141157536072,-1.1442052306808848,0.9979353109300996,0.054759244234326376,0.0557947693191152,True,0.0019970703124999947,0.0022367053732121624,0.002068960830713645,0.0013979492187499963,0.0006710116119636487,8.256048042007023,100,40,3,3,0.9,0.8,0.35,0.25,360.0,72,8.0,0.0,5.070422535211268,0.3,0.9979353109300996,0.9794503057701275,{}
experiment_4_parameter_tuning,base,complex_room,perception_aware,2,2,4.8,1.5,-1.2,1.455653255703172,2.911262452070777,-2.241293935542315,0.9949420247440295,3.6299196760691017,1.0412939355423152,False,0.0056315104166666475,0.0038054371152429823,0.005083688426239548,0.003942057291666653,0.0011416311345728947,8.029431542003294,100,40,3,3,0.9,0.8,0.35,0.25,360.0,72,8.0,0.0,5.070422535211268,0.3,0.9949420247440295,0.9851712057229984,{}
experiment_4_parameter_tuning,base,complex_room,perception_aware,2,3,4.8,1.5,-1.2,3.137381254483782,4.042810887496174,1.24746024129761,0.9961770480001033,3.0381224962978366,2.44746024129761,False,0.004249674479166663,0.0028761697106285,0.003837623048605214,0.002974772135416664,0.00086285091318855,8.622841542004608,100,40,3,3,0.9,0.8,0.35,0.25,360.0,72,8.0,0.0,5.070422535211268,0.3,0.9961770480001033,0.984506205850659,{}
experiment_4_parameter_tuning,base,complex_room,perception_aware,2,4,4.8,1.5,-1.2,7.598089831121315,3.7256698390266183,-2.7683465186219385,0.9950718243317918,3.57531997664227,1.5683465186219385,False,0.005380859374999981,0.003953271013620782,0.004952582866586221,0.0037666015624999863,0.0011859813040862345,8.110959084006026,100,40,3,3,0.9,0.8,0.35,0.25,360.0,72,8.0,0.0,5.070422535211268,0.3,0.9950718243317918,0.9894077297144728,{}
experiment_4_parameter_tuning,base,complex_room,perception_aware,2,5,4.8,1.5,-1.2,4.95429138944252,1.5332748658009074,-1.23503847863726,0.9974216633596454,0.15783868204648596,0.03503847863725973,True,0.0011398654513888858,0.0059569860961284265,0.0025850016448107477,0.00079790581597222,0.0017870958288385278,7.948518459001207,100,40,3,3,0.9,0.8,0.35,0.25,360.0,72,8.0,0.0,5.070422535211268,0.3,0.9974216633596454,0.9798198277188578,{}
experiment_4_parameter_tuning,base,complex_room,perception_aware,2,6,4.8,1.5,-1.2,1.4796649531306623,2.8944611394639614,-2.2630420577870343,0.9949863402781196,3.601270149953199,1.063042057787034,False,0.005830078124999979,0.003192894935031563,0.005038923168009453,0.004081054687499985,0.0009578684805094689,8.09387212501315,100,40,3,3,0.9,0.8,0.35,0.25,360.0,72,8.0,0.0,5.070422535211268,0.3,0.9949863402781196,0.9837682579371106,{}
experiment_4_parameter_tuning,base,complex_room,perception_aware,2,7,4.8,1.5,-1.2,7.6489886448191315,3.754441685328619,-2.7619935170627428,0.9950491182982002,3.633076328795708,1.5619935170627428,False,0.005555013020833314,0.003623352576098546,0.004975514887412883,0.00388850911458332,0.0010870057728295636,8.082740249999915,100,40,3,3,0.9,0.8,0.35,0.25,360.0,72,8.0,0.0,5.070422535211268,0.3,0.9950491182982002,0.9890594074638266,{}
experiment_4_parameter_tuning,base,complex_room,perception_aware,2,8,4.8,1.5,-1.2,4.806922932290083,1.4784923951448639,-1.2045276334928667,0.9998687039222655,0.022594336858995145,0.004527633492866556,True,2.4956597222222227e-05,0.0003794790020090639,0.00013131331865827474,1.7469618055555558e-05,0.00011384370060271918,8.005191582997213,100,40,3,3,0.9,0.8,0.35,0.25,360.0,72,8.0,0.0,5.070422535211268,0.3,0.9998687039222655,0.9842683275099803,{}
experiment_4_parameter_tuning,base,complex_room,perception_aware,2,9,4.8,1.5,-1.2,3.0367375032152735,4.045237485069057,1.2588697093163528,0.9962709662021099,3.09634114528231,2.458869709316353,False,0.00398763020833333,0.003172167980047363,0.0037429915398475393,0.0027913411458333304,0.0009516503940142089,8.637082916000509,100,40,3,3,0.9,0.8,0.35,0.25,360.0,72,8.0,0.0,5.070422535211268,0.3,0.9962709662021099,0.9853642592393191,{}
experiment_4_parameter_tuning,base,complex_room,perception_aware,4,0,6.8,3.0,-2.4,6.821761652334423,2.992861753239931,-2.40495173156238,0.9999190742212672,0.022902490675294634,0.004951731562380157,True,1.5190972222222227e-05,0.0002343288256299788,8.09323282445492e-05,1.0633680555555559e-05,7.029864768899363e-05,8.921878040986485,100,40,3,3,0.9,0.8,0.35,0.25,360.0,72,8.0,0.0,5.070422535211268,0.3,0.9999190742212672,0.9881041141366179,{}
experiment_4_parameter_tuning,base,complex_room,perception_aware,4,1,6.8,3.0,-2.4,6.810610811786426,3.0616218980560514,-2.3781580321413336,0.9998559179692504,0.0625287745505808,0.021841967858666322,True,4.0690104166666644e-05,0.00038539906818640485,0.0001441027933725881,2.848307291666665e-05,0.00011561972045592145,8.87047833300312,100,40,3,3,0.9,0.8,0.35,0.25,360.0,72,8.0,0.0,5.070422535211268,0.3,0.9998559179692504,0.9875468387820583,{}
experiment_4_parameter_tuning,base,complex_room,perception_aware,4,2,6.8,3.0,-2.4,6.93909340329492,3.0334958027924874,-2.3879994710111387,0.999352157109746,0.1430697160299009,0.01200052898886117,True,0.0002549913194444446,0.0015658964637650975,0.0006482628627406405,0.00017849392361111123,0.0004697689391295292,8.940198917000089,100,40,3,3,0.9,0.8,0.35,0.25,360.0,72,8.0,0.0,5.070422535211268,0.3,0.999352157109746,0.9879315983247946,{}
experiment_4_parameter_tuning,base,complex_room,perception_aware,4,3,6.8,3.0,-2.4,6.999829308427873,3.157885830583413,-2.34949259840339,0.9993636514388747,0.25467565255786845,0.050507401596609824,False,0.0005919053819444448,0.000741399970340899,0.0006367537584633811,0.00041433376736111136,0.00022241999110226968,8.904650583004695,100,40,3,3,0.9,0.8,0.35,0.25,360.0,72,8.0,0.0,5.070422535211268,0.3,0.9993636514388747,0.9898894984840027,{}
experiment_4_parameter_tuning,base,complex_room,perception_aware,4,4,6.8,3.0,-2.4,6.853419251227028,2.9885274398803015,-2.4024237784528797,0.9995784968359941,0.05463731359937522,0.0024237784528797768,True,5.045572916666672e-05,0.0012878729780813546,0.00042168090384107307,3.53190104166667e-05,0.0003863618934244064,8.94161237499793,100,40,3,3,0.9,0.8,0.35,0.25,360.0,72,8.0,0.0,5.070422535211268,0.3,0.9995784968359941,0.9877375937684273,{}
experiment_4_parameter_tuning,base,complex_room,perception_aware,4,5,6.8,3.0,-2.4,6.7989832662654335,3.0269214207616986,-2.389041124334879,0.9996321429008411,0.02694061326910395,0.010958875665120882,True,1.4648437499999983e-05,0.0011924618718350346,0.0003679924678005104,1.0253906249999987e-05,0.0003577385615505104,8.927425292000407,100,40,3,3,0.9,0.8,0.35,0.25,360.0,72,8.0,0.0,5.070422535211268,0.3,0.9996321429008411,0.988833388741079,{}
experiment_4_parameter_tuning,base,complex_room,perception_aware,4,6,6.8,3.0,-2.4,6.813179067104025,3.050016460188112,-2.381857033470337,0.9998775284345999,0.0517236319246956,0.018142966529663074,True,2.5499131944444416e-05,0.00034879058053503977,0.00012248656652162304,1.784939236111109e-05,0.00010463717416051193,8.902322542009642,100,40,3,3,0.9,0.8,0.35,0.25,360.0,72,8.0,0.0,5.070422535211268,0.3,0.9998775284345999,0.9892033388736065,{}
experiment_4_parameter_tuning,base,complex_room,perception_aware,4,7,6.8,3.0,-2.4,6.98812531037438,3.2033769273823163,0.15148476967156643,0.9955985031590529,0.27704387196783237,2.551484769671566,False,0.005330403645833331,0.0022989103708331475,0.004420955663333276,0.0037312825520833316,0.0006896731112499443,8.778737457992975,100,40,3,3,0.9,0.8,0.35,0.25,360.0,72,8.0,0.0,5.070422535211268,0.3,0.9955985031590529,0.9898623529382766,{}
experiment_4_parameter_tuning,base,complex_room,perception_aware,4,8,6.8,3.0,-2.4,6.843817143219199,3.092927351603539,-2.3622047350656135,0.9994227365969676,0.10273964529790622,0.03779526493438645,True,8.463541666666662e-05,0.0017278401229218496,0.0005775968285432215,5.924479166666663e-05,0.0005183520368765549,8.91690858300717,100,40,3,3,0.9,0.8,0.35,0.25,360.0,72,8.0,0.0,5.070422535211268,0.3,0.9994227365969676,0.98896603887602,{}
experiment_4_parameter_tuning,base,complex_room,perception_aware,4,9,6.8,3.0,-2.4,6.77006166581733,2.9439551746667534,-2.4585857244098857,0.9994090859028737,0.06353995829607793,0.05858572440988574,True,7.758246527777772e-05,0.0017898525245308378,0.0005912634830536958,5.4307725694444404e-05,0.0005369557573592514,8.935350042011123,100,40,3,3,0.9,0.8,0.35,0.25,360.0,72,8.0,0.0,5.070422535211268,0.3,0.9994090859028737,0.9876714542884508,{}
experiment_4_parameter_tuning,base,corridor,perception_aware,0,0,1.0,3.0,0.0,6.913995094624263,2.8017322280861037,3.1091132807294404,0.9965407197408612,5.917317643038909,3.1091132807294404,False,0.0043646918402777775,0.0013866804348155331,0.003471288418639104,0.003055284288194444,0.00041600413044465994,10.450269332999596,100,40,3,3,0.9,0.8,0.35,0.25,360.0,72,8.0,0.0,5.070422535211268,0.3,0.9965407197408612,0.9771073403808286,{}
experiment_4_parameter_tuning,base,corridor,perception_aware,0,1,1.0,3.0,0.0,0.9705419641715651,2.997147182887302,0.022241210182889642,0.999242203983821,0.029595851742226544,0.022241210182889493,True,0.0006830512152777771,0.0009341161859486753,0.0007583707064790466,0.00047813585069444395,0.0002802348557846026,10.507087207995937,100,40,3,3,0.9,0.8,0.35,0.25,360.0,72,8.0,0.0,5.070422535211268,0.3,0.999242203983821,0.9793405792222843,{}
experiment_4_parameter_tuning,base,corridor,perception_aware,0,2,1.0,3.0,0.0,0.9682050185372668,2.9604908302938293,0.02493308491462587,0.9993942266275577,0.050713857446328635,0.02493308491462587,True,0.0006130642361111083,0.0005899853032446239,0.0006061405562511629,0.00042914496527777574,0.00017699559097338717,10.588428125003702,100,40,3,3,0.9,0.8,0.35,0.25,360.0,72,8.0,0.0,5.070422535211268,0.3,0.9993942266275577,0.9767486767216191,{}
experiment_4_parameter_tuning,base,corridor,perception_aware,0,3,1.0,3.0,0.0,0.9909656171935614,3.0513532725968724,-0.005771729327946235,0.9992652797502186,0.05214190904734846,0.005771729327946229,True,0.00042860243055555615,0.0014507958638060928,0.000735260460530717,0.0003000217013888893,0.0004352387591418278,10.50341595899954,100,40,3,3,0.9,0.8,0.35,0.25,360.0,72,8.0,0.0,5.070422535211268,0.3,0.9992652797502186,0.9793605789473381,{}
experiment_4_parameter_tuning,base,corridor,perception_aware,0,4,1.0,3.0,0.0,6.8959589223779325,2.800986708239292,3.094856988713877,0.9964777866269066,5.899316732017818,3.094856988713877,False,0.004412977430555554,0.0014852633657870737,0.00353466321112501,0.0030890842013888875,0.0004455790097361221,10.371480250003515,100,40,3,3,0.9,0.8,0.35,0.25,360.0,72,8.0,0.0,5.070422535211268,0.3,0.9964777866269066,0.9781737253253376,{}
experiment_4_parameter_tuning,base,corridor,perception_aware,0,5,1.0,3.0,0.0,6.901321837018037,2.869963788359026,3.1273759779965586,0.996378598517243,5.902754343558936,3.127375977996559,False,0.00484700520833333,0.0008055335042855086,0.0036345636971189836,0.003392903645833331,0.00024166005128565258,10.438501959011774,100,40,3,3,0.9,0.8,0.35,0.25,360.0,72,8.0,0.0,5.070422535211268,0.3,0.996378598517243,0.9757152302588169,{}
experiment_4_parameter_tuning,base,corridor,perception_aware,0,6,1.0,3.0,0.0,6.8887364675937,2.834700999282342,3.1181815145078824,0.9966168185704994,5.891056012669222,3.1181815145078824,False,0.004236111111111111,0.0014312947445798755,0.00339466620115174,0.002965277777777777,0.0004293884233739626,10.44967099999485,100,40,3,3,0.9,0.8,0.35,0.25,360.0,72,8.0,0.0,5.070422535211268,0.3,0.9966168185704994,0.9762284985855662,{}
experiment_4_parameter_tuning,base,corridor,perception_aware,0,7,1.0,3.0,0.0,1.013266448439789,2.948600988885247,0.022745125632665463,0.9991294490739991,0.05308349082134759,0.02274512563266562,True,0.000693901909722219,0.0012852603614660896,0.0008713094452453801,0.00048573133680555327,0.00038557810843982686,10.46229416699498,100,40,3,3,0.9,0.8,0.35,0.25,360.0,72,8.0,0.0,5.070422535211268,0.3,0.9991294490739991,0.9782119261428467,{}
experiment_4_parameter_tuning,base,corridor,perception_aware,0,8,1.0,3.0,0.0,6.976799877427623,2.8544191247032003,3.1345496018758103,0.9963604672987987,5.978572619452827,3.1345496018758103,False,0.003996310763888886,0.0028513658361222958,0.003652827285558908,0.0027974175347222196,0.0008554097508366887,10.339372040994931,100,40,3,3,0.9,0.8,0.35,0.25,360.0,72,8.0,0.0,5.070422535211268,0.3,0.9963604672987987,0.9766554582129655,{}
experiment_4_parameter_tuning,base,corridor,perception_aware,0,9,1.0,3.0,0.0,0.9722166662615586,2.9718168222168497,0.03244305658711774,0.9994100074105032,0.03957530977236026,0.03244305658711788,True,0.000597330729166664,0.0005740312527609016,0.0005903408862449353,0.00041813151041666474,0.00017220937582827049,10.557832417005557,100,40,3,3,0.9,0.8,0.35,0.25,360.0,72,8.0,0.0,5.070422535211268,0.3,0.9994100074105032,0.9730446339370324,{}
experiment_4_parameter_tuning,base,corridor,perception_aware,2,0,3.8,3.0,0.0,3.826709957367513,2.9822353627139613,-0.0007986224571402522,0.9990581313706027,0.032078094713977115,0.0007986224571401301,True,0.0008810763888888878,0.0010866770334165693,0.0009427565822471922,0.0006167534722222214,0.0003260031100249708,11.770534833995043,100,40,3,3,0.9,0.8,0.35,0.25,360.0,72,8.0,0.0,5.070422535211268,0.3,0.9990581313706027,0.9849572292339185,{}
experiment_4_parameter_tuning,base,corridor,perception_aware,2,1,3.8,3.0,0.0,4.351086615138836,2.8916024020991657,-3.14065770027325,0.9973427532491774,0.5616462379610951,3.14065770027325,False,0.0011452907986111093,0.006208743215977755,0.0026643265238211027,0.0008017035590277765,0.0018626229647933264,11.848887167012435,100,40,3,3,0.9,0.8,0.35,0.25,360.0,72,8.0,0.0,5.070422535211268,0.3,0.9973427532491774,0.9837312146452536,{}
experiment_4_parameter_tuning,base,corridor,perception_aware,2,2,3.8,3.0,0.0,3.8544089702990254,3.010088228799191,-0.002763637239731498,0.9992036776514468,0.055336320886964205,0.002763637239731498,True,0.0005192057291666673,0.0014450432426434516,0.0007969569832097026,0.0003634440104166671,0.00043351297279303546,11.794922499990207,100,40,3,3,0.9,0.8,0.35,0.25,360.0,72,8.0,0.0,5.070422535211268,0.3,0.9992036776514468,0.9831186355805017,{}
experiment_4_parameter_tuning,base,corridor,perception_aware,2,3,3.8,3.0,0.0,3.838019076721599,3.010180441131157,-0.008587555845951642,0.9995345112026682,0.03935850068775222,0.008587555845951833,True,0.0004920789930555561,0.00040416760974089594,0.00046570557806115804,0.00034445529513888926,0.00012125028292226878,11.754731875000289,100,40,3,3,0.9,0.8,0.35,0.25,360.0,72,8.0,0.0,5.070422535211268,0.3,0.9995345112026682,0.9830925833178243,{}
experiment_4_parameter_tuning,base,corridor,perception_aware,2,4,3.8,3.0,0.0,3.84516946153457,2.969388686494211,0.014761482999224057,0.9990464121081664,0.0545649408491634,0.014761482999224196,True,0.0006152343749999985,0.001746113423849063,0.0009544980896547177,0.0004306640624999989,0.0005238340271547188,11.762333792008576,100,40,3,3,0.9,0.8,0.35,0.25,360.0,72,8.0,0.0,5.070422535211268,0.3,0.9990464121081664,0.983675593182041,{}
experiment_4_parameter_tuning,base,corridor,perception_aware,2,5,3.8,3.0,0.0,3.796920952272515,3.00278511422765,-0.009015736735766534,0.999955279861974,0.004151794331272452,0.009015736735766389,True,9.765624999999978e-06,0.0001262873350210148,4.4722138006304426e-05,6.835937499999984e-06,3.788620050630444e-05,11.824415415991098,100,40,3,3,0.9,0.8,0.35,0.25,360.0,72,8.0,0.0,5.070422535211268,0.3,0.999955279861974,0.9835983898121249,{}
experiment_4_parameter_tuning,base,corridor,perception_aware,2,6,3.8,3.0,0.0,3.810219502114878,3.044615905582663,-0.013987716408598378,0.999192002412273,0.04577135845085981,0.013987716408598416,True,0.0004313151041666672,0.0016891013428273194,0.0008086509757648628,0.000301920572916667,0.0005067304028481958,11.73384950000036,100,40,3,3,0.9,0.8,0.35,0.25,360.0,72,8.0,0.0,5.070422535211268,0.3,0.999192002412273,0.9832719900026393,{}
experiment_4_parameter_tuning,base,corridor,perception_aware,2,7,3.8,3.0,0.0,4.3076894247327076,2.8975197925019653,3.1414897906618666,0.99713159949326,0.5179292856310289,3.1414897906618666,False,0.0017154947916666653,0.005586018474436567,0.0028766518964976357,0.0012008463541666656,0.0016758055423309701,11.852068042004248,100,40,3,3,0.9,0.8,0.35,0.25,360.0,72,8.0,0.0,5.070422535211268,0.3,0.99713159949326,0.9835198248185774,{}
experiment_4_parameter_tuning,base,corridor,perception_aware,2,8,3.8,3.0,0.0,3.802904282446153,3.007071840227587,-0.010684102333053006,0.9996386205347781,0.0076449840242834724,0.010684102333053058,True,1.7361111111111094e-05,0.0011645244325779434,0.0003615101075511608,1.2152777777777765e-05,0.00034935732977338304,11.758561708003981,100,40,3,3,0.9,0.8,0.35,0.25,360.0,72,8.0,0.0,5.070422535211268,0.3,0.9996386205347781,0.9843210446107047,{}
experiment_4_parameter_tuning,base,corridor,perception_aware,2,9,3.8,3.0,0.0,3.8434779935709895,2.995089424207506,-0.0333431020585324,0.9995703433682058,0.0437544246856572,0.03334310205853219,True,0.0005327690972222228,0.00018967649303578438,0.00042984131596629125,0.00037293836805555593,5.690294791073531e-05,11.820197207998717,100,40,3,3,0.9,0.8,0.35,0.25,360.0,72,8.0,0.0,5.070422535211268,0.3,0.9995703433682058,0.983890221882308,{}
experiment_4_parameter_tuning,base,corridor,perception_aware,4,0,6.6,3.0,3.141592653589793,6.594631385564446,2.924690426105061,3.1051385464920713,0.9995007802583191,0.07550068834914626,0.03645410709772179,True,0.0006168619791666665,0.00022555233697485466,0.0004994690865091229,0.0004318033854166665,6.76657010924564e-05,10.630542625003727,100,40,3,3,0.9,0.8,0.35,0.25,360.0,72,8.0,0.0,5.070422535211268,0.3,0.9995007802583191,0.9811610225683703,{}
experiment_4_parameter_tuning,base,corridor,perception_aware,4,1,6.6,3.0,3.141592653589793,6.609427099541673,3.0071885521031474,3.138730113770553,0.9995932943819867,0.011855188193709955,0.0028625398192398954,True,0.00040581597222222283,0.00040933304739259696,0.00040687109477333507,0.00028407118055555596,0.00012279991421777908,10.70476854100707,100,40,3,3,0.9,0.8,0.35,0.25,360.0,72,8.0,0.0,5.070422535211268,0.3,0.9995932943819867,0.9816056304606441,{}
experiment_4_parameter_tuning,base,corridor,perception_aware,4,2,6.6,3.0,3.141592653589793,6.622310622660214,2.998874021393252,-3.137770627457796,0.9999166246361901,0.022339017688996838,0.003822026131997447,True,2.983940972222223e-05,0.000208315763450558,8.338231584072297e-05,2.088758680555556e-05,6.24947290351674e-05,10.867864125000779,100,40,3,3,0.9,0.8,0.35,0.25,360.0,72,8.0,0.0,5.070422535211268,0.3,0.9999166246361901,0.975235837291452,{}
experiment_4_parameter_tuning,base,corridor,perception_aware,4,3,6.6,3.0,3.141592653589793,1.4943959236166742,2.877862727808128,0.016313981401083488,0.9966154287613617,5.107064763446857,3.12527867218871,False,0.0015370008680555527,0.00773388285497964,0.0033960654641327784,0.0010759006076388868,0.002320164856493892,10.868877750006504,100,40,3,3,0.9,0.8,0.35,0.25,360.0,72,8.0,0.0,5.070422535211268,0.3,0.9966154287613617,0.9791228243784807,{}
experiment_4_parameter_tuning,base,corridor,perception_aware,4,4,6.6,3.0,3.141592653589793,6.599592213085076,2.9726922129168973,3.1343878334466684,0.9999548792087588,0.027310831652369204,0.007204820143124735,True,1.4105902777777779e-05,0.00011749565091491905,4.512282721892016e-05,9.874131944444444e-06,3.5248695274475714e-05,10.676746249999269,100,40,3,3,0.9,0.8,0.35,0.25,360.0,72,8.0,0.0,5.070422535211268,0.3,0.9999548792087588,0.9805357880647996,{}
experiment_4_parameter_tuning,base,corridor,perception_aware,4,5,6.6,3.0,3.141592653589793,1.5442057751858,2.8643287815533234,0.006556648554587035,0.9968269006256361,5.057614252113285,3.135036005035206,False,0.0006879340277777768,0.009005487215993455,0.0031831999842424803,0.00048155381944444374,0.0027016461647980366,10.861314500012668,100,40,3,3,0.9,0.8,0.35,0.25,360.0,72,8.0,0.0,5.070422535211268,0.3,0.9967476975397911,0.9778240231495673,{}
experiment_4_parameter_tuning,base,corridor,perception_aware,4,6,6.6,3.0,3.141592653589793,6.629354928955607,2.967862068462825,3.1286140584773743,0.9998642410130242,0.0435265263658484,0.012978595112418834,True,4.937065972222227e-05,0.0003373931939172394,0.0001357774199807274,3.455946180555559e-05,0.0001012179581751718,10.668584874991211,100,40,3,3,0.9,0.8,0.35,0.25,360.0,72,8.0,0.0,5.070422535211268,0.3,0.9998619600080989,0.9773954654114927,{}
experiment_4_parameter_tuning,base,corridor,perception_aware,4,7,6.6,3.0,3.141592653589793,1.4752293834031336,2.8370211154734206,0.030546743396210996,0.9962439267297867,5.127361503691363,3.111045910193582,False,0.0015511067708333316,0.00894819935945319,0.0037702345474192886,0.0010857747395833321,0.0026844598078359567,10.806073166007991,100,40,3,3,0.9,0.8,0.35,0.25,360.0,72,8.0,0.0,5.070422535211268,0.3,0.9962439267297867,0.9779986226754613,{}
experiment_4_parameter_tuning,base,corridor,perception_aware,4,8,6.6,3.0,3.141592653589793,6.557783517457813,3.1626341627323,-3.067532177271069,0.9966042384660605,0.16802411221569036,0.07406047631872426,True,0.00327582465277777,0.003714182546683911,0.003407332020949612,0.002293077256944439,0.0011142547640051732,10.629048709000926,100,40,3,3,0.9,0.8,0.35,0.25,360.0,72,8.0,0.0,5.070422535211268,0.3,0.9966042384660605,0.9732752398184787,{}
experiment_4_parameter_tuning,base,corridor,perception_aware,4,9,6.6,3.0,3.141592653589793,6.5916404223663605,3.0247135729351786,3.1218843877296347,0.9987941712843734,0.026089139990333778,0.01970826586015839,True,0.0011490885416666622,0.0013430750492351567,0.0012072844939372105,0.0008043619791666635,0.000402922514770547,10.879270040997653,100,40,3,3,0.9,0.8,0.35,0.25,360.0,72,8.0,0.0,5.070422535211268,0.3,0.9987148529942227,0.9779839067076455,{}
experiment_4_parameter_tuning,pop_50,medium_room,perception_aware,0,0,2.0,2.2,0.0,5.732545389902467,2.5601845341075733,2.918711882253143,0.9911561311918525,3.7498837297031553,2.9187118822531435,False,0.009266493055555512,0.008120785237543398,0.008922780710151878,0.0064865451388888586,0.0024362355712630192,5.734295957998256,50,40,3,3,0.9,0.8,0.35,0.25,360.0,72,8.0,0.0,5.070422535211268,0.3,0.9911561311918525,0.9765545514630223,{'population_size': 50}
experiment_4_parameter_tuning,pop_50,medium_room,perception_aware,0,1,2.0,2.2,0.0,1.9499676223779054,2.189066791791003,-0.0020990961753661443,0.9991527249171146,0.05121302424443564,0.0020990961753661885,True,0.0004627821180555543,0.0017468202802202817,0.0008479935667049725,0.000323947482638888,0.0005240460840660845,5.617906290994142,50,40,3,3,0.9,0.8,0.35,0.25,360.0,72,8.0,0.0,5.070422535211268,0.3,0.9991527249171146,0.9814565537646419,{'population_size': 50}
experiment_4_parameter_tuning,pop_50,medium_room,perception_aware,0,2,2.0,2.2,0.0,5.784205875660134,2.5744941706248765,2.9198203560945557,0.991443642114114,3.8026911514364,2.919820356094556,False,0.009237738715277739,0.007212612911175475,0.00863020097404706,0.006466417100694417,0.0021637838733526422,5.779146708999178,50,40,3,3,0.9,0.8,0.35,0.25,360.0,72,8.0,0.0,5.070422535211268,0.3,0.9912429902034136,0.9802177699445731,{'population_size': 50}
experiment_4_parameter_tuning,pop_50,medium_room,perception_aware,0,3,2.0,2.2,0.0,5.733683272620358,2.5764140019495816,2.9230925891143227,0.9912347682200447,3.7526095295285877,2.9230925891143222,False,0.009159613715277739,0.00810336949623725,0.008842740449565591,0.006411729600694417,0.002431010848871175,5.765829500000109,50,40,3,3,0.9,0.8,0.35,0.25,360.0,72,8.0,0.0,5.070422535211268,0.3,0.9912347682200447,0.9803152938556619,{'population_size': 50}
experiment_4_parameter_tuning,pop_50,medium_room,perception_aware,0,4,2.0,2.2,0.0,5.761829829118596,2.5751928684942125,2.9293718847490546,0.9911120041865928,3.78049379735179,2.929371884749054,False,0.009716254340277734,0.0072210755382910614,0.008967700699681731,0.006801378038194413,0.0021663226614873185,5.759528417009278,50,40,3,3,0.9,0.8,0.35,0.25,360.0,72,8.0,0.0,5.070422535211268,0.3,0.9911120041865928,0.9765562462434846,{'population_size': 50}
experiment_4_parameter_tuning,pop_50,medium_room,perception_aware,0,5,2.0,2.2,0.0,1.9963784847798962,2.2210581859367826,0.016273944233359126,0.9992081391019028,0.02136732476089473,0.01627394423335904,True,7.595486111111069e-05,0.002464400119754096,0.0007924884387040062,5.316840277777748e-05,0.0007393200359262287,5.55286941700615,50,40,3,3,0.9,0.8,0.35,0.25,360.0,72,8.0,0.0,5.070422535211268,0.3,0.9992081391019028,0.9770339022568922,{'population_size': 50}
experiment_4_parameter_tuning,pop_50,medium_room,perception_aware,0,6,2.0,2.2,0.0,5.758138972228422,2.601733879515441,2.9269501296946174,0.991192575258034,3.7795500584768855,2.9269501296946174,False,0.009353841145833295,0.007793319798417546,0.008885684741608571,0.006547688802083306,0.002337995939525264,5.809734417009167,50,40,3,3,0.9,0.8,0.35,0.25,360.0,72,8.0,0.0,5.070422535211268,0.3,0.991192575258034,0.9754125537911013,{'population_size': 50}
experiment_4_parameter_tuning,pop_50,medium_room,perception_aware,0,7,2.0,2.2,0.0,2.0259268752877744,2.245605851955155,-0.00813309438979453,0.999283033633335,0.05246042884635351,0.008133094389794593,True,3.3637152777777696e-05,0.0023131158976862124,0.0007174807762503081,2.3546006944444387e-05,0.0006939347693058637,5.6877301249915035,50,40,3,3,0.9,0.8,0.35,0.25,360.0,72,8.0,0.0,5.070422535211268,0.3,0.999283033633335,0.9835804735111089,{'population_size': 50}
experiment_4_parameter_tuning,pop_50,medium_room,perception_aware,0,8,2.0,2.2,0.0,4.571181556498341,4.056380598600883,-0.7733592789037069,0.9817139312022195,3.1712968204409697,0.7733592789037069,False,0.021972656249999875,0.010819393763648278,0.018626677504094396,0.015380859374999912,0.0032458181290944835,5.800194499999634,50,40,3,3,0.9,0.8,0.35,0.25,360.0,72,8.0,0.0,5.070422535211268,0.3,0.9817139312022195,0.9717202925816545,{'population_size': 50}
experiment_4_parameter_tuning,pop_50,medium_room,perception_aware,0,9,2.0,2.2,0.0,5.753166033972541,2.5911573290601764,2.933486929693755,0.9911893636083253,3.7734943135829235,2.933486929693755,False,0.00964138454861107,0.007133281822907911,0.008888953730900121,0.006748969184027748,0.002139984546872373,5.839266125010909,50,40,3,3,0.9,0.8,0.35,0.25,360.0,72,8.0,0.0,5.070422535211268,0.3,0.9911893636083253,0.9814411824150631,{'population_size': 50}
experiment_4_parameter_tuning,pop_50,medium_room,perception_aware,2,0,5.5,2.0,-0.8,5.500363395465129,2.00785302913809,-0.789827509935147,0.999924109823241,0.007861432624386462,0.01017249006485299,True,8.680555555555505e-06,0.00023273182542039977,7.589593651500878e-05,6.076388888888853e-06,6.981954762611992e-05,5.604778624998289,50,40,3,3,0.9,0.8,0.35,0.25,360.0,72,8.0,0.0,5.070422535211268,0.3,0.999924109823241,0.9817082845478287,{'population_size': 50}
experiment_4_parameter_tuning,pop_50,medium_room,perception_aware,2,1,5.5,2.0,-0.8,5.488394043703559,2.0017683189909197,-0.8144859528128284,0.9998731542352716,0.01173989666089679,0.014485952812828273,True,3.851996527777755e-05,0.0003329929364105008,0.00012686185661759452,2.6963975694444285e-05,9.989788092315023e-05,5.651215250007226,50,40,3,3,0.9,0.8,0.35,0.25,360.0,72,8.0,0.0,5.070422535211268,0.3,0.9998731542352716,0.983221522819912,{'population_size': 50}
experiment_4_parameter_tuning,pop_50,medium_room,perception_aware,2,2,5.5,2.0,-0.8,3.907256736911469,4.0903416206212,2.0628495459459573,0.9888351031710034,2.627995280249789,2.8628495459459575,False,0.011482204861111062,0.010844719403511121,0.011290959223831078,0.008037543402777743,0.0032534158210533364,5.900264790994697,50,40,3,3,0.9,0.8,0.35,0.25,360.0,72,8.0,0.0,5.070422535211268,0.3,0.9888351031710034,0.9777583334329191,{'population_size': 50}
experiment_4_parameter_tuning,pop_50,medium_room,perception_aware,2,3,5.5,2.0,-0.8,3.973168396575416,4.023301601984533,2.121658415912825,0.9890782165734561,2.534751293087601,2.921658415912825,False,0.010881076388888848,0.011418775008164269,0.011042385974671474,0.007616753472222193,0.0034256325024492806,6.003165332993376,50,40,3,3,0.9,0.8,0.35,0.25,360.0,72,8.0,0.0,5.070422535211268,0.3,0.9889287532539635,0.9753329573653666,{'population_size': 50}
experiment_4_parameter_tuning,pop_50,medium_room,perception_aware,2,4,5.5,2.0,-0.8,3.889564772228482,4.098564082095054,2.0714623353638353,0.9884948023866493,2.6452736776195684,2.8714623353638355,False,0.011504448784722175,0.011953312332977611,0.011639107849198804,0.008053114149305521,0.003585993699893283,6.058384916992509,50,40,3,3,0.9,0.8,0.35,0.25,360.0,72,8.0,0.0,5.070422535211268,0.3,0.9884948023866493,0.9761213763217143,{'population_size': 50}
experiment_4_parameter_tuning,pop_50,medium_room,perception_aware,2,5,5.5,2.0,-0.8,2.720960335596989,3.4618049613406097,2.4568061592112933,0.9870395409088354,3.1400533755535465,3.026379147968293,False,0.011413302951388852,0.01713775374766066,0.013130638190270393,0.007989312065972195,0.005141326124298198,6.111099208006635,50,40,3,3,0.9,0.8,0.35,0.25,360.0,72,8.0,0.0,5.070422535211268,0.3,0.9870395409088354,0.9790188469135457,{'population_size': 50}
experiment_4_parameter_tuning,pop_50,medium_room,perception_aware,2,6,5.5,2.0,-0.8,4.023777260325495,4.048532699485487,2.0491050627965492,0.9888930276907463,2.5250187718101023,2.849105062796549,False,0.01202636718749995,0.00937755237164161,0.011231722742742447,0.008418457031249963,0.002813265711492483,5.978523916011909,50,40,3,3,0.9,0.8,0.35,0.25,360.0,72,8.0,0.0,5.070422535211268,0.3,0.9888930276907463,0.9765419366821996,{'population_size': 50}
experiment_4_parameter_tuning,pop_50,medium_room,perception_aware,2,7,5.5,2.0,-0.8,3.9381752405368053,3.9852870115076175,2.1270617125270137,0.9892741578596244,2.525997050143391,2.9270617125270135,False,0.010474717881944408,0.011699435438785625,0.010842133148996774,0.007332302517361085,0.0035098306316356876,5.997797666001134,50,40,3,3,0.9,0.8,0.35,0.25,360.0,72,8.0,0.0,5.070422535211268,0.3,0.9892741578596244,0.9752363711202855,{'population_size': 50}
experiment_4_parameter_tuning,pop_50,medium_room,perception_aware,2,8,5.5,2.0,-0.8,4.006476550114286,4.0482305370294025,2.0585781530622587,0.9887972657732267,2.5349281307718132,2.8585781530622585,False,0.011714952256944395,0.010430635957588863,0.011329657367137735,0.008200466579861076,0.003129190787276659,6.0077397910063155,50,40,3,3,0.9,0.8,0.35,0.25,360.0,72,8.0,0.0,5.070422535211268,0.3,0.9887972657732267,0.9756717567417479,{'population_size': 50}
experiment_4_parameter_tuning,pop_50,medium_room,perception_aware,2,9,5.5,2.0,-0.8,5.537150048561036,2.0887806843690577,-0.7811263665155481,0.9991608449623722,0.09623999181798364,0.018873633484451702,True,9.385850694444426e-05,0.0025805295178577604,0.0008398598102184391,6.570095486111098e-05,0.0007741588553573281,5.685152582998853,50,40,3,3,0.9,0.8,0.35,0.25,360.0,72,8.0,0.0,5.070422535211268,0.3,0.9991608449623722,0.9811269209940641,{'population_size': 50}
experiment_4_parameter_tuning,pop_50,medium_room,perception_aware,4,0,7.6,2.8,-2.6,2.618213996957793,3.8861097043362656,0.624483218752021,0.9894529223618415,5.098806337757951,3.058702088427565,False,0.01159559461805549,0.008475293415013765,0.010659504257142972,0.008116916232638842,0.0025425880245041293,5.4055562499997905,50,40,3,3,0.9,0.8,0.35,0.25,360.0,72,8.0,0.0,5.070422535211268,0.3,0.9894529223618415,0.977088925782931,{'population_size': 50}
experiment_4_parameter_tuning,pop_50,medium_room,perception_aware,4,1,7.6,2.8,-2.6,3.23491463664548,1.6116776851752312,2.4672409750819617,0.9898420027749832,4.523945197864619,1.2159443320976244,False,0.011617838541666611,0.007099180206224395,0.010262241041033945,0.008132486979166628,0.0021297540618673183,5.855882667005062,50,40,3,3,0.9,0.8,0.35,0.25,360.0,72,8.0,0.0,5.070422535211268,0.3,0.9898420027749832,0.9746617599667923,{'population_size': 50}
experiment_4_parameter_tuning,pop_50,medium_room,perception_aware,4,2,7.6,2.8,-2.6,3.5767853780469143,5.598414927442121,-0.9866313058221365,0.991772292990465,4.90075320745985,1.613368694177863,False,0.005520833333333305,0.014771268118176833,0.008295963768786363,0.003864583333333313,0.00443138043545305,4.829570749992854,50,40,3,3,0.9,0.8,0.35,0.25,360.0,72,8.0,0.0,5.070422535211268,0.3,0.991772292990465,0.9763347828018047,{'population_size': 50}
experiment_4_parameter_tuning,pop_50,medium_room,perception_aware,4,3,7.6,2.8,-2.6,7.593515968663514,2.8749695463285034,-2.5793331527300736,0.9998686596257751,0.07524942218432099,0.020666847269926514,True,7.595486111111087e-05,0.0002606307466896188,0.00013135762678466326,5.3168402777777605e-05,7.818922400688564e-05,5.5220919999992475,50,40,3,3,0.9,0.8,0.35,0.25,360.0,72,8.0,0.0,5.070422535211268,0.3,0.9998686596257751,0.9814762233485891,{'population_size': 50}
experiment_4_parameter_tuning,pop_50,medium_room,perception_aware,4,4,7.6,2.8,-2.6,2.638453798721303,3.8752411063216483,0.5999106811943564,0.9892258505424052,5.076719821316405,3.0832746259852293,False,0.011776258680555488,0.008827049958720917,0.010891496064005116,0.00824338107638884,0.002648114987616275,5.619891832990106,50,40,3,3,0.9,0.8,0.35,0.25,360.0,72,8.0,0.0,5.070422535211268,0.3,0.9892258505424052,0.9719088954308647,{'population_size': 50}
experiment_4_parameter_tuning,pop_50,medium_room,perception_aware,4,5,7.6,2.8,-2.6,3.6017659600701246,5.572638220129252,-1.0227782976846647,0.9918230636028996,4.86553163978773,1.5772217023153354,False,0.0054801432291666395,0.014694165538772683,0.008244349922048451,0.0038361002604166473,0.004408249661631804,4.696208916997421,50,40,3,3,0.9,0.8,0.35,0.25,360.0,72,8.0,0.0,5.070422535211268,0.3,0.9918230636028996,0.9775115116533114,{'population_size': 50}
experiment_4_parameter_tuning,pop_50,medium_room,perception_aware,4,6,7.6,2.8,-2.6,3.2353486425104867,1.6042259511345989,2.465380371250387,0.9898106939554523,4.525489702604018,1.2178049359291983,False,0.01163194444444439,0.00717278551589022,0.010294196765878139,0.008142361111111072,0.002151835654767066,5.865020541008562,50,40,3,3,0.9,0.8,0.35,0.25,360.0,72,8.0,0.0,5.070422535211268,0.3,0.9898106939554523,0.9741826856044892,{'population_size': 50}
experiment_4_parameter_tuning,pop_50,medium_room,perception_aware,4,7,7.6,2.8,-2.6,4.121895040477934,4.096280144617366,-1.3498055788006318,0.9887816140058203,3.7118130775648184,1.2501944211993683,False,0.012918294270833276,0.007676200219221431,0.011345666055349722,0.009042805989583293,0.002302860065766429,5.789875665999716,50,40,3,3,0.9,0.8,0.35,0.25,360.0,72,8.0,0.0,5.070422535211268,0.3,0.9887816140058203,0.9727696513218572,{'population_size': 50}
experiment_4_parameter_tuning,pop_50,medium_room,perception_aware,4,8,7.6,2.8,-2.6,4.070820201340104,4.05940281179766,-1.306123301260671,0.9887894504121849,3.7471596568111365,1.2938766987393286,False,0.01386664496527771,0.005436664698598011,0.011337650885273798,0.009706651475694396,0.0016309994095794033,5.765160333001404,50,40,3,3,0.9,0.8,0.35,0.25,360.0,72,8.0,0.0,5.070422535211268,0.3,0.9887894504121849,0.9747223682310678,{'population_size': 50}
experiment_4_parameter_tuning,pop_50,medium_room,perception_aware,4,9,7.6,2.8,-2.6,3.566526692171222,5.642092852269895,-0.9623739007816302,0.9914967104873453,4.934206998686906,1.6376260992183695,False,0.005589735243055528,0.015544669621051175,0.008576215556454221,0.0039128146701388694,0.0046634008863153525,5.153315292001935,50,40,3,3,0.9,0.8,0.35,0.25,360.0,72,8.0,0.0,5.070422535211268,0.3,0.9914967104873453,0.9783076778464519,{'population_size': 50}
experiment_4_parameter_tuning,pop_50,complex_room,perception_aware,0,0,1.0,1.6,0.0,0.9863381076453432,1.60351720491398,-0.013685304872623066,0.9997654326767794,0.014107375132077327,0.013685304872622872,True,0.00028320312500000025,0.0001212672348631551,0.0002346223579589467,0.00019824218750000018,3.638017045894653e-05,4.636628666994511,50,40,3,3,0.9,0.8,0.35,0.25,360.0,72,8.0,0.0,5.070422535211268,0.3,0.9997654326767794,0.9871399980647717,{'population_size': 50}
experiment_4_parameter_tuning,pop_50,complex_room,perception_aware,0,1,1.0,1.6,0.0,0.9897801471400871,1.616466498279366,-0.0012589478846608173,0.9999098760490546,0.019380169195923665,0.0012589478846609659,True,1.573350694444442e-05,0.00026372873047637337,9.013207400402311e-05,1.1013454861111094e-05,7.911861914291201e-05,4.671428125002421,50,40,3,3,0.9,0.8,0.35,0.25,360.0,72,8.0,0.0,5.070422535211268,0.3,0.9996055805021877,0.9877327119858801,{'population_size': 50}
experiment_4_parameter_tuning,pop_50,complex_room,perception_aware,0,2,1.0,1.6,0.0,0.9967675348327972,1.6134935378572328,-0.004861319571580586,0.9999420529457722,0.01387531603105861,0.004861319571580758,True,7.595486111111096e-06,0.00017544524001947975,5.795041228362169e-05,5.316840277777767e-06,5.2633572005843925e-05,4.642588999995496,50,40,3,3,0.9,0.8,0.35,0.25,360.0,72,8.0,0.0,5.070422535211268,0.3,0.9999420529457722,0.9873758107757585,{'population_size': 50}
experiment_4_parameter_tuning,pop_50,complex_room,perception_aware,0,3,1.0,1.6,0.0,0.9859265667444078,1.6244075347400981,0.0029778766334130494,0.9998895960489294,0.028174266196099963,0.002977876633412979,True,2.495659722222219e-05,0.0003098217446446024,0.00011041614144893623,1.746961805555553e-05,9.29465233933807e-05,4.628882584001985,50,40,3,3,0.9,0.8,0.35,0.25,360.0,72,8.0,0.0,5.070422535211268,0.3,0.9998895960489294,0.9871289838673186,{'population_size': 50}
experiment_4_parameter_tuning,pop_50,complex_room,perception_aware,0,4,1.0,1.6,0.0,0.9925063533172629,1.6105450292416055,-0.0056987377618469715,0.9999183318356321,0.012936474879657501,0.005698737761846928,True,1.030815972222221e-05,0.0002481970759870827,8.167483460168035e-05,7.215711805555547e-06,7.44591227961248e-05,4.626349290992948,50,40,3,3,0.9,0.8,0.35,0.25,360.0,72,8.0,0.0,5.070422535211268,0.3,0.9999183318356321,0.9865405064948355,{'population_size': 50}
experiment_4_parameter_tuning,pop_50,complex_room,perception_aware,0,5,1.0,1.6,0.0,5.299356033822305,3.0159204825464117,1.9241992291816874,0.9925441468707278,4.526510037375232,1.9241992291816876,False,0.00852647569444442,0.005144424904867865,0.007511860457571453,0.005968532986111094,0.0015433274714603596,4.945191791994148,50,40,3,3,0.9,0.8,0.35,0.25,360.0,72,8.0,0.0,5.070422535211268,0.3,0.9925441468707278,0.9819875310537785,{'population_size': 50}
experiment_4_parameter_tuning,pop_50,complex_room,perception_aware,0,6,1.0,1.6,0.0,0.9790724823895691,1.6138986541106468,-0.014674421933727918,0.999756683586022,0.02512237208987821,0.01467442193372781,True,0.00028157552083333366,0.0001542425556014526,0.00024337563126376933,0.00019710286458333355,4.6272766680435785e-05,4.625967334010056,50,40,3,3,0.9,0.8,0.35,0.25,360.0,72,8.0,0.0,5.070422535211268,0.3,0.999756683586022,0.9874282666543425,{'population_size': 50}
experiment_4_parameter_tuning,pop_50,complex_room,perception_aware,0,7,1.0,1.6,0.0,0.9756538692319551,1.6074999992356267,-0.014013980619880729,0.9997702184289486,0.025475165787667477,0.014013980619880684,True,0.00028374565972222256,0.0001040414031711779,0.00022983438275690914,0.00019862196180555578,3.121242095135337e-05,4.670300583005883,50,40,3,3,0.9,0.8,0.35,0.25,360.0,72,8.0,0.0,5.070422535211268,0.3,0.9997702184289486,0.9893492306063394,{'population_size': 50}
experiment_4_parameter_tuning,pop_50,complex_room,perception_aware,0,8,1.0,1.6,0.0,0.9799078326388514,1.6353462313300113,-0.010929807212575842,0.9996633667006889,0.04065773307137369,0.01092980721257586,True,0.0002880859375000003,0.0004502883440006845,0.00033674665945020556,0.0002016601562500002,0.00013508650320020535,4.613886708000791,50,40,3,3,0.9,0.8,0.35,0.25,360.0,72,8.0,0.0,5.070422535211268,0.3,0.9996633667006889,0.9895356411823567,{'population_size': 50}
experiment_4_parameter_tuning,pop_50,complex_room,perception_aware,0,9,1.0,1.6,0.0,0.9415838460234609,1.6394120477293512,-0.014338678312585873,0.9994132377481808,0.07046812436578241,0.014338678312586062,True,0.0005908203125000009,0.0005784417504806927,0.0005871067438942084,0.0004135742187500006,0.00017353252514420783,4.656950042000972,50,40,3,3,0.9,0.8,0.35,0.25,360.0,72,8.0,0.0,5.070422535211268,0.3,0.9994132377481808,0.9871205683496643,{'population_size': 50}
experiment_4_parameter_tuning,pop_50,complex_room,perception_aware,2,0,4.8,1.5,-1.2,7.599731980847571,3.611868968040566,-2.7278425565208626,0.9950979266856997,3.5069202589670314,1.5278425565208626,False,0.005274522569444425,0.004113520723910334,0.004926222015784198,0.0036921657986110972,0.0012340562171731003,4.000865624999278,50,40,3,3,0.9,0.8,0.35,0.25,360.0,72,8.0,0.0,5.070422535211268,0.3,0.9950979266856997,0.989365959375064,{'population_size': 50}
experiment_4_parameter_tuning,pop_50,complex_room,perception_aware,2,1,4.8,1.5,-1.2,1.4601802261445829,2.945297598140627,-2.2513722465287263,0.9946957017478404,3.639131938941856,1.051372246528726,False,0.006041124131944424,0.0036793232502869005,0.005332583867447166,0.0042287868923610965,0.00110379697508607,3.8952480419975473,50,40,3,3,0.9,0.8,0.35,0.25,360.0,72,8.0,0.0,5.070422535211268,0.3,0.9946957017478404,0.9844796046146559,{'population_size': 50}
experiment_4_parameter_tuning,pop_50,complex_room,perception_aware,2,2,4.8,1.5,-1.2,2.924642839118539,4.08833904141212,1.2546019938274728,0.9956748573684661,3.196320302186185,2.454601993827473,False,0.0038465711805555497,0.005504436417424586,0.004343930751616261,0.002692599826388885,0.0016513309252273757,4.149913665998611,50,40,3,3,0.9,0.8,0.35,0.25,360.0,72,8.0,0.0,5.070422535211268,0.3,0.9956748573684661,0.9842371101777233,{'population_size': 50}
experiment_4_parameter_tuning,pop_50,complex_room,perception_aware,2,3,4.8,1.5,-1.2,4.859621982519945,1.488676300058425,-1.2081526198113155,0.9998724037427905,0.06068778279007637,0.008152619811315542,True,2.7126736111111083e-05,0.0003620794160473946,0.00012761254009199612,1.8988715277777758e-05,0.00010862382481421837,3.8861774160031928,50,40,3,3,0.9,0.8,0.35,0.25,360.0,72,8.0,0.0,5.070422535211268,0.3,0.9998724037427905,0.9860137490907279,{'population_size': 50}
experiment_4_parameter_tuning,pop_50,complex_room,perception_aware,2,4,4.8,1.5,-1.2,7.6081722564144885,3.817400548313348,-2.7324252377910065,0.9948948336496173,3.6409032839419186,1.5324252377910066,False,0.00545898437499998,0.004366912495459032,0.005131362811137695,0.0038212890624999855,0.0013100737486377095,3.9240241249935934,50,40,3,3,0.9,0.8,0.35,0.25,360.0,72,8.0,0.0,5.070422535211268,0.3,0.9948948336496173,0.9889798350701104,{'population_size': 50}
experiment_4_parameter_tuning,pop_50,complex_room,perception_aware,2,5,4.8,1.5,-1.2,3.083860257208858,4.030239223771158,1.2435871719282598,0.9961270849527304,3.0573266338906806,2.44358717192826,False,0.004173719618055551,0.0032212303437659487,0.0038879728357686704,0.002921603732638886,0.0009663691031297846,4.20007579200319,50,40,3,3,0.9,0.8,0.35,0.25,360.0,72,8.0,0.0,5.070422535211268,0.3,0.9961270849527304,0.9864427290989439,{'population_size': 50}
experiment_4_parameter_tuning,pop_50,complex_room,perception_aware,2,6,4.8,1.5,-1.2,2.478593989076333,1.4642848489826703,2.0305329411767423,0.9927956586810941,2.3216807359248866,3.052652366002844,False,0.007314453124999978,0.007121677674119395,0.007256620489735802,0.005120117187499984,0.0021365033022358185,4.224091625001165,50,40,3,3,0.9,0.8,0.35,0.25,360.0,72,8.0,0.0,5.070422535211268,0.3,0.9927956586810941,0.9844199347889186,{'population_size': 50}
experiment_4_parameter_tuning,pop_50,complex_room,perception_aware,2,7,4.8,1.5,-1.2,1.4772332099328773,2.844663401314638,-2.2466573129936727,0.9946740299900702,3.5845360653797336,1.0466573129936725,False,0.005469835069444424,0.005085344343450739,0.005354487851646318,0.003828884548611097,0.0015256033030352216,3.912111208002898,50,40,3,3,0.9,0.8,0.35,0.25,360.0,72,8.0,0.0,5.070422535211268,0.3,0.9946740299900702,0.985635764235763,{'population_size': 50}
experiment_4_parameter_tuning,pop_50,complex_room,perception_aware,2,8,4.8,1.5,-1.2,4.798894795452082,1.4752686383678257,-1.2114054887312635,0.9998527056696935,0.02475604421700123,0.011405488731263347,True,4.231770833333337e-05,0.0003923121109633554,0.00014731602912233997,2.9622395833333357e-05,0.00011769363328900662,3.888471167010721,50,40,3,3,0.9,0.8,0.35,0.25,360.0,72,8.0,0.0,5.070422535211268,0.3,0.9998527056696935,0.9838973019471076,{'population_size': 50}
experiment_4_parameter_tuning,pop_50,complex_room,perception_aware,2,9,4.8,1.5,-1.2,3.0798953663108857,4.048519152047336,1.2498000990519214,0.9962144173090138,3.0746885727160786,2.449800099051921,False,0.004133572048611107,0.003021557830749828,0.0037999677832527227,0.0028935004340277745,0.0009064673492249484,4.164750958996592,50,40,3,3,0.9,0.8,0.35,0.25,360.0,72,8.0,0.0,5.070422535211268,0.3,0.9962144173090138,0.9821093754940581,{'population_size': 50}
experiment_4_parameter_tuning,pop_50,complex_room,perception_aware,4,0,6.8,3.0,-2.4,6.992069983596951,3.131227698047393,0.302911911510086,0.9951185954304739,0.2326189745780662,2.7029119115100855,False,0.006121419270833329,0.002067853585753041,0.004905349565309243,0.0042849934895833304,0.0006203560757259123,4.252648791996762,50,40,3,3,0.9,0.8,0.35,0.25,360.0,72,8.0,0.0,5.070422535211268,0.3,0.9951185954304739,0.985470475161566,{'population_size': 50}
experiment_4_parameter_tuning,pop_50,complex_room,perception_aware,4,1,6.8,3.0,-2.4,7.008419657018118,3.2324468330650107,0.06937526687569662,0.9956459057159972,0.31220231202459564,2.469375266875696,False,0.005384657118055553,0.002012917816322544,0.00437313532753565,0.003769259982638887,0.0006038753448967632,4.312269082991406,50,40,3,3,0.9,0.8,0.35,0.25,360.0,72,8.0,0.0,5.070422535211268,0.3,0.9956459057159972,0.9883776005928641,{'population_size': 50}
experiment_4_parameter_tuning,pop_50,complex_room,perception_aware,4,2,6.8,3.0,-2.4,6.804733382034062,3.090148814523787,-2.3695431784898084,0.999765507724555,0.0902729952174213,0.030456821510191467,True,7.921006944444436e-05,0.0005970007545269468,0.00023454727496919505,5.544704861111105e-05,0.000179100226358084,4.327531041009934,50,40,3,3,0.9,0.8,0.35,0.25,360.0,72,8.0,0.0,5.070422535211268,0.3,0.999765507724555,0.9905892571422638,{'population_size': 50}
experiment_4_parameter_tuning,pop_50,complex_room,perception_aware,4,3,6.8,3.0,-2.4,6.978790755517644,3.2164361446900065,0.3295248331427669,0.995819171437222,0.2807325043290204,2.729524833142767,False,0.005601128472222218,0.0009253044819164686,0.004198381275130493,0.003920789930555553,0.00027759134457494057,4.285584083001595,50,40,3,3,0.9,0.8,0.35,0.25,360.0,72,8.0,0.0,5.070422535211268,0.3,0.995819171437222,0.9859604631806156,{'population_size': 50}
experiment_4_parameter_tuning,pop_50,complex_room,perception_aware,4,4,6.8,3.0,-2.4,6.840084342077531,3.0892519129249147,-2.372573694864296,0.9997703651072861,0.09783996341242715,0.027426305135703988,True,7.758246527777771e-05,0.0005845997043846503,0.00022968763700983947,5.430772569444439e-05,0.00017537991131539508,4.314740874993731,50,40,3,3,0.9,0.8,0.35,0.25,360.0,72,8.0,0.0,5.070422535211268,0.3,0.9997703651072861,0.9901678926864967,{'population_size': 50}
experiment_4_parameter_tuning,pop_50,complex_room,perception_aware,4,5,6.8,3.0,-2.4,6.833855226137745,3.082845637873999,-0.5129258200675624,0.995779716191555,0.08949623484587266,1.887074179932437,False,0.005828993055555554,0.0005262498338680048,0.004238170089049289,0.004080295138888888,0.00015787495016040144,4.3123227920004865,50,40,3,3,0.9,0.8,0.35,0.25,360.0,72,8.0,0.0,5.070422535211268,0.3,0.9956805518419303,0.9883946289625675,{'population_size': 50}
experiment_4_parameter_tuning,pop_50,complex_room,perception_aware,4,6,6.8,3.0,-2.4,6.843625865963916,3.081668161549057,0.017814414185267413,0.9957987168116528,0.092589982135782,2.4178144141852673,False,0.00579155815972222,0.0005497257525396785,0.004219008437567458,0.004054090711805554,0.00016491772576190356,4.326060791005148,50,40,3,3,0.9,0.8,0.35,0.25,360.0,72,8.0,0.0,5.070422535211268,0.3,0.9957987168116528,0.9858752355476108,{'population_size': 50}
experiment_4_parameter_tuning,pop_50,complex_room,perception_aware,4,7,6.8,3.0,-2.4,6.760098855360048,3.043069832106326,-2.383673653543477,0.9995823546703998,0.0587121093237629,0.016326346456522867,True,5.6966145833333314e-05,0.0012598117600581453,0.0004178198301007769,3.987630208333332e-05,0.00037794352801744357,4.338613208004972,50,40,3,3,0.9,0.8,0.35,0.25,360.0,72,8.0,0.0,5.070422535211268,0.3,0.9995823546703998,0.9888011775624811,{'population_size': 50}
experiment_4_parameter_tuning,pop_50,complex_room,perception_aware,4,8,6.8,3.0,-2.4,6.801923453295425,2.9851047153747454,-2.4099188970611447,0.9995945208694392,0.01501896057145854,0.009918897061144794,True,1.0308159722222214e-05,0.0013280929959121395,0.0004056436105791974,7.215711805555549e-06,0.00039842789877364185,4.307980041994597,50,40,3,3,0.9,0.8,0.35,0.25,360.0,72,8.0,0.0,5.070422535211268,0.3,0.9995945208694392,0.9876793107577579,{'population_size': 50}
experiment_4_parameter_tuning,pop_50,complex_room,perception_aware,4,9,6.8,3.0,-2.4,6.824590787108716,2.9697304824663995,-2.417738471173416,0.9994941615998763,0.038999365409492705,0.01773847117341587,True,3.0924479166666696e-05,0.0016148242222995414,0.0005060944021065291,2.1647135416666685e-05,0.0004844472666898624,4.351304458992672,50,40,3,3,0.9,0.8,0.35,0.25,360.0,72,8.0,0.0,5.070422535211268,0.3,0.9994941615998763,0.987364026464075,{'population_size': 50}
experiment_4_parameter_tuning,pop_50,corridor,perception_aware,0,0,1.0,3.0,0.0,6.970004237625751,2.8935701655133563,-3.1288885915061453,0.9964364930194984,5.970952847489108,3.1288885915061453,False,0.004061414930555553,0.002444201748096448,0.003576250975817821,0.002842990451388887,0.0007332605244289344,4.924762832990382,50,40,3,3,0.9,0.8,0.35,0.25,360.0,72,8.0,0.0,5.070422535211268,0.3,0.9964364930194984,0.9759630767589883,{'population_size': 50}
experiment_4_parameter_tuning,pop_50,corridor,perception_aware,0,1,1.0,3.0,0.0,6.9262956808209015,2.7395992695224987,3.1167199778636325,0.9965496182799637,5.932013910717817,3.1167199778636325,False,0.0043413628472222165,0.0014112469349147536,0.0034623280735299774,0.0030389539930555515,0.0004233740804744261,5.081827874993905,50,40,3,3,0.9,0.8,0.35,0.25,360.0,72,8.0,0.0,5.070422535211268,0.3,0.9965496182799637,0.9756048910603552,{'population_size': 50}
experiment_4_parameter_tuning,pop_50,corridor,perception_aware,0,2,1.0,3.0,0.0,6.920816204258453,2.7446542258825573,3.112146751025153,0.9965568280867756,5.926319767694713,3.1121467510251524,False,0.004338650173611107,0.0013933772861696274,0.003455068307378663,0.0030370551215277747,0.0004180131858508882,5.013621833000798,50,40,3,3,0.9,0.8,0.35,0.25,360.0,72,8.0,0.0,5.070422535211268,0.3,0.9965568280867756,0.9789174171263559,{'population_size': 50}
experiment_4_parameter_tuning,pop_50,corridor,perception_aware,0,3,1.0,3.0,0.0,1.0079127916592419,2.9782073159889206,-0.00957757431433639,0.9996180055921415,0.02318476543442529,0.009577574314336257,True,1.7361111111111087e-05,0.0012332920185672707,0.00038214038334795895,1.215277777777776e-05,0.0003699876055701812,5.13503629200568,50,40,3,3,0.9,0.8,0.35,0.25,360.0,72,8.0,0.0,5.070422535211268,0.3,0.9996180055921415,0.9813133090818081,{'population_size': 50}
experiment_4_parameter_tuning,pop_50,corridor,perception_aware,0,4,1.0,3.0,0.0,0.9977000617798243,2.980279634356616,-0.008235075687234462,0.9999403143222308,0.019854030747568214,0.00823507568723425,True,1.9531249999999977e-05,0.00015339121787305102,5.968924036191529e-05,1.3671874999999983e-05,4.6017365361915306e-05,5.109152874996653,50,40,3,3,0.9,0.8,0.35,0.25,360.0,72,8.0,0.0,5.070422535211268,0.3,0.9999403143222308,0.9783110214567301,{'population_size': 50}
experiment_4_parameter_tuning,pop_50,corridor,perception_aware,0,5,1.0,3.0,0.0,0.9299441840591675,2.988547941905868,0.014775947865022105,0.999222091602085,0.0709856815261161,0.014775947865022232,True,0.0003575303819444436,0.0017608091438016012,0.0007785140105015908,0.0002502712673611105,0.0005282427431404803,5.110209334001411,50,40,3,3,0.9,0.8,0.35,0.25,360.0,72,8.0,0.0,5.070422535211268,0.3,0.999222091602085,0.9759782801517877,{'population_size': 50}
experiment_4_parameter_tuning,pop_50,corridor,perception_aware,0,6,1.0,3.0,0.0,6.9369835809958875,2.7552907556531596,3.127698463828167,0.9965925058151978,5.942024625940518,3.1276984638281675,False,0.004276801215277773,0.0014179468349187912,0.0034191449011700785,0.002993760850694441,0.00042538405047563735,5.012479291995987,50,40,3,3,0.9,0.8,0.35,0.25,360.0,72,8.0,0.0,5.070422535211268,0.3,0.9965925058151978,0.9772781442777762,{'population_size': 50}
experiment_4_parameter_tuning,pop_50,corridor,perception_aware,0,7,1.0,3.0,0.0,1.0081979253519673,3.0015773469997766,-0.013993501476620774,0.9999050379041441,0.008348293456397676,0.013993501476620818,True,1.9531249999999946e-05,0.00027099746503987665,9.497111451196295e-05,1.3671874999999961e-05,8.129923951196299e-05,5.056157125000027,50,40,3,3,0.9,0.8,0.35,0.25,360.0,72,8.0,0.0,5.070422535211268,0.3,0.9999050379041441,0.9811780075681859,{'population_size': 50}
experiment_4_parameter_tuning,pop_50,corridor,perception_aware,0,8,1.0,3.0,0.0,6.977770136076775,2.8990194780439613,3.13311025121331,0.9964216999410271,5.978622990755134,3.13311025121331,False,0.003898654513888886,0.002873640374938253,0.003591150272203696,0.00272905815972222,0.0008620921124814759,5.114807000005385,50,40,3,3,0.9,0.8,0.35,0.25,360.0,72,8.0,0.0,5.070422535211268,0.3,0.9964216999410271,0.9763178824790123,{'population_size': 50}
experiment_4_parameter_tuning,pop_50,corridor,perception_aware,0,9,1.0,3.0,0.0,6.937752428809004,2.8623136418070425,3.1334731119363672,0.9966243873477435,5.939348570260855,3.1334731119363672,False,0.004239908854166665,0.0013970326989893509,0.0033870460076134705,0.0029679361979166653,0.00041910980969680524,4.9916895420028595,50,40,3,3,0.9,0.8,0.35,0.25,360.0,72,8.0,0.0,5.070422535211268,0.3,0.9966243873477435,0.9814075133303386,{'population_size': 50}
experiment_4_parameter_tuning,pop_50,corridor,perception_aware,2,0,3.8,3.0,0.0,3.8309328000423917,3.010855590402011,-0.018600473665793052,0.999535400737648,0.03278234222014701,0.018600473665792983,True,0.0005121527777777784,0.0003543609023783656,0.00046481521515795454,0.0003585069444444448,0.00010630827071350969,5.691495500010205,50,40,3,3,0.9,0.8,0.35,0.25,360.0,72,8.0,0.0,5.070422535211268,0.3,0.999535400737648,0.9831778046308645,{'population_size': 50}
experiment_4_parameter_tuning,pop_50,corridor,perception_aware,2,1,3.8,3.0,0.0,4.377309916164157,2.9310502062630643,-3.1350714594386786,0.9972975969625539,0.581412773645224,3.1350714594386786,False,0.0007996961805555527,0.007166461607710509,0.0027097258087020394,0.0005597873263888869,0.0021499384823131526,5.7611405000061495,50,40,3,3,0.9,0.8,0.35,0.25,360.0,72,8.0,0.0,5.070422535211268,0.3,0.9972975969625539,0.9836505681069703,{'population_size': 50}
experiment_4_parameter_tuning,pop_50,corridor,perception_aware,2,2,3.8,3.0,0.0,4.313337500315272,2.902547850903114,-3.1329714168207676,0.9972215370519516,0.52250579957885,3.1329714168207676,False,0.0012939453124999984,0.006268141982497313,0.0027862043134991928,0.0009057617187499988,0.0018804425947491939,5.786643208004534,50,40,3,3,0.9,0.8,0.35,0.25,360.0,72,8.0,0.0,5.070422535211268,0.3,0.9972215370519516,0.9852448645147541,{'population_size': 50}
experiment_4_parameter_tuning,pop_50,corridor,perception_aware,2,3,3.8,3.0,0.0,3.820890342891091,3.0038869414836555,-0.01272873762722125,0.9995987081165257,0.02124887621039581,0.012728737627221154,True,0.0004166666666666671,0.0003659543887713929,0.00040145298329808483,0.00029166666666666696,0.00010978631663141786,5.711717415993917,50,40,3,3,0.9,0.8,0.35,0.25,360.0,72,8.0,0.0,5.070422535211268,0.3,0.9995987081165257,0.9868891527340002,{'population_size': 50}
experiment_4_parameter_tuning,pop_50,corridor,perception_aware,2,4,3.8,3.0,0.0,3.814233903929383,3.0030490466339117,-0.0006263217514325855,0.9999310398132732,0.014556809624594299,0.0006263217514326236,True,1.573350694444442e-05,0.00019317162566983662,6.896494256206208e-05,1.1013454861111094e-05,5.795148770095098e-05,5.730653125006938,50,40,3,3,0.9,0.8,0.35,0.25,360.0,72,8.0,0.0,5.070422535211268,0.3,0.9999310398132732,0.9846002644919174,{'population_size': 50}
experiment_4_parameter_tuning,pop_50,corridor,perception_aware,2,5,3.8,3.0,0.0,3.8469792814506483,3.0075600957739734,-0.0009459019682700425,0.9992294610926806,0.04758369398996774,0.0009459019682700465,True,0.0004904513888888894,0.0014260570771663095,0.0007711330953721154,0.0003433159722222226,0.00042781712314989283,5.7109362079936545,50,40,3,3,0.9,0.8,0.35,0.25,360.0,72,8.0,0.0,5.070422535211268,0.3,0.9992294610926806,0.9868951530711294,{'population_size': 50}
experiment_4_parameter_tuning,pop_50,corridor,perception_aware,2,6,3.8,3.0,0.0,3.8208376006529705,2.9947754012704633,-0.017713174274681193,0.9996115958238324,0.021482598373040476,0.017713174274681,True,0.0004584418402777783,0.0002254860146459134,0.0003885550925882188,0.0003209092881944448,6.764580439377401e-05,5.733888709000894,50,40,3,3,0.9,0.8,0.35,0.25,360.0,72,8.0,0.0,5.070422535211268,0.3,0.9996115958238324,0.9857394729923266,{'population_size': 50}
experiment_4_parameter_tuning,pop_50,corridor,perception_aware,2,7,3.8,3.0,0.0,4.387085717550277,2.924849503457869,3.1380829499988265,0.9973215365950373,0.5918760316840449,3.138082949998827,False,0.0007530381944444417,0.007195100341372661,0.0026856568385229076,0.0005271267361111092,0.0021585301024117983,5.75120166700799,50,40,3,3,0.9,0.8,0.35,0.25,360.0,72,8.0,0.0,5.070422535211268,0.3,0.9973215365950373,0.9844794814537782,{'population_size': 50}
experiment_4_parameter_tuning,pop_50,corridor,perception_aware,2,8,3.8,3.0,0.0,3.7717946791493446,2.9929450820240184,-0.028749229342508897,0.9988183302394974,0.029074249636684216,0.028749229342508897,True,0.0008767361111111086,0.0018978415937217438,0.001183067755894299,0.000613715277777776,0.0005693524781165231,5.757093624997651,50,40,3,3,0.9,0.8,0.35,0.25,360.0,72,8.0,0.0,5.070422535211268,0.3,0.9988183302394974,0.9841387389498715,{'population_size': 50}
experiment_4_parameter_tuning,pop_50,corridor,perception_aware,2,9,3.8,3.0,0.0,4.305613712898348,2.872548032012562,3.136219458532909,0.9971672609395363,0.5214299864936076,3.136219458532909,False,0.0016786024305555547,0.005552548550983007,0.00284078626668379,0.0011750217013888882,0.001665764565294902,5.735586291993968,50,40,3,3,0.9,0.8,0.35,0.25,360.0,72,8.0,0.0,5.070422535211268,0.3,0.9971672609395363,0.9856456401421196,{'population_size': 50}
experiment_4_parameter_tuning,pop_50,corridor,perception_aware,4,0,6.6,3.0,3.141592653589793,1.581902355797083,2.9212325764894844,-0.00875192729031302,0.9967006740379598,5.018715799261933,3.13284072629948,False,0.0007400173611111101,0.009307451316457518,0.0033102475477150323,0.0005180121527777771,0.0027922353949372553,5.295444874995155,50,40,3,3,0.9,0.8,0.35,0.25,360.0,72,8.0,0.0,5.070422535211268,0.3,0.9967006740379598,0.9800089640299955,{'population_size': 50}
experiment_4_parameter_tuning,pop_50,corridor,perception_aware,4,1,6.6,3.0,3.141592653589793,1.576942297676219,2.939317377821187,-0.018783549077224067,0.9967069426824007,5.023424236664544,3.1228091045125694,False,0.0007758246527777766,0.009202867052657123,0.0033039373727415805,0.0005430772569444436,0.002760860115797137,5.209942208006396,50,40,3,3,0.9,0.8,0.35,0.25,360.0,72,8.0,0.0,5.070422535211268,0.3,0.9967069426824007,0.9779893853759067,{'population_size': 50}
experiment_4_parameter_tuning,pop_50,corridor,perception_aware,4,2,6.6,3.0,3.141592653589793,1.4990405840910523,2.8694431362934165,0.015239153272291724,0.996632876246903,5.102629915779809,3.1263535003175016,False,0.0015006510416666638,0.007760146167045258,0.003378499579280242,0.0010504557291666646,0.0023280438501135773,5.260328583986848,50,40,3,3,0.9,0.8,0.35,0.25,360.0,72,8.0,0.0,5.070422535211268,0.3,0.996632876246903,0.9796921561297178,{'population_size': 50}
experiment_4_parameter_tuning,pop_50,corridor,perception_aware,4,3,6.6,3.0,3.141592653589793,1.5593769430790656,2.937736239350527,-0.02080812728821657,0.9964376624128385,5.041007595496476,3.120784526301577,False,0.0014350043402777764,0.008568567222071263,0.003575073204815822,0.0010045030381944434,0.002570570166621379,5.232800875004614,50,40,3,3,0.9,0.8,0.35,0.25,360.0,72,8.0,0.0,5.070422535211268,0.3,0.9964376624128385,0.979478283938243,{'population_size': 50}
experiment_4_parameter_tuning,pop_50,corridor,perception_aware,4,4,6.6,3.0,3.141592653589793,6.595342999266439,2.9642669380800073,3.1268815197419526,0.9995809148781971,0.03603525176837838,0.014711133847840507,True,0.0003960503472222229,0.00047341861574174207,0.00041926082777807863,0.000277235243055556,0.00014202558472252262,5.1570322920015315,50,40,3,3,0.9,0.8,0.35,0.25,360.0,72,8.0,0.0,5.070422535211268,0.3,0.9995809148781971,0.979537026370193,{'population_size': 50}
experiment_4_parameter_tuning,pop_50,corridor,perception_aware,4,5,6.6,3.0,3.141592653589793,1.5458830246424875,2.8681364852942433,0.00015276252292576752,0.9967781613387131,5.055836863181755,3.1414398910668675,False,0.0007188585069444435,0.009096838341184908,0.003232252457216583,0.0005032009548611104,0.0027290515023554725,5.30784495799162,50,40,3,3,0.9,0.8,0.35,0.25,360.0,72,8.0,0.0,5.070422535211268,0.3,0.9967781613387131,0.9826446146152247,{'population_size': 50}
experiment_4_parameter_tuning,pop_50,corridor,perception_aware,4,6,6.6,3.0,3.141592653589793,6.592099933596799,2.964022941880498,3.1194278606825705,0.9995754756956561,0.03683421996064263,0.02216479290722262,True,0.00041449652777777844,0.00044852344108347225,0.00042470460176948654,0.00029014756944444487,0.00013455703232504167,5.183247875000234,50,40,3,3,0.9,0.8,0.35,0.25,360.0,72,8.0,0.0,5.070422535211268,0.3,0.9995754756956561,0.9801487741621777,{'population_size': 50}
experiment_4_parameter_tuning,pop_50,corridor,perception_aware,4,7,6.6,3.0,3.141592653589793,1.514377645192005,2.8753671969133383,0.005720825682340993,0.9968403199620005,5.087149306962402,3.1358718279074522,False,0.0007199435763888882,0.008885782524565233,0.0031696952608417915,0.0005039605034722217,0.0026657347573695697,5.205221834010445,50,40,3,3,0.9,0.8,0.35,0.25,360.0,72,8.0,0.0,5.070422535211268,0.3,0.9968403199620005,0.9786126628218638,{'population_size': 50}
experiment_4_parameter_tuning,pop_50,corridor,perception_aware,4,8,6.6,3.0,3.141592653589793,6.604404262177968,2.9696699619821474,3.1298812825154676,0.9998992369947259,0.030648144013898572,0.011711371074325516,True,2.1701388888888896e-05,0.00028527395752758755,0.00010077315948049849,1.5190972222222227e-05,8.558218725827626e-05,5.198199708000175,50,40,3,3,0.9,0.8,0.35,0.25,360.0,72,8.0,0.0,5.070422535211268,0.3,0.9998992369947259,0.9786689538083432,{'population_size': 50}
experiment_4_parameter_tuning,pop_50,corridor,perception_aware,4,9,6.6,3.0,3.141592653589793,6.56802468456738,3.001074817271645,3.137234780329777,0.9991485380012041,0.03199337477014502,0.004357873260016021,True,0.000717773437500001,0.0011658206596889265,0.0008521876041566786,0.0005024414062500006,0.0003497461979066779,5.150092791998759,50,40,3,3,0.9,0.8,0.35,0.25,360.0,72,8.0,0.0,5.070422535211268,0.3,0.9991485380012041,0.9787604504621767,{'population_size': 50}
experiment_4_parameter_tuning,pop_150,medium_room,perception_aware,0,0,2.0,2.2,0.0,5.785397667365803,2.620393775541003,2.927547287583767,0.9914315794502523,3.8086699025528694,2.927547287583767,False,0.009258897569444405,0.007204148644885837,0.008642472892076834,0.006481228298611083,0.002161244593465751,17.904862249997677,150,40,3,3,0.9,0.8,0.35,0.25,360.0,72,8.0,0.0,5.070422535211268,0.3,0.9914315794502523,0.9791079044012508,{'population_size': 150}
experiment_4_parameter_tuning,pop_150,medium_room,perception_aware,0,1,2.0,2.2,0.0,2.0351308710174814,2.242091112160773,0.005410854530726539,0.9995638560877351,0.05482553986398734,0.005410854530726539,True,7.975260416666635e-05,0.00126835797953521,0.00043633421677722944,5.582682291666644e-05,0.000380507393860563,17.568901790989912,150,40,3,3,0.9,0.8,0.35,0.25,360.0,72,8.0,0.0,5.070422535211268,0.3,0.9995638560877351,0.9809277819461619,{'population_size': 150}
experiment_4_parameter_tuning,pop_150,medium_room,perception_aware,0,2,2.0,2.2,0.0,5.812881875579732,2.6182825870215627,2.917576312784158,0.9912288407739458,3.8357565772256543,2.917576312784158,False,0.00932128906249996,0.007746236270719042,0.008848773224965684,0.006524902343749972,0.0023238708812157124,18.105803333004587,150,40,3,3,0.9,0.8,0.35,0.25,360.0,72,8.0,0.0,5.070422535211268,0.3,0.9912288407739458,0.9795633511551626,{'population_size': 150}
experiment_4_parameter_tuning,pop_150,medium_room,perception_aware,0,3,2.0,2.2,0.0,1.981901233379079,2.1997802280279393,-0.005794429559562717,0.9998629694533797,0.018100100909063038,0.005794429559562886,True,1.5733506944444403e-05,0.00042011957234458497,0.00013704932656448656,1.1013454861111082e-05,0.00012603587170337548,17.861911415995564,150,40,3,3,0.9,0.8,0.35,0.25,360.0,72,8.0,0.0,5.070422535211268,0.3,0.9998629694533797,0.9781253548097897,{'population_size': 150}
experiment_4_parameter_tuning,pop_150,medium_room,perception_aware,0,4,2.0,2.2,0.0,2.0810515926011783,2.3361159433995367,-0.0730075450441614,0.996774911788596,0.1584200451670596,0.0730075450441614,True,0.002790256076388877,0.004274479350686702,0.0032355230586782243,0.001953179253472214,0.0012823438052060106,17.950107166005182,150,40,3,3,0.9,0.8,0.35,0.25,360.0,72,8.0,0.0,5.070422535211268,0.3,0.996774911788596,0.9736915088648588,{'population_size': 150}
experiment_4_parameter_tuning,pop_150,medium_room,perception_aware,0,5,2.0,2.2,0.0,1.9850550222170469,2.1986219008618972,0.0322699023603347,0.9991954687503566,0.015008381597207686,0.03226990236033478,True,0.00010362413194444378,0.0024421404966082816,0.0008051790413435952,7.253689236111065e-05,0.0007326421489824845,17.990367207996314,150,40,3,3,0.9,0.8,0.35,0.25,360.0,72,8.0,0.0,5.070422535211268,0.3,0.9991954687503566,0.9699161284586468,{'population_size': 150}
experiment_4_parameter_tuning,pop_150,medium_room,perception_aware,0,6,2.0,2.2,0.0,5.744573140164092,2.581849518462198,2.9382705366947253,0.9914327155952718,3.7639921701284367,2.9382705366947253,False,0.009677734374999957,0.006223009876051861,0.008641317025315527,0.006774414062499969,0.0018669029628155583,18.081207249997533,150,40,3,3,0.9,0.8,0.35,0.25,360.0,72,8.0,0.0,5.070422535211268,0.3,0.9914327155952718,0.9782082943398791,{'population_size': 150}
experiment_4_parameter_tuning,pop_150,medium_room,perception_aware,0,7,2.0,2.2,0.0,2.0129259776269213,2.2721145623740164,-0.014161148673697,0.9991724220818647,0.0732638451352886,0.014161148673697,True,7.432725694444429e-05,0.002587447635833275,0.0008282633706110934,5.2029079861110996e-05,0.0007762342907499825,17.72345975000644,150,40,3,3,0.9,0.8,0.35,0.25,360.0,72,8.0,0.0,5.070422535211268,0.3,0.9991724220818647,0.9774639613944935,{'population_size': 150}
experiment_4_parameter_tuning,pop_150,medium_room,perception_aware,0,8,2.0,2.2,0.0,1.995377414618177,2.241064386953443,-0.00559213445747595,0.9995299780264824,0.041323748274742826,0.005592134457475861,True,2.983940972222214e-05,0.0014978513708467586,0.00047024299805958306,2.0887586805555497e-05,0.00044935541125402755,17.67453554199892,150,40,3,3,0.9,0.8,0.35,0.25,360.0,72,8.0,0.0,5.070422535211268,0.3,0.9995299780264824,0.9779512822007761,{'population_size': 150}
experiment_4_parameter_tuning,pop_150,medium_room,perception_aware,0,9,2.0,2.2,0.0,5.729574256725269,2.5928681225861965,2.94102308737992,0.9912775503686869,3.7502092605843003,2.9410230873799197,False,0.009753689236111066,0.00657205915559983,0.008799200211957695,0.006827582465277746,0.001971617746679949,18.16045141700306,150,40,3,3,0.9,0.8,0.35,0.25,360.0,72,8.0,0.0,5.070422535211268,0.3,0.9912775503686869,0.9787558028687331,{'population_size': 150}
experiment_4_parameter_tuning,pop_150,medium_room,perception_aware,2,0,5.5,2.0,-0.8,5.511385854589783,2.003623116821143,-0.806506401089791,0.9996464587022007,0.011948416641518909,0.0065064010897910585,True,1.8446180555555485e-05,0.0011358466902162418,0.0003536663334537614,1.2912326388888838e-05,0.00034075400706487253,17.848721874994226,150,40,3,3,0.9,0.8,0.35,0.25,360.0,72,8.0,0.0,5.070422535211268,0.3,0.9996464587022007,0.9827709584654055,{'population_size': 150}
experiment_4_parameter_tuning,pop_150,medium_room,perception_aware,2,1,5.5,2.0,-0.8,5.490084582766298,2.0045912935504817,-0.8040235401711224,0.9999166027449886,0.010926823664043114,0.004023540171122164,True,8.138020833333311e-06,0.0002590253203679886,8.34042106937299e-05,5.6966145833333175e-06,7.770759611039658e-05,17.855015082997852,150,40,3,3,0.9,0.8,0.35,0.25,360.0,72,8.0,0.0,5.070422535211268,0.3,0.9999166027449886,0.9820737987272563,{'population_size': 150}
experiment_4_parameter_tuning,pop_150,medium_room,perception_aware,2,2,5.5,2.0,-0.8,5.4935575669287156,2.0329767411365074,-0.803396585896225,0.9998006013158307,0.033600154759497736,0.003396585896224824,True,4.177517361111093e-05,0.0005673194346882642,0.00019943845193425691,2.924262152777765e-05,0.00017019583040647925,17.97182295899256,150,40,3,3,0.9,0.8,0.35,0.25,360.0,72,8.0,0.0,5.070422535211268,0.3,0.9998006013158307,0.9816124514726198,{'population_size': 150}
experiment_4_parameter_tuning,pop_150,medium_room,perception_aware,2,3,5.5,2.0,-0.8,5.504553674382041,1.9937162528362549,-0.8117051119206634,0.9996001580152003,0.007760246696821867,0.01170511192066348,True,2.224392361111101e-05,0.0012814372527813432,0.00040000192236218065,1.5570746527777707e-05,0.00038443117583440294,17.82601474999683,150,40,3,3,0.9,0.8,0.35,0.25,360.0,72,8.0,0.0,5.070422535211268,0.3,0.9996001580152003,0.980794592512015,{'population_size': 150}
experiment_4_parameter_tuning,pop_150,medium_room,perception_aware,2,4,5.5,2.0,-0.8,4.019905190652185,3.9709847058193315,2.106704940367816,0.9886882048592144,2.4648450976140595,2.906704940367816,False,0.011263563368055514,0.011855738242606747,0.011441215830420884,0.00788449435763886,0.0035567214727820237,18.926087333005853,150,40,3,3,0.9,0.8,0.35,0.25,360.0,72,8.0,0.0,5.070422535211268,0.3,0.9886882048592144,0.9763482955352005,{'population_size': 150}
experiment_4_parameter_tuning,pop_150,medium_room,perception_aware,2,5,5.5,2.0,-0.8,5.47630903398456,2.0280947220815753,-0.7966799615754854,0.9997532293880224,0.03675017387150297,0.003320038424514671,True,2.983940972222213e-05,0.0007531464531265412,0.00024683152274351783,2.088758680555549e-05,0.00022594393593796235,17.86701400000311,150,40,3,3,0.9,0.8,0.35,0.25,360.0,72,8.0,0.0,5.070422535211268,0.3,0.9997532293880224,0.980690242924764,{'population_size': 150}
experiment_4_parameter_tuning,pop_150,medium_room,perception_aware,2,6,5.5,2.0,-0.8,5.478740407700689,2.0626214141810264,-0.8163698916174933,0.997154722005805,0.06613177586277691,0.01636989161749325,True,0.0027777777777777584,0.0030298408553088674,0.002853396701037091,0.0019444444444444307,0.0009089522565926602,18.984898624999914,150,40,3,3,0.9,0.8,0.35,0.25,360.0,72,8.0,0.0,5.070422535211268,0.3,0.997154722005805,0.968044421963042,{'population_size': 150}
experiment_4_parameter_tuning,pop_150,medium_room,perception_aware,2,7,5.5,2.0,-0.8,5.367309583652345,1.9095326900102547,-0.8474503502834274,0.9969513498350485,0.16059601728341444,0.04745035028342759,True,0.0009532335069444388,0.007969031331790858,0.0030579728543983645,0.0006672634548611072,0.0023907093995372574,19.22272995801177,150,40,3,3,0.9,0.8,0.35,0.25,360.0,72,8.0,0.0,5.070422535211268,0.3,0.9969513498350485,0.9709470245892056,{'population_size': 150}
experiment_4_parameter_tuning,pop_150,medium_room,perception_aware,2,8,5.5,2.0,-0.8,5.49224954210475,1.9911872148685823,-0.8057380133470737,0.9996196663032455,0.011736046155268166,0.005738013347073689,True,8.680555555555532e-06,0.001248006722080152,0.00038047840551293444,6.076388888888872e-06,0.0003744020166240456,17.90479862500797,150,40,3,3,0.9,0.8,0.35,0.25,360.0,72,8.0,0.0,5.070422535211268,0.3,0.9996196663032455,0.9809925098216632,{'population_size': 150}
experiment_4_parameter_tuning,pop_150,medium_room,perception_aware,2,9,5.5,2.0,-0.8,5.489523785540487,1.9918930928576053,-0.8023174937691602,0.9996222516203531,0.013246622694752004,0.0023174937691603503,True,5.425347222222212e-06,0.0012469779478416088,0.0003778911274080382,3.7977430555555482e-06,0.00037409338435248266,17.797011457994813,150,40,3,3,0.9,0.8,0.35,0.25,360.0,72,8.0,0.0,5.070422535211268,0.3,0.9996222516203531,0.9820030863687889,{'population_size': 150}
experiment_4_parameter_tuning,pop_150,medium_room,perception_aware,4,0,7.6,2.8,-2.6,7.55735500099938,2.7972541282689285,-2.68655141971768,0.9972819776157199,0.042733309622896204,0.08655141971767977,True,0.002245551215277766,0.0038451477125981434,0.002725430164473879,0.001571885850694436,0.001153544313779443,15.338858959003119,150,40,3,3,0.9,0.8,0.35,0.25,360.0,72,8.0,0.0,5.070422535211268,0.3,0.9972819776157199,0.9700461944761349,{'population_size': 150}
experiment_4_parameter_tuning,pop_150,medium_room,perception_aware,4,1,7.6,2.8,-2.6,3.647527178681546,5.599479502548742,-1.0290763620882803,0.991723152677132,4.843462283166001,1.5709236379117195,False,0.005254991319444418,0.015558104495008057,0.00834592527211351,0.0036784939236110922,0.004667431348502417,15.022062582997023,150,40,3,3,0.9,0.8,0.35,0.25,360.0,72,8.0,0.0,5.070422535211268,0.3,0.991723152677132,0.9758126434844985,{'population_size': 150}
experiment_4_parameter_tuning,pop_150,medium_room,perception_aware,4,2,7.6,2.8,-2.6,7.51237966489796,2.9746983062621903,-2.5015048877043053,0.9971172883073705,0.19544007095340465,0.09849511229569474,True,0.0019552951388888806,0.005074463822591447,0.00289104574399965,0.0013687065972222163,0.001522339146777434,17.919954083990888,150,40,3,3,0.9,0.8,0.35,0.25,360.0,72,8.0,0.0,5.070422535211268,0.3,0.9971172883073705,0.9714100626893226,{'population_size': 150}
experiment_4_parameter_tuning,pop_150,medium_room,perception_aware,4,3,7.6,2.8,-2.6,7.638566623210123,3.0093054131557717,-2.495897821236115,0.9976383809310098,0.2128288993584752,0.10410217876388517,True,0.001842447916666659,0.003591653248190066,0.002367209516123681,0.0012897135416666612,0.0010774959744570198,18.13258437499462,150,40,3,3,0.9,0.8,0.35,0.25,360.0,72,8.0,0.0,5.070422535211268,0.3,0.9976383809310098,0.9692949870923695,{'population_size': 150}
experiment_4_parameter_tuning,pop_150,medium_room,perception_aware,4,4,7.6,2.8,-2.6,3.6489462830763406,5.575853143321609,-1.0272598694745998,0.9916198888000226,4.828683686814111,1.5727401305253998,False,0.00539767795138886,0.015575187916780392,0.008450930941006319,0.003778374565972202,0.004672556375034117,15.148766041995259,150,40,3,3,0.9,0.8,0.35,0.25,360.0,72,8.0,0.0,5.070422535211268,0.3,0.9916198888000226,0.9764837816452075,{'population_size': 150}
experiment_4_parameter_tuning,pop_150,medium_room,perception_aware,4,5,7.6,2.8,-2.6,7.5801857541322955,3.03598606837953,-2.4757571552644473,0.9979243443751195,0.236816445392912,0.1242428447355528,True,0.002210828993055547,0.0017746421241942537,0.002079972932397159,0.0015475802951388827,0.0005323926372582761,15.701240832990152,150,40,3,3,0.9,0.8,0.35,0.25,360.0,72,8.0,0.0,5.070422535211268,0.3,0.9979243443751195,0.9716254466064781,{'population_size': 150}
experiment_4_parameter_tuning,pop_150,medium_room,perception_aware,4,6,7.6,2.8,-2.6,7.619728253690532,2.9284475750988377,-2.577003312268466,0.999208628718104,0.12995377463717472,0.02299668773153396,True,0.000308702256944443,0.0019196882218137218,0.0007919980464052266,0.00021609157986111007,0.0005759064665441165,16.037020582996774,150,40,3,3,0.9,0.8,0.35,0.25,360.0,72,8.0,0.0,5.070422535211268,0.3,0.999208628718104,0.9710683597285162,{'population_size': 150}
experiment_4_parameter_tuning,pop_150,medium_room,perception_aware,4,7,7.6,2.8,-2.6,7.601590243415498,2.7079369859650746,-2.6221865391652415,0.9961566945576732,0.09207674748445112,0.02218653916524138,True,0.0035438368055555358,0.004591492212124297,0.003858133427526164,0.0024806857638888747,0.0013774476636372892,17.763815124999383,150,40,3,3,0.9,0.8,0.35,0.25,360.0,72,8.0,0.0,5.070422535211268,0.3,0.9961566945576732,0.9695938444990334,{'population_size': 150}
experiment_4_parameter_tuning,pop_150,medium_room,perception_aware,4,8,7.6,2.8,-2.6,3.6278643673664352,5.554688972103561,-1.0265827697642451,0.9917953107582415,4.833856929726636,1.573417230235755,False,0.005565863715277749,0.01458819483376316,0.008272563050823372,0.0038961046006944244,0.004376458450128948,15.320847791997949,150,40,3,3,0.9,0.8,0.35,0.25,360.0,72,8.0,0.0,5.070422535211268,0.3,0.9917953107582415,0.9744653751266492,{'population_size': 150}
experiment_4_parameter_tuning,pop_150,medium_room,perception_aware,4,9,7.6,2.8,-2.6,3.6624388706578146,5.620632023225128,-1.0405764183584294,0.9910930204392601,4.84358882005374,1.5594235816415711,False,0.005247938368055528,0.017711566557810022,0.008987026824981875,0.003673556857638869,0.005313469967343006,16.934583458001725,150,40,3,3,0.9,0.8,0.35,0.25,360.0,72,8.0,0.0,5.070422535211268,0.3,0.9907325474713297,0.9741021049092122,{'population_size': 150}
experiment_4_parameter_tuning,pop_150,complex_room,perception_aware,0,0,1.0,1.6,0.0,0.9996890472557369,1.618945489344503,0.0018998369132198446,0.999917607717065,0.018948041009873236,0.0018998369132199322,True,1.5190972222222181e-05,0.000239217971424047,8.239907198276963e-05,1.0633680555555527e-05,7.17653914272141e-05,14.5164700000023,150,40,3,3,0.9,0.8,0.35,0.25,360.0,72,8.0,0.0,5.070422535211268,0.3,0.999874491838519,0.9886641169927473,{'population_size': 150}
experiment_4_parameter_tuning,pop_150,complex_room,perception_aware,0,1,1.0,1.6,0.0,0.9938643645818326,1.6274755065575577,-0.006216433575876041,0.9999073327519479,0.02815225537286597,0.006216433575875868,True,1.681857638888887e-05,0.00026967610864898846,9.267583606691874e-05,1.1773003472222207e-05,8.090283259469653e-05,14.762764583007083,150,40,3,3,0.9,0.8,0.35,0.25,360.0,72,8.0,0.0,5.070422535211268,0.3,0.9999073327519479,0.9866783927254648,{'population_size': 150}
experiment_4_parameter_tuning,pop_150,complex_room,perception_aware,0,2,1.0,1.6,0.0,1.0022971280153001,1.6276342612056145,-0.006139210021368997,0.9999166359552554,0.027729572472340827,0.006139210021368857,True,1.6276041666666636e-05,0.0002399258857379502,8.33709948880517e-05,1.1393229166666645e-05,7.197776572138505e-05,14.694553583001834,150,40,3,3,0.9,0.8,0.35,0.25,360.0,72,8.0,0.0,5.070422535211268,0.3,0.9999166359552554,0.9852132957837421,{'population_size': 150}
experiment_4_parameter_tuning,pop_150,complex_room,perception_aware,0,3,1.0,1.6,0.0,0.9842717329117194,1.6321635243778874,0.0016670650230442778,0.9998805200873254,0.03580322172664408,0.0016670650230441453,True,3.255208333333328e-05,0.00032235910498868797,0.00011949418982993968,2.2786458333333294e-05,9.670773149660639e-05,14.60735374999058,150,40,3,3,0.9,0.8,0.35,0.25,360.0,72,8.0,0.0,5.070422535211268,0.3,0.9998805200873254,0.9843426723688431,{'population_size': 150}
experiment_4_parameter_tuning,pop_150,complex_room,perception_aware,0,4,1.0,1.6,0.0,0.9947048988047591,1.6081900297167677,-0.008585151858164412,0.9999177988778664,0.009752675706152571,0.00858515185816433,True,1.0308159722222207e-05,0.00024997389302643114,8.220787971348489e-05,7.215711805555545e-06,7.499216790792934e-05,14.582177167001646,150,40,3,3,0.9,0.8,0.35,0.25,360.0,72,8.0,0.0,5.070422535211268,0.3,0.9999177988778664,0.9874461544002334,{'population_size': 150}
experiment_4_parameter_tuning,pop_150,complex_room,perception_aware,0,5,1.0,1.6,0.0,0.9932039750854921,1.6060516063332138,0.0010546930074441243,0.9999174739134143,0.009099884276780898,0.0010546930074442074,True,1.0308159722222212e-05,0.00025105728632434054,8.25328977028577e-05,7.215711805555548e-06,7.531718589730216e-05,14.529113958997186,150,40,3,3,0.9,0.8,0.35,0.25,360.0,72,8.0,0.0,5.070422535211268,0.3,0.9999174739134143,0.9871093505183768,{'population_size': 150}
experiment_4_parameter_tuning,pop_150,complex_room,perception_aware,0,6,1.0,1.6,0.0,0.9934724547680129,1.6265873293764888,-0.007960539198066736,0.9999179184614482,0.027376905050234115,0.00796053919806683,True,1.5733506944444427e-05,0.00023691607207604096,8.208827648392338e-05,1.1013454861111099e-05,7.107482162281228e-05,14.544218166993232,150,40,3,3,0.9,0.8,0.35,0.25,360.0,72,8.0,0.0,5.070422535211268,0.3,0.9999179184614482,0.9865948882067461,{'population_size': 150}
experiment_4_parameter_tuning,pop_150,complex_room,perception_aware,0,7,1.0,1.6,0.0,0.994378310552302,1.6124197531534306,0.004383843265436986,0.9999144183815767,0.013632815580007875,0.0043838432654368376,True,1.573350694444442e-05,0.00024858496134171304,8.5588943263625e-05,1.1013454861111094e-05,7.45754884025139e-05,14.693092457993771,150,40,3,3,0.9,0.8,0.35,0.25,360.0,72,8.0,0.0,5.070422535211268,0.3,0.9999144183815767,0.986383999331575,{'population_size': 150}
experiment_4_parameter_tuning,pop_150,complex_room,perception_aware,0,8,1.0,1.6,0.0,5.288022624351331,3.099487188969634,1.8362046651632753,0.9924476596791942,4.542642387073071,1.836204665163275,False,0.007737087673611084,0.007312836136278294,0.007609812212411247,0.005415961371527759,0.002193850840883488,14.98322658399411,150,40,3,3,0.9,0.8,0.35,0.25,360.0,72,8.0,0.0,5.070422535211268,0.3,0.9924476596791942,0.9804155348656854,{'population_size': 150}
experiment_4_parameter_tuning,pop_150,complex_room,perception_aware,0,9,1.0,1.6,0.0,0.9913252656982129,1.6181021131354774,-0.00728170219483363,0.9999254001208564,0.020073303544165835,0.007281702194833706,True,1.3563368055555543e-05,0.00021703695687303368,7.460544470079898e-05,9.494357638888879e-06,6.51110870619101e-05,14.575753041994176,150,40,3,3,0.9,0.8,0.35,0.25,360.0,72,8.0,0.0,5.070422535211268,0.3,0.9999254001208564,0.9868235682774325,{'population_size': 150}
experiment_4_parameter_tuning,pop_150,complex_room,perception_aware,2,0,4.8,1.5,-1.2,4.848506711717834,1.4327126165536002,-1.1022711366819427,0.9968077652805502,0.08294873749937341,0.09772886331805708,True,0.0016921657986111063,0.006726472190436779,0.003202457716158808,0.0011845160590277742,0.0020179416571310337,13.160206125001423,150,40,3,3,0.9,0.8,0.35,0.25,360.0,72,8.0,0.0,5.070422535211268,0.3,0.9968077652805502,0.9809183628632735,{'population_size': 150}
experiment_4_parameter_tuning,pop_150,complex_room,perception_aware,2,1,4.8,1.5,-1.2,1.478488413511126,2.86969784310297,-2.254660501233646,0.9949229748663385,3.592841688772379,1.0546605012336459,False,0.00555881076388887,0.0040392177242808275,0.005102932852006457,0.0038911675347222084,0.0012117653172842482,12.319874875000096,150,40,3,3,0.9,0.8,0.35,0.25,360.0,72,8.0,0.0,5.070422535211268,0.3,0.9949229748663385,0.9841450063532591,{'population_size': 150}
experiment_4_parameter_tuning,pop_150,complex_room,perception_aware,2,2,4.8,1.5,-1.2,3.083489166552006,4.0471177649345815,1.256860146692909,0.9962531750078621,3.0715172716085553,2.456860146692909,False,0.004079318576388885,0.00301797828185468,0.003760916488028623,0.002855523003472219,0.0009053934845564039,13.048460207995959,150,40,3,3,0.9,0.8,0.35,0.25,360.0,72,8.0,0.0,5.070422535211268,0.3,0.9962531750078621,0.9856077642130602,{'population_size': 150}
experiment_4_parameter_tuning,pop_150,complex_room,perception_aware,2,3,4.8,1.5,-1.2,4.7235914147900395,1.4168061472873497,-1.121615713986666,0.9982371724719349,0.11295790819133436,0.07838428601333369,True,0.0013232421874999952,0.002798903484922209,0.0017659405767266592,0.0009262695312499965,0.0008396710454766626,12.525398790996405,150,40,3,3,0.9,0.8,0.35,0.25,360.0,72,8.0,0.0,5.070422535211268,0.3,0.9982371724719349,0.98689188941873,{'population_size': 150}
experiment_4_parameter_tuning,pop_150,complex_room,perception_aware,2,4,4.8,1.5,-1.2,3.0579457282256137,4.0576815237169095,1.2549996700381216,0.9958788082708936,3.094590096049918,2.454999670038122,False,0.004111328124999996,0.004201055159213583,0.004138246235264071,0.0028779296874999966,0.0012603165477640748,13.1580754579918,150,40,3,3,0.9,0.8,0.35,0.25,360.0,72,8.0,0.0,5.070422535211268,0.3,0.9958788082708936,0.9846769915985626,{'population_size': 150}
experiment_4_parameter_tuning,pop_150,complex_room,perception_aware,2,5,4.8,1.5,-1.2,4.908984210379691,1.4831637230523338,-1.2301661459136486,0.9991516017581935,0.11027700727505828,0.030166145913648634,True,0.00011067708333333329,0.002572148914093346,0.000849118632561337,7.74739583333333e-05,0.0007716446742280038,12.659185666998383,150,40,3,3,0.9,0.8,0.35,0.25,360.0,72,8.0,0.0,5.070422535211268,0.3,0.9991516017581935,0.98220821508422,{'population_size': 150}
experiment_4_parameter_tuning,pop_150,complex_room,perception_aware,2,6,4.8,1.5,-1.2,7.591335655793843,3.6764055117428356,-2.698340526430612,0.9950564886202992,3.5395332594638296,1.498340526430612,False,0.0052973090277777584,0.004199849254177361,0.004968071095697638,0.0037081163194444306,0.0012599547762532082,12.426094791997457,150,40,3,3,0.9,0.8,0.35,0.25,360.0,72,8.0,0.0,5.070422535211268,0.3,0.9950564886202992,0.9882720745726264,{'population_size': 150}
experiment_4_parameter_tuning,pop_150,complex_room,perception_aware,2,7,4.8,1.5,-1.2,7.586036215162681,3.81759318379011,-2.732202490515797,0.9950521741332358,3.623980678445785,1.532202490515797,False,0.005425889756944424,0.003914352492131697,0.004972428577500606,0.0037981228298610966,0.001174305747639509,12.499270666987286,150,40,3,3,0.9,0.8,0.35,0.25,360.0,72,8.0,0.0,5.070422535211268,0.3,0.9950521741332358,0.9885787773243487,{'population_size': 150}
experiment_4_parameter_tuning,pop_150,complex_room,perception_aware,2,8,4.8,1.5,-1.2,7.599211720638165,3.691345803020232,-2.6983199234293864,0.9950459776133641,3.554937789240827,1.4983199234293865,False,0.005368923611111092,0.004068134617605024,0.004978686913059271,0.003758246527777764,0.0012204403852815072,12.628109333003522,150,40,3,3,0.9,0.8,0.35,0.25,360.0,72,8.0,0.0,5.070422535211268,0.3,0.9950459776133641,0.9879674584282194,{'population_size': 150}
experiment_4_parameter_tuning,pop_150,complex_room,perception_aware,2,9,4.8,1.5,-1.2,3.0197597508743943,4.040679498244002,1.2545646190373076,0.9960626481843382,3.102306828378553,2.454564619037308,False,0.004105360243055551,0.0035972122195569137,0.003952915836005959,0.0028737521701388854,0.001079163665867074,13.04336191699258,150,40,3,3,0.9,0.8,0.35,0.25,360.0,72,8.0,0.0,5.070422535211268,0.3,0.9960626481843382,0.9854244440222787,{'population_size': 150}
experiment_4_parameter_tuning,pop_150,complex_room,perception_aware,4,0,6.8,3.0,-2.4,6.7980404045228795,3.0114838671249364,-2.399133246049322,0.9996371224029753,0.011649859165549862,0.0008667539506777011,True,6.510416666666654e-06,0.0011948401110317222,0.0003630093249761833,4.557291666666658e-06,0.00035845203330951665,13.569067375006853,150,40,3,3,0.9,0.8,0.35,0.25,360.0,72,8.0,0.0,5.070422535211268,0.3,0.9996371224029753,0.989389963811505,{'population_size': 150}
experiment_4_parameter_tuning,pop_150,complex_room,perception_aware,4,1,6.8,3.0,-2.4,6.820711522171239,3.0314657750641505,-2.3947079640109563,0.9996133386620643,0.03767044134381017,0.0052920359890435975,True,2.1701388888888866e-05,0.001238733101782746,0.000386810902757046,1.5190972222222205e-05,0.0003716199305348238,13.64838700000837,150,40,3,3,0.9,0.8,0.35,0.25,360.0,72,8.0,0.0,5.070422535211268,0.3,0.9996133386620643,0.9863044162580782,{'population_size': 150}
experiment_4_parameter_tuning,pop_150,complex_room,perception_aware,4,2,6.8,3.0,-2.4,6.982359077771392,3.0866327934776705,-2.3701488051306363,0.9995064921802601,0.20189124337468745,0.029851194869363606,True,0.00041395399305555586,0.0006799456494079913,0.0004937514899612865,0.0002897677951388891,0.00020398369482239737,13.52732508299232,150,40,3,3,0.9,0.8,0.35,0.25,360.0,72,8.0,0.0,5.070422535211268,0.3,0.9995064921802601,0.9878454920199446,{'population_size': 150}
experiment_4_parameter_tuning,pop_150,complex_room,perception_aware,4,3,6.8,3.0,-2.4,6.824967840828661,2.9995868139749025,-2.3952789824809644,0.9996029582067092,0.02497125944634536,0.004721017519035531,True,1.4648437500000001e-05,0.0012898186394728606,0.00039719949809185817,1.025390625e-05,0.00038694559184185816,13.561133041002904,150,40,3,3,0.9,0.8,0.35,0.25,360.0,72,8.0,0.0,5.070422535211268,0.3,0.9996029582067092,0.9875222024020401,{'population_size': 150}
experiment_4_parameter_tuning,pop_150,complex_room,perception_aware,4,4,6.8,3.0,-2.4,6.864106960706632,3.039321018332986,-2.3843606466884295,0.9995338756807735,0.07520535149698264,0.015639353311570403,True,6.347656250000004e-05,0.0014063603289344608,0.00046634169243033827,4.4433593750000026e-05,0.00042190809868033823,13.588315041997703,150,40,3,3,0.9,0.8,0.35,0.25,360.0,72,8.0,0.0,5.070422535211268,0.3,0.9995338756807735,0.9875719273318843,{'population_size': 150}
experiment_4_parameter_tuning,pop_150,complex_room,perception_aware,4,5,6.8,3.0,-2.4,6.756041645562246,2.992217655995178,-2.4400228074784405,0.9994668938181799,0.04464192875632253,0.04002280747844056,True,4.6115451388888806e-05,0.0016703657321326577,0.0005333905356120195,3.228081597222216e-05,0.0005011097196397973,13.60660695900151,150,40,3,3,0.9,0.8,0.35,0.25,360.0,72,8.0,0.0,5.070422535211268,0.3,0.9994668938181799,0.9879467168618615,{'population_size': 150}
experiment_4_parameter_tuning,pop_150,complex_room,perception_aware,4,6,6.8,3.0,-2.4,6.776821713813512,2.99614706756598,-2.4018704171103242,0.9996290162210532,0.02349634096798568,0.0018704171103243183,True,1.4648437500000016e-05,0.0012028918424602938,0.0003711214589880881,1.025390625000001e-05,0.0003608675527380881,13.58785979100503,150,40,3,3,0.9,0.8,0.35,0.25,360.0,72,8.0,0.0,5.070422535211268,0.3,0.9996290162210532,0.988631722171451,{'population_size': 150}
experiment_4_parameter_tuning,pop_150,complex_room,perception_aware,4,7,6.8,3.0,-2.4,6.8101624354499535,2.9775145355582837,-2.4160107524819585,0.9995295399401124,0.02467531571093189,0.0160107524819586,True,2.1158854166666674e-05,0.0015195676627202453,0.00047068149673274026,1.481119791666667e-05,0.0004558702988160736,13.603777917000116,150,40,3,3,0.9,0.8,0.35,0.25,360.0,72,8.0,0.0,5.070422535211268,0.3,0.9995295399401124,0.9881223457823942,{'population_size': 150}
experiment_4_parameter_tuning,pop_150,complex_room,perception_aware,4,8,6.8,3.0,-2.4,6.84289899333038,3.0102223757784654,-2.400758161144727,0.9995951602017915,0.044100120128137174,0.0007581611447271541,True,3.200954861111113e-05,0.001275323586070488,0.00040500375984892415,2.2406684027777788e-05,0.0003825970758211464,13.588200915997731,150,40,3,3,0.9,0.8,0.35,0.25,360.0,72,8.0,0.0,5.070422535211268,0.3,0.9995951602017915,0.9883336370387277,{'population_size': 150}
experiment_4_parameter_tuning,pop_150,complex_room,perception_aware,4,9,6.8,3.0,-2.4,6.827015366753478,3.0864742899900888,-2.3686323488634264,0.9997828276289326,0.0905959870530416,0.03136765113657347,True,6.944444444444439e-05,0.0005620281134664402,0.00021721954515104312,4.861111111111107e-05,0.00016860843403993206,13.658129709001514,150,40,3,3,0.9,0.8,0.35,0.25,360.0,72,8.0,0.0,5.070422535211268,0.3,0.9997828276289326,0.9877933736846035,{'population_size': 150}
experiment_4_parameter_tuning,pop_150,corridor,perception_aware,0,0,1.0,3.0,0.0,1.016192053481589,2.984430127955922,0.005540055628697753,0.9989178657939022,0.022463381566887868,0.005540055628697971,True,0.0007020399305555545,0.001972928459054829,0.0010833064891053368,0.0004914279513888881,0.0005918785377164486,16.230523999998695,150,40,3,3,0.9,0.8,0.35,0.25,360.0,72,8.0,0.0,5.070422535211268,0.3,0.9989178657939022,0.9753934377078055,{'population_size': 150}
experiment_4_parameter_tuning,pop_150,corridor,perception_aware,0,1,1.0,3.0,0.0,6.964313622665776,2.8648932316464055,3.1132665050205834,0.9965085566786833,5.965843681188059,3.113266505020583,False,0.0037543402777777757,0.002918793379231732,0.0035036762082139624,0.002628038194444443,0.0008756380137695197,15.85500549999415,150,40,3,3,0.9,0.8,0.35,0.25,360.0,72,8.0,0.0,5.070422535211268,0.3,0.9965085566786833,0.9756989853641284,{'population_size': 150}
experiment_4_parameter_tuning,pop_150,corridor,perception_aware,0,2,1.0,3.0,0.0,6.972842693395071,2.8901255728005744,-3.1370962613007887,0.9964197718668626,5.9738532146174546,3.1370962613007887,False,0.00390950520833333,0.0028547952572193975,0.0035930922229991504,0.002736653645833331,0.0008564385771658192,16.11551970799337,150,40,3,3,0.9,0.8,0.35,0.25,360.0,72,8.0,0.0,5.070422535211268,0.3,0.9964197718668626,0.9755489486796213,{'population_size': 150}
experiment_4_parameter_tuning,pop_150,corridor,perception_aware,0,3,1.0,3.0,0.0,0.9806414274670155,3.037758767520192,-0.002367603231510055,0.9995384193193236,0.04243204985808167,0.0023676032315100848,True,4.2860243055555554e-05,0.0014393055521681973,0.00046179383578934805,3.0002170138888887e-05,0.0004317916656504592,16.070240375003777,150,40,3,3,0.9,0.8,0.35,0.25,360.0,72,8.0,0.0,5.070422535211268,0.3,0.9995384193193236,0.9761555634174143,{'population_size': 150}
experiment_4_parameter_tuning,pop_150,corridor,perception_aware,0,4,1.0,3.0,0.0,1.0005333780532546,3.0235085209336767,-0.004976669665687035,0.9995891305403961,0.023514570985599767,0.004976669665686995,True,0.0004079861111111116,0.00041816021642585136,0.0004110383427055335,0.0002855902777777781,0.0001254480649277554,16.04299070799607,150,40,3,3,0.9,0.8,0.35,0.25,360.0,72,8.0,0.0,5.070422535211268,0.3,0.9995891305403961,0.9787339130140147,{'population_size': 150}
experiment_4_parameter_tuning,pop_150,corridor,perception_aware,0,5,1.0,3.0,0.0,1.020498598691093,2.9905676345439374,0.03255161656580707,0.9979764344164738,0.022564619792835094,0.03255161656580707,True,0.0019118923611111031,0.0022978135045100914,0.0020276687041307995,0.001338324652777772,0.0006893440513530273,16.22717758300132,150,40,3,3,0.9,0.8,0.35,0.25,360.0,72,8.0,0.0,5.070422535211268,0.3,0.9979764344164738,0.9732781732400128,{'population_size': 150}
experiment_4_parameter_tuning,pop_150,corridor,perception_aware,0,6,1.0,3.0,0.0,0.9944961205274392,3.016858121399904,0.0011580066601365481,0.9996510640602255,0.017733836200393184,0.0011580066601366568,True,0.0004079861111111117,0.00021155820262226677,0.0003490577385644582,0.00028559027777777816,6.346746078668003e-05,16.28769804201147,150,40,3,3,0.9,0.8,0.35,0.25,360.0,72,8.0,0.0,5.070422535211268,0.3,0.999579541590078,0.9791085317918661,{'population_size': 150}
experiment_4_parameter_tuning,pop_150,corridor,perception_aware,0,7,1.0,3.0,0.0,0.9515401163111361,2.979562036011032,0.02575669820100047,0.9992835932260358,0.05259344730242134,0.02575669820100046,True,0.0002799479166666657,0.0017365227963821717,0.0007169203805813175,0.00019596354166666598,0.0005209568389146514,16.105564333993243,150,40,3,3,0.9,0.8,0.35,0.25,360.0,72,8.0,0.0,5.070422535211268,0.3,0.9992835932260358,0.9753495989523371,{'population_size': 150}
experiment_4_parameter_tuning,pop_150,corridor,perception_aware,0,8,1.0,3.0,0.0,6.897814680270482,2.805847447288327,3.095707997980627,0.9964723793423005,5.9010095082569105,3.095707997980627,False,0.0044173177083333326,0.0014932880762180193,0.0035401088186987387,0.003092122395833333,0.00044798642286540577,16.023343166001723,150,40,3,3,0.9,0.8,0.35,0.25,360.0,72,8.0,0.0,5.070422535211268,0.3,0.9964723793423005,0.9755850840478169,{'population_size': 150}
experiment_4_parameter_tuning,pop_150,corridor,perception_aware,0,9,1.0,3.0,0.0,0.9743687941113777,2.991712737333642,0.022354823111598022,0.9996035878517512,0.02693765835788556,0.022354823111597977,True,0.0002815755208333322,0.0006648882952487769,0.0003965693531579656,0.00019710286458333252,0.00019946648857463307,16.078503791999537,150,40,3,3,0.9,0.8,0.35,0.25,360.0,72,8.0,0.0,5.070422535211268,0.3,0.9996035878517512,0.9764703506751842,{'population_size': 150}
experiment_4_parameter_tuning,pop_150,corridor,perception_aware,2,0,3.8,3.0,0.0,3.804489254282686,3.002674238612352,0.0019394139471509142,0.9999705566640827,0.005225414449630621,0.0019394139471509142,True,3.797743055555548e-06,8.928594237976363e-05,2.9444202852817973e-05,2.6584201388888834e-06,2.678578271392909e-05,18.143108417003532,150,40,3,3,0.9,0.8,0.35,0.25,360.0,72,8.0,0.0,5.070422535211268,0.3,0.9999705566640827,0.9851134381726271,{'population_size': 150}
experiment_4_parameter_tuning,pop_150,corridor,perception_aware,2,1,3.8,3.0,0.0,4.386820180285666,2.8903462138629674,3.1235294284322697,0.9975019622075485,0.5969772833238192,3.1235294284322697,False,0.0006656901041666659,0.006794368465407941,0.0025042936125390484,0.0004659830729166661,0.002038310539622382,18.091974333001417,150,40,3,3,0.9,0.8,0.35,0.25,360.0,72,8.0,0.0,5.070422535211268,0.3,0.9975019622075485,0.9831642002308907,{'population_size': 150}
experiment_4_parameter_tuning,pop_150,corridor,perception_aware,2,2,3.8,3.0,0.0,4.347957938153828,2.90399620698604,3.130998974644262,0.9973474540330434,0.5563044402652754,3.130998974644262,False,0.0011680772569444425,0.0061398220005101966,0.0026596006800141685,0.0008176540798611097,0.0018419466001530589,18.04082845899393,150,40,3,3,0.9,0.8,0.35,0.25,360.0,72,8.0,0.0,5.070422535211268,0.3,0.9973474540330434,0.9834524179482858,{'population_size': 150}
experiment_4_parameter_tuning,pop_150,corridor,perception_aware,2,3,3.8,3.0,0.0,3.8441505143079318,3.0051707197256627,-0.013830031253976444,0.9992231626454602,0.04445226941491581,0.013830031253976305,True,0.0004996744791666673,0.0014255638818866632,0.000777441299982666,0.00034977213541666707,0.00042766916456599894,18.04088524999679,150,40,3,3,0.9,0.8,0.35,0.25,360.0,72,8.0,0.0,5.070422535211268,0.3,0.9992231626454602,0.9832088150928427,{'population_size': 150}
experiment_4_parameter_tuning,pop_150,corridor,perception_aware,2,4,3.8,3.0,0.0,3.8122708583450264,2.9774195010449755,-0.0015595471028673892,0.9994706273902662,0.02569927815292814,0.0015595471028673202,True,0.0005105251736111096,0.00057428457331124,0.0005296529935211487,0.0003573676215277767,0.000172285371993372,17.95325612499437,150,40,3,3,0.9,0.8,0.35,0.25,360.0,72,8.0,0.0,5.070422535211268,0.3,0.9994706273902662,0.9827267674283564,{'population_size': 150}
experiment_4_parameter_tuning,pop_150,corridor,perception_aware,2,5,3.8,3.0,0.0,3.835729426577177,3.0067936263922737,-0.024196902718685173,0.9995923342171484,0.03636956534097819,0.02419690271868502,True,0.0004947916666666673,0.00020492625117854088,0.0004078320420202293,0.00034635416666666706,6.147787535356227e-05,18.082439999998314,150,40,3,3,0.9,0.8,0.35,0.25,360.0,72,8.0,0.0,5.070422535211268,0.3,0.9995923342171484,0.9822406261638423,{'population_size': 150}
experiment_4_parameter_tuning,pop_150,corridor,perception_aware,2,6,3.8,3.0,0.0,3.784384503034939,3.010260275743226,-0.008691831353068875,0.9993129307994181,0.01868467296456821,0.008691831353068835,True,2.3871527777777752e-05,0.0022361050659584062,0.0006875415892319662,1.6710069444444425e-05,0.0006708315197875218,18.07180733399582,150,40,3,3,0.9,0.8,0.35,0.25,360.0,72,8.0,0.0,5.070422535211268,0.3,0.9993129307994181,0.9840377241365647,{'population_size': 150}
experiment_4_parameter_tuning,pop_150,corridor,perception_aware,2,7,3.8,3.0,0.0,3.8145870194512934,3.042791952286548,-0.000603087816160513,0.9989708509591574,0.04520986968535328,0.0006030878161604747,True,0.0006212022569444433,0.0019845589995788073,0.0010302092797347525,0.0004348415798611103,0.0005953676998736422,17.989487833998282,150,40,3,3,0.9,0.8,0.35,0.25,360.0,72,8.0,0.0,5.070422535211268,0.3,0.9989708509591574,0.9825904670669244,{'population_size': 150}
experiment_4_parameter_tuning,pop_150,corridor,perception_aware,2,8,3.8,3.0,0.0,3.811540193390516,3.0222682764499336,-0.012172421720348048,0.9992225836736375,0.025080913052382654,0.012172421720348048,True,0.0004058159722222227,0.0016464999738961088,0.0007780211727243884,0.0002840711805555559,0.0004939499921688326,18.049732832994778,150,40,3,3,0.9,0.8,0.35,0.25,360.0,72,8.0,0.0,5.070422535211268,0.3,0.9992225836736375,0.9840996939838378,{'population_size': 150}
experiment_4_parameter_tuning,pop_150,corridor,perception_aware,2,9,3.8,3.0,0.0,3.8137330045294813,3.004659295762438,0.006625661509671635,0.9996007888925786,0.014501877478748374,0.006625661509671588,True,0.0001698133680555544,0.0009350039431278387,0.0003993705405772397,0.00011886935763888807,0.0002805011829383516,18.004735416994663,150,40,3,3,0.9,0.8,0.35,0.25,360.0,72,8.0,0.0,5.070422535211268,0.3,0.9996007888925786,0.9825162002661094,{'population_size': 150}
experiment_4_parameter_tuning,pop_150,corridor,perception_aware,4,0,6.6,3.0,3.141592653589793,6.623665814943296,2.9750658791628886,3.123541671553516,0.9998439849842288,0.03437704435884531,0.018050982036277308,True,4.231770833333336e-05,0.00042138988140345374,0.00015603936025436946,2.962239583333335e-05,0.0001264169644210361,16.421037874999456,150,40,3,3,0.9,0.8,0.35,0.25,360.0,72,8.0,0.0,5.070422535211268,0.3,0.9998439849842288,0.9785931597108117,{'population_size': 150}
experiment_4_parameter_tuning,pop_150,corridor,perception_aware,4,1,6.6,3.0,3.141592653589793,6.591693046011727,2.952537950056254,3.11954791612425,0.9998951100193755,0.04818352072468251,0.02204473746554303,True,5.913628472222224e-05,0.0002116852812706268,0.00010490098368674361,4.1395399305555566e-05,6.350558438118804e-05,16.38781349999772,150,40,3,3,0.9,0.8,0.35,0.25,360.0,72,8.0,0.0,5.070422535211268,0.3,0.9998951100193755,0.9767016720996514,{'population_size': 150}
experiment_4_parameter_tuning,pop_150,corridor,perception_aware,4,2,6.6,3.0,3.141592653589793,6.649546929020834,2.976693123362243,3.129097124019377,0.9992084349107067,0.05475498766325547,0.01249552957041633,True,0.00047634548611111174,0.001529167735580635,0.0007921921609519687,0.0003334418402777782,0.00045875032067419045,16.53633025000454,150,40,3,3,0.9,0.8,0.35,0.25,360.0,72,8.0,0.0,5.070422535211268,0.3,0.9991288698849883,0.9765580346635162,{'population_size': 150}
experiment_4_parameter_tuning,pop_150,corridor,perception_aware,4,3,6.6,3.0,3.141592653589793,6.611981822171915,2.9623086382078374,-3.113256424623243,0.9980311356009508,0.03955000399882519,0.02833622896655008,True,0.0019699435763888776,0.001979293232714142,0.0019727484732864568,0.0013789605034722143,0.0005937879698142425,16.547888792003505,150,40,3,3,0.9,0.8,0.35,0.25,360.0,72,8.0,0.0,5.070422535211268,0.3,0.9980311356009508,0.9736049418284037,{'population_size': 150}
experiment_4_parameter_tuning,pop_150,corridor,perception_aware,4,4,6.6,3.0,3.141592653589793,6.5419209987677975,3.100290041514132,-3.1126592130610895,0.9979703888659638,0.11589332513581804,0.028933440528703613,True,0.0017968750000000025,0.0025864211100513484,0.002033738833015406,0.0012578125000000016,0.0007759263330154046,16.42867149999074,150,40,3,3,0.9,0.8,0.35,0.25,360.0,72,8.0,0.0,5.070422535211268,0.3,0.9977020515428011,0.9750003636530873,{'population_size': 150}
experiment_4_parameter_tuning,pop_150,corridor,perception_aware,4,5,6.6,3.0,3.141592653589793,6.604931739619289,2.9987551105229335,-3.1371590837817256,0.9999682336982249,0.005086433473720015,0.004433569808067972,True,7.5954861111111016e-06,8.816823542461456e-05,3.176731090516214e-05,5.316840277777771e-06,2.645047062738437e-05,16.4546073750098,150,40,3,3,0.9,0.8,0.35,0.25,360.0,72,8.0,0.0,5.070422535211268,0.3,0.9999682336982249,0.9784260611302189,{'population_size': 150}
experiment_4_parameter_tuning,pop_150,corridor,perception_aware,4,6,6.6,3.0,3.141592653589793,6.639348904706925,2.9935512312097243,3.1383506485519144,0.9998296660880761,0.03987383754475054,0.003242005037878748,True,7.649739583333339e-05,0.0003893825114163659,0.00017036293050824312,5.354817708333337e-05,0.00011681475342490975,16.538117874995805,150,40,3,3,0.9,0.8,0.35,0.25,360.0,72,8.0,0.0,5.070422535211268,0.3,0.9998296660880761,0.9792135697658482,{'population_size': 150}
experiment_4_parameter_tuning,pop_150,corridor,perception_aware,4,7,6.6,3.0,3.141592653589793,1.5301120949534002,2.8834428887150474,0.0015201864575284745,0.9968183875513876,5.071227556512218,3.140072467132265,False,0.0007139756944444436,0.008973281431478986,0.003191767415554806,0.0004997829861111105,0.0026919844294436956,16.538001249995432,150,40,3,3,0.9,0.8,0.35,0.25,360.0,72,8.0,0.0,5.070422535211268,0.3,0.9968183875513876,0.9780763703917762,{'population_size': 150}
experiment_4_parameter_tuning,pop_150,corridor,perception_aware,4,8,6.6,3.0,3.141592653589793,6.641708487040335,2.9675149608802447,3.0681578862246894,0.9973787009671856,0.05286658356472288,0.07343476736510368,True,0.002487521701388876,0.0029564103643054166,0.002628188300263838,0.0017412651909722132,0.000886923109291625,16.659599124992383,150,40,3,3,0.9,0.8,0.35,0.25,360.0,72,8.0,0.0,5.070422535211268,0.3,0.9973787009671856,0.9717846076292372,{'population_size': 150}
experiment_4_parameter_tuning,pop_150,corridor,perception_aware,4,9,6.6,3.0,3.141592653589793,1.5251651957920778,2.8687442822716323,5.4654432049708126e-05,0.9968593553690769,5.076531921837628,3.1415379991577432,False,0.0007215711805555547,0.008818131763484796,0.003150539355434327,0.0005050998263888883,0.002645439529045439,16.620925124996575,150,40,3,3,0.9,0.8,0.35,0.25,360.0,72,8.0,0.0,5.070422535211268,0.3,0.9968593553690769,0.9769402187019943,{'population_size': 150}
experiment_4_parameter_tuning,gen_80,medium_room,perception_aware,0,0,2.0,2.2,0.0,5.842910704337412,2.646106375010522,2.975639909144623,0.9915466723417495,3.8687173041379093,2.975639909144623,False,0.00915418836805552,0.007058212544036313,0.008525395620849759,0.006407931857638864,0.0021174637632108938,23.563587415992515,100,80,3,3,0.9,0.8,0.35,0.25,360.0,72,8.0,0.0,5.070422535211268,0.3,0.9915466723417495,0.9810290361189306,{'generations': 80}
experiment_4_parameter_tuning,gen_80,medium_room,perception_aware,0,1,2.0,2.2,0.0,2.000535375658473,2.215539539151215,-0.0022580985592129442,0.9996305481186762,0.015548758925644886,0.0022580985592131064,True,1.1393229166666652e-05,0.0012053772201553274,0.0003695884264632649,7.975260416666656e-06,0.00036161316604659823,23.05715875000169,100,80,3,3,0.9,0.8,0.35,0.25,360.0,72,8.0,0.0,5.070422535211268,0.3,0.9996305481186762,0.9767276672129895,{'generations': 80}
experiment_4_parameter_tuning,gen_80,medium_room,perception_aware,0,2,2.0,2.2,0.0,2.000426874372336,2.20721978520137,-0.0073476646433150074,0.999624918421546,0.007232393800373108,0.007347664643314822,True,8.680555555555527e-06,0.001230486428480652,0.00037522231743308446,6.076388888888868e-06,0.0003691459285441956,22.854744374999427,100,80,3,3,0.9,0.8,0.35,0.25,360.0,72,8.0,0.0,5.070422535211268,0.3,0.999624918421546,0.9797683348552336,{'generations': 80}
experiment_4_parameter_tuning,gen_80,medium_room,perception_aware,0,3,2.0,2.2,0.0,5.892888700895275,2.6725599493551213,2.971633719015541,0.9914830870850214,3.9214659686515985,2.971633719015541,False,0.009181857638888855,0.00720924492821018,0.008590073825685253,0.006427300347222198,0.0021627734784630537,23.681125209011952,100,80,3,3,0.9,0.8,0.35,0.25,360.0,72,8.0,0.0,5.070422535211268,0.3,0.9914830870850214,0.9786090564660497,{'generations': 80}
experiment_4_parameter_tuning,gen_80,medium_room,perception_aware,0,4,2.0,2.2,0.0,5.77119428409228,2.5811237135997263,2.9249978890944255,0.9913654124937625,3.790403885265834,2.924997889094426,False,0.00924804687499996,0.007453867211162487,0.008709792975848719,0.006473632812499972,0.002236160163348746,23.51678020801046,100,80,3,3,0.9,0.8,0.35,0.25,360.0,72,8.0,0.0,5.070422535211268,0.3,0.9913654124937625,0.980166704858465,{'generations': 80}
experiment_4_parameter_tuning,gen_80,medium_room,perception_aware,0,5,2.0,2.2,0.0,1.9995473287642764,2.1970976021671844,0.003485143175200787,0.999951419354879,0.002937486072747432,0.0034851431752009887,True,6.51041666666664e-06,0.00014675237882702126,4.858300531477302e-05,4.5572916666666476e-06,4.4025713648106375e-05,22.815396874997532,100,80,3,3,0.9,0.8,0.35,0.25,360.0,72,8.0,0.0,5.070422535211268,0.3,0.999951419354879,0.9771933108150711,{'generations': 80}
experiment_4_parameter_tuning,gen_80,medium_room,perception_aware,0,6,2.0,2.2,0.0,5.799018026735805,2.646601729597938,2.921911561703137,0.9914230084575967,3.8251785673800223,2.921911561703137,False,0.009302300347222186,0.007131941687971963,0.00865119274944712,0.00651161024305553,0.002139582506391589,23.587827666007797,100,80,3,3,0.9,0.8,0.35,0.25,360.0,72,8.0,0.0,5.070422535211268,0.3,0.9914230084575967,0.9782244426645089,{'generations': 80}
experiment_4_parameter_tuning,gen_80,medium_room,perception_aware,0,7,2.0,2.2,0.0,2.005999817163791,2.2475940562457213,-9.007409876371143e-05,0.9995751819335997,0.047970741039927496,9.007409876371497e-05,True,5.533854166666646e-05,0.0012875387810756904,0.0004249986134893736,3.873697916666652e-05,0.0003862616343227071,22.982395666986122,100,80,3,3,0.9,0.8,0.35,0.25,360.0,72,8.0,0.0,5.070422535211268,0.3,0.9995751819335997,0.9808857948455106,{'generations': 80}
experiment_4_parameter_tuning,gen_80,medium_room,perception_aware,0,8,2.0,2.2,0.0,5.797426196538561,2.6597266822200956,2.920144653299756,0.9914598443469165,3.825152851913557,2.920144653299756,False,0.009280598958333297,0.007057662919919224,0.008613718146809075,0.006496419270833308,0.0021172988759757673,23.676285707988427,100,80,3,3,0.9,0.8,0.35,0.25,360.0,72,8.0,0.0,5.070422535211268,0.3,0.9914598443469165,0.9786311146706058,{'generations': 80}
experiment_4_parameter_tuning,gen_80,medium_room,perception_aware,0,9,2.0,2.2,0.0,1.987604361460661,2.2279715068952655,-0.008792581486762712,0.9994900232918621,0.030595049481735068,0.008792581486762874,True,2.007378472222221e-05,0.0016539508925855473,0.0005102369170812197,1.4051649305555545e-05,0.0004961852677756642,23.181307791994186,100,80,3,3,0.9,0.8,0.35,0.25,360.0,72,8.0,0.0,5.070422535211268,0.3,0.9994900232918621,0.9767241470939125,{'generations': 80}
experiment_4_parameter_tuning,gen_80,medium_room,perception_aware,2,0,5.5,2.0,-0.8,5.498795557627574,2.009363282975689,-0.7942617236996679,0.99991153050825,0.009440431637977434,0.005738276300331968,True,8.13802083333329e-06,0.00027593568236702545,8.847731929344093e-05,5.696614583333302e-06,8.278070471010763e-05,23.29133829199418,100,80,3,3,0.9,0.8,0.35,0.25,360.0,72,8.0,0.0,5.070422535211268,0.3,0.99991153050825,0.9830883587254645,{'generations': 80}
experiment_4_parameter_tuning,gen_80,medium_room,perception_aware,2,1,5.5,2.0,-0.8,5.498661054240243,2.0579100317747194,-0.7976957986362095,0.9996852527137312,0.057925508680516435,0.0023042013637906145,True,6.944444444444421e-05,0.0008874509073417835,0.000314846383313646,4.8611111111110946e-05,0.00026623527220253506,23.212444665987277,100,80,3,3,0.9,0.8,0.35,0.25,360.0,72,8.0,0.0,5.070422535211268,0.3,0.9994195620732246,0.9823694096475281,{'generations': 80}
experiment_4_parameter_tuning,gen_80,medium_room,perception_aware,2,2,5.5,2.0,-0.8,5.501357503059246,1.969291349163153,-0.805860896168369,0.9994815625274995,0.030738641004040005,0.005860896168369045,True,2.0073784722222175e-05,0.0016821824667477097,0.0005187063893298684,1.4051649305555521e-05,0.0005046547400243129,23.499624624993885,100,80,3,3,0.9,0.8,0.35,0.25,360.0,72,8.0,0.0,5.070422535211268,0.3,0.9994815625274995,0.982490972770693,{'generations': 80}
experiment_4_parameter_tuning,gen_80,medium_room,perception_aware,2,3,5.5,2.0,-0.8,5.505414099322738,2.0023770686226854,-0.8062713641178072,0.999656102845396,0.005912945688353931,0.006271364117806932,True,1.573350694444437e-05,0.0011100066856035307,0.00034401546054217024,1.1013454861111058e-05,0.0003330020056810592,23.122570124993217,100,80,3,3,0.9,0.8,0.35,0.25,360.0,72,8.0,0.0,5.070422535211268,0.3,0.999656102845396,0.9813049722165305,{'generations': 80}
experiment_4_parameter_tuning,gen_80,medium_room,perception_aware,2,4,5.5,2.0,-0.8,3.936124506893994,3.9888975433262863,2.127452353651096,0.9892306866790805,2.5301027638787503,2.9274523536510957,False,0.010560438368055518,0.011647490582131319,0.010886554032278258,0.007392306857638862,0.0034942471746393956,24.725486667011864,100,80,3,3,0.9,0.8,0.35,0.25,360.0,72,8.0,0.0,5.070422535211268,0.3,0.9892306866790805,0.9756338050359834,{'generations': 80}
experiment_4_parameter_tuning,gen_80,medium_room,perception_aware,2,5,5.5,2.0,-0.8,5.4939156045003426,2.022729321505551,-0.8053047676384971,0.999869727197839,0.02352959678147839,0.0053047676384969655,True,3.200954861111095e-05,0.00035961030449165103,0.00013028977537527298,2.2406684027777666e-05,0.0001078830913474953,23.159943999999086,100,80,3,3,0.9,0.8,0.35,0.25,360.0,72,8.0,0.0,5.070422535211268,0.3,0.999869727197839,0.982786731188153,{'generations': 80}
experiment_4_parameter_tuning,gen_80,medium_room,perception_aware,2,6,5.5,2.0,-0.8,3.907647768782915,3.997813279649238,2.12656640695165,0.989222348039602,2.5547687818283817,2.9265664069516504,False,0.011169704861111067,0.010254272957259279,0.010895075289955529,0.007818793402777746,0.0030762818871777836,24.9889615830034,100,80,3,3,0.9,0.8,0.35,0.25,360.0,72,8.0,0.0,5.070422535211268,0.3,0.989222348039602,0.9753533686380453,{'generations': 80}
experiment_4_parameter_tuning,gen_80,medium_room,perception_aware,2,7,5.5,2.0,-0.8,5.496485783089511,2.046051317505973,-0.7936429761876588,0.9997794613795912,0.04618520936977435,0.006357023812341378,True,3.3094618055555443e-05,0.0006580701192723538,0.00022058726842059495,2.316623263888881e-05,0.00019742103578170614,23.299329957997543,100,80,3,3,0.9,0.8,0.35,0.25,360.0,72,8.0,0.0,5.070422535211268,0.3,0.9997794613795912,0.9814553275514311,{'generations': 80}
experiment_4_parameter_tuning,gen_80,medium_room,perception_aware,2,8,5.5,2.0,-0.8,5.487470540929922,1.99624243983866,-0.8046169648161122,0.9996388478157983,0.013080772261408835,0.00461696481611229,True,7.5954861111110906e-06,0.0011865527398218605,0.0003612826622243359,5.316840277777763e-06,0.00035596582194655815,23.10021233400039,100,80,3,3,0.9,0.8,0.35,0.25,360.0,72,8.0,0.0,5.070422535211268,0.3,0.9996104180585497,0.9826420347568109,{'generations': 80}
experiment_4_parameter_tuning,gen_80,medium_room,perception_aware,2,9,5.5,2.0,-0.8,5.477110898449093,2.0028897069242144,-0.8059107518106484,0.9998493055764137,0.023070790535124803,0.005910751810648485,True,1.7361111111111053e-05,0.0004618811934675784,0.00015071713581805125,1.2152777777777736e-05,0.00013856435804027352,23.350992541993037,100,80,3,3,0.9,0.8,0.35,0.25,360.0,72,8.0,0.0,5.070422535211268,0.3,0.9998493055764137,0.9809384494607296,{'generations': 80}
experiment_4_parameter_tuning,gen_80,medium_room,perception_aware,4,0,7.6,2.8,-2.6,3.3046975361081357,1.6071648667088168,2.4004040655562786,0.9898155468247707,4.457855864822158,1.282781241623308,False,0.012160373263888826,0.005923274030260855,0.010289243493800435,0.008512261284722178,0.0017769822090782563,23.842775625002105,100,80,3,3,0.9,0.8,0.35,0.25,360.0,72,8.0,0.0,5.070422535211268,0.3,0.9898155468247707,0.9736583659966875,{'generations': 80}
experiment_4_parameter_tuning,gen_80,medium_room,perception_aware,4,1,7.6,2.8,-2.6,3.297462425988167,1.6230781414202735,2.487844101099987,0.9896748173429696,4.460602497083369,1.1953412060795987,False,0.011968315972222168,0.0068502770633707905,0.010432904299566755,0.008377821180555517,0.002055083119011237,24.081473665995873,100,80,3,3,0.9,0.8,0.35,0.25,360.0,72,8.0,0.0,5.070422535211268,0.3,0.9896748173429696,0.9766348225961494,{'generations': 80}
experiment_4_parameter_tuning,gen_80,medium_room,perception_aware,4,2,7.6,2.8,-2.6,3.3115231487812116,1.615831666950186,2.4928111567202076,0.9897487689745562,4.448964862126625,1.1903741504593786,False,0.011897243923611057,0.006764454843141267,0.01035740719947012,0.008328070746527739,0.0020293364529423803,24.069872084000963,100,80,3,3,0.9,0.8,0.35,0.25,360.0,72,8.0,0.0,5.070422535211268,0.3,0.9897487689745562,0.9753690233037393,{'generations': 80}
experiment_4_parameter_tuning,gen_80,medium_room,perception_aware,4,3,7.6,2.8,-2.6,4.0888244081580005,4.05890178725342,-1.389382371951841,0.989116077791565,3.730038571743846,1.2106176280481593,False,0.013120659722222166,0.006064078864956903,0.011003685465042587,0.009184461805555516,0.0018192236594870707,23.533296082998277,100,80,3,3,0.9,0.8,0.35,0.25,360.0,72,8.0,0.0,5.070422535211268,0.3,0.989116077791565,0.9738531267980096,{'generations': 80}
experiment_4_parameter_tuning,gen_80,medium_room,perception_aware,4,4,7.6,2.8,-2.6,7.590989041383248,2.8434246703677513,-2.587815946434874,0.9998912568227497,0.04434973925222869,0.012184053565126085,True,3.526475694444438e-05,0.0002802322458460675,0.00010875500361493132,2.4685329861111063e-05,8.406967375382026e-05,22.655890040987288,100,80,3,3,0.9,0.8,0.35,0.25,360.0,72,8.0,0.0,5.070422535211268,0.3,0.9998912568227497,0.9741564403278073,{'generations': 80}
experiment_4_parameter_tuning,gen_80,medium_room,perception_aware,4,5,7.6,2.8,-2.6,7.597294903090026,2.7883011888427136,-2.604767919597758,0.9999674726985425,0.012007486489111504,0.00476791959775813,True,7.595486111111098e-06,9.070506413165018e-05,3.252835951727282e-05,5.3168402777777685e-06,2.7211519239495053e-05,21.238304667000193,100,80,3,3,0.9,0.8,0.35,0.25,360.0,72,8.0,0.0,5.070422535211268,0.3,0.9999674726985425,0.978878088235484,{'generations': 80}
experiment_4_parameter_tuning,gen_80,medium_room,perception_aware,4,6,7.6,2.8,-2.6,4.0659757627817195,4.053123490010763,-1.388868032498528,0.989062032028503,3.74961941941619,1.2111319675014718,False,0.013455403645833273,0.005467158812314461,0.01105893019577763,0.009418782552083291,0.0016401476436943383,23.605012041996815,100,80,3,3,0.9,0.8,0.35,0.25,360.0,72,8.0,0.0,5.070422535211268,0.3,0.989062032028503,0.9758414185533426,{'generations': 80}
experiment_4_parameter_tuning,gen_80,medium_room,perception_aware,4,7,7.6,2.8,-2.6,3.610347044604403,5.580386214093656,-1.0179440258561572,0.9918897055980617,4.862908409996931,1.5820559741438434,False,0.0053868272569444165,0.014686100097203355,0.008176609109022098,0.0037707790798610914,0.004405830029161006,19.359313124994515,100,80,3,3,0.9,0.8,0.35,0.25,360.0,72,8.0,0.0,5.070422535211268,0.3,0.9918897055980617,0.9761342196030972,{'generations': 80}
experiment_4_parameter_tuning,gen_80,medium_room,perception_aware,4,8,7.6,2.8,-2.6,4.056981049104129,4.061265546291502,-1.3871059768719238,0.9890978503487222,3.760820929620191,1.2128940231280758,False,0.01339572482638883,0.005484364059474792,0.011022316596314618,0.00937700737847218,0.0016453092178424374,23.553643084000214,100,80,3,3,0.9,0.8,0.35,0.25,360.0,72,8.0,0.0,5.070422535211268,0.3,0.9890087246376592,0.9742288501468734,{'generations': 80}
experiment_4_parameter_tuning,gen_80,medium_room,perception_aware,4,9,7.6,2.8,-2.6,7.596023572433363,2.8715846266616776,-2.5786317133231016,0.9998592608729039,0.07169498413755662,0.021368286676898496,True,7.64973958333331e-05,0.00029070253434270235,0.00014075893738614385,5.354817708333316e-05,8.72107603028107e-05,22.98091512499377,100,80,3,3,0.9,0.8,0.35,0.25,360.0,72,8.0,0.0,5.070422535211268,0.3,0.9998592608729039,0.9770958368067671,{'generations': 80}
experiment_4_parameter_tuning,gen_80,complex_room,perception_aware,0,0,1.0,1.6,0.0,1.0200835406701314,1.6155473261972009,0.003813436456461705,0.9998892901749495,0.025398188079683717,0.003813436456461705,True,1.8988715277777727e-05,0.00032476660792832003,0.00011072208307294041,1.3292100694444408e-05,9.7429982378496e-05,19.066312915994786,100,80,3,3,0.9,0.8,0.35,0.25,360.0,72,8.0,0.0,5.070422535211268,0.3,0.9998892901749495,0.9883688907095126,{'generations': 80}
experiment_4_parameter_tuning,gen_80,complex_room,perception_aware,0,1,1.0,1.6,0.0,1.0093640746067707,1.6056467878212015,0.0007293846613350902,0.9999548248383552,0.010934903106056148,0.0007293846613349864,True,6.51041666666665e-06,0.00013539970288530914,4.5177202532259394e-05,4.557291666666655e-06,4.061991086559274e-05,19.09771654100041,100,80,3,3,0.9,0.8,0.35,0.25,360.0,72,8.0,0.0,5.070422535211268,0.3,0.9999548248383552,0.9868688138030393,{'generations': 80}
experiment_4_parameter_tuning,gen_80,complex_room,perception_aware,0,2,1.0,1.6,0.0,0.9970194893874363,1.6034418443142864,-0.002331277422114956,0.9999429128855958,0.004552991960830753,0.002331277422114919,True,6.510416666666669e-06,0.00017511027287431662,5.709037352896165e-05,4.557291666666668e-06,5.2533081862294985e-05,19.038697584008332,100,80,3,3,0.9,0.8,0.35,0.25,360.0,72,8.0,0.0,5.070422535211268,0.3,0.9999429128855958,0.987067851478824,{'generations': 80}
experiment_4_parameter_tuning,gen_80,complex_room,perception_aware,0,3,1.0,1.6,0.0,0.9882620794425936,1.6195700899668743,-0.003501783449636257,0.9999028568117111,0.022820324281734836,0.003501783449636253,True,1.8446180555555532e-05,0.0002808009987193272,9.715262600468702e-05,1.2912326388888872e-05,8.424029961579815e-05,19.061124667001422,100,80,3,3,0.9,0.8,0.35,0.25,360.0,72,8.0,0.0,5.070422535211268,0.3,0.9999028568117111,0.9871493735034196,{'generations': 80}
experiment_4_parameter_tuning,gen_80,complex_room,perception_aware,0,4,1.0,1.6,0.0,7.301386970942887,2.7138205413607124,1.4841340269433267,0.9922468066575334,6.399068209976031,1.4841340269433267,False,0.008673502604166626,0.005807744094187735,0.007813775051172958,0.006071451822916638,0.0017423232282563204,17.39543424999283,100,80,3,3,0.9,0.8,0.35,0.25,360.0,72,8.0,0.0,5.070422535211268,0.3,0.9922468066575334,0.9822740820561667,{'generations': 80}
experiment_4_parameter_tuning,gen_80,complex_room,perception_aware,0,5,1.0,1.6,0.0,1.0000782834071196,1.6131438501268098,-0.002918719933296424,0.9999483342688591,0.013144083248666174,0.0029187199332962876,True,9.223090277777761e-06,0.00015070745810704297,5.166840062655733e-05,6.4561631944444325e-06,4.521223743211289e-05,19.14223754199338,100,80,3,3,0.9,0.8,0.35,0.25,360.0,72,8.0,0.0,5.070422535211268,0.3,0.9999483342688591,0.9872381529939881,{'generations': 80}
experiment_4_parameter_tuning,gen_80,complex_room,perception_aware,0,6,1.0,1.6,0.0,0.9520245971009765,1.6349324112325978,-0.024891668183409082,0.9997714620166859,0.05934570445994342,0.024891668183409266,True,0.00030924479166666703,4.0396235654750756e-05,0.00022859022486309213,0.0002164713541666669,1.2118870696425227e-05,19.16064825000649,100,80,3,3,0.9,0.8,0.35,0.25,360.0,72,8.0,0.0,5.070422535211268,0.3,0.9997714620166859,0.9853824252079039,{'generations': 80}
experiment_4_parameter_tuning,gen_80,complex_room,perception_aware,0,7,1.0,1.6,0.0,1.0116252835689734,1.6037025981299213,0.0016246055153053332,0.9999529836481793,0.01220067420148327,0.0016246055153055217,True,5.96788194444443e-06,0.00014280348366900916,4.701856246181385e-05,4.177517361111101e-06,4.2841045100702746e-05,19.074243666997063,100,80,3,3,0.9,0.8,0.35,0.25,360.0,72,8.0,0.0,5.070422535211268,0.3,0.9999529836481793,0.9866900829076833,{'generations': 80}
experiment_4_parameter_tuning,gen_80,complex_room,perception_aware,0,8,1.0,1.6,0.0,7.305596716469625,2.6965807913526567,1.3979513342783951,0.9920782325669766,6.400237447369913,1.3979513342783951,False,0.008850368923611067,0.005965882270251584,0.007985022927603221,0.0061952582465277465,0.001789764681075475,17.430484041993623,100,80,3,3,0.9,0.8,0.35,0.25,360.0,72,8.0,0.0,5.070422535211268,0.3,0.9920782325669766,0.981595133709251,{'generations': 80}
experiment_4_parameter_tuning,gen_80,complex_room,perception_aware,0,9,1.0,1.6,0.0,5.266604918397394,3.1573061827864377,1.860100111991987,0.9927480888620827,4.541929114004059,1.8601001119919873,False,0.00812662760416664,0.0053874873188468194,0.007304885518570693,0.005688639322916647,0.0016162461956540457,19.745780499986722,100,80,3,3,0.9,0.8,0.35,0.25,360.0,72,8.0,0.0,5.070422535211268,0.3,0.9927480888620827,0.9807040388513103,{'generations': 80}
experiment_4_parameter_tuning,gen_80,complex_room,perception_aware,2,0,4.8,1.5,-1.2,7.593811487917237,3.652415206341796,-2.712020888963762,0.9951306495288168,3.5267937068263184,1.512020888963762,False,0.005211588541666647,0.004150216953548916,0.004893177065231328,0.0036481119791666526,0.0012450650860646748,16.107607042009477,100,80,3,3,0.9,0.8,0.35,0.25,360.0,72,8.0,0.0,5.070422535211268,0.3,0.9951306495288168,0.987746113737678,{'generations': 80}
experiment_4_parameter_tuning,gen_80,complex_room,perception_aware,2,1,4.8,1.5,-1.2,4.715946910014519,1.4617082669450936,-1.1622941396081532,0.9990752861697055,0.09236438034467408,0.037705860391846535,True,0.0002067057291666658,0.002602919023321432,0.0009255697174130956,0.00014469401041666605,0.0007808757069964296,16.226888416000293,100,80,3,3,0.9,0.8,0.35,0.25,360.0,72,8.0,0.0,5.070422535211268,0.3,0.9990752861697055,0.984802981506689,{'generations': 80}
experiment_4_parameter_tuning,gen_80,complex_room,perception_aware,2,2,4.8,1.5,-1.2,1.4573286785817139,2.897195123086248,-2.160723991537869,0.9950242851613643,3.6229277904766835,0.9607239915378694,False,0.005834418402777759,0.0030550116610082775,0.005000596380246914,0.004084092881944431,0.0009165034983024832,15.807582583001931,100,80,3,3,0.9,0.8,0.35,0.25,360.0,72,8.0,0.0,5.070422535211268,0.3,0.9950242851613643,0.9840725082831736,{'generations': 80}
experiment_4_parameter_tuning,gen_80,complex_room,perception_aware,2,3,4.8,1.5,-1.2,3.1287626174676078,4.0350113117517346,1.2526297457455504,0.996188767771026,3.036332778119515,2.4526297457455506,False,0.004183485243055552,0.0029912454058507953,0.003825813291894125,0.0029284396701388864,0.0008973736217552386,17.067115375000867,100,80,3,3,0.9,0.8,0.35,0.25,360.0,72,8.0,0.0,5.070422535211268,0.3,0.996188767771026,0.983505598967097,{'generations': 80}
experiment_4_parameter_tuning,gen_80,complex_room,perception_aware,2,4,4.8,1.5,-1.2,7.599093536852852,3.815187304526411,-2.739544215249402,0.9950941740308016,3.6324945812886873,1.5395442152494019,False,0.005504014756944424,0.0035906713966775672,0.004930011748864366,0.0038528103298610963,0.00107720141900327,16.05913262499962,100,80,3,3,0.9,0.8,0.35,0.25,360.0,72,8.0,0.0,5.070422535211268,0.3,0.9950941740308016,0.9885854166170699,{'generations': 80}
experiment_4_parameter_tuning,gen_80,complex_room,perception_aware,2,5,4.8,1.5,-1.2,4.795094239638855,1.4905050731614815,-1.2095958414915053,0.9999482825193062,0.010687381362606878,0.009595841491505386,True,1.5733506944444448e-05,0.00013568900222930084,5.172015552990136e-05,1.1013454861111112e-05,4.0706700668790253e-05,15.768355249994784,100,80,3,3,0.9,0.8,0.35,0.25,360.0,72,8.0,0.0,5.070422535211268,0.3,0.9999482825193062,0.9841307395598329,{'generations': 80}
experiment_4_parameter_tuning,gen_80,complex_room,perception_aware,2,6,4.8,1.5,-1.2,1.4520561379493604,2.922449055529294,-2.135082769526543,0.9950500858629616,3.637593905182206,0.9350827695265433,False,0.005641818576388872,0.003417548893037026,0.004974537671383318,0.00394927300347221,0.0010252646679111078,15.795652083994355,100,80,3,3,0.9,0.8,0.35,0.25,360.0,72,8.0,0.0,5.070422535211268,0.3,0.9950500858629616,0.9850818239073592,{'generations': 80}
experiment_4_parameter_tuning,gen_80,complex_room,perception_aware,2,7,4.8,1.5,-1.2,7.596857544242558,3.7537051756785824,-2.7594661925842248,0.9950835929053387,3.5918796112435256,1.5594661925842248,False,0.005409613715277758,0.003846559915262208,0.004940697575273092,0.0037867296006944304,0.0011539679745786622,16.051009000002523,100,80,3,3,0.9,0.8,0.35,0.25,360.0,72,8.0,0.0,5.070422535211268,0.3,0.9950835929053387,0.98822546218965,{'generations': 80}
experiment_4_parameter_tuning,gen_80,complex_room,perception_aware,2,8,4.8,1.5,-1.2,4.818324226599384,1.495370306584136,-1.2091159949909354,0.9999552808337574,0.01890003549177834,0.009115994990935405,True,1.0850694444444433e-05,0.00012375226674917784,4.472116613586446e-05,7.595486111111102e-06,3.712568002475335e-05,15.603799333010102,100,80,3,3,0.9,0.8,0.35,0.25,360.0,72,8.0,0.0,5.070422535211268,0.3,0.9999552808337574,0.9846411387191503,{'generations': 80}
experiment_4_parameter_tuning,gen_80,complex_room,perception_aware,2,9,4.8,1.5,-1.2,3.0367375032152735,4.045237485069057,1.2588697093163528,0.9962709662021099,3.09634114528231,2.458869709316353,False,0.00398763020833333,0.003172167980047363,0.0037429915398475393,0.0027913411458333304,0.0009516503940142089,17.053540833003353,100,80,3,3,0.9,0.8,0.35,0.25,360.0,72,8.0,0.0,5.070422535211268,0.3,0.9962709662021099,0.9837700077440477,{'generations': 80}
experiment_4_parameter_tuning,gen_80,complex_room,perception_aware,4,0,6.8,3.0,-2.4,6.813148052711807,3.0373005875533017,-2.3884279070791683,0.999925593649107,0.03955003314706567,0.011572092920831611,True,1.9531249999999983e-05,0.00020246670869964248,7.441188760989273e-05,1.3671874999999987e-05,6.074001260989274e-05,17.706695125001715,100,80,3,3,0.9,0.8,0.35,0.25,360.0,72,8.0,0.0,5.070422535211268,0.3,0.999925593649107,0.9874070495023242,{'generations': 80}
experiment_4_parameter_tuning,gen_80,complex_room,perception_aware,4,1,6.8,3.0,-2.4,6.810610811786426,3.0616218980560514,-2.3781580321413336,0.9998559179692504,0.0625287745505808,0.021841967858666322,True,4.0690104166666644e-05,0.00038539906818640485,0.0001441027933725881,2.848307291666665e-05,0.00011561972045592145,17.667989249996026,100,80,3,3,0.9,0.8,0.35,0.25,360.0,72,8.0,0.0,5.070422535211268,0.3,0.9998559179692504,0.987555057049305,{'generations': 80}
experiment_4_parameter_tuning,gen_80,complex_room,perception_aware,4,2,6.8,3.0,-2.4,6.822147390765175,3.021164638328347,-2.3986720425285752,0.9996267793794403,0.030634112248849262,0.0013279574714246678,True,2.0616319444444428e-05,0.0011964284752895929,0.00037335996619798894,1.4431423611111098e-05,0.00035892854258687783,17.755597791998298,100,80,3,3,0.9,0.8,0.35,0.25,360.0,72,8.0,0.0,5.070422535211268,0.3,0.9996267793794403,0.9888379447959496,{'generations': 80}
experiment_4_parameter_tuning,gen_80,complex_room,perception_aware,4,3,6.8,3.0,-2.4,6.827067851506239,3.040877487138696,-2.3870470537423745,0.999906710700883,0.04902690628561113,0.012952946257625442,True,2.7126736111111106e-05,0.0002476976251482449,9.329800282225125e-05,1.8988715277777775e-05,7.430928754447347e-05,17.67078749999928,100,80,3,3,0.9,0.8,0.35,0.25,360.0,72,8.0,0.0,5.070422535211268,0.3,0.999906710700883,0.9863915516748419,{'generations': 80}
experiment_4_parameter_tuning,gen_80,complex_room,perception_aware,4,4,6.8,3.0,-2.4,6.843674420862486,2.9851197350333325,-2.407484072054492,0.9998985688782605,0.04613975859442505,0.007484072054491975,True,3.255208333333337e-05,0.0002621831757411719,0.00010144141105568493,2.2786458333333355e-05,7.865495272235157e-05,17.723334416994476,100,80,3,3,0.9,0.8,0.35,0.25,360.0,72,8.0,0.0,5.070422535211268,0.3,0.9998985688782605,0.9862854767887049,{'generations': 80}
experiment_4_parameter_tuning,gen_80,complex_room,perception_aware,4,5,6.8,3.0,-2.4,6.795739195518893,3.0042785551708513,-2.398862190433933,0.9996434132119639,0.006038252162359551,0.0011378095660670162,True,4.882812499999994e-06,0.0011776533959369482,0.00035671398753108445,3.417968749999996e-06,0.00035329601878108445,17.68652420899889,100,80,3,3,0.9,0.8,0.35,0.25,360.0,72,8.0,0.0,5.070422535211268,0.3,0.9996434132119639,0.9891907631097662,{'generations': 80}
experiment_4_parameter_tuning,gen_80,complex_room,perception_aware,4,6,6.8,3.0,-2.4,6.813179067104025,3.050016460188112,-2.381857033470337,0.9998775284345999,0.0517236319246956,0.018142966529663074,True,2.5499131944444416e-05,0.00034879058053503977,0.00012248656652162304,1.784939236111109e-05,0.00010463717416051193,17.715107208001427,100,80,3,3,0.9,0.8,0.35,0.25,360.0,72,8.0,0.0,5.070422535211268,0.3,0.9998775284345999,0.9881212946973982,{'generations': 80}
experiment_4_parameter_tuning,gen_80,complex_room,perception_aware,4,7,6.8,3.0,-2.4,6.962599429629383,3.2111740440034033,0.15146210116537667,0.995992128264096,0.2665202644763658,2.5514621011653764,False,0.005343424479166664,0.0009453409132852654,0.004023999409402244,0.0037403971354166648,0.0002836022739855796,17.359238125005504,100,80,3,3,0.9,0.8,0.35,0.25,360.0,72,8.0,0.0,5.070422535211268,0.3,0.995992128264096,0.988034224898404,{'generations': 80}
experiment_4_parameter_tuning,gen_80,complex_room,perception_aware,4,8,6.8,3.0,-2.4,6.808091283025579,3.0223575583513287,-2.390882283958859,0.9999447566515861,0.0237766540209739,0.009117716041140866,True,1.0850694444444433e-05,0.00015883638099597856,5.5246400409904675e-05,7.595486111111102e-06,4.765091429879357e-05,17.674621957994532,100,80,3,3,0.9,0.8,0.35,0.25,360.0,72,8.0,0.0,5.070422535211268,0.3,0.9995214629807503,0.9883733326437771,{'generations': 80}
experiment_4_parameter_tuning,gen_80,complex_room,perception_aware,4,9,6.8,3.0,-2.4,6.76428039560201,2.9685976459116343,-2.4132048318299564,0.999516361197779,0.047560466572984565,0.013204831829956465,True,2.821180555555558e-05,0.001547081860013574,0.0004838728218929611,1.9748263888888905e-05,0.0004641245580040722,17.844651499995962,100,80,3,3,0.9,0.8,0.35,0.25,360.0,72,8.0,0.0,5.070422535211268,0.3,0.9994194644111867,0.989693439599954,{'generations': 80}
experiment_4_parameter_tuning,gen_80,corridor,perception_aware,0,0,1.0,3.0,0.0,6.926771968354726,2.805043799834996,3.116618763628487,0.996781197301927,5.929977561918605,3.1166187636284874,False,0.00411675347222222,0.0011582313834552864,0.00322919684559214,0.002881727430555554,0.0003474694150365859,20.71195962499769,100,80,3,3,0.9,0.8,0.35,0.25,360.0,72,8.0,0.0,5.070422535211268,0.3,0.996781197301927,0.9789089711122435,{'generations': 80}
experiment_4_parameter_tuning,gen_80,corridor,perception_aware,0,1,1.0,3.0,0.0,0.9699511015157332,2.9828654204658047,0.02287133571085619,0.9996337575131683,0.03459089643145199,0.02287133571085631,True,0.00026475694444444344,0.0006034893614109185,0.0003663766695343859,0.0001853298611111104,0.00018104680842327553,20.80872124999587,100,80,3,3,0.9,0.8,0.35,0.25,360.0,72,8.0,0.0,5.070422535211268,0.3,0.9996337575131683,0.9774163149672502,{'generations': 80}
experiment_4_parameter_tuning,gen_80,corridor,perception_aware,0,2,1.0,3.0,0.0,0.9926433121092435,2.996273473662562,-0.005856737710956046,0.9998958488601086,0.008246687532920243,0.0058567377109559615,True,1.8988715277777758e-05,0.00030289962595574554,0.0001041619884811681,1.329210069444443e-05,9.086988778672367e-05,20.93369783399976,100,80,3,3,0.9,0.8,0.35,0.25,360.0,72,8.0,0.0,5.070422535211268,0.3,0.9998958488601086,0.9811421285368673,{'generations': 80}
experiment_4_parameter_tuning,gen_80,corridor,perception_aware,0,3,1.0,3.0,0.0,0.9818298221390267,3.0074020318485024,-0.005529599087708004,0.9998622327162883,0.019620026477699982,0.005529599087708004,True,3.743489583333333e-05,0.00037193946356033997,0.00013778626615143532,2.620442708333333e-05,0.00011158183906810199,20.939306000000215,100,80,3,3,0.9,0.8,0.35,0.25,360.0,72,8.0,0.0,5.070422535211268,0.3,0.9998622327162883,0.9745895000653094,{'generations': 80}
experiment_4_parameter_tuning,gen_80,corridor,perception_aware,0,4,1.0,3.0,0.0,6.912186815505512,2.790279198604307,3.0979378590177165,0.9966970949441555,5.91590532006516,3.0979378590177165,False,0.00418999565972222,0.0012695114241444473,0.003313850389048888,0.002932996961805554,0.0003808534272433342,20.618289833000745,100,80,3,3,0.9,0.8,0.35,0.25,360.0,72,8.0,0.0,5.070422535211268,0.3,0.9966970949441555,0.978172646334189,{'generations': 80}
experiment_4_parameter_tuning,gen_80,corridor,perception_aware,0,5,1.0,3.0,0.0,6.937715381335879,2.8572491289811124,3.130261463983907,0.9966340510984991,5.939431097414073,3.1302614639839064,False,0.004220920138888887,0.0014089089332499003,0.0033773167771971907,0.0029546440972222205,0.00042267267997497007,20.65631387499161,100,80,3,3,0.9,0.8,0.35,0.25,360.0,72,8.0,0.0,5.070422535211268,0.3,0.9966340510984991,0.9765070308629207,{'generations': 80}
experiment_4_parameter_tuning,gen_80,corridor,perception_aware,0,6,1.0,3.0,0.0,6.8887364675937,2.834700999282342,3.1181815145078824,0.9966168185704994,5.891056012669222,3.1181815145078824,False,0.004236111111111111,0.0014312947445798755,0.00339466620115174,0.002965277777777777,0.0004293884233739626,20.727675832997193,100,80,3,3,0.9,0.8,0.35,0.25,360.0,72,8.0,0.0,5.070422535211268,0.3,0.9966168185704994,0.9764588568084696,{'generations': 80}
experiment_4_parameter_tuning,gen_80,corridor,perception_aware,0,7,1.0,3.0,0.0,1.0043361531629589,2.9997303342872605,-0.002232737372381166,0.9999863611499802,0.004344530337017519,0.002232737372381166,True,4.882812499999996e-06,3.407022430199543e-05,1.3639036040598626e-05,3.4179687499999967e-06,1.022106729059863e-05,20.874395791004645,100,80,3,3,0.9,0.8,0.35,0.25,360.0,72,8.0,0.0,5.070422535211268,0.3,0.9999863611499802,0.9773690211852297,{'generations': 80}
experiment_4_parameter_tuning,gen_80,corridor,perception_aware,0,8,1.0,3.0,0.0,6.894925550193781,2.839228806890813,3.1122627905498144,0.996643929360427,5.897117483895094,3.1122627905498144,False,0.00421440972222222,0.0013909499052371804,0.003367371777126708,0.002950086805555554,0.0004172849715711541,20.63804954200168,100,80,3,3,0.9,0.8,0.35,0.25,360.0,72,8.0,0.0,5.070422535211268,0.3,0.996643929360427,0.978384705709801,{'generations': 80}
experiment_4_parameter_tuning,gen_80,corridor,perception_aware,0,9,1.0,3.0,0.0,0.9736391802785214,2.9793243221260575,0.01564371843469744,0.9995759071660691,0.03350188758764697,0.015643718434697362,True,0.0003000217013888876,0.0007141919133265284,0.0004242727649701798,0.0002100151909722213,0.00021425757399795852,21.02400416599994,100,80,3,3,0.9,0.8,0.35,0.25,360.0,72,8.0,0.0,5.070422535211268,0.3,0.9995759071660691,0.9755045352549873,{'generations': 80}
experiment_4_parameter_tuning,gen_80,corridor,perception_aware,2,0,3.8,3.0,0.0,3.8379965819284023,2.9866839873346156,-0.01862890656156669,0.9995590748092138,0.040262345082551776,0.018628906561566794,True,0.0005121527777777784,0.0002753758237530428,0.00044111969157035764,0.0003585069444444448,8.261274712591283e-05,23.61072550000972,100,80,3,3,0.9,0.8,0.35,0.25,360.0,72,8.0,0.0,5.070422535211268,0.3,0.9995590748092138,0.9849913464716599,{'generations': 80}
experiment_4_parameter_tuning,gen_80,corridor,perception_aware,2,1,3.8,3.0,0.0,4.351086615138836,2.8916024020991657,-3.14065770027325,0.9973427532491774,0.5616462379610951,3.14065770027325,False,0.0011452907986111093,0.006208743215977755,0.0026643265238211027,0.0008017035590277765,0.0018626229647933264,23.70134979201248,100,80,3,3,0.9,0.8,0.35,0.25,360.0,72,8.0,0.0,5.070422535211268,0.3,0.9973427532491774,0.9833487415866563,{'generations': 80}
experiment_4_parameter_tuning,gen_80,corridor,perception_aware,2,2,3.8,3.0,0.0,3.821325079810115,2.9881095834336495,-0.01736810846778171,0.9995866052711438,0.02441599957055038,0.017368108467781695,True,0.0004611545138888895,0.0003025251167075779,0.00041356569473449597,0.0003228081597222226,9.075753501227336e-05,23.632728084005066,100,80,3,3,0.9,0.8,0.35,0.25,360.0,72,8.0,0.0,5.070422535211268,0.3,0.9995866052711438,0.9844300310188909,{'generations': 80}
experiment_4_parameter_tuning,gen_80,corridor,perception_aware,2,3,3.8,3.0,0.0,3.8394325551770954,2.993284000426261,-0.03333836798672306,0.9995789359765189,0.04000038822398039,0.03333836798672296,True,0.0005262586805555561,0.00017620105562688934,0.000421241393076956,0.00036838107638888923,5.28603166880668e-05,23.717919916001847,100,80,3,3,0.9,0.8,0.35,0.25,360.0,72,8.0,0.0,5.070422535211268,0.3,0.9995789359765189,0.984896164842416,{'generations': 80}
experiment_4_parameter_tuning,gen_80,corridor,perception_aware,2,4,3.8,3.0,0.0,3.833717158102284,2.966687149775757,0.00957340451732236,0.9994195247886033,0.04739823562704933,0.00957340451732236,True,0.0005875651041666653,0.0005650559521885498,0.0005808123585732306,0.00041129557291666566,0.00016951678565656493,23.611676000000443,100,80,3,3,0.9,0.8,0.35,0.25,360.0,72,8.0,0.0,5.070422535211268,0.3,0.9994195247886033,0.9852270362258696,{'generations': 80}
experiment_4_parameter_tuning,gen_80,corridor,perception_aware,2,5,3.8,3.0,0.0,3.796920952272515,3.00278511422765,-0.009015736735766534,0.999955279861974,0.004151794331272452,0.009015736735766389,True,9.765624999999978e-06,0.0001262873350210148,4.4722138006304426e-05,6.835937499999984e-06,3.788620050630444e-05,23.668830499998876,100,80,3,3,0.9,0.8,0.35,0.25,360.0,72,8.0,0.0,5.070422535211268,0.3,0.999955279861974,0.9846894862873392,{'generations': 80}
experiment_4_parameter_tuning,gen_80,corridor,perception_aware,2,6,3.8,3.0,0.0,3.816145927903227,3.0160424826896555,-0.00961558000239532,0.9992214779654015,0.022760760942993525,0.009615580002395152,True,0.0004117838541666672,0.001636266351557875,0.0007791286033840295,0.000288248697916667,0.0004908799054673625,23.579779749998124,100,80,3,3,0.9,0.8,0.35,0.25,360.0,72,8.0,0.0,5.070422535211268,0.3,0.9992214779654015,0.9829238059560617,{'generations': 80}
experiment_4_parameter_tuning,gen_80,corridor,perception_aware,2,7,3.8,3.0,0.0,4.369497571025264,2.9341241791226147,-3.1303793748177133,0.9973123236085799,0.5732949565275676,3.1303793748177133,False,0.0007817925347222193,0.007158882295105692,0.0026949194628372608,0.0005472547743055534,0.0021476646885317074,23.8262831250031,100,80,3,3,0.9,0.8,0.35,0.25,360.0,72,8.0,0.0,5.070422535211268,0.3,0.9973123236085799,0.9847619056035025,{'generations': 80}
experiment_4_parameter_tuning,gen_80,corridor,perception_aware,2,8,3.8,3.0,0.0,3.802904282446153,3.007071840227587,-0.010684102333053006,0.9996386205347781,0.0076449840242834724,0.010684102333053058,True,1.7361111111111094e-05,0.0011645244325779434,0.0003615101075511608,1.2152777777777765e-05,0.00034935732977338304,23.64298029099882,100,80,3,3,0.9,0.8,0.35,0.25,360.0,72,8.0,0.0,5.070422535211268,0.3,0.9996386205347781,0.9843715465522916,{'generations': 80}
experiment_4_parameter_tuning,gen_80,corridor,perception_aware,2,9,3.8,3.0,0.0,3.8437541655518985,3.0056881481154076,-0.024653966781237983,0.9995825433441691,0.04412235297585312,0.02465396678123799,True,0.0005034722222222228,0.0002173348103846675,0.00041763099867095615,0.0003524305555555559,6.520044311540025e-05,23.634906959006912,100,80,3,3,0.9,0.8,0.35,0.25,360.0,72,8.0,0.0,5.070422535211268,0.3,0.9995825433441691,0.9845000973983966,{'generations': 80}
experiment_4_parameter_tuning,gen_80,corridor,perception_aware,4,0,6.6,3.0,3.141592653589793,6.621094480153444,2.953963922807798,3.1222105583877857,0.9995895190021842,0.05063889311774546,0.0193820952020074,True,0.0004199218750000007,0.0003890141638583355,0.0004106495616575011,0.0002939453125000005,0.00011670424915750065,21.263392124994425,100,80,3,3,0.9,0.8,0.35,0.25,360.0,72,8.0,0.0,5.070422535211268,0.3,0.9995895190021842,0.9788755162145364,{'generations': 80}
experiment_4_parameter_tuning,gen_80,corridor,perception_aware,4,1,6.6,3.0,3.141592653589793,6.612096330943989,2.9815324100400056,3.1383422569765345,0.9999159407479966,0.022076528287685946,0.003250396613258655,True,1.464843749999999e-05,0.00024604137435089063,8.406631855526718e-05,1.0253906249999992e-05,7.381241230526719e-05,21.294244749995414,100,80,3,3,0.9,0.8,0.35,0.25,360.0,72,8.0,0.0,5.070422535211268,0.3,0.9999159407479966,0.9772203452588891,{'generations': 80}
experiment_4_parameter_tuning,gen_80,corridor,perception_aware,4,2,6.6,3.0,3.141592653589793,6.624339410174226,2.998364607025898,-3.141486263840339,0.9999315232094157,0.024394290270655164,0.00010638974945464952,True,3.0381944444444447e-05,0.0001573803962174429,6.848147997634397e-05,2.126736111111111e-05,4.721411886523287e-05,21.50863979200949,100,80,3,3,0.9,0.8,0.35,0.25,360.0,72,8.0,0.0,5.070422535211268,0.3,0.9999315232094157,0.9794184494220706,{'generations': 80}
experiment_4_parameter_tuning,gen_80,corridor,perception_aware,4,3,6.6,3.0,3.141592653589793,1.4943959236166742,2.877862727808128,0.016313981401083488,0.9966154287613617,5.107064763446857,3.12527867218871,False,0.0015370008680555527,0.00773388285497964,0.0033960654641327784,0.0010759006076388868,0.002320164856493892,21.631262875001994,100,80,3,3,0.9,0.8,0.35,0.25,360.0,72,8.0,0.0,5.070422535211268,0.3,0.9966154287613617,0.9781969265620595,{'generations': 80}
experiment_4_parameter_tuning,gen_80,corridor,perception_aware,4,4,6.6,3.0,3.141592653589793,6.599592213085076,2.9726922129168973,3.1343878334466684,0.9999548792087588,0.027310831652369204,0.007204820143124735,True,1.4105902777777779e-05,0.00011749565091491905,4.512282721892016e-05,9.874131944444444e-06,3.5248695274475714e-05,21.250202124996576,100,80,3,3,0.9,0.8,0.35,0.25,360.0,72,8.0,0.0,5.070422535211268,0.3,0.9999548792087588,0.9814150496197765,{'generations': 80}
experiment_4_parameter_tuning,gen_80,corridor,perception_aware,4,5,6.6,3.0,3.141592653589793,1.5442057751858,2.8643287815533234,0.006556648554587035,0.9968269006256361,5.057614252113285,3.135036005035206,False,0.0006879340277777768,0.009005487215993455,0.0031831999842424803,0.00048155381944444374,0.0027016461647980366,21.662886582998908,100,80,3,3,0.9,0.8,0.35,0.25,360.0,72,8.0,0.0,5.070422535211268,0.3,0.9968269006256361,0.9799365321815734,{'generations': 80}
experiment_4_parameter_tuning,gen_80,corridor,perception_aware,4,6,6.6,3.0,3.141592653589793,6.629354928955607,2.967862068462825,3.1286140584773743,0.9998642410130242,0.0435265263658484,0.012978595112418834,True,4.937065972222227e-05,0.0003373931939172394,0.0001357774199807274,3.455946180555559e-05,0.0001012179581751718,21.17696662498929,100,80,3,3,0.9,0.8,0.35,0.25,360.0,72,8.0,0.0,5.070422535211268,0.3,0.9998642410130242,0.9746846221362091,{'generations': 80}
experiment_4_parameter_tuning,gen_80,corridor,perception_aware,4,7,6.6,3.0,3.141592653589793,1.5156850223556975,2.868633237413105,0.009446202474287938,0.9964520087851528,5.086011798866647,3.132146451115505,False,0.0010069444444444416,0.009519210557985361,0.0035606242785067173,0.0007048611111111091,0.002855763167395608,21.579573583003366,100,80,3,3,0.9,0.8,0.35,0.25,360.0,72,8.0,0.0,5.070422535211268,0.3,0.9964520087851528,0.975968240210629,{'generations': 80}
experiment_4_parameter_tuning,gen_80,corridor,perception_aware,4,8,6.6,3.0,3.141592653589793,6.635710618899233,2.997963587767269,-3.1180855555003353,0.9989138679807977,0.035768635380006894,0.023507098089457834,True,0.0005419921874999966,0.002359728177999726,0.0010873129846499154,0.00037939453124999757,0.0007079184533999177,21.41915870801313,100,80,3,3,0.9,0.8,0.35,0.25,360.0,72,8.0,0.0,5.070422535211268,0.3,0.9985002242040967,0.980965105800746,{'generations': 80}
experiment_4_parameter_tuning,gen_80,corridor,perception_aware,4,9,6.6,3.0,3.141592653589793,6.597521414231275,2.987519758288664,3.136361572822552,0.9999775030762661,0.012723986033719716,0.005231080767241103,True,8.138020833333343e-06,5.600271757814912e-05,2.2497429856778073e-05,5.69661458333334e-06,1.6800815273444734e-05,21.619485750008607,100,80,3,3,0.9,0.8,0.35,0.25,360.0,72,8.0,0.0,5.070422535211268,0.3,0.9999775030762661,0.9792875714754224,{'generations': 80}
experiment_4_parameter_tuning,sigma_xy_0_15,medium_room,perception_aware,0,0,2.0,2.2,0.0,5.896961645243275,2.6736535535101713,2.96730783647386,0.9915006554096057,3.9256410627119216,2.96730783647386,False,0.009144422743055524,0.007237022582862511,0.00857220269499762,0.006401095920138867,0.002171106774858753,11.898176874994533,100,40,3,3,0.9,0.8,0.15,0.25,360.0,72,8.0,0.0,5.070422535211268,0.3,0.9915006554096057,0.9848762722136261,{'sigma_xy': 0.15}
experiment_4_parameter_tuning,sigma_xy_0_15,medium_room,perception_aware,0,1,2.0,2.2,0.0,2.0088851404136143,2.2348443040813817,0.007232776955340581,0.9995686765236309,0.035959299869233026,0.007232776955340636,True,6.456163194444413e-05,0.0012877215140905025,0.0004315095965882616,4.519314236111089e-05,0.00038631645422715073,11.591904916989733,100,40,3,3,0.9,0.8,0.15,0.25,360.0,72,8.0,0.0,5.070422535211268,0.3,0.9995686765236309,0.9882330890400973,{'sigma_xy': 0.15}
experiment_4_parameter_tuning,sigma_xy_0_15,medium_room,perception_aware,0,2,2.0,2.2,0.0,1.9799927224280982,2.1858054733963774,0.01597317560012772,0.9995782589641048,0.024531117816766493,0.015973175600127565,True,3.526475694444426e-05,0.0013241121552675418,0.00042191897644137347,2.468532986111098e-05,0.0003972336465802625,11.65193750000617,100,40,3,3,0.9,0.8,0.15,0.25,360.0,72,8.0,0.0,5.070422535211268,0.3,0.9995782589641048,0.9878666907545973,{'sigma_xy': 0.15}
experiment_4_parameter_tuning,sigma_xy_0_15,medium_room,perception_aware,0,3,2.0,2.2,0.0,5.799851886181448,2.613287796557443,2.9096498938568645,0.9914927839476911,3.822261262616674,2.909649893856864,False,0.00925672743055552,0.007001668496803692,0.00858020975042997,0.006479709201388863,0.0021005005490411077,12.03183325000282,100,40,3,3,0.9,0.8,0.15,0.25,360.0,72,8.0,0.0,5.070422535211268,0.3,0.9914927839476911,0.9854816014744607,{'sigma_xy': 0.15}
experiment_4_parameter_tuning,sigma_xy_0_15,medium_room,perception_aware,0,4,2.0,2.2,0.0,5.859133814628358,2.641358874637163,2.980246492597434,0.9914352359510769,3.884290341288741,2.980246492597434,False,0.009087456597222189,0.007591777704617379,0.008638752929440746,0.006361219618055532,0.0022775333113852136,11.796668374998262,100,40,3,3,0.9,0.8,0.15,0.25,360.0,72,8.0,0.0,5.070422535211268,0.3,0.9914352359510769,0.9851967649057536,{'sigma_xy': 0.15}
experiment_4_parameter_tuning,sigma_xy_0_15,medium_room,perception_aware,0,5,2.0,2.2,0.0,1.998598579106525,2.2097361348795586,-0.0007113951314310584,0.9996313110541319,0.00983647817634042,0.0007113951314310363,True,8.680555555555542e-06,0.0012091617955098481,0.00036882492754184326,6.076388888888879e-06,0.0003627485386529544,11.564306750005926,100,40,3,3,0.9,0.8,0.15,0.25,360.0,72,8.0,0.0,5.070422535211268,0.3,0.9996313110541319,0.9865565126769447,{'sigma_xy': 0.15}
experiment_4_parameter_tuning,sigma_xy_0_15,medium_room,perception_aware,0,6,2.0,2.2,0.0,5.847205331113874,2.630986665586986,2.9731842597870664,0.991617551127766,3.8712708979952306,2.9731842597870664,False,0.009108072916666632,0.006925524183889112,0.008453308296833375,0.006375651041666642,0.0020776572551667333,11.852953875000821,100,40,3,3,0.9,0.8,0.15,0.25,360.0,72,8.0,0.0,5.070422535211268,0.3,0.991617551127766,0.9849956832625452,{'sigma_xy': 0.15}
experiment_4_parameter_tuning,sigma_xy_0_15,medium_room,perception_aware,0,7,2.0,2.2,0.0,1.9687190092654987,2.225306229456619,0.07276043899590201,0.9971152993872257,0.04023562638561738,0.07276043899590201,True,0.0032779947916666517,0.001994832769033236,0.002893046184876627,0.002294596354166656,0.0005984498307099708,11.914932624989888,100,40,3,3,0.9,0.8,0.15,0.25,360.0,72,8.0,0.0,5.070422535211268,0.3,0.9971152993872257,0.9703342158218093,{'sigma_xy': 0.15}
experiment_4_parameter_tuning,sigma_xy_0_15,medium_room,perception_aware,0,8,2.0,2.2,0.0,5.743662116469836,2.5754746922809617,2.9371184996561124,0.9913730533412037,3.762444323419935,2.937118499656112,False,0.009729275173611067,0.006305086289211365,0.008702018508291156,0.006810492621527746,0.0018915258867634093,11.826827625001897,100,40,3,3,0.9,0.8,0.15,0.25,360.0,72,8.0,0.0,5.070422535211268,0.3,0.9913730533412037,0.985703606168204,{'sigma_xy': 0.15}
experiment_4_parameter_tuning,sigma_xy_0_15,medium_room,perception_aware,0,9,2.0,2.2,0.0,5.849488508451987,2.6397280026515424,2.977670062414913,0.9916284923128704,3.874522227710124,2.977670062414913,False,0.009114040798611075,0.006874509717365147,0.008442181474237297,0.006379828559027753,0.002062352915209544,11.957357499995851,100,40,3,3,0.9,0.8,0.15,0.25,360.0,72,8.0,0.0,5.070422535211268,0.3,0.9916284923128704,0.9852506581957268,{'sigma_xy': 0.15}
experiment_4_parameter_tuning,sigma_xy_0_15,medium_room,perception_aware,2,0,5.5,2.0,-0.8,5.491573327353042,1.986934246931766,-0.806317874427746,0.9995941281063746,0.015547434358731167,0.006317874427745895,True,8.680555555555547e-06,0.0013332010120592128,0.00040603669250665274,6.076388888888883e-06,0.00039996030361776384,11.830291708989535,100,40,3,3,0.9,0.8,0.15,0.25,360.0,72,8.0,0.0,5.070422535211268,0.3,0.9995941281063746,0.9883905757394018,{'sigma_xy': 0.15}
experiment_4_parameter_tuning,sigma_xy_0_15,medium_room,perception_aware,2,1,5.5,2.0,-0.8,5.4701351585324565,2.000736117738845,-0.8028248332562613,0.9998571217250578,0.029873912117547485,0.002824833256261261,True,1.4648437499999959e-05,0.0004421492860361067,0.00014289869206083198,1.025390624999997e-05,0.000132644785810832,11.791123834002065,100,40,3,3,0.9,0.8,0.15,0.25,360.0,72,8.0,0.0,5.070422535211268,0.3,0.9998571217250578,0.9880715553612227,{'sigma_xy': 0.15}
experiment_4_parameter_tuning,sigma_xy_0_15,medium_room,perception_aware,2,2,5.5,2.0,-0.8,4.036690850721408,3.9999631416485406,2.1245718198087964,0.9890246317131912,2.4781295838424464,2.924571819808796,False,0.011448567708333293,0.01027722116675084,0.011097163745858556,0.008013997395833304,0.003083166350025252,12.684299291999196,100,40,3,3,0.9,0.8,0.15,0.25,360.0,72,8.0,0.0,5.070422535211268,0.3,0.9890246317131912,0.982074944777109,{'sigma_xy': 0.15}
experiment_4_parameter_tuning,sigma_xy_0_15,medium_room,perception_aware,2,3,5.5,2.0,-0.8,5.512467338811345,2.0232354921522386,-0.8037504362682913,0.9996064486976909,0.026368971018862635,0.0037504362682914127,True,3.0924479166666534e-05,0.001240197034994418,0.00039370624591499194,2.1647135416666573e-05,0.0003720591104983254,11.834452541006613,100,40,3,3,0.9,0.8,0.15,0.25,360.0,72,8.0,0.0,5.070422535211268,0.3,0.9996064486976909,0.9876657546052396,{'sigma_xy': 0.15}
experiment_4_parameter_tuning,sigma_xy_0_15,medium_room,perception_aware,2,4,5.5,2.0,-0.8,4.009193158045646,3.996169809246634,2.118940055949949,0.9892567882137338,2.491425083634998,2.9189400559499488,False,0.01111328124999996,0.010268616404595532,0.010859881796378631,0.007779296874999972,0.0030805849213786595,12.274383625001065,100,40,3,3,0.9,0.8,0.15,0.25,360.0,72,8.0,0.0,5.070422535211268,0.3,0.9892567882137338,0.9825547346914363,{'sigma_xy': 0.15}
experiment_4_parameter_tuning,sigma_xy_0_15,medium_room,perception_aware,2,5,5.5,2.0,-0.8,5.4977671921068385,2.0026948427646114,-0.7997227082740704,0.9999678123200277,0.00349965835671751,0.00027729172592971807,True,2.1701388888888783e-06,0.00010223206276704112,3.218871605233455e-05,1.5190972222222147e-06,3.066961883011234e-05,11.807911500000046,100,40,3,3,0.9,0.8,0.15,0.25,360.0,72,8.0,0.0,5.070422535211268,0.3,0.9999678123200277,0.987868691156016,{'sigma_xy': 0.15}
experiment_4_parameter_tuning,sigma_xy_0_15,medium_room,perception_aware,2,6,5.5,2.0,-0.8,3.960541823386188,4.032842836834751,2.130366696285187,0.9894387543481431,2.549976760053605,2.930366696285187,False,0.010793728298611074,0.01039455442294168,0.010673976135910255,0.0075556098090277515,0.003118366326882504,12.396096041993587,100,40,3,3,0.9,0.8,0.15,0.25,360.0,72,8.0,0.0,5.070422535211268,0.3,0.9894387543481431,0.9815642856369691,{'sigma_xy': 0.15}
experiment_4_parameter_tuning,sigma_xy_0_15,medium_room,perception_aware,2,7,5.5,2.0,-0.8,3.939100243526204,3.977694244101555,2.1272135455363554,0.9892067055253029,2.5194607702666016,2.9272135455363557,False,0.010530598958333295,0.01179880498582962,0.010911060766582192,0.007371419270833306,0.003539641495748886,12.541957082998124,100,40,3,3,0.9,0.8,0.15,0.25,360.0,72,8.0,0.0,5.070422535211268,0.3,0.9892067055253029,0.9821138085410355,{'sigma_xy': 0.15}
experiment_4_parameter_tuning,sigma_xy_0_15,medium_room,perception_aware,2,8,5.5,2.0,-0.8,5.488802944139851,1.999702666519513,-0.8031369838332234,0.9996350787766436,0.011201002952142602,0.0031369838332233613,True,4.340277777777767e-06,0.0012067208167488863,0.0003650544394691103,3.0381944444444366e-06,0.00036201624502466587,11.85316754199448,100,40,3,3,0.9,0.8,0.15,0.25,360.0,72,8.0,0.0,5.070422535211268,0.3,0.9996350787766436,0.9878898481494666,{'sigma_xy': 0.15}
experiment_4_parameter_tuning,sigma_xy_0_15,medium_room,perception_aware,2,9,5.5,2.0,-0.8,5.496224400316511,2.017684747465772,-0.8093620386368747,0.9998670590142821,0.01808329189882441,0.009362038636874459,True,4.014756944444423e-05,0.00034951787587449097,0.00013295866137345825,2.8103298611110958e-05,0.00010485536276234729,11.946364500006894,100,40,3,3,0.9,0.8,0.15,0.25,360.0,72,8.0,0.0,5.070422535211268,0.3,0.9998670590142821,0.9879567570016657,{'sigma_xy': 0.15}
experiment_4_parameter_tuning,sigma_xy_0_15,medium_room,perception_aware,4,0,7.6,2.8,-2.6,3.3287473696614605,1.6048572639049583,2.421501251386345,0.9894456382638591,4.43530891729253,1.261684055793241,False,0.012215169270833272,0.007054420125726827,0.010666944527301337,0.00855061848958329,0.002116326037718048,11.91334995899524,100,40,3,3,0.9,0.8,0.15,0.25,360.0,72,8.0,0.0,5.070422535211268,0.3,0.9894456382638591,0.9817508572121173,{'sigma_xy': 0.15}
experiment_4_parameter_tuning,sigma_xy_0_15,medium_room,perception_aware,4,1,7.6,2.8,-2.6,4.216894845506155,4.065492809253347,-1.3847658009616983,0.9888766973451656,3.6120454782068774,1.215234199038302,False,0.013663194444444382,0.005613953829703279,0.01124842226002205,0.009564236111111067,0.0016841861489109836,11.755371292005293,100,40,3,3,0.9,0.8,0.15,0.25,360.0,72,8.0,0.0,5.070422535211268,0.3,0.9887922712757881,0.9810870343096654,{'sigma_xy': 0.15}
experiment_4_parameter_tuning,sigma_xy_0_15,medium_room,perception_aware,4,2,7.6,2.8,-2.6,3.620232699936566,5.56017016525698,-1.0238952952009397,0.9918246336102821,4.843251707667994,1.5761047047990608,False,0.005516493055555528,0.014604029280702294,0.008242753923099557,0.0038615451388888692,0.004381208784210688,10.330548666999675,100,40,3,3,0.9,0.8,0.15,0.25,360.0,72,8.0,0.0,5.070422535211268,0.3,0.9918246336102821,0.9798432578032894,{'sigma_xy': 0.15}
experiment_4_parameter_tuning,sigma_xy_0_15,medium_room,perception_aware,4,3,7.6,2.8,-2.6,2.6113451380370156,4.0920405356010585,0.5782088373914734,0.9898295360534897,5.153255871526582,3.104976469788113,False,0.011316731770833267,0.007844176230388578,0.010274965108699859,0.007921712239583286,0.002353252869116573,11.574853750003967,100,40,3,3,0.9,0.8,0.15,0.25,360.0,72,8.0,0.0,5.070422535211268,0.3,0.9898295360534897,0.9820825290208995,{'sigma_xy': 0.15}
experiment_4_parameter_tuning,sigma_xy_0_15,medium_room,perception_aware,4,4,7.6,2.8,-2.6,3.5903036533611536,5.592972089156484,-0.9821130490663584,0.9918389946274974,4.886548667828454,1.6178869509336415,False,0.0055202907986110815,0.014546506112806203,0.008228155392869618,0.003864203559027757,0.004363951833841861,10.040963833002024,100,40,3,3,0.9,0.8,0.15,0.25,360.0,72,8.0,0.0,5.070422535211268,0.3,0.9918389946274974,0.9812092071584533,{'sigma_xy': 0.15}
experiment_4_parameter_tuning,sigma_xy_0_15,medium_room,perception_aware,4,5,7.6,2.8,-2.6,3.592004157847633,5.580218946038424,-0.994619454885534,0.9917578851992953,4.87787331309677,1.6053805451144658,False,0.005557725694444415,0.014734012770854982,0.008310611817367584,0.00389040798611109,0.004420203831256494,9.826973000002909,100,40,3,3,0.9,0.8,0.15,0.25,360.0,72,8.0,0.0,5.070422535211268,0.3,0.9917578851992953,0.9797769013488675,{'sigma_xy': 0.15}
experiment_4_parameter_tuning,sigma_xy_0_15,medium_room,perception_aware,4,6,7.6,2.8,-2.6,3.3514556503958906,1.6259588735950885,2.4248343328082633,0.9896839960494789,4.407777405568834,1.2583509743713233,False,0.01234157986111105,0.0059480908566596205,0.010423533159775622,0.008639105902777736,0.001784427256997886,11.85866412500036,100,40,3,3,0.9,0.8,0.15,0.25,360.0,72,8.0,0.0,5.070422535211268,0.3,0.9896815433233531,0.980788392463424,{'sigma_xy': 0.15}
experiment_4_parameter_tuning,sigma_xy_0_15,medium_room,perception_aware,4,7,7.6,2.8,-2.6,2.5745804948477313,3.951947106687453,0.5851758974941542,0.9906158751572823,5.155756330488327,3.0980094096854316,False,0.01046386718749994,0.007161046072634652,0.009473020853040352,0.007324707031249957,0.0021483138217903955,11.500752582986024,100,40,3,3,0.9,0.8,0.15,0.25,360.0,72,8.0,0.0,5.070422535211268,0.3,0.9906158751572823,0.9814408411826636,{'sigma_xy': 0.15}
experiment_4_parameter_tuning,sigma_xy_0_15,medium_room,perception_aware,4,8,7.6,2.8,-2.6,4.150646778057871,4.131138361802486,-1.2819673300544816,0.9888480893144024,3.697291845119175,1.3180326699455183,False,0.013152126736111044,0.006903965439964926,0.011277678347267207,0.00920648871527773,0.002071189631989478,11.856629292000434,100,40,3,3,0.9,0.8,0.15,0.25,360.0,72,8.0,0.0,5.070422535211268,0.3,0.9888480893144024,0.9816831014312943,{'sigma_xy': 0.15}
experiment_4_parameter_tuning,sigma_xy_0_15,medium_room,perception_aware,4,9,7.6,2.8,-2.6,7.598224597459079,2.8508282110988143,-2.5854718122385627,0.9999554559342471,0.050859208582988785,0.014528187761437383,True,2.7669270833333298e-05,8.39252014393788e-05,4.454605001514695e-05,1.9368489583333308e-05,2.517756043181364e-05,11.085318832992925,100,40,3,3,0.9,0.8,0.15,0.25,360.0,72,8.0,0.0,5.070422535211268,0.3,0.9999554559342471,0.9862150615872366,{'sigma_xy': 0.15}
experiment_4_parameter_tuning,sigma_xy_0_15,complex_room,perception_aware,0,0,1.0,1.6,0.0,0.9940433675234649,1.6374676379220454,-0.004253791427044197,0.9998926301199558,0.03793817815760269,0.0042537914270441846,True,2.4956597222222186e-05,0.0002997059717257643,0.00010738140957328481,1.7469618055555528e-05,8.991179151772929e-05,9.796841958988807,100,40,3,3,0.9,0.8,0.15,0.25,360.0,72,8.0,0.0,5.070422535211268,0.3,0.9998926301199558,0.9927790345597723,{'sigma_xy': 0.15}
experiment_4_parameter_tuning,sigma_xy_0_15,complex_room,perception_aware,0,1,1.0,1.6,0.0,1.0109658786859625,1.6179714269847796,0.0034884845837922923,0.9998887152860853,0.02105285451487537,0.0034884845837921397,True,1.736111111111107e-05,0.00033048107267613186,0.0001112970995806173,1.2152777777777748e-05,9.914432180283956e-05,9.839155374997063,100,40,3,3,0.9,0.8,0.15,0.25,360.0,72,8.0,0.0,5.070422535211268,0.3,0.9998887152860853,0.9927102822723165,{'sigma_xy': 0.15}
experiment_4_parameter_tuning,sigma_xy_0_15,complex_room,perception_aware,0,2,1.0,1.6,0.0,0.9870022778022223,1.6299918902131114,0.0012709473450916396,0.9998845168199022,0.03268721861654685,0.0012709473450915887,True,2.6584201388888857e-05,0.00032295859010244253,0.00011549651800295496,1.8608940972222198e-05,9.688757703073276e-05,9.796262415999081,100,40,3,3,0.9,0.8,0.15,0.25,360.0,72,8.0,0.0,5.070422535211268,0.3,0.9998845168199022,0.9916184834868421,{'sigma_xy': 0.15}
experiment_4_parameter_tuning,sigma_xy_0_15,complex_room,perception_aware,0,3,1.0,1.6,0.0,5.253569110649084,3.1036718755175277,1.8434406792069455,0.9926384017427622,4.511527378647994,1.843440679206946,False,0.007849934895833308,0.006404129552581517,0.007416193292857771,0.005494954427083316,0.001921238865774455,10.007112375009456,100,40,3,3,0.9,0.8,0.15,0.25,360.0,72,8.0,0.0,5.070422535211268,0.3,0.9926384017427622,0.9864265723543126,{'sigma_xy': 0.15}
experiment_4_parameter_tuning,sigma_xy_0_15,complex_room,perception_aware,0,4,1.0,1.6,0.0,0.9886548281405165,1.6189988936372743,-0.004992196371935274,0.9999099147347487,0.022128508398933617,0.004992196371935265,True,1.573350694444443e-05,0.0002635997549210658,9.009338133743084e-05,1.10134548611111e-05,7.907992647631974e-05,9.856348291999893,100,40,3,3,0.9,0.8,0.15,0.25,360.0,72,8.0,0.0,5.070422535211268,0.3,0.9999099147347487,0.9912322965346754,{'sigma_xy': 0.15}
experiment_4_parameter_tuning,sigma_xy_0_15,complex_room,perception_aware,0,5,1.0,1.6,0.0,0.9919117733970394,1.6167186377825777,0.0029258813810493223,0.9999012531862201,0.018572352001991362,0.0029258813810493223,True,1.9531249999999963e-05,0.000283615635586933,9.875656567607987e-05,1.3671874999999973e-05,8.50846906760799e-05,9.801742583993473,100,40,3,3,0.9,0.8,0.15,0.25,360.0,72,8.0,0.0,5.070422535211268,0.3,0.9999012531862201,0.9923025484585437,{'sigma_xy': 0.15}
experiment_4_parameter_tuning,sigma_xy_0_15,complex_room,perception_aware,0,6,1.0,1.6,0.0,1.0085611294200265,1.6017869172847947,-0.0012539457055630184,0.9999614747655853,0.008745628069449406,0.00125394570556292,True,5.425347222222208e-06,0.00011576325203304452,3.85267186654689e-05,3.7977430555555453e-06,3.4728975609913355e-05,9.86758083300083,100,40,3,3,0.9,0.8,0.15,0.25,360.0,72,8.0,0.0,5.070422535211268,0.3,0.9999614747655853,0.992216478210637,{'sigma_xy': 0.15}
experiment_4_parameter_tuning,sigma_xy_0_15,complex_room,perception_aware,0,7,1.0,1.6,0.0,0.9997592045257431,1.6184418164402223,0.003376481581202224,0.9999184041897653,0.018443388410898747,0.0033764815812022952,True,1.7361111111111074e-05,0.00023149896958845942,8.160246865431559e-05,1.2152777777777752e-05,6.944969087653783e-05,9.849392458010698,100,40,3,3,0.9,0.8,0.15,0.25,360.0,72,8.0,0.0,5.070422535211268,0.3,0.9999184041897653,0.9926055888332318,{'sigma_xy': 0.15}
experiment_4_parameter_tuning,sigma_xy_0_15,complex_room,perception_aware,0,8,1.0,1.6,0.0,1.0213576788779875,1.614923632617909,0.0013264996594894358,0.999886522961837,0.02605504284336427,0.0013264996594894995,True,1.6818576388888845e-05,0.0003390563773015808,0.00011348991666269643,1.177300347222219e-05,0.00010171691319047423,9.79888616700191,100,40,3,3,0.9,0.8,0.15,0.25,360.0,72,8.0,0.0,5.070422535211268,0.3,0.999886522961837,0.9921694352932768,{'sigma_xy': 0.15}
experiment_4_parameter_tuning,sigma_xy_0_15,complex_room,perception_aware,0,9,1.0,1.6,0.0,0.9926236585798478,1.6072815306152908,-0.004038046007543095,0.9999144904904669,0.010364897531961835,0.004038046007543095,True,9.765624999999988e-06,0.00026226961511503717,8.551682203451114e-05,6.835937499999992e-06,7.868088453451115e-05,9.786149624997051,100,40,3,3,0.9,0.8,0.15,0.25,360.0,72,8.0,0.0,5.070422535211268,0.3,0.9999144904904669,0.9920457427203963,{'sigma_xy': 0.15}
experiment_4_parameter_tuning,sigma_xy_0_15,complex_room,perception_aware,2,0,4.8,1.5,-1.2,3.045036467756078,4.049681489937237,1.2514194884862953,0.9961873497978296,3.0952823295516407,2.4514194884862954,False,0.004091796874999995,0.0032099477506014576,0.0038272421376804337,0.0028642578124999964,0.0009629843251804372,8.371237666011439,100,40,3,3,0.9,0.8,0.15,0.25,360.0,72,8.0,0.0,5.070422535211268,0.3,0.9961873497978296,0.9905817203237341,{'sigma_xy': 0.15}
experiment_4_parameter_tuning,sigma_xy_0_15,complex_room,perception_aware,2,1,4.8,1.5,-1.2,7.647477441660485,3.6109556026128438,-2.8140392908214755,0.9950182304917478,3.5446101812424873,1.6140392908214756,False,0.005560980902777759,0.0037134172015057198,0.0050067117923961475,0.003892686631944431,0.001114025160451716,8.101370000003953,100,40,3,3,0.9,0.8,0.15,0.25,360.0,72,8.0,0.0,5.070422535211268,0.3,0.9950182304917478,0.9914579433037751,{'sigma_xy': 0.15}
experiment_4_parameter_tuning,sigma_xy_0_15,complex_room,perception_aware,2,2,4.8,1.5,-1.2,1.4829261190726262,2.8850850928187364,-2.1555026414004734,0.9949945652952427,3.5946404334619166,0.9555026414004733,False,0.005571831597222205,0.003767776674037102,0.005030615120266674,0.0039002821180555433,0.0011303330022111307,7.828433000002406,100,40,3,3,0.9,0.8,0.15,0.25,360.0,72,8.0,0.0,5.070422535211268,0.3,0.9949945652952427,0.9899673913042238,{'sigma_xy': 0.15}
experiment_4_parameter_tuning,sigma_xy_0_15,complex_room,perception_aware,2,3,4.8,1.5,-1.2,4.791612392194292,1.4847408306298193,-1.196068424750891,0.9998926508880767,0.0174124729596411,0.003931575249108921,True,1.5190972222222223e-05,0.0003224231881229292,0.00010736063699243432,1.0633680555555556e-05,9.672695643687876e-05,7.745681332991808,100,40,3,3,0.9,0.8,0.15,0.25,360.0,72,8.0,0.0,5.070422535211268,0.3,0.9998926508880767,0.9912275792166408,{'sigma_xy': 0.15}
experiment_4_parameter_tuning,sigma_xy_0_15,complex_room,perception_aware,2,4,4.8,1.5,-1.2,7.640088000231773,3.604628001734684,-2.7217310119842923,0.9950941559775753,3.5349057801794723,1.5217310119842924,False,0.005374891493055536,0.0038920197846540245,0.004930029980535083,0.003762424045138875,0.0011676059353962073,8.122533165995264,100,40,3,3,0.9,0.8,0.15,0.25,360.0,72,8.0,0.0,5.070422535211268,0.3,0.9950941559775753,0.9911516599468163,{'sigma_xy': 0.15}
experiment_4_parameter_tuning,sigma_xy_0_15,complex_room,perception_aware,2,5,4.8,1.5,-1.2,4.7844664173196625,1.4985159639544727,-1.1973822390704487,0.9999198447393501,0.015604312028131844,0.0026177609295512383,True,6.5104166666666535e-06,0.00025201464787958744,8.016168603054289e-05,4.557291666666657e-06,7.560439436387623e-05,7.869692666994524,100,40,3,3,0.9,0.8,0.15,0.25,360.0,72,8.0,0.0,5.070422535211268,0.3,0.9999198447393501,0.9917081527186683,{'sigma_xy': 0.15}
experiment_4_parameter_tuning,sigma_xy_0_15,complex_room,perception_aware,2,6,4.8,1.5,-1.2,4.798282746495106,1.4787576373977052,-1.2041108982342121,0.9998940068463679,0.02131166179647763,0.004110898234212179,True,2.549913194444446e-05,0.0002938499900350273,0.00010600438937161932,1.7849392361111122e-05,8.815499701050819e-05,7.8166333330009365,100,40,3,3,0.9,0.8,0.15,0.25,360.0,72,8.0,0.0,5.070422535211268,0.3,0.9998940068463679,0.9920348530643043,{'sigma_xy': 0.15}
experiment_4_parameter_tuning,sigma_xy_0_15,complex_room,perception_aware,2,7,4.8,1.5,-1.2,7.593288660947599,3.791238379041574,-2.7391762352897375,0.9950496479801528,3.612787684458013,1.5391762352897376,False,0.005457356770833314,0.003849433940560911,0.004974979921751593,0.0038201497395833196,0.0011548301821682732,7.96196475000761,100,40,3,3,0.9,0.8,0.15,0.25,360.0,72,8.0,0.0,5.070422535211268,0.3,0.9950496479801528,0.9916307886509256,{'sigma_xy': 0.15}
experiment_4_parameter_tuning,sigma_xy_0_15,complex_room,perception_aware,2,8,4.8,1.5,-1.2,4.863498993973011,1.4796866661060506,-1.2241098152667815,0.999502178266932,0.06666898656400609,0.024109815266781354,True,7.107204861111111e-05,0.001494397496510096,0.0004980696829808065,4.975043402777777e-05,0.0004483192489530288,8.220908207993489,100,40,3,3,0.9,0.8,0.15,0.25,360.0,72,8.0,0.0,5.070422535211268,0.3,0.999502178266932,0.9819677905378907,{'sigma_xy': 0.15}
experiment_4_parameter_tuning,sigma_xy_0_15,complex_room,perception_aware,2,9,4.8,1.5,-1.2,3.180439778592188,4.023556482868382,1.247618991328988,0.996127410180284,2.9985517559304458,2.447618991328988,False,0.004388563368055553,0.002718835722717198,0.0038876450744540466,0.003071994357638887,0.0008156507168151593,8.403823750006268,100,40,3,3,0.9,0.8,0.15,0.25,360.0,72,8.0,0.0,5.070422535211268,0.3,0.996127410180284,0.9903906328231149,{'sigma_xy': 0.15}
experiment_4_parameter_tuning,sigma_xy_0_15,complex_room,perception_aware,4,0,6.8,3.0,-2.4,6.825582770045754,3.0432823985627278,-2.384950808846656,0.9998876105160002,0.05027767047663167,0.015049191153344132,True,2.7126736111111086e-05,0.0003113780051264443,0.00011240211681571105,1.8988715277777758e-05,9.34134015379333e-05,9.22958749999816,100,40,3,3,0.9,0.8,0.15,0.25,360.0,72,8.0,0.0,5.070422535211268,0.3,0.9998876105160002,0.994064091024964,{'sigma_xy': 0.15}
experiment_4_parameter_tuning,sigma_xy_0_15,complex_room,perception_aware,4,1,6.8,3.0,-2.4,6.814211671622876,2.9891722922432336,-2.406437792452858,0.9998998315765517,0.01786647322731596,0.006437792452858027,True,1.4648437500000005e-05,0.0002997485063881607,0.0001001784581664482,1.0253906250000002e-05,8.99245519164482e-05,9.138984542005346,100,40,3,3,0.9,0.8,0.15,0.25,360.0,72,8.0,0.0,5.070422535211268,0.3,0.9998998315765517,0.9943469619432355,{'sigma_xy': 0.15}
experiment_4_parameter_tuning,sigma_xy_0_15,complex_room,perception_aware,4,2,6.8,3.0,-2.4,6.8104280266882835,2.995196287194583,-2.399977646086886,0.9999499279180618,0.011481262880383944,2.2353913113892787e-05,True,8.680555555555559e-06,0.0001466606679606392,5.007458927708065e-05,6.076388888888891e-06,4.399820038819176e-05,9.193679250005516,100,40,3,3,0.9,0.8,0.15,0.25,360.0,72,8.0,0.0,5.070422535211268,0.3,0.9999499279180618,0.9930111419297184,{'sigma_xy': 0.15}
experiment_4_parameter_tuning,sigma_xy_0_15,complex_room,perception_aware,4,3,6.8,3.0,-2.4,6.818488053825879,3.010498605900795,-2.3961589731252,0.9999256818347856,0.021260970347771527,0.0038410268747997023,True,1.1935763888888878e-05,0.00021989551364097007,7.432368881451324e-05,8.355034722222214e-06,6.596865409229102e-05,9.114715000003343,100,40,3,3,0.9,0.8,0.15,0.25,360.0,72,8.0,0.0,5.070422535211268,0.3,0.9999256818347856,0.9938725230471771,{'sigma_xy': 0.15}
experiment_4_parameter_tuning,sigma_xy_0_15,complex_room,perception_aware,4,4,6.8,3.0,-2.4,6.8102673209457505,3.014585503481103,-2.3961657180240152,0.9999251265996095,0.017836894101841683,0.003834281975984677,True,1.0850694444444431e-05,0.00022427840241720683,7.487900683627315e-05,7.5954861111111016e-06,6.728352072516205e-05,9.19028970799991,100,40,3,3,0.9,0.8,0.15,0.25,360.0,72,8.0,0.0,5.070422535211268,0.3,0.9999251265996095,0.9935098335191941,{'sigma_xy': 0.15}
experiment_4_parameter_tuning,sigma_xy_0_15,complex_room,perception_aware,4,5,6.8,3.0,-2.4,6.814861294427826,3.002541602747035,-2.4021955718255197,0.9999659200300123,0.015077062598340055,0.002195571825519771,True,8.680555555555559e-06,9.33491419423671e-05,3.408113147159902e-05,6.076388888888891e-06,2.8004742582710127e-05,9.106858957995428,100,40,3,3,0.9,0.8,0.15,0.25,360.0,72,8.0,0.0,5.070422535211268,0.3,0.9999659200300123,0.9942214611429153,{'sigma_xy': 0.15}
experiment_4_parameter_tuning,sigma_xy_0_15,complex_room,perception_aware,4,6,6.8,3.0,-2.4,6.810032468653286,3.051201833432445,-2.382128514033896,0.9998776693276591,0.05217545566761267,0.017871485966103773,True,3.0381944444444423e-05,0.00033692759284701415,0.00012234563896521534,2.1267361111111094e-05,0.00010107827785410424,9.178761332994327,100,40,3,3,0.9,0.8,0.15,0.25,360.0,72,8.0,0.0,5.070422535211268,0.3,0.9998776693276591,0.9934310494905827,{'sigma_xy': 0.15}
experiment_4_parameter_tuning,sigma_xy_0_15,complex_room,perception_aware,4,7,6.8,3.0,-2.4,6.829709862300653,2.999621231253891,-2.4028065489805694,0.9999361090647433,0.02971227664933845,0.0028065489805695343,True,1.6276041666666687e-05,0.00017500596134139602,6.389501756908549e-05,1.139322916666668e-05,5.250178840241881e-05,9.148436874995241,100,40,3,3,0.9,0.8,0.15,0.25,360.0,72,8.0,0.0,5.070422535211268,0.3,0.9999361090647433,0.9937544332292029,{'sigma_xy': 0.15}
experiment_4_parameter_tuning,sigma_xy_0_15,complex_room,perception_aware,4,8,6.8,3.0,-2.4,6.842965459041749,3.0673272923548884,-2.374719071193934,0.9998330096122015,0.0798686106459155,0.025280928806065806,True,5.479600694444442e-05,0.0004288702446148286,0.00016701827824555968,3.835720486111109e-05,0.00012866107338444858,9.164275500006624,100,40,3,3,0.9,0.8,0.15,0.25,360.0,72,8.0,0.0,5.070422535211268,0.3,0.9998330096122015,0.9935389367987923,{'sigma_xy': 0.15}
experiment_4_parameter_tuning,sigma_xy_0_15,complex_room,perception_aware,4,9,6.8,3.0,-2.4,6.802613157996805,3.0052104508089146,-2.39707905044169,0.9999553906838017,0.0058290129823483335,0.0029209495583097933,True,3.7977430555555482e-06,0.0001398429537974704,4.461130627813e-05,2.658420138888884e-06,4.1952886139241115e-05,9.21516070800135,100,40,3,3,0.9,0.8,0.15,0.25,360.0,72,8.0,0.0,5.070422535211268,0.3,0.9999553906838017,0.9927843689413558,{'sigma_xy': 0.15}
experiment_4_parameter_tuning,sigma_xy_0_15,corridor,perception_aware,0,0,1.0,3.0,0.0,6.945971650262704,2.8505664787848044,3.1250621878336813,0.9966222692961605,5.947849127456963,3.125062187833681,False,0.00393120659722222,0.0021244460594925852,0.0033891784359033296,0.002751844618055554,0.0006373338178477755,10.858624792002956,100,40,3,3,0.9,0.8,0.15,0.25,360.0,72,8.0,0.0,5.070422535211268,0.3,0.9966222692961605,0.9853001405828639,{'sigma_xy': 0.15}
experiment_4_parameter_tuning,sigma_xy_0_15,corridor,perception_aware,0,1,1.0,3.0,0.0,0.9980391797410342,2.98665710282725,-0.007516808911888853,0.9999241081679242,0.013486204842376979,0.007516808911888884,True,1.790364583333331e-05,0.00021121679999930773,7.589759208312563e-05,1.2532552083333317e-05,6.336503999979231e-05,10.973825667009805,100,40,3,3,0.9,0.8,0.15,0.25,360.0,72,8.0,0.0,5.070422535211268,0.3,0.9999241081679242,0.9865750881465928,{'sigma_xy': 0.15}
experiment_4_parameter_tuning,sigma_xy_0_15,corridor,perception_aware,0,2,1.0,3.0,0.0,0.9884370478097185,3.0107883833857803,-0.011731382929512047,0.9999201532814536,0.015814268223136804,0.011731382929512257,True,3.851996527777775e-05,0.0001762970628652836,7.985309455402949e-05,2.696397569444442e-05,5.288911885958508e-05,11.003602500000852,100,40,3,3,0.9,0.8,0.15,0.25,360.0,72,8.0,0.0,5.070422535211268,0.3,0.9999201532814536,0.9865638717248117,{'sigma_xy': 0.15}
experiment_4_parameter_tuning,sigma_xy_0_15,corridor,perception_aware,0,3,1.0,3.0,0.0,1.0007709630479968,3.0003496024957155,0.0036652570133666957,0.9999727188053559,0.0008465257978272538,0.0036652570133668405,True,4.8828125e-06,7.954656725974012e-05,2.7281938927922033e-05,3.4179687499999996e-06,2.3863970177922034e-05,10.998008750000736,100,40,3,3,0.9,0.8,0.15,0.25,360.0,72,8.0,0.0,5.070422535211268,0.3,0.9999727188053559,0.9875739407979119,{'sigma_xy': 0.15}
experiment_4_parameter_tuning,sigma_xy_0_15,corridor,perception_aware,0,4,1.0,3.0,0.0,6.925698936207413,2.784361386239288,3.1057637575035075,0.9967570744218353,5.929621226884083,3.1057637575035075,False,0.004109700520833332,0.001255619984289219,0.003253476359870098,0.0028767903645833324,0.0003766859952867657,10.813022666989127,100,40,3,3,0.9,0.8,0.15,0.25,360.0,72,8.0,0.0,5.070422535211268,0.3,0.9967570744218353,0.9843081763072266,{'sigma_xy': 0.15}
experiment_4_parameter_tuning,sigma_xy_0_15,corridor,perception_aware,0,5,1.0,3.0,0.0,0.9665965244144685,2.9788590864463127,0.02440668095156262,0.9996134358779163,0.0395313850892892,0.02440668095156262,True,0.00027180989583333235,0.0006548222820273256,0.00038671361169153034,0.00019026692708333263,0.00019644668460819768,10.952890833999845,100,40,3,3,0.9,0.8,0.15,0.25,360.0,72,8.0,0.0,5.070422535211268,0.3,0.9996134358779163,0.9849298957334399,{'sigma_xy': 0.15}
experiment_4_parameter_tuning,sigma_xy_0_15,corridor,perception_aware,0,6,1.0,3.0,0.0,6.894075621721032,2.799287189406553,3.1001803896972038,0.9965943142342418,5.897492099774487,3.100180389697204,False,0.004339735243055555,0.0012650314255204843,0.0034173240977950336,0.003037814670138888,0.0003795094276561453,10.830907541007036,100,40,3,3,0.9,0.8,0.15,0.25,360.0,72,8.0,0.0,5.070422535211268,0.3,0.9965943142342418,0.9842296384935486,{'sigma_xy': 0.15}
experiment_4_parameter_tuning,sigma_xy_0_15,corridor,perception_aware,0,7,1.0,3.0,0.0,6.921759131898522,2.799604464058492,3.1095810586088692,0.9967963475004161,5.9251489084282785,3.1095810586088692,False,0.004093424479166665,0.0011618391317131486,0.00321394887493061,0.0028653971354166653,0.0003485517395139446,10.853679458989063,100,40,3,3,0.9,0.8,0.15,0.25,360.0,72,8.0,0.0,5.070422535211268,0.3,0.9967963475004161,0.9839096865639373,{'sigma_xy': 0.15}
experiment_4_parameter_tuning,sigma_xy_0_15,corridor,perception_aware,0,8,1.0,3.0,0.0,6.898849567371811,2.83628518170935,3.1145495902427487,0.9966613209805878,5.901120974883547,3.114549590242749,False,0.004188910590277777,0.0013920857466395442,0.0033498631371863073,0.002932237413194444,0.00041762572399186323,10.783892499996,100,40,3,3,0.9,0.8,0.15,0.25,360.0,72,8.0,0.0,5.070422535211268,0.3,0.9966613209805878,0.984385216829374,{'sigma_xy': 0.15}
experiment_4_parameter_tuning,sigma_xy_0_15,corridor,perception_aware,0,9,1.0,3.0,0.0,1.003899184713525,3.00291723842633,-0.004352870037891865,0.9999802068727187,0.004869694186110933,0.004352870037891865,True,5.967881944444433e-06,5.205333898564724e-05,1.9793519056805273e-05,4.177517361111103e-06,1.561600169569417e-05,10.920914333008113,100,40,3,3,0.9,0.8,0.15,0.25,360.0,72,8.0,0.0,5.070422535211268,0.3,0.9999802068727187,0.9855478249814343,{'sigma_xy': 0.15}
experiment_4_parameter_tuning,sigma_xy_0_15,corridor,perception_aware,2,0,3.8,3.0,0.0,3.7913392463396294,3.0048886512754764,0.003662811354263148,0.9999486874920085,0.009945228265798503,0.0036628113542631624,True,1.4648437500000001e-05,0.00013687078283390838,5.131514110017251e-05,1.025390625e-05,4.106123485017251e-05,12.206101207993925,100,40,3,3,0.9,0.8,0.15,0.25,360.0,72,8.0,0.0,5.070422535211268,0.3,0.9999486874920085,0.9901179791252279,{'sigma_xy': 0.15}
experiment_4_parameter_tuning,sigma_xy_0_15,corridor,perception_aware,2,1,3.8,3.0,0.0,3.8244778726297604,2.9809419778773685,-0.008898771054644872,0.999595378841886,0.03102216071948394,0.008898771054644872,True,0.00041015625000000047,0.000392251892220864,0.0004047849426662595,0.0002871093750000003,0.0001176755676662592,12.37710483300907,100,40,3,3,0.9,0.8,0.15,0.25,360.0,72,8.0,0.0,5.070422535211268,0.3,0.999595378841886,0.9893273434753249,{'sigma_xy': 0.15}
experiment_4_parameter_tuning,sigma_xy_0_15,corridor,perception_aware,2,2,3.8,3.0,0.0,4.34509951327905,2.9318822229760517,3.1379590430444466,0.9973250692076547,0.5493391583746251,3.1379590430444466,False,0.0012223307291666648,0.006088245759395628,0.0026821052382353535,0.0008556315104166652,0.0018264737278186882,12.416145583003527,100,40,3,3,0.9,0.8,0.15,0.25,360.0,72,8.0,0.0,5.070422535211268,0.3,0.9973250692076547,0.9891355403585202,{'sigma_xy': 0.15}
experiment_4_parameter_tuning,sigma_xy_0_15,corridor,perception_aware,2,3,3.8,3.0,0.0,3.8422704677256414,2.9933747161201523,-0.024068450282535913,0.9995783379625832,0.042786526246390656,0.024068450282535903,True,0.0005213758680555561,0.0001895893455142785,0.0004218399112931728,0.0003649631076388892,5.6876803654283545e-05,12.309486542013474,100,40,3,3,0.9,0.8,0.15,0.25,360.0,72,8.0,0.0,5.070422535211268,0.3,0.9995783379625832,0.9904637979325912,{'sigma_xy': 0.15}
experiment_4_parameter_tuning,sigma_xy_0_15,corridor,perception_aware,2,4,3.8,3.0,0.0,3.8153567477285883,2.9833134918344633,-0.004540214809736301,0.9999281120203523,0.02267750549681409,0.004540214809736209,True,3.146701388888888e-05,0.00016622079392926195,7.18931479010008e-05,2.2026909722222214e-05,4.9866238178778587e-05,12.3433090000035,100,40,3,3,0.9,0.8,0.15,0.25,360.0,72,8.0,0.0,5.070422535211268,0.3,0.9999281120203523,0.9908242576957152,{'sigma_xy': 0.15}
experiment_4_parameter_tuning,sigma_xy_0_15,corridor,perception_aware,2,5,3.8,3.0,0.0,3.8462934797910004,2.987987965498125,-0.01951878918213473,0.9995566445802,0.04782651193672836,0.0195187891821349,True,0.0005257161458333339,0.0002518358964380812,0.00044355207101475804,0.0003680013020833337,7.555076893142436e-05,12.430670332993031,100,40,3,3,0.9,0.8,0.15,0.25,360.0,72,8.0,0.0,5.070422535211268,0.3,0.9995566445802,0.9907646763387903,{'sigma_xy': 0.15}
experiment_4_parameter_tuning,sigma_xy_0_15,corridor,perception_aware,2,6,3.8,3.0,0.0,3.805943661312916,2.9932848818452995,0.0016012676635248895,0.9999435258964813,0.00896771551925268,0.0016012676635250855,True,7.5954861111111e-06,0.00017053484248431722,5.6477293023072937e-05,5.316840277777769e-06,5.1160452745295164e-05,12.323043042008067,100,40,3,3,0.9,0.8,0.15,0.25,360.0,72,8.0,0.0,5.070422535211268,0.3,0.9999435258964813,0.9899609872228722,{'sigma_xy': 0.15}
experiment_4_parameter_tuning,sigma_xy_0_15,corridor,perception_aware,2,7,3.8,3.0,0.0,3.808422623547563,3.0012677669215084,-0.0028718757200874782,0.9999585921112272,0.008517500830128436,0.0028718757200874023,True,9.223090277777764e-06,0.00011651146754200943,4.140960345704726e-05,6.456163194444435e-06,3.4953440262602825e-05,12.330126375003601,100,40,3,3,0.9,0.8,0.15,0.25,360.0,72,8.0,0.0,5.070422535211268,0.3,0.9999585921112272,0.9904368047251247,{'sigma_xy': 0.15}
experiment_4_parameter_tuning,sigma_xy_0_15,corridor,perception_aware,2,8,3.8,3.0,0.0,3.8151696024876425,3.005617718583321,-0.0023756587845715675,0.9996250319100467,0.016176390256002184,0.002375658784571577,True,2.2243923611111092e-05,0.0011984599907826066,0.0003751087437625597,1.5570746527777765e-05,0.00035953799723478194,12.28231420800148,100,40,3,3,0.9,0.8,0.15,0.25,360.0,72,8.0,0.0,5.070422535211268,0.3,0.9996250319100467,0.9899595685288731,{'sigma_xy': 0.15}
experiment_4_parameter_tuning,sigma_xy_0_15,corridor,perception_aware,2,9,3.8,3.0,0.0,3.8193901061028206,2.9915361627238686,0.004660330475398425,0.9999024301089163,0.02115686073394347,0.004660330475398489,True,2.4956597222222197e-05,0.00026703264613551814,9.757941189621098e-05,1.7469618055555538e-05,8.010979384065544e-05,12.371580584003823,100,40,3,3,0.9,0.8,0.15,0.25,360.0,72,8.0,0.0,5.070422535211268,0.3,0.9999024301089163,0.9904498222829748,{'sigma_xy': 0.15}
experiment_4_parameter_tuning,sigma_xy_0_15,corridor,perception_aware,4,0,6.6,3.0,3.141592653589793,6.604947586277233,2.9583778430056373,3.122599048369785,0.9998861554959877,0.04191518296314645,0.018993605220007925,True,4.123263888888891e-05,0.00028331539612273804,0.00011385746605904364,2.8862847222222234e-05,8.49946188368214e-05,11.24046608300705,100,40,3,3,0.9,0.8,0.15,0.25,360.0,72,8.0,0.0,5.070422535211268,0.3,0.9998861554959877,0.9880738282999038,{'sigma_xy': 0.15}
experiment_4_parameter_tuning,sigma_xy_0_15,corridor,perception_aware,4,1,6.6,3.0,3.141592653589793,6.595763147432598,2.9516334178202532,3.127295546996455,0.9999158754622424,0.04855179905449531,0.01429710659333816,True,3.960503472222223e-05,0.00018802696995120585,8.413161529091732e-05,2.772352430555556e-05,5.6408090985361754e-05,11.17828379200364,100,40,3,3,0.9,0.8,0.15,0.25,360.0,72,8.0,0.0,5.070422535211268,0.3,0.9999158754622424,0.9857591383992192,{'sigma_xy': 0.15}
experiment_4_parameter_tuning,sigma_xy_0_15,corridor,perception_aware,4,2,6.6,3.0,3.141592653589793,6.616414292417638,2.954425176832764,3.115527645752108,0.9995895228587918,0.04844061831042804,0.026065007837685172,True,0.000432942708333334,0.0003586193534954642,0.00041064570188197307,0.0003030598958333338,0.00010758580604863926,11.259253582989913,100,40,3,3,0.9,0.8,0.15,0.25,360.0,72,8.0,0.0,5.070422535211268,0.3,0.9995895228587918,0.9844288301482894,{'sigma_xy': 0.15}
experiment_4_parameter_tuning,sigma_xy_0_15,corridor,perception_aware,4,3,6.6,3.0,3.141592653589793,1.498210126572938,2.8726336342400374,0.010229424154843264,0.9966673512709778,5.103379478711123,3.13136322943495,False,0.0014577907986111085,0.007744462851783442,0.0033437924145628085,0.0010204535590277758,0.0023233388555350325,11.409795875006239,100,40,3,3,0.9,0.8,0.15,0.25,360.0,72,8.0,0.0,5.070422535211268,0.3,0.9966673512709778,0.9864408223985349,{'sigma_xy': 0.15}
experiment_4_parameter_tuning,sigma_xy_0_15,corridor,perception_aware,4,4,6.6,3.0,3.141592653589793,6.75121546399041,3.0665877523755163,-3.098959856940165,0.9967379771260743,0.1652272535517616,0.04263279664962827,True,0.0021039496527777753,0.005999779114397318,0.003272698491263638,0.0014727647569444426,0.0017999337343191954,11.457231415988645,100,40,3,3,0.9,0.8,0.15,0.25,360.0,72,8.0,0.0,5.070422535211268,0.3,0.9967379771260743,0.9817937120909624,{'sigma_xy': 0.15}
experiment_4_parameter_tuning,sigma_xy_0_15,corridor,perception_aware,4,5,6.6,3.0,3.141592653589793,1.527959108099465,2.8730944764430943,0.0015813894781971174,0.9968485920467798,5.073628269889353,3.140011264111596,False,0.0007194010416666658,0.008859299976300234,0.0031613707220567366,0.0005035807291666661,0.0026577899928900703,11.357441915999516,100,40,3,3,0.9,0.8,0.15,0.25,360.0,72,8.0,0.0,5.070422535211268,0.3,0.9968485920467798,0.9853284916889089,{'sigma_xy': 0.15}
experiment_4_parameter_tuning,sigma_xy_0_15,corridor,perception_aware,4,6,6.6,3.0,3.141592653589793,6.631585370927667,2.9838673239951503,3.134244573084975,0.9998598065973282,0.035466870340019635,0.007348080504818277,True,4.6115451388888915e-05,0.0003597741454854549,0.0001402130596178587,3.228081597222224e-05,0.00010793224364563646,11.195404875004897,100,40,3,3,0.9,0.8,0.15,0.25,360.0,72,8.0,0.0,5.070422535211268,0.3,0.9998598065973282,0.9856927469102716,{'sigma_xy': 0.15}
experiment_4_parameter_tuning,sigma_xy_0_15,corridor,perception_aware,4,7,6.6,3.0,3.141592653589793,1.537903502942533,2.8983251535668124,-0.011488998673726422,0.9968311312112604,5.063117490234518,3.1301036549160663,False,0.0007481553819444434,0.008850778909528465,0.0031789424402196495,0.0005237087673611103,0.002655233672858539,11.382566416999907,100,40,3,3,0.9,0.8,0.15,0.25,360.0,72,8.0,0.0,5.070422535211268,0.3,0.9968311312112604,0.9854014815434597,{'sigma_xy': 0.15}
experiment_4_parameter_tuning,sigma_xy_0_15,corridor,perception_aware,4,8,6.6,3.0,3.141592653589793,6.616043386834394,2.988186160681778,3.138388859209189,0.9999345549441652,0.019923781281543793,0.0032037943806040303,True,1.6818576388888885e-05,0.0001789211189942725,6.544933917050397e-05,1.1773003472222219e-05,5.3676335698281746e-05,11.184762083998066,100,40,3,3,0.9,0.8,0.15,0.25,360.0,72,8.0,0.0,5.070422535211268,0.3,0.9998644987689794,0.9865578462763294,{'sigma_xy': 0.15}
experiment_4_parameter_tuning,sigma_xy_0_15,corridor,perception_aware,4,9,6.6,3.0,3.141592653589793,6.611073483305697,2.985369463579524,3.1293414574797396,0.9999049419446092,0.018348695552339176,0.012251196110053542,True,1.7903645833333344e-05,0.0002751151340014922,9.506709228378099e-05,1.253255208333334e-05,8.253454020044765e-05,11.274810375005472,100,40,3,3,0.9,0.8,0.15,0.25,360.0,72,8.0,0.0,5.070422535211268,0.3,0.9999049419446092,0.9864280240235008,{'sigma_xy': 0.15}
experiment_4_parameter_tuning,sigma_xy_0_50,medium_room,perception_aware,0,0,2.0,2.2,0.0,2.0236268457987814,2.2543946367830654,-0.0034590095230859156,0.9992208177530748,0.059304336714619654,0.0034590095230857543,True,6.781684027777759e-05,0.002441060190448326,0.0007797898453289421,4.747178819444431e-05,0.0007323180571344978,11.694461708000745,100,40,3,3,0.9,0.8,0.5,0.25,360.0,72,8.0,0.0,5.070422535211268,0.3,0.9992208177530748,0.9727935789752052,{'sigma_xy': 0.5}
experiment_4_parameter_tuning,sigma_xy_0_50,medium_room,perception_aware,0,1,2.0,2.2,0.0,2.003861779486898,2.205280023988904,0.0013118327995844548,0.9996547324894377,0.006541558998344606,0.001311832799584245,True,7.052951388888877e-06,0.0011348323180583406,0.00034538676138972437,4.9370659722222135e-06,0.00034044969541750217,11.622574708002503,100,40,3,3,0.9,0.8,0.5,0.25,360.0,72,8.0,0.0,5.070422535211268,0.3,0.9996547324894377,0.9749328693997482,{'sigma_xy': 0.5}
experiment_4_parameter_tuning,sigma_xy_0_50,medium_room,perception_aware,0,2,2.0,2.2,0.0,5.748272027009556,2.539109335652954,2.9325125929076203,0.9914423845358118,3.7635805199290364,2.932512592907621,False,0.009688042534722177,0.006166168598794597,0.008631480353943902,0.006781629774305523,0.001849850579638379,11.889940291992389,100,40,3,3,0.9,0.8,0.5,0.25,360.0,72,8.0,0.0,5.070422535211268,0.3,0.9914423845358118,0.9749521062299954,{'sigma_xy': 0.5}
experiment_4_parameter_tuning,sigma_xy_0_50,medium_room,perception_aware,0,3,2.0,2.2,0.0,5.748749150167246,2.6116928667402046,2.9064808188916746,0.990943024247646,3.7712877386118944,2.9064808188916746,False,0.009097222222222184,0.009238995765809494,0.009139754285298375,0.006368055555555528,0.002771698729742848,11.919938499995624,100,40,3,3,0.9,0.8,0.5,0.25,360.0,72,8.0,0.0,5.070422535211268,0.3,0.990943024247646,0.9736881885694659,{'sigma_xy': 0.5}
experiment_4_parameter_tuning,sigma_xy_0_50,medium_room,perception_aware,0,4,2.0,2.2,0.0,5.818607778321265,2.604665719409653,2.962868436177301,0.9911607758644021,3.839989545444232,2.962868436177301,False,0.009089084201388853,0.008518979540686781,0.008918052803178231,0.006362358940972196,0.0025556938622060344,11.881246917007957,100,40,3,3,0.9,0.8,0.5,0.25,360.0,72,8.0,0.0,5.070422535211268,0.3,0.9911607758644021,0.9759606814414302,{'sigma_xy': 0.5}
experiment_4_parameter_tuning,sigma_xy_0_50,medium_room,perception_aware,0,5,2.0,2.2,0.0,5.680756144816447,2.5225285501481776,2.9116975211982146,0.9906654170296004,3.6948600059088466,2.9116975211982146,False,0.009142252604166623,0.010076538714390381,0.00942253843723375,0.006399576822916636,0.0030229616143171143,11.83914670800732,100,40,3,3,0.9,0.8,0.5,0.25,360.0,72,8.0,0.0,5.070422535211268,0.3,0.9906654170296004,0.9763017861579599,{'sigma_xy': 0.5}
experiment_4_parameter_tuning,sigma_xy_0_50,medium_room,perception_aware,0,6,2.0,2.2,0.0,5.7714364926635024,2.6318824097310514,2.9270573977940018,0.991286811209278,3.796084250122629,2.9270573977940018,False,0.009324001736111073,0.007543248503750538,0.008789775766402913,0.006526801215277751,0.002262974551125161,11.894266417002655,100,40,3,3,0.9,0.8,0.5,0.25,360.0,72,8.0,0.0,5.070422535211268,0.3,0.991286811209278,0.9738305629387567,{'sigma_xy': 0.5}
experiment_4_parameter_tuning,sigma_xy_0_50,medium_room,perception_aware,0,7,2.0,2.2,0.0,1.9881977359491527,2.24333645562787,-0.005016525701374737,0.9994979030974888,0.044914828543725305,0.0050165257013747855,True,3.526475694444435e-05,0.0015922126686419423,0.0005023491304536938,2.4685329861111046e-05,0.0004776638005925827,11.656055583996931,100,40,3,3,0.9,0.8,0.5,0.25,360.0,72,8.0,0.0,5.070422535211268,0.3,0.9994979030974888,0.9750051473344861,{'sigma_xy': 0.5}
experiment_4_parameter_tuning,sigma_xy_0_50,medium_room,perception_aware,0,8,2.0,2.2,0.0,5.761369757876555,2.5985327983952855,2.9099834311122583,0.9910206699413504,3.782423938014499,2.9099834311122583,False,0.009191080729166627,0.008756441550342995,0.009060688975519537,0.006433756510416638,0.0026269324651028987,11.902218917006394,100,40,3,3,0.9,0.8,0.5,0.25,360.0,72,8.0,0.0,5.070422535211268,0.3,0.9910206699413504,0.9733660465708907,{'sigma_xy': 0.5}
experiment_4_parameter_tuning,sigma_xy_0_50,medium_room,perception_aware,0,9,2.0,2.2,0.0,5.840190521807101,2.6537895266270413,2.8995432898127858,0.9916847790329029,3.866909383248267,2.8995432898127858,False,0.008708767361111081,0.0076293549112249,0.008384943626145227,0.006096137152777756,0.00228880647336747,11.939432416009367,100,40,3,3,0.9,0.8,0.5,0.25,360.0,72,8.0,0.0,5.070422535211268,0.3,0.9916847790329029,0.9713680966328998,{'sigma_xy': 0.5}
experiment_4_parameter_tuning,sigma_xy_0_50,medium_room,perception_aware,2,0,5.5,2.0,-0.8,5.484104268737711,2.027592766952596,-0.8050877720999959,0.999781564709336,0.03184391716581354,0.005087772099996002,True,4.3402777777777596e-05,0.0006270035687346767,0.0002184830150648473,3.0381944444444315e-05,0.00018810107062040298,12.039619500006665,100,40,3,3,0.9,0.8,0.5,0.25,360.0,72,8.0,0.0,5.070422535211268,0.3,0.999781564709336,0.9754912377099956,{'sigma_xy': 0.5}
experiment_4_parameter_tuning,sigma_xy_0_50,medium_room,perception_aware,2,1,5.5,2.0,-0.8,5.528755077677527,2.0351955117811,-0.7929899058899986,0.9992968125309551,0.045448636302689645,0.007010094110001308,True,2.5499131944444412e-05,0.0022861096575069093,0.0007036822896131839,1.7849392361111088e-05,0.0006858328972520728,11.654909916003817,100,40,3,3,0.9,0.8,0.5,0.25,360.0,72,8.0,0.0,5.070422535211268,0.3,0.9992968125309551,0.9777915747242697,{'sigma_xy': 0.5}
experiment_4_parameter_tuning,sigma_xy_0_50,medium_room,perception_aware,2,2,5.5,2.0,-0.8,3.9964256116906087,4.029681629413823,2.1292598308717707,0.9891891184633219,2.525934175302261,2.9292598308717706,False,0.011153428819444405,0.010405446184211629,0.010929034028874572,0.007807400173611083,0.0031216338552634885,12.344005458013271,100,40,3,3,0.9,0.8,0.5,0.25,360.0,72,8.0,0.0,5.070422535211268,0.3,0.9891891184633219,0.96925441837913,{'sigma_xy': 0.5}
experiment_4_parameter_tuning,sigma_xy_0_50,medium_room,perception_aware,2,3,5.5,2.0,-0.8,5.5215354582168406,1.9655421815476075,-0.8151622496362971,0.9993988440997906,0.04063394163882364,0.015162249636297087,True,4.286024305555539e-05,0.001905051119560992,0.0006015175060071863,3.0002170138888772e-05,0.0005715153358682976,11.777512540997122,100,40,3,3,0.9,0.8,0.5,0.25,360.0,72,8.0,0.0,5.070422535211268,0.3,0.9993988440997906,0.9752880328090678,{'sigma_xy': 0.5}
experiment_4_parameter_tuning,sigma_xy_0_50,medium_room,perception_aware,2,4,5.5,2.0,-0.8,4.052613445657446,3.974827287320934,2.1254261984880123,0.9884814799684242,2.4484424952281336,2.9254261984880126,False,0.011539713541666627,0.01191647632971276,0.011652742378080467,0.008077799479166639,0.0035749428989138277,12.281265124998754,100,40,3,3,0.9,0.8,0.5,0.25,360.0,72,8.0,0.0,5.070422535211268,0.3,0.9884814799684242,0.9731832700455204,{'sigma_xy': 0.5}
experiment_4_parameter_tuning,sigma_xy_0_50,medium_room,perception_aware,2,5,5.5,2.0,-0.8,5.494518460127129,2.0507626471894627,-0.8068866443400234,0.9996603011641213,0.051057747982649414,0.006886644340023285,True,9.49435763888885e-05,0.0009111792230616979,0.0003398142703907313,6.646050347222195e-05,0.0002733537669185094,11.929619208007352,100,40,3,3,0.9,0.8,0.5,0.25,360.0,72,8.0,0.0,5.070422535211268,0.3,0.9996603011641213,0.9775725106696156,{'sigma_xy': 0.5}
experiment_4_parameter_tuning,sigma_xy_0_50,medium_room,perception_aware,2,6,5.5,2.0,-0.8,4.020743068990489,3.998098005640927,2.1265172978761306,0.9891987238671065,2.4860805916313184,2.9265172978761305,False,0.011215277777777737,0.010228410576970564,0.010919217617535584,0.007850694444444415,0.003068523173091169,12.309830625003087,100,40,3,3,0.9,0.8,0.5,0.25,360.0,72,8.0,0.0,5.070422535211268,0.3,0.9891987238671065,0.9712215717071392,{'sigma_xy': 0.5}
experiment_4_parameter_tuning,sigma_xy_0_50,medium_room,perception_aware,2,7,5.5,2.0,-0.8,5.496343087161024,1.9962857379019834,-0.8036193180680478,0.9996438957125475,0.005212365532522871,0.0036193180680479387,True,5.425347222222207e-06,0.0011747779994474075,0.0003562311428897778,3.797743055555545e-06,0.00035243339983422224,11.774649290993693,100,40,3,3,0.9,0.8,0.5,0.25,360.0,72,8.0,0.0,5.070422535211268,0.3,0.9996438957125475,0.9766499028504448,{'sigma_xy': 0.5}
experiment_4_parameter_tuning,sigma_xy_0_50,medium_room,perception_aware,2,8,5.5,2.0,-0.8,5.530772831974432,1.995202518227373,-0.7985460353956171,0.9991362269292678,0.03114455039144616,0.0014539646043827403,True,1.9531249999999967e-05,0.0028361598155715786,0.0008645198196714736,1.3671874999999975e-05,0.0008508479446714736,11.691723708005156,100,40,3,3,0.9,0.8,0.5,0.25,360.0,72,8.0,0.0,5.070422535211268,0.3,0.9991362269292678,0.9746992203418248,{'sigma_xy': 0.5}
experiment_4_parameter_tuning,sigma_xy_0_50,medium_room,perception_aware,2,9,5.5,2.0,-0.8,5.516675932626439,1.9566649975465389,-0.8048840482757774,0.999382421000674,0.04643284577325653,0.004884048275777264,True,4.014756944444435e-05,0.001966191134092684,0.0006179606388389162,2.8103298611111043e-05,0.0005898573402278052,11.80767041699437,100,40,3,3,0.9,0.8,0.5,0.25,360.0,72,8.0,0.0,5.070422535211268,0.3,0.999382421000674,0.9781917456493382,{'sigma_xy': 0.5}
experiment_4_parameter_tuning,sigma_xy_0_50,medium_room,perception_aware,4,0,7.6,2.8,-2.6,3.6412997345026565,5.628670834575605,-1.0650231487817456,0.9914154350460147,4.865458506906352,1.5349768512182544,False,0.0045464409722222,0.01825463048078885,0.008658897824792195,0.00318250868055554,0.005476389144236655,9.789707124989945,100,40,3,3,0.9,0.8,0.5,0.25,360.0,72,8.0,0.0,5.070422535211268,0.3,0.9914154350460147,0.9736867518795819,{'sigma_xy': 0.5}
experiment_4_parameter_tuning,sigma_xy_0_50,medium_room,perception_aware,4,1,7.6,2.8,-2.6,3.5781928129258436,5.58884688601578,-1.010405687092275,0.9918955610914748,4.894139352699436,1.5895943129077246,False,0.005396592881944417,0.01464347495246826,0.00817065750310157,0.003777615017361092,0.004393042485740478,10.233136999988346,100,40,3,3,0.9,0.8,0.5,0.25,360.0,72,8.0,0.0,5.070422535211268,0.3,0.9918955610914748,0.9716154866161597,{'sigma_xy': 0.5}
experiment_4_parameter_tuning,sigma_xy_0_50,medium_room,perception_aware,4,2,7.6,2.8,-2.6,7.562121252153938,2.887360963515766,-2.5659065627395554,0.99918169392694,0.09521941758269972,0.03409343726044467,True,0.0003271484374999987,0.001966574466819719,0.0008189762462959148,0.0002290039062499991,0.0005899723400459157,11.390719708011602,100,40,3,3,0.9,0.8,0.5,0.25,360.0,72,8.0,0.0,5.070422535211268,0.3,0.99918169392694,0.9739034273426367,{'sigma_xy': 0.5}
experiment_4_parameter_tuning,sigma_xy_0_50,medium_room,perception_aware,4,3,7.6,2.8,-2.6,3.555147725124483,5.644052894751476,-0.9601146806441863,0.9914162644640854,4.944640208721955,1.6398853193558143,False,0.005714518229166639,0.01552630407043771,0.00865805398154796,0.004000162760416647,0.004657891221131313,10.565303333001793,100,40,3,3,0.9,0.8,0.5,0.25,360.0,72,8.0,0.0,5.070422535211268,0.3,0.9914162644640854,0.9748600844787173,{'sigma_xy': 0.5}
experiment_4_parameter_tuning,sigma_xy_0_50,medium_room,perception_aware,4,4,7.6,2.8,-2.6,3.6638198597153395,5.624147043421796,-1.0313502968150827,0.9911689788755428,4.84451448750434,1.5686497031849171,False,0.005198025173611083,0.017570284258142912,0.00890970289897063,0.003638617621527758,0.005271085277442873,10.130457833991386,100,40,3,3,0.9,0.8,0.5,0.25,360.0,72,8.0,0.0,5.070422535211268,0.3,0.9911689788755428,0.9710734425212476,{'sigma_xy': 0.5}
experiment_4_parameter_tuning,sigma_xy_0_50,medium_room,perception_aware,4,5,7.6,2.8,-2.6,3.6207954016953643,5.554267562828899,-1.0254960167823786,0.9917874646901368,4.83942755321538,1.574503983217621,False,0.0055750868055555285,0.014593262564250156,0.008280539533163916,0.0039025607638888695,0.004377978769275047,9.868971167001291,100,40,3,3,0.9,0.8,0.5,0.25,360.0,72,8.0,0.0,5.070422535211268,0.3,0.9917874646901368,0.9725620330968506,{'sigma_xy': 0.5}
experiment_4_parameter_tuning,sigma_xy_0_50,medium_room,perception_aware,4,6,7.6,2.8,-2.6,7.5866170651426295,2.9774234459098956,-2.5208976901107056,0.9988790810094859,0.17792746304024662,0.07910230988929445,True,0.0013297526041666599,0.0006378334565016047,0.0011221768598671433,0.0009308268229166618,0.0001913500369504814,11.598497166996822,100,40,3,3,0.9,0.8,0.5,0.25,360.0,72,8.0,0.0,5.070422535211268,0.3,0.9988790810094859,0.9631583054982247,{'sigma_xy': 0.5}
experiment_4_parameter_tuning,sigma_xy_0_50,medium_room,perception_aware,4,7,7.6,2.8,-2.6,3.584469380458017,5.57490303979108,-1.0118278916853432,0.9918033006123977,4.881042208045429,1.588172108314657,False,0.005523003472222195,0.01466112697204551,0.00826444052216919,0.0038661024305555363,0.004398338091613653,9.937816582998494,100,40,3,3,0.9,0.8,0.5,0.25,360.0,72,8.0,0.0,5.070422535211268,0.3,0.9915376122365946,0.9742741249814024,{'sigma_xy': 0.5}
experiment_4_parameter_tuning,sigma_xy_0_50,medium_room,perception_aware,4,8,7.6,2.8,-2.6,3.624257696077718,5.565006724313251,-1.0028291108969034,0.9917351016803384,4.842704724913005,1.5971708891030971,False,0.0056016710069444154,0.014708688090501068,0.00833377613201141,0.003921169704861091,0.00441260642715032,10.485330333991442,100,40,3,3,0.9,0.8,0.5,0.25,360.0,72,8.0,0.0,5.070422535211268,0.3,0.9917351016803384,0.9735146409260541,{'sigma_xy': 0.5}
experiment_4_parameter_tuning,sigma_xy_0_50,medium_room,perception_aware,4,9,7.6,2.8,-2.6,2.542738762283105,3.922041276910891,0.5877574341699877,0.9895346143662457,5.180238204330535,3.095427873009598,False,0.011221788194444377,0.00906938843514246,0.0105760682666538,0.007855251736111063,0.002720816530542738,11.515078833006555,100,40,3,3,0.9,0.8,0.5,0.25,360.0,72,8.0,0.0,5.070422535211268,0.3,0.9895346143662457,0.9682631301007838,{'sigma_xy': 0.5}
experiment_4_parameter_tuning,sigma_xy_0_50,complex_room,perception_aware,0,0,1.0,1.6,0.0,5.219043444254205,3.1869775796693482,1.8711580582525724,0.9927010947124474,4.507640782369151,1.871158058252572,False,0.008160264756944417,0.0054679522569710285,0.0073525710069524,0.005712185329861091,0.0016403856770913084,9.511196291001397,100,40,3,3,0.9,0.8,0.5,0.25,360.0,72,8.0,0.0,5.070422535211268,0.3,0.9927010947124474,0.9769645221473057,{'sigma_xy': 0.5}
experiment_4_parameter_tuning,sigma_xy_0_50,complex_room,perception_aware,0,1,1.0,1.6,0.0,0.977278301970309,1.6055712900342876,0.009859649847362663,0.9994033297878361,0.023394760823710434,0.00985964984736265,True,0.0002880859375000003,0.0013178876126887483,0.0005970264400566247,0.0002016601562500002,0.0003953662838066245,9.435268083005212,100,40,3,3,0.9,0.8,0.5,0.25,360.0,72,8.0,0.0,5.070422535211268,0.3,0.9994033297878361,0.9825876338538585,{'sigma_xy': 0.5}
experiment_4_parameter_tuning,sigma_xy_0_50,complex_room,perception_aware,0,2,1.0,1.6,0.0,0.9915293126340482,1.6089400597915093,0.0036536903434535974,0.9999246564079374,0.012315730328626713,0.0036536903434534196,True,1.3020833333333312e-05,0.00022078228604593907,7.534926914711504e-05,9.114583333333317e-06,6.623468581378172e-05,9.445874124998227,100,40,3,3,0.9,0.8,0.5,0.25,360.0,72,8.0,0.0,5.070422535211268,0.3,0.9999106992856001,0.9840698051296386,{'sigma_xy': 0.5}
experiment_4_parameter_tuning,sigma_xy_0_50,complex_room,perception_aware,0,3,1.0,1.6,0.0,5.2776419316107175,3.1617484267764095,1.8519516073632682,0.992645536616142,4.553820225218916,1.8519516073632687,False,0.00800238715277775,0.006024270816543171,0.007408952251907376,0.005601671006944425,0.0018072812449629512,9.77631983399624,100,40,3,3,0.9,0.8,0.5,0.25,360.0,72,8.0,0.0,5.070422535211268,0.3,0.992645536616142,0.9764432162102139,{'sigma_xy': 0.5}
experiment_4_parameter_tuning,sigma_xy_0_50,complex_room,perception_aware,0,4,1.0,1.6,0.0,1.0009960677106036,1.6135539051325085,0.011116118824383911,0.9995941775211182,0.013590456034480421,0.011116118824384014,True,2.4956597222222146e-05,0.001295058731911292,0.00040598723762894307,1.74696180555555e-05,0.00038851761957338756,9.313561000002665,100,40,3,3,0.9,0.8,0.5,0.25,360.0,72,8.0,0.0,5.070422535211268,0.3,0.9995941775211182,0.9827564416113848,{'sigma_xy': 0.5}
experiment_4_parameter_tuning,sigma_xy_0_50,complex_room,perception_aware,0,5,1.0,1.6,0.0,1.0003497875922964,1.5624076723031803,0.006319862717082719,0.9994811208787172,0.03759395500642099,0.006319862717082625,True,2.9839409722222164e-05,0.0016608696993095414,0.0005191484965984179,2.0887586805555514e-05,0.0004982609097928624,9.403333374997601,100,40,3,3,0.9,0.8,0.5,0.25,360.0,72,8.0,0.0,5.070422535211268,0.3,0.9994811208787172,0.983756862137389,{'sigma_xy': 0.5}
experiment_4_parameter_tuning,sigma_xy_0_50,complex_room,perception_aware,0,6,1.0,1.6,0.0,0.9676597748338583,1.5875627627924138,-0.007173401529621429,0.9993917784646495,0.03464931504596462,0.007173401529621426,True,0.0002696397569444447,0.0013994795468793505,0.0006085916939249163,0.00018874782986111127,0.00041984386406380514,9.4132302920043,100,40,3,3,0.9,0.8,0.5,0.25,360.0,72,8.0,0.0,5.070422535211268,0.3,0.9993917784646495,0.983885009786962,{'sigma_xy': 0.5}
experiment_4_parameter_tuning,sigma_xy_0_50,complex_room,perception_aware,0,7,1.0,1.6,0.0,0.9594885456301596,1.6205774982415162,-0.02475736100915318,0.9997210893665381,0.045437994773529104,0.024757361009153378,True,0.0003043619791666669,0.00021978353629813208,0.00027898844630610647,0.00021305338541666684,6.593506088943962e-05,9.40330166700005,100,40,3,3,0.9,0.8,0.5,0.25,360.0,72,8.0,0.0,5.070422535211268,0.3,0.9997210893665381,0.9828148559059471,{'sigma_xy': 0.5}
experiment_4_parameter_tuning,sigma_xy_0_50,complex_room,perception_aware,0,8,1.0,1.6,0.0,1.0184492744517997,1.6026578038523038,0.003928653745792598,0.9999302767400076,0.018639733075211905,0.003928653745792765,True,8.138020833333313e-06,0.00021343835693662938,6.972812166432212e-05,5.696614583333318e-06,6.403150708098881e-05,9.47220758300682,100,40,3,3,0.9,0.8,0.5,0.25,360.0,72,8.0,0.0,5.070422535211268,0.3,0.9999302767400076,0.981595805799648,{'sigma_xy': 0.5}
experiment_4_parameter_tuning,sigma_xy_0_50,complex_room,perception_aware,0,9,1.0,1.6,0.0,0.9999381805751595,1.6024799897744264,-0.003449646713783297,0.9999530846603162,0.0024807601501448512,0.0034496467137832276,True,4.882812499999999e-06,0.00014499857362089476,4.691754083626842e-05,3.4179687499999992e-06,4.3499572086268425e-05,9.463214292001794,100,40,3,3,0.9,0.8,0.5,0.25,360.0,72,8.0,0.0,5.070422535211268,0.3,0.9999530846603162,0.9816676219988999,{'sigma_xy': 0.5}
experiment_4_parameter_tuning,sigma_xy_0_50,complex_room,perception_aware,2,0,4.8,1.5,-1.2,7.627505735320554,3.793311581989872,-2.7412247394022304,0.9949784882444784,3.6406135053531177,1.5412247394022305,False,0.005537651909722201,0.0039016608613145916,0.005046854595199918,0.0038763563368055406,0.0011704982583943774,8.256450542001403,100,40,3,3,0.9,0.8,0.5,0.25,360.0,72,8.0,0.0,5.070422535211268,0.3,0.9949784882444784,0.9860621917763406,{'sigma_xy': 0.5}
experiment_4_parameter_tuning,sigma_xy_0_50,complex_room,perception_aware,2,1,4.8,1.5,-1.2,4.598938945604107,1.4596340380060548,-1.1345948098685226,0.9981251382196566,0.20507305645180357,0.06540519013147739,True,0.0009228515624999974,0.004107957986690178,0.0018783834897570517,0.0006459960937499981,0.0012323873960070535,8.192587166995509,100,40,3,3,0.9,0.8,0.5,0.25,360.0,72,8.0,0.0,5.070422535211268,0.3,0.9981251382196566,0.9786824977397278,{'sigma_xy': 0.5}
experiment_4_parameter_tuning,sigma_xy_0_50,complex_room,perception_aware,2,2,4.8,1.5,-1.2,1.454055246061565,2.9126183083131454,-2.2426676128086984,0.9948745468641125,3.631919159533927,1.0426676128086987,False,0.005694986979166647,0.0038845595367953127,0.005151858746455247,0.003986490885416653,0.0011653678610385938,8.185179375010193,100,40,3,3,0.9,0.8,0.5,0.25,360.0,72,8.0,0.0,5.070422535211268,0.3,0.9948745468641125,0.981556309149429,{'sigma_xy': 0.5}
experiment_4_parameter_tuning,sigma_xy_0_50,complex_room,perception_aware,2,3,4.8,1.5,-1.2,7.627825853559408,3.789925472453375,-2.742616473222098,0.9949849659939517,3.6387302355972757,1.542616473222098,False,0.005541449652777758,0.0038709886062302003,0.00504031133881349,0.00387901475694443,0.0011612965818690601,8.17927641699498,100,40,3,3,0.9,0.8,0.5,0.25,360.0,72,8.0,0.0,5.070422535211268,0.3,0.9949849659939517,0.9851066167794008,{'sigma_xy': 0.5}
experiment_4_parameter_tuning,sigma_xy_0_50,complex_room,perception_aware,2,4,4.8,1.5,-1.2,7.597299817269542,3.8015386840774665,-2.7430498066736138,0.9950873399390711,3.622425510897533,1.5430498066736138,False,0.0054432508680555365,0.003755459435877293,0.004936913438402063,0.003810275607638875,0.0011266378307631878,8.225560999999288,100,40,3,3,0.9,0.8,0.5,0.25,360.0,72,8.0,0.0,5.070422535211268,0.3,0.9950873399390711,0.9879533272328238,{'sigma_xy': 0.5}
experiment_4_parameter_tuning,sigma_xy_0_50,complex_room,perception_aware,2,5,4.8,1.5,-1.2,4.897723239433868,1.5064704584769084,-1.201141229978505,0.9992710007335683,0.09793721641107934,0.0011412299785051871,True,0.00029839409722222246,0.0017355174200282524,0.0007295310940640314,0.0002088758680555557,0.0005206552260084757,8.235500583003159,100,40,3,3,0.9,0.8,0.5,0.25,360.0,72,8.0,0.0,5.070422535211268,0.3,0.9992710007335683,0.9776963216727045,{'sigma_xy': 0.5}
experiment_4_parameter_tuning,sigma_xy_0_50,complex_room,perception_aware,2,6,4.8,1.5,-1.2,7.615272254198909,3.7470031566409125,-2.758935259751793,0.9949097938575425,3.602052338766947,1.5589352597517931,False,0.0054432508680555365,0.0043532443213881245,0.005116248904055313,0.003810275607638875,0.0013059732964164374,8.2346229590039,100,40,3,3,0.9,0.8,0.5,0.25,360.0,72,8.0,0.0,5.070422535211268,0.3,0.9949097938575425,0.9869979721596553,{'sigma_xy': 0.5}
experiment_4_parameter_tuning,sigma_xy_0_50,complex_room,perception_aware,2,7,4.8,1.5,-1.2,4.944429584340181,1.5364072864174478,-1.2783575989446312,0.9981152377771182,0.1489476261541607,0.07835759894463123,True,0.0013595920138888854,0.003122022832446466,0.0018883212594561593,0.0009517144097222198,0.0009366068497339397,8.069698332998087,100,40,3,3,0.9,0.8,0.5,0.25,360.0,72,8.0,0.0,5.070422535211268,0.3,0.9981152377771182,0.9775432870137902,{'sigma_xy': 0.5}
experiment_4_parameter_tuning,sigma_xy_0_50,complex_room,perception_aware,2,8,4.8,1.5,-1.2,7.599789454137358,3.671475435288174,-2.7034419004299077,0.9950737869221046,3.543180288040496,1.5034419004299078,False,0.005327690972222202,0.004070723705687315,0.004950600792261736,0.0037293836805555414,0.0012212171117061946,8.184032749995822,100,40,3,3,0.9,0.8,0.5,0.25,360.0,72,8.0,0.0,5.070422535211268,0.3,0.9950737869221046,0.9881206810524134,{'sigma_xy': 0.5}
experiment_4_parameter_tuning,sigma_xy_0_50,complex_room,perception_aware,2,9,4.8,1.5,-1.2,4.836543148000056,1.4967952853851532,-1.1989106312009081,0.9996000360601637,0.03668340035379207,0.0010893687990920498,True,7.5954861111110965e-06,0.0013160237824000193,0.0004001239749977835,5.316840277777768e-06,0.00039480713472000577,8.388443458999973,100,40,3,3,0.9,0.8,0.5,0.25,360.0,72,8.0,0.0,5.070422535211268,0.3,0.9996000360601637,0.9778496385294905,{'sigma_xy': 0.5}
experiment_4_parameter_tuning,sigma_xy_0_50,complex_room,perception_aware,4,0,6.8,3.0,-2.4,6.803776480846615,3.012256209982732,-2.3918808721935396,0.9995894801374244,0.012824838818701343,0.008119127806460291,True,7.5954861111110906e-06,0.0013512387268904962,0.0004106884583449266,5.316840277777763e-06,0.00040537161806714886,8.791207540998585,100,40,3,3,0.9,0.8,0.5,0.25,360.0,72,8.0,0.0,5.070422535211268,0.3,0.9995894801374244,0.9844690352978437,{'sigma_xy': 0.5}
experiment_4_parameter_tuning,sigma_xy_0_50,complex_room,perception_aware,4,1,6.8,3.0,-2.4,6.960179059303574,3.1668064769349615,1.104371693169305,0.9948921787131007,0.23126117656630502,2.7788136140102813,False,0.006584743923611105,0.0017490810835869858,0.005134045071603869,0.004609320746527773,0.0005247243250760958,8.662173457996687,100,40,3,3,0.9,0.8,0.5,0.25,360.0,72,8.0,0.0,5.070422535211268,0.3,0.9948921787131007,0.98723628835823,{'sigma_xy': 0.5}
experiment_4_parameter_tuning,sigma_xy_0_50,complex_room,perception_aware,4,2,6.8,3.0,-2.4,6.820604574509398,2.9567205472474893,-2.4889540517764424,0.9991216380930672,0.04793390784476196,0.08895405177644244,True,0.0002669270833333328,0.0023076171550270074,0.0008791341048414351,0.00018684895833333292,0.0006922851465081021,8.76562408299651,100,40,3,3,0.9,0.8,0.5,0.25,360.0,72,8.0,0.0,5.070422535211268,0.3,0.9991216380930672,0.9875203480916451,{'sigma_xy': 0.5}
experiment_4_parameter_tuning,sigma_xy_0_50,complex_room,perception_aware,4,3,6.8,3.0,-2.4,6.9782048766279985,3.1162225993080264,-2.3636357579415246,0.9994903746184499,0.21275495445209797,0.03636424205847533,True,0.0004253472222222225,0.0007071405881681576,0.000509885232006003,0.00029774305555555576,0.0002121421764504473,8.75904179198551,100,40,3,3,0.9,0.8,0.5,0.25,360.0,72,8.0,0.0,5.070422535211268,0.3,0.9994903746184499,0.9855552059429635,{'sigma_xy': 0.5}
experiment_4_parameter_tuning,sigma_xy_0_50,complex_room,perception_aware,4,4,6.8,3.0,-2.4,6.853650415340275,3.027021080201854,-2.3909865613951826,0.9995652796340176,0.06007084019271804,0.009013438604817292,True,4.6115451388888915e-05,0.001342095379988888,0.0004349094299688886,3.228081597222224e-05,0.00040262861399666637,8.776587750006001,100,40,3,3,0.9,0.8,0.5,0.25,360.0,72,8.0,0.0,5.070422535211268,0.3,0.9995652796340176,0.9852413172486328,{'sigma_xy': 0.5}
experiment_4_parameter_tuning,sigma_xy_0_50,complex_room,perception_aware,4,5,6.8,3.0,-2.4,6.845715834776277,3.1123679134114735,-2.360634510416179,0.999670731956278,0.12131152259262204,0.03936548958382069,True,0.00011664496527777774,0.0008257500706076526,0.0003293764968767402,8.165147569444441e-05,0.0002477250211822958,8.766116000013426,100,40,3,3,0.9,0.8,0.5,0.25,360.0,72,8.0,0.0,5.070422535211268,0.3,0.999670731956278,0.98594961452706,{'sigma_xy': 0.5}
experiment_4_parameter_tuning,sigma_xy_0_50,complex_room,perception_aware,4,6,6.8,3.0,-2.4,6.984078774723845,3.047171540910417,-2.3868216259386723,0.9995199297066142,0.19002670753263973,0.013178374061327602,True,0.0004416232638888892,0.0005705486228128227,0.0004803008715660692,0.0003091362847222224,0.0001711645868438468,8.789888290993986,100,40,3,3,0.9,0.8,0.5,0.25,360.0,72,8.0,0.0,5.070422535211268,0.3,0.9995199297066142,0.9851448379690023,{'sigma_xy': 0.5}
experiment_4_parameter_tuning,sigma_xy_0_50,complex_room,perception_aware,4,7,6.8,3.0,-2.4,7.066783515989661,3.203244884853922,-2.3233741350854085,0.9980543850644265,0.33538325483406245,0.07662586491459145,False,0.0009960937500000007,0.004173807024577306,0.0019494077323731923,0.0006972656250000004,0.0012521421073731919,8.695986666003591,100,40,3,3,0.9,0.8,0.5,0.25,360.0,72,8.0,0.0,5.070422535211268,0.3,0.9980543850644265,0.9861798394581299,{'sigma_xy': 0.5}
experiment_4_parameter_tuning,sigma_xy_0_50,complex_room,perception_aware,4,8,6.8,3.0,-2.4,6.768324233174515,2.9366990788340295,-2.4733112424428727,0.9993350097466179,0.07078390229736488,0.07331124244287279,True,0.00011935763888888871,0.0019396080415313968,0.000665432759681641,8.35503472222221e-05,0.000581882412459419,8.798323291004635,100,40,3,3,0.9,0.8,0.5,0.25,360.0,72,8.0,0.0,5.070422535211268,0.3,0.9993350097466179,0.9854796496542367,{'sigma_xy': 0.5}
experiment_4_parameter_tuning,sigma_xy_0_50,complex_room,perception_aware,4,9,6.8,3.0,-2.4,6.869513257140996,3.064035730711446,-2.37694008708369,0.9994868203608079,0.09451279133587738,0.023059912916310044,True,8.138020833333334e-05,0.0015215899397261166,0.0005134431277511683,5.6966145833333334e-05,0.00045647698191783495,8.78059941700485,100,40,3,3,0.9,0.8,0.5,0.25,360.0,72,8.0,0.0,5.070422535211268,0.3,0.9994868203608079,0.9833779169827882,{'sigma_xy': 0.5}
experiment_4_parameter_tuning,sigma_xy_0_50,corridor,perception_aware,0,0,1.0,3.0,0.0,6.954013121219553,2.8712578002481215,3.124230207976379,0.9965593218209856,5.955404839442199,3.124230207976379,False,0.003921983506944443,0.002357229542592975,0.003452557317639002,0.00274538845486111,0.0007071688627778925,10.097932791992207,100,40,3,3,0.9,0.8,0.5,0.25,360.0,72,8.0,0.0,5.070422535211268,0.3,0.9965593218209856,0.9698766768864694,{'sigma_xy': 0.5}
experiment_4_parameter_tuning,sigma_xy_0_50,corridor,perception_aware,0,1,1.0,3.0,0.0,6.9127978341378205,2.739985068730334,3.1089074406870454,0.996536816857107,5.9185121434249055,3.1089074406870454,False,0.004372829861111106,0.0013807918603558368,0.003475218460884525,0.003060980902777774,0.00041423755810675105,10.116861167000025,100,40,3,3,0.9,0.8,0.5,0.25,360.0,72,8.0,0.0,5.070422535211268,0.3,0.996536816857107,0.9751512635240941,{'sigma_xy': 0.5}
experiment_4_parameter_tuning,sigma_xy_0_50,corridor,perception_aware,0,2,1.0,3.0,0.0,6.898375386490117,2.8195632624196745,3.11542800997361,0.9966242863224698,5.901134604143602,3.11542800997361,False,0.0042626953124999985,0.001344203332203282,0.003387147718410983,0.0029838867187499986,0.0004032609996609846,10.228507624997292,100,40,3,3,0.9,0.8,0.5,0.25,360.0,72,8.0,0.0,5.070422535211268,0.3,0.9966242863224698,0.9723414901501336,{'sigma_xy': 0.5}
experiment_4_parameter_tuning,sigma_xy_0_50,corridor,perception_aware,0,3,1.0,3.0,0.0,0.9885072171465659,3.034803591103057,-0.01315842260878068,0.9995739055640434,0.03665206694560306,0.01315842260878064,True,4.882812499999999e-05,0.0013069879410608325,0.0004262760698182497,3.417968749999999e-05,0.00039209638231824974,10.302638666995335,100,40,3,3,0.9,0.8,0.5,0.25,360.0,72,8.0,0.0,5.070422535211268,0.3,0.9995739055640434,0.9705723387561411,{'sigma_xy': 0.5}
experiment_4_parameter_tuning,sigma_xy_0_50,corridor,perception_aware,0,4,1.0,3.0,0.0,1.0152669735559425,2.9782723392199695,-0.0005902557027423833,0.9992696815867492,0.0265550696577871,0.0005902557027424038,True,0.00039225260416666727,0.001520917817099423,0.000730852168046494,0.00027457682291666706,0.00045627534512982686,10.216787083001691,100,40,3,3,0.9,0.8,0.5,0.25,360.0,72,8.0,0.0,5.070422535211268,0.3,0.9992696815867492,0.9729034588139546,{'sigma_xy': 0.5}
experiment_4_parameter_tuning,sigma_xy_0_50,corridor,perception_aware,0,5,1.0,3.0,0.0,0.9997025564186921,3.0226859506917254,-0.004311093837007535,0.9996120496480552,0.022687900552308887,0.004311093837007451,True,0.0004058159722222228,0.00034676578425429927,0.0003881009158318457,0.0002840711805555559,0.00010402973527628978,10.281836499998462,100,40,3,3,0.9,0.8,0.5,0.25,360.0,72,8.0,0.0,5.070422535211268,0.3,0.9996088520767759,0.9762453614928372,{'sigma_xy': 0.5}
experiment_4_parameter_tuning,sigma_xy_0_50,corridor,perception_aware,0,6,1.0,3.0,0.0,0.9811909007852706,2.9601557205911067,0.00953934036459847,0.999566168418752,0.04406074006282119,0.00953934036459847,True,0.00031792534722222075,0.0007049070990672451,0.000434019872775728,0.0002225477430555545,0.00021147212972017352,10.31326741699013,100,40,3,3,0.9,0.8,0.5,0.25,360.0,72,8.0,0.0,5.070422535211268,0.3,0.999566168418752,0.9717763807544249,{'sigma_xy': 0.5}
experiment_4_parameter_tuning,sigma_xy_0_50,corridor,perception_aware,0,7,1.0,3.0,0.0,0.9731931555301603,3.010676033829464,-0.015437334528250472,0.9998338504695539,0.028854542255215762,0.015437334528250357,True,7.432725694444437e-05,0.00038049353612930326,0.00016617714069990202,5.202907986111106e-05,0.00011414806083879097,10.183964750001905,100,40,3,3,0.9,0.8,0.5,0.25,360.0,72,8.0,0.0,5.070422535211268,0.3,0.9998338504695539,0.9757074282287692,{'sigma_xy': 0.5}
experiment_4_parameter_tuning,sigma_xy_0_50,corridor,perception_aware,0,8,1.0,3.0,0.0,6.972483547311729,2.867525170001776,-3.120699229371696,0.9963578529131148,5.973952569571702,3.120699229371696,False,0.00415581597222222,0.002487965440934011,0.003655460812835757,0.0029090711805555536,0.0007463896322802033,10.130539459001739,100,40,3,3,0.9,0.8,0.5,0.25,360.0,72,8.0,0.0,5.070422535211268,0.3,0.9963578529131148,0.97216694510333,{'sigma_xy': 0.5}
experiment_4_parameter_tuning,sigma_xy_0_50,corridor,perception_aware,0,9,1.0,3.0,0.0,0.9594757240812731,2.9871080972092123,0.031709560877216436,0.9990075468578415,0.04252549936572439,0.031709560877216436,True,0.0011208767361111044,0.0006960845620704639,0.0009934390838989122,0.0007846137152777731,0.00020882536862113917,10.266591583000263,100,40,3,3,0.9,0.8,0.5,0.25,360.0,72,8.0,0.0,5.070422535211268,0.3,0.9990075468578415,0.969194749985651,{'sigma_xy': 0.5}
experiment_4_parameter_tuning,sigma_xy_0_50,corridor,perception_aware,2,0,3.8,3.0,0.0,3.836901801237928,3.009427488696643,-0.011247678601414046,0.9995262393568888,0.03808701192964465,0.01124767860141418,True,0.000491536458333334,0.00043303225936776785,0.00047398519864366414,0.00034407552083333377,0.00012990967781033034,11.371710916995653,100,40,3,3,0.9,0.8,0.5,0.25,360.0,72,8.0,0.0,5.070422535211268,0.3,0.9995262393568888,0.9813757111205962,{'sigma_xy': 0.5}
experiment_4_parameter_tuning,sigma_xy_0_50,corridor,perception_aware,2,1,3.8,3.0,0.0,3.7841718017935704,3.0058371802966226,0.004428389794471572,0.9992627886846671,0.01687022620705767,0.004428389794471688,True,0.00018934461805555444,0.0020173798805770567,0.000737755196812005,0.0001325412326388881,0.000605213964173117,11.454380750001292,100,40,3,3,0.9,0.8,0.5,0.25,360.0,72,8.0,0.0,5.070422535211268,0.3,0.9992627886846671,0.9796711202005688,{'sigma_xy': 0.5}
experiment_4_parameter_tuning,sigma_xy_0_50,corridor,perception_aware,2,2,3.8,3.0,0.0,3.8200246206038546,3.000606695691841,0.0003573702996631348,0.9995341899313936,0.020033809173265683,0.00035737029966309564,True,0.0003678385416666672,0.0006951338985926857,0.00046602714874447273,0.00025748697916666704,0.00020854016957780572,11.453593458005344,100,40,3,3,0.9,0.8,0.5,0.25,360.0,72,8.0,0.0,5.070422535211268,0.3,0.9995341899313936,0.9789480336293584,{'sigma_xy': 0.5}
experiment_4_parameter_tuning,sigma_xy_0_50,corridor,perception_aware,2,3,3.8,3.0,0.0,3.825008781984349,2.992789151099534,-0.0214292188144511,0.9995844692643028,0.02602759147916016,0.021429218814450923,True,0.0004991319444444451,0.0002210370405203744,0.0004157034732672238,0.0003493923611111115,6.631111215611231e-05,11.443869624999934,100,40,3,3,0.9,0.8,0.5,0.25,360.0,72,8.0,0.0,5.070422535211268,0.3,0.9995844692643028,0.9794315233018933,{'sigma_xy': 0.5}
experiment_4_parameter_tuning,sigma_xy_0_50,corridor,perception_aware,2,4,3.8,3.0,0.0,3.774940251661294,3.003484062566865,-0.016734176680286532,0.9988361220649301,0.025300784153245107,0.016734176680286428,True,0.0008631727430555532,0.0018700440173957222,0.0011652341253576039,0.0006042209201388872,0.0005610132052187167,11.460945291997632,100,40,3,3,0.9,0.8,0.5,0.25,360.0,72,8.0,0.0,5.070422535211268,0.3,0.9988361220649301,0.9810156723675181,{'sigma_xy': 0.5}
experiment_4_parameter_tuning,sigma_xy_0_50,corridor,perception_aware,2,5,3.8,3.0,0.0,3.791623710804325,3.0075130709914455,-0.004330735212701581,0.9996253646043901,0.01125204232182212,0.004330735212701775,True,1.1935763888888876e-05,0.0012214025505594462,0.0003747757998900561,8.355034722222212e-06,0.0003664207651678339,11.53400454200164,100,40,3,3,0.9,0.8,0.5,0.25,360.0,72,8.0,0.0,5.070422535211268,0.3,0.9996253646043901,0.9801666175413877,{'sigma_xy': 0.5}
experiment_4_parameter_tuning,sigma_xy_0_50,corridor,perception_aware,2,6,3.8,3.0,0.0,3.818626455873907,2.995416711693709,-0.010284694459301063,0.9995784013506286,0.019182059068859135,0.010284694459301136,True,0.00039225260416666716,0.0004906654894826721,0.00042177646976146867,0.000274576822916667,0.00014719964684480164,11.432707792002475,100,40,3,3,0.9,0.8,0.5,0.25,360.0,72,8.0,0.0,5.070422535211268,0.3,0.9995784013506286,0.981200726965808,{'sigma_xy': 0.5}
experiment_4_parameter_tuning,sigma_xy_0_50,corridor,perception_aware,2,7,3.8,3.0,0.0,3.7914010488878906,3.0402294518625954,-0.008130522603198683,0.9990846839635095,0.04113819098348061,0.008130522603198465,True,0.00039388020833333386,0.002134794872204407,0.0009161546074946557,0.0002757161458333337,0.000640438461661322,11.382213582997792,100,40,3,3,0.9,0.8,0.5,0.25,360.0,72,8.0,0.0,5.070422535211268,0.3,0.9990846839635095,0.9803582538955089,{'sigma_xy': 0.5}
experiment_4_parameter_tuning,sigma_xy_0_50,corridor,perception_aware,2,8,3.8,3.0,0.0,3.816494396138633,2.999692089967794,-0.03401643051207619,0.9988028191140951,0.016497269851890407,0.034016430512076035,True,0.001334635416666665,0.0008812368473951523,0.001198615845885211,0.0009342447916666654,0.0002643710542185457,11.492233625001973,100,40,3,3,0.9,0.8,0.5,0.25,360.0,72,8.0,0.0,5.070422535211268,0.3,0.9988028191140951,0.9811859405965552,{'sigma_xy': 0.5}
experiment_4_parameter_tuning,sigma_xy_0_50,corridor,perception_aware,2,9,3.8,3.0,0.0,3.853652332204408,3.0010266548564943,-0.008558024889511243,0.9992483508461433,0.05366215399298206,0.008558024889511184,True,0.0005327690972222228,0.001264253957450311,0.0007522145552906491,0.00037293836805555593,0.00037927618723509327,11.480902959010564,100,40,3,3,0.9,0.8,0.5,0.25,360.0,72,8.0,0.0,5.070422535211268,0.3,0.9992483508461433,0.9804282395154713,{'sigma_xy': 0.5}
experiment_4_parameter_tuning,sigma_xy_0_50,corridor,perception_aware,4,0,6.6,3.0,3.141592653589793,6.636561861568929,2.981100258578653,3.1276445610566683,0.9996121149557545,0.04115786616406771,0.01394809253312479,True,0.0004302300347222229,0.00028958177709731414,0.0003880355574347503,0.00030116102430555603,8.687453312919424e-05,10.306688459008,100,40,3,3,0.9,0.8,0.5,0.25,360.0,72,8.0,0.0,5.070422535211268,0.3,0.9996121149557545,0.9738023043826814,{'sigma_xy': 0.5}
experiment_4_parameter_tuning,sigma_xy_0_50,corridor,perception_aware,4,1,6.6,3.0,3.141592653589793,6.6110643115832675,2.987659566834902,3.128547783477373,0.9999089213379648,0.01657423547298293,0.01304487011242017,True,1.8446180555555566e-05,0.00026058210574884944,9.108695811354373e-05,1.2912326388888895e-05,7.817463172465483e-05,10.426577707999968,100,40,3,3,0.9,0.8,0.5,0.25,360.0,72,8.0,0.0,5.070422535211268,0.3,0.9999089213379648,0.9763499522327647,{'sigma_xy': 0.5}
experiment_4_parameter_tuning,sigma_xy_0_50,corridor,perception_aware,4,2,6.6,3.0,3.141592653589793,1.5195912348100475,2.812015883440857,0.0471695722846907,0.9962825170129704,5.083885448109292,3.0944230813051026,False,0.0013731553819444425,0.009233818218492552,0.0037313542329088754,0.0009612087673611096,0.0027701454655477656,10.58771695800533,100,40,3,3,0.9,0.8,0.5,0.25,360.0,72,8.0,0.0,5.070422535211268,0.3,0.9962825170129704,0.9740444349453113,{'sigma_xy': 0.5}
experiment_4_parameter_tuning,sigma_xy_0_50,corridor,perception_aware,4,3,6.6,3.0,3.141592653589793,1.5605820760346805,2.8965016455357797,-0.011067760375183892,0.9967195342138818,5.040480624083354,3.1305248932146092,False,0.0007302517361111102,0.009266954817972827,0.0032912626606696254,0.0005111762152777772,0.002780086445391848,10.559553375001997,100,40,3,3,0.9,0.8,0.5,0.25,360.0,72,8.0,0.0,5.070422535211268,0.3,0.9967195342138818,0.9743240625969747,{'sigma_xy': 0.5}
experiment_4_parameter_tuning,sigma_xy_0_50,corridor,perception_aware,4,4,6.6,3.0,3.141592653589793,6.611397643067573,2.9871763262140014,3.129676395173966,0.9999036499917026,0.017156715211995088,0.011916258415827219,True,1.790364583333334e-05,0.00027942246810915006,9.635929251607835e-05,1.2532552083333337e-05,8.382674043274502e-05,10.344793500000378,100,40,3,3,0.9,0.8,0.5,0.25,360.0,72,8.0,0.0,5.070422535211268,0.3,0.9999036499917026,0.9726417894626509,{'sigma_xy': 0.5}
experiment_4_parameter_tuning,sigma_xy_0_50,corridor,perception_aware,4,5,6.6,3.0,3.141592653589793,1.4592152176506592,2.843592990490296,0.029291596621562697,0.9965568689126394,5.143163552820222,3.1123010569682306,False,0.0016308593749999984,0.007711418788056301,0.003455027198916889,0.0011416015624999987,0.00231342563641689,10.483476250010426,100,40,3,3,0.9,0.8,0.5,0.25,360.0,72,8.0,0.0,5.070422535211268,0.3,0.9965568689126394,0.9746390966554828,{'sigma_xy': 0.5}
experiment_4_parameter_tuning,sigma_xy_0_50,corridor,perception_aware,4,6,6.6,3.0,3.141592653589793,6.574567086175752,3.0491319239338917,-3.13405891828273,0.9987621976097559,0.05532430799420203,0.007533735307063694,True,0.0007535807291666678,0.0023727664447996018,0.001239336443856548,0.0005275065104166674,0.0007118299334398805,10.35175104199152,100,40,3,3,0.9,0.8,0.5,0.25,360.0,72,8.0,0.0,5.070422535211268,0.3,0.9987621976097559,0.9749938151695869,{'sigma_xy': 0.5}
experiment_4_parameter_tuning,sigma_xy_0_50,corridor,perception_aware,4,7,6.6,3.0,3.141592653589793,1.5734917425060084,2.9221585993235344,-0.018727420737089252,0.9967463802251998,5.027110954247434,3.1228652328527033,False,0.0007573784722222211,0.009113584804227267,0.003264240371823735,0.0005301649305555548,0.0027340754412681803,10.493743958999403,100,40,3,3,0.9,0.8,0.5,0.25,360.0,72,8.0,0.0,5.070422535211268,0.3,0.9967463802251998,0.9748746647861405,{'sigma_xy': 0.5}
experiment_4_parameter_tuning,sigma_xy_0_50,corridor,perception_aware,4,8,6.6,3.0,3.141592653589793,6.630035987137606,2.983676955503047,3.1379298816889625,0.999845724381136,0.034184825653789025,0.0036627719008306414,True,4.7743055555555565e-05,0.0004029309487142187,0.0001542994235031545,3.342013888888889e-05,0.0001208792846142656,10.269422124998528,100,40,3,3,0.9,0.8,0.5,0.25,360.0,72,8.0,0.0,5.070422535211268,0.3,0.999845724381136,0.9710420688730694,{'sigma_xy': 0.5}
experiment_4_parameter_tuning,sigma_xy_0_50,corridor,perception_aware,4,9,6.6,3.0,3.141592653589793,1.4893551587218843,2.900818491432484,-0.004579899781161919,0.9964248111937405,5.111607150918813,3.137012753808631,False,0.0018619791666666663,0.0076154374217740975,0.0035880166431988955,0.0013033854166666662,0.0022846312265322292,10.578174707989092,100,40,3,3,0.9,0.8,0.5,0.25,360.0,72,8.0,0.0,5.070422535211268,0.3,0.9964248111937405,0.9718964545639543,{'sigma_xy': 0.5}
experiment_4_parameter_tuning,tournament_2,medium_room,perception_aware,0,0,2.0,2.2,0.0,5.737826590827737,2.5513105880403235,2.923578815529318,0.9911113506849388,3.7542997685811055,2.923578815529318,False,0.009600151909722179,0.007494198794459357,0.008968365975143333,0.006720106336805525,0.002248259638337807,12.066579915990587,100,40,3,2,0.9,0.8,0.35,0.25,360.0,72,8.0,0.0,5.070422535211268,0.3,0.9910098214200638,0.9774844147057707,{'tournament_size': 2}
experiment_4_parameter_tuning,tournament_2,medium_room,perception_aware,0,1,2.0,2.2,0.0,1.9895134896022069,2.207658965429648,0.008438338474030391,0.9992664010081322,0.012985632513496057,0.008438338474030527,True,2.875434027777765e-05,0.0023800317208107443,0.0007341375544376676,2.0128038194444353e-05,0.0007140095162432232,11.95761641599529,100,40,3,2,0.9,0.8,0.35,0.25,360.0,72,8.0,0.0,5.070422535211268,0.3,0.9992664010081322,0.9751752178522579,{'tournament_size': 2}
experiment_4_parameter_tuning,tournament_2,medium_room,perception_aware,0,2,2.0,2.2,0.0,5.7662425025891375,2.581366705429715,2.94715393561361,0.9906798897236794,3.7855017041759744,2.94715393561361,False,0.009897460937499956,0.008265230927859546,0.009407791934607833,0.006928222656249969,0.0024795692783578637,11.916769500006922,100,40,3,2,0.9,0.8,0.35,0.25,360.0,72,8.0,0.0,5.070422535211268,0.3,0.9906798897236794,0.9774494958797135,{'tournament_size': 2}
experiment_4_parameter_tuning,tournament_2,medium_room,perception_aware,0,3,2.0,2.2,0.0,5.782231571331925,2.636776105216981,2.8966992541631504,0.9910876569805231,3.8073677291888264,2.896699254163151,False,0.0091829427083333,0.008548090845728568,0.00899248714955188,0.006428059895833309,0.0025644272537185702,12.052948666998418,100,40,3,2,0.9,0.8,0.35,0.25,360.0,72,8.0,0.0,5.070422535211268,0.3,0.9910876569805231,0.9773272512644069,{'tournament_size': 2}
experiment_4_parameter_tuning,tournament_2,medium_room,perception_aware,0,4,2.0,2.2,0.0,5.837453180044213,2.689335433373106,2.8924200279837873,0.9909566124039444,3.86852634415043,2.8924200279837873,False,0.009633789062499964,0.007940881516956754,0.009125916798837,0.006743652343749974,0.002382264455087026,12.0499210840062,100,40,3,2,0.9,0.8,0.35,0.25,360.0,72,8.0,0.0,5.070422535211268,0.3,0.9909566124039444,0.9749598937675985,{'tournament_size': 2}
experiment_4_parameter_tuning,tournament_2,medium_room,perception_aware,0,5,2.0,2.2,0.0,5.850923365431847,2.671475935409159,2.9070843780650573,0.991080026994581,3.8796778634441917,2.9070843780650577,False,0.008773328993055525,0.009529749140851975,0.00900025503739446,0.006141330295138868,0.002858924742255592,11.95759387499129,100,40,3,2,0.9,0.8,0.35,0.25,360.0,72,8.0,0.0,5.070422535211268,0.3,0.991080026994581,0.9727724084307059,{'tournament_size': 2}
experiment_4_parameter_tuning,tournament_2,medium_room,perception_aware,0,6,2.0,2.2,0.0,5.781920784760625,2.615103502112544,2.927671244885973,0.9913644153396407,3.804633456677597,2.927671244885973,False,0.00932345920138885,0.007281287118917571,0.008710807576647465,0.006526421440972194,0.0021843861356752713,11.998156917004962,100,40,3,2,0.9,0.8,0.35,0.25,360.0,72,8.0,0.0,5.070422535211268,0.3,0.9913644153396407,0.9732916994367276,{'tournament_size': 2}
experiment_4_parameter_tuning,tournament_2,medium_room,perception_aware,0,7,2.0,2.2,0.0,1.975913229722631,2.1783714038610444,0.0489612833179689,0.9982615336721771,0.03237234426693254,0.048961283317968896,True,0.0007275390624999978,0.00410738837500695,0.0017414938562520833,0.0005092773437499984,0.001232216512502085,12.015349167006207,100,40,3,2,0.9,0.8,0.35,0.25,360.0,72,8.0,0.0,5.070422535211268,0.3,0.9982615336721771,0.9668535944560526,{'tournament_size': 2}
experiment_4_parameter_tuning,tournament_2,medium_room,perception_aware,0,8,2.0,2.2,0.0,5.8538088189009665,2.6681978519741034,2.981306463424034,0.9913376103065693,3.882145237009047,2.9813064634240334,False,0.009176432291666632,0.0077152658796985595,0.00873808236807621,0.006423502604166642,0.0023145797639095677,12.0120687919989,100,40,3,2,0.9,0.8,0.35,0.25,360.0,72,8.0,0.0,5.070422535211268,0.3,0.9913376103065693,0.9754140573691912,{'tournament_size': 2}
experiment_4_parameter_tuning,tournament_2,medium_room,perception_aware,0,9,2.0,2.2,0.0,5.728905510348191,2.6022388664260054,2.926103861113759,0.991017104174744,3.750537616231676,2.9261038611137593,False,0.009356553819444405,0.008382439969727318,0.009064319664529278,0.006549587673611083,0.0025147319909181952,11.984452041011536,100,40,3,2,0.9,0.8,0.35,0.25,360.0,72,8.0,0.0,5.070422535211268,0.3,0.991017104174744,0.9762407655954326,{'tournament_size': 2}
experiment_4_parameter_tuning,tournament_2,medium_room,perception_aware,2,0,5.5,2.0,-0.8,5.457195248990737,1.9879325308606526,-0.8106369319485651,0.9992420915061602,0.04447325623781229,0.010636931948565298,True,2.6584201388888826e-05,0.0024662480461487336,0.0007584833548168423,1.8608940972222177e-05,0.0007398744138446201,11.696446750007453,100,40,3,2,0.9,0.8,0.35,0.25,360.0,72,8.0,0.0,5.070422535211268,0.3,0.9992420915061602,0.9800267331103383,{'tournament_size': 2}
experiment_4_parameter_tuning,tournament_2,medium_room,perception_aware,2,1,5.5,2.0,-0.8,5.518216498727067,1.986100070954249,-0.8086134444455179,0.9994807804610069,0.02291394451748028,0.008613444445517704,True,2.3328993055555486e-05,0.0016771965761081867,0.0005194892679713448,1.6330295138888838e-05,0.0005031589728324559,11.789043500000844,100,40,3,2,0.9,0.8,0.35,0.25,360.0,72,8.0,0.0,5.070422535211268,0.3,0.9994807804610069,0.9765437116587329,{'tournament_size': 2}
experiment_4_parameter_tuning,tournament_2,medium_room,perception_aware,2,2,5.5,2.0,-0.8,3.87726110351598,3.993123147909416,2.1421850859193565,0.9883784033996917,2.570179256179326,2.9421850859193563,False,0.011375868055555512,0.012650461851388914,0.011758246194305533,0.007963107638888859,0.003795138555416674,12.447902875006548,100,40,3,2,0.9,0.8,0.35,0.25,360.0,72,8.0,0.0,5.070422535211268,0.3,0.9883784033996917,0.9737432138980634,{'tournament_size': 2}
experiment_4_parameter_tuning,tournament_2,medium_room,perception_aware,2,3,5.5,2.0,-0.8,5.491526728224415,1.9877648678809412,-0.8058551387887495,0.9996017609639235,0.01488270111753051,0.005855138788749326,True,8.138020833333323e-06,0.001309003596688869,0.000398397693589994,5.696614583333326e-06,0.0003927010790066607,11.86400175000017,100,40,3,2,0.9,0.8,0.35,0.25,360.0,72,8.0,0.0,5.070422535211268,0.3,0.9996017609639235,0.9802304036467356,{'tournament_size': 2}
experiment_4_parameter_tuning,tournament_2,medium_room,perception_aware,2,4,5.5,2.0,-0.8,5.43253891270107,2.0031962551249918,-0.7354590683078923,0.9966902188469681,0.06753676292492734,0.0645409316921075,True,0.004264322916666642,0.001119153801825267,0.0033207721822142294,0.0029850260416666493,0.00033574614054758013,12.17488650001178,100,40,3,2,0.9,0.8,0.35,0.25,360.0,72,8.0,0.0,5.070422535211268,0.3,0.9966902188469681,0.9670945221955407,{'tournament_size': 2}
experiment_4_parameter_tuning,tournament_2,medium_room,perception_aware,2,5,5.5,2.0,-0.8,5.4954485312141665,1.9539548122958552,-0.8136221298066229,0.9994635198693114,0.046269592377914275,0.013622129806623029,True,3.363715277777769e-05,0.0017107402972089323,0.0005367680961071241,2.354600694444438e-05,0.0005132220891626797,11.941057500007446,100,40,3,2,0.9,0.8,0.35,0.25,360.0,72,8.0,0.0,5.070422535211268,0.3,0.9994635198693114,0.9804650806480096,{'tournament_size': 2}
experiment_4_parameter_tuning,tournament_2,medium_room,perception_aware,2,6,5.5,2.0,-0.8,5.46419675211246,1.9925557431549683,-0.8002721260851511,0.9983025497291373,0.03656896934931938,0.00027212608515103653,True,0.0008474392361111052,0.0036904301408337103,0.0017003365075278867,0.0005932074652777737,0.001107129042250113,11.709966374997748,100,40,3,2,0.9,0.8,0.35,0.25,360.0,72,8.0,0.0,5.070422535211268,0.3,0.9983025497291373,0.9760844479713257,{'tournament_size': 2}
experiment_4_parameter_tuning,tournament_2,medium_room,perception_aware,2,7,5.5,2.0,-0.8,5.554689384257715,2.0563068244951954,-0.7862965475316983,0.9986109968670017,0.07849450449057416,0.013703452468301514,True,6.130642361111103e-05,0.004493402165821082,0.0013909351462741023,4.291449652777772e-05,0.0013480206497463246,11.774510749994079,100,40,3,2,0.9,0.8,0.35,0.25,360.0,72,8.0,0.0,5.070422535211268,0.3,0.9986109968670017,0.9808782019276869,{'tournament_size': 2}
experiment_4_parameter_tuning,tournament_2,medium_room,perception_aware,2,8,5.5,2.0,-0.8,5.4896442881606164,2.024868175687149,-0.795119993303119,0.9998459805152642,0.0269382057625829,0.004880006696881267,True,1.6818576388888845e-05,0.0004742340230645779,0.00015404321039159553,1.177300347222219e-05,0.00014227020691937335,11.864853833001689,100,40,3,2,0.9,0.8,0.35,0.25,360.0,72,8.0,0.0,5.070422535211268,0.3,0.9998459805152642,0.9799255127931424,{'tournament_size': 2}
experiment_4_parameter_tuning,tournament_2,medium_room,perception_aware,2,9,5.5,2.0,-0.8,5.542481186337036,2.062470435883338,-0.7915138273433132,0.9992539613911839,0.07554605583388344,0.008486172656686719,True,6.78168402777776e-05,0.0023304126992096485,0.0007465955979573388,4.747178819444432e-05,0.0006991238097628945,11.972910790995229,100,40,3,2,0.9,0.8,0.35,0.25,360.0,72,8.0,0.0,5.070422535211268,0.3,0.9992539613911839,0.9782701106004186,{'tournament_size': 2}
experiment_4_parameter_tuning,tournament_2,medium_room,perception_aware,4,0,7.6,2.8,-2.6,4.195564799429374,4.113696925444156,-1.2758632334516662,0.9883275469715435,3.6491065545974104,1.3241367665483335,False,0.013961046006944373,0.006791920308158213,0.011810308297308525,0.009772732204861061,0.002037576092447464,11.713133833996835,100,40,3,2,0.9,0.8,0.35,0.25,360.0,72,8.0,0.0,5.070422535211268,0.3,0.9883275469715435,0.9719242785160103,{'tournament_size': 2}
experiment_4_parameter_tuning,tournament_2,medium_room,perception_aware,4,1,7.6,2.8,-2.6,2.564526603613051,4.071663035837477,0.5766574224018072,0.9895646609491288,5.193565172637781,3.106527884777779,False,0.011630316840277708,0.008013873056876132,0.010545383705257235,0.008141221788194396,0.0024041619170628394,11.785543749996577,100,40,3,2,0.9,0.8,0.35,0.25,360.0,72,8.0,0.0,5.070422535211268,0.3,0.9895646609491288,0.9692816764777804,{'tournament_size': 2}
experiment_4_parameter_tuning,tournament_2,medium_room,perception_aware,4,2,7.6,2.8,-2.6,4.362884592162651,4.030734236537757,-1.3189232258056671,0.9880301106275987,3.4631810412746464,1.2810767741943332,False,0.013888346354166596,0.007976869927510927,0.012114903426169894,0.009721842447916617,0.002393060978253278,11.833224415997392,100,40,3,2,0.9,0.8,0.35,0.25,360.0,72,8.0,0.0,5.070422535211268,0.3,0.9880301106275987,0.9711722313549633,{'tournament_size': 2}
experiment_4_parameter_tuning,tournament_2,medium_room,perception_aware,4,3,7.6,2.8,-2.6,7.607607342535505,2.824019726825729,-2.5980429953708204,0.9995981828770223,0.025195613452249337,0.0019570046291796928,True,1.085069444444441e-05,0.0013146105292310094,0.0004019786448804139,7.595486111111086e-06,0.0003943831587693028,11.171902707996196,100,40,3,2,0.9,0.8,0.35,0.25,360.0,72,8.0,0.0,5.070422535211268,0.3,0.9995981828770223,0.9741820365090497,{'tournament_size': 2}
experiment_4_parameter_tuning,tournament_2,medium_room,perception_aware,4,4,7.6,2.8,-2.6,3.5813481547476087,5.574714927485513,-1.009541016551267,0.9912070116908036,4.883503412731621,1.590458983448733,False,0.005767144097222194,0.01611329986593682,0.008870990827836581,0.004037000868055535,0.004833989959781046,10.601525707999826,100,40,3,2,0.9,0.8,0.35,0.25,360.0,72,8.0,0.0,5.070422535211268,0.3,0.9912070116908036,0.9749157164954082,{'tournament_size': 2}
experiment_4_parameter_tuning,tournament_2,medium_room,perception_aware,4,5,7.6,2.8,-2.6,7.37505063203926,2.8803874336775896,-2.5903022055514167,0.9935067488954237,0.23888147194624612,0.00969779444858343,True,0.0030164930555555483,0.014747146117795125,0.0065356889742274205,0.0021115451388888837,0.004424143835338537,10.474148292007158,100,40,3,2,0.9,0.8,0.35,0.25,360.0,72,8.0,0.0,5.070422535211268,0.3,0.9935067488954237,0.9618224968583349,{'tournament_size': 2}
experiment_4_parameter_tuning,tournament_2,medium_room,perception_aware,4,6,7.6,2.8,-2.6,7.573466312339304,2.9292065153872104,-2.5521525299443346,0.9987292079686909,0.1319028437880733,0.047847470055665475,True,0.0009749348958333277,0.001966515238139206,0.0012724089985250912,0.0006824544270833293,0.0005899545714417618,11.850673624998308,100,40,3,2,0.9,0.8,0.35,0.25,360.0,72,8.0,0.0,5.070422535211268,0.3,0.9987292079686909,0.967618748050914,{'tournament_size': 2}
experiment_4_parameter_tuning,tournament_2,medium_room,perception_aware,4,7,7.6,2.8,-2.6,3.536568639927765,5.64509813900886,-0.9613968960341448,0.9913272896500834,4.960449358537004,1.6386031039658553,False,0.0057628038194444155,0.015715405379339964,0.00874858428741308,0.004033962673611091,0.004714621613801989,10.218228665995412,100,40,3,2,0.9,0.8,0.35,0.25,360.0,72,8.0,0.0,5.070422535211268,0.3,0.9913272896500834,0.9743708594098983,{'tournament_size': 2}
experiment_4_parameter_tuning,tournament_2,medium_room,perception_aware,4,8,7.6,2.8,-2.6,3.285656083247287,1.6310625054441474,2.46975889977851,0.9896125514773063,4.469896900175623,1.2134264074010765,False,0.01156575520833328,0.008001505080990215,0.01049648017013036,0.008096028645833295,0.0024004515242970646,12.08682791699539,100,40,3,2,0.9,0.8,0.35,0.25,360.0,72,8.0,0.0,5.070422535211268,0.3,0.9896125514773063,0.9729085102480889,{'tournament_size': 2}
experiment_4_parameter_tuning,tournament_2,medium_room,perception_aware,4,9,7.6,2.8,-2.6,2.5486856517817893,3.903643257085404,0.5948907325310562,0.9901669376017728,5.170474357679887,3.08829457464853,False,0.01058430989583327,0.00840564926336289,0.009930711706092155,0.007409016927083289,0.002521694779008867,11.806487166002626,100,40,3,2,0.9,0.8,0.35,0.25,360.0,72,8.0,0.0,5.070422535211268,0.3,0.9901669376017728,0.97359147417165,{'tournament_size': 2}
experiment_4_parameter_tuning,tournament_2,complex_room,perception_aware,0,0,1.0,1.6,0.0,5.2002081456769575,3.215199192504295,1.8805518751962442,0.992265204615189,4.500068543753261,1.880551875196244,False,0.008286132812499973,0.006649319443162341,0.0077950888016986835,0.005800292968749981,0.0019947958329487024,9.759707040997455,100,40,3,2,0.9,0.8,0.35,0.25,360.0,72,8.0,0.0,5.070422535211268,0.3,0.992265204615189,0.9803076562114473,{'tournament_size': 2}
experiment_4_parameter_tuning,tournament_2,complex_room,perception_aware,0,1,1.0,1.6,0.0,0.9835404465936537,1.5970543964817019,-0.014170239487001262,0.9994441768268999,0.016721048963009976,0.014170239487001357,True,0.000284830729166667,0.0011891692463143928,0.0005561322843109848,0.0001993815104166669,0.00035675077389431785,9.612487874997896,100,40,3,2,0.9,0.8,0.35,0.25,360.0,72,8.0,0.0,5.070422535211268,0.3,0.9994441768268999,0.9870111433351694,{'tournament_size': 2}
experiment_4_parameter_tuning,tournament_2,complex_room,perception_aware,0,2,1.0,1.6,0.0,1.0023088062244352,1.6556664913022685,-0.022257343623608348,0.9992100295778346,0.055714350396352245,0.022257343623608428,True,4.7200520833333265e-05,0.00252518201407835,0.0007905949688068383,3.3040364583333286e-05,0.000757554604223505,9.450433332996909,100,40,3,2,0.9,0.8,0.35,0.25,360.0,72,8.0,0.0,5.070422535211268,0.3,0.9992100295778346,0.9851794720699317,{'tournament_size': 2}
experiment_4_parameter_tuning,tournament_2,complex_room,perception_aware,0,3,1.0,1.6,0.0,5.2531228679029045,3.1160787174883544,1.9260139073474472,0.9921010323217831,4.515257335645418,1.9260139073474472,False,0.008339843749999978,0.007079891711033109,0.007961858138309916,0.005837890624999984,0.0021239675133099324,9.929089917000965,100,40,3,2,0.9,0.8,0.35,0.25,360.0,72,8.0,0.0,5.070422535211268,0.3,0.9921010323217831,0.9778624962984698,{'tournament_size': 2}
experiment_4_parameter_tuning,tournament_2,complex_room,perception_aware,0,4,1.0,1.6,0.0,1.0630035012840795,1.6121713811177503,0.007827377023976434,0.99934840820844,0.06416840104262013,0.00782737702397629,True,0.00032118055555555583,0.0014239675045400705,0.0006520166402509102,0.00022482638888888907,0.00042719025136202113,9.483697250005207,100,40,3,2,0.9,0.8,0.35,0.25,360.0,72,8.0,0.0,5.070422535211268,0.3,0.99934840820844,0.9857216133604224,{'tournament_size': 2}
experiment_4_parameter_tuning,tournament_2,complex_room,perception_aware,0,5,1.0,1.6,0.0,5.1901122326738856,3.17189511010152,1.8658593773294498,0.992316014535052,4.475253597234955,1.8658593773294498,False,0.008130425347222196,0.006840628526928107,0.007743486301133969,0.005691297743055537,0.002052188558078432,9.848859042002005,100,40,3,2,0.9,0.8,0.35,0.25,360.0,72,8.0,0.0,5.070422535211268,0.3,0.992316014535052,0.979088932650652,{'tournament_size': 2}
experiment_4_parameter_tuning,tournament_2,complex_room,perception_aware,0,6,1.0,1.6,0.0,0.9907744499088283,1.579326150329074,0.004325668775863711,0.999478789863052,0.022638878830471363,0.004325668775863711,True,2.00737847222222e-05,0.0016914342977167717,0.000521481938620587,1.4051649305555538e-05,0.0005074302893150315,9.495288541002083,100,40,3,2,0.9,0.8,0.35,0.25,360.0,72,8.0,0.0,5.070422535211268,0.3,0.999478789863052,0.9828128459879202,{'tournament_size': 2}
experiment_4_parameter_tuning,tournament_2,complex_room,perception_aware,0,7,1.0,1.6,0.0,0.9076330459233126,1.6621225265197672,-0.03552265935110554,0.999111808784299,0.11131425113885483,0.035522659351105546,True,0.0007118055555555562,0.0013023897058342087,0.0008889808006391519,0.0004982638888888893,0.00039071691175026263,9.539081790993805,100,40,3,2,0.9,0.8,0.35,0.25,360.0,72,8.0,0.0,5.070422535211268,0.3,0.999111808784299,0.9847073795837573,{'tournament_size': 2}
experiment_4_parameter_tuning,tournament_2,complex_room,perception_aware,0,8,1.0,1.6,0.0,5.374913090842923,2.8249122082792897,1.7432390692442603,0.9912138134233652,4.543156883756098,1.74323906924426,False,0.006763780381944411,0.013764738879820717,0.008864067931307302,0.004734646267361087,0.004129421663946215,9.641713709002943,100,40,3,2,0.9,0.8,0.35,0.25,360.0,72,8.0,0.0,5.070422535211268,0.3,0.9912138134233652,0.9787266846688293,{'tournament_size': 2}
experiment_4_parameter_tuning,tournament_2,complex_room,perception_aware,0,9,1.0,1.6,0.0,0.9968122427448004,1.6005556999594153,-0.0040213315131231945,0.9999564313660521,0.0032358304595531116,0.004021331513123005,True,4.882812499999999e-06,0.00013384187835506953,4.357053225652085e-05,3.4179687499999992e-06,4.0152563506520855e-05,9.452694416992017,100,40,3,2,0.9,0.8,0.35,0.25,360.0,72,8.0,0.0,5.070422535211268,0.3,0.9993281865678736,0.985230194288944,{'tournament_size': 2}
experiment_4_parameter_tuning,tournament_2,complex_room,perception_aware,2,0,4.8,1.5,-1.2,3.0723422123657245,4.058588109865474,1.2613417250845078,0.9959644281142493,3.08726003879141,2.461341725084508,False,0.004008789062499996,0.004152571238096025,0.004051923715178804,0.002806152343749997,0.0012457713714288075,8.747846208003466,100,40,3,2,0.9,0.8,0.35,0.25,360.0,72,8.0,0.0,5.070422535211268,0.3,0.9959644281142493,0.981905193798013,{'tournament_size': 2}
experiment_4_parameter_tuning,tournament_2,complex_room,perception_aware,2,1,4.8,1.5,-1.2,4.648471642264971,1.3631643985071495,-1.0859322644135578,0.9969293666571554,0.2041686191210224,0.1140677355864419,True,0.0019216579861111058,0.005783101944076917,0.003080091173500849,0.001345160590277774,0.001734930583223075,8.366959582999698,100,40,3,2,0.9,0.8,0.35,0.25,360.0,72,8.0,0.0,5.070422535211268,0.3,0.9969293666571554,0.9797735482579196,{'tournament_size': 2}
experiment_4_parameter_tuning,tournament_2,complex_room,perception_aware,2,2,4.8,1.5,-1.2,7.585318396492331,3.5595194405502766,-2.742201913797985,0.9950180484346285,3.464046607054117,1.542201913797985,False,0.005246310763888869,0.0044482604746853005,0.005006895677127798,0.0036724175347222082,0.0013344781424055902,8.281509791995632,100,40,3,2,0.9,0.8,0.35,0.25,360.0,72,8.0,0.0,5.070422535211268,0.3,0.9950180484346285,0.9883359143553361,{'tournament_size': 2}
experiment_4_parameter_tuning,tournament_2,complex_room,perception_aware,2,3,4.8,1.5,-1.2,7.6489894195416435,3.5852608564461206,-2.8247180954034774,0.9949595177472296,3.5305882728076123,1.6247180954034774,False,0.005629882812499981,0.0037503315164558264,0.005066017423686734,0.003940917968749986,0.0011250994549367478,8.253553249989636,100,40,3,2,0.9,0.8,0.35,0.25,360.0,72,8.0,0.0,5.070422535211268,0.3,0.9949595177472296,0.9848913826314863,{'tournament_size': 2}
experiment_4_parameter_tuning,tournament_2,complex_room,perception_aware,2,4,4.8,1.5,-1.2,1.485760157295083,2.7840780601919217,-2.155047461721021,0.9941231570200479,3.5542991151053904,0.955047461721021,False,0.005397135416666647,0.007111965472544883,0.005911584433430117,0.003777994791666653,0.002133589641763465,8.900727957996423,100,40,3,2,0.9,0.8,0.35,0.25,360.0,72,8.0,0.0,5.070422535211268,0.3,0.9941231570200479,0.9751492448636137,{'tournament_size': 2}
experiment_4_parameter_tuning,tournament_2,complex_room,perception_aware,2,5,4.8,1.5,-1.2,5.011906036031794,1.4671038865616643,-1.1729457055133665,0.9959241533895459,0.2144442174227507,0.027054294486633435,True,0.0029486762152777703,0.006761512575210678,0.004092527123257642,0.0020640733506944392,0.002028453772563203,8.224111749994336,100,40,3,2,0.9,0.8,0.35,0.25,360.0,72,8.0,0.0,5.070422535211268,0.3,0.9959241533895459,0.9822033210443304,{'tournament_size': 2}
experiment_4_parameter_tuning,tournament_2,complex_room,perception_aware,2,6,4.8,1.5,-1.2,3.0554672946241994,4.043054539919418,1.2627226730181924,0.995887615227907,3.0839132207522595,2.4627226730181926,False,0.004049479166666663,0.004315769661931707,0.004129366315246176,0.002834635416666664,0.001294730898579512,8.710744999989402,100,40,3,2,0.9,0.8,0.35,0.25,360.0,72,8.0,0.0,5.070422535211268,0.3,0.995887615227907,0.98217451032746,{'tournament_size': 2}
experiment_4_parameter_tuning,tournament_2,complex_room,perception_aware,2,7,4.8,1.5,-1.2,4.899160833330303,1.48650794869645,-1.0680702421958004,0.9952795796047347,0.1000745038215915,0.13192975780419935,True,0.00458821614583332,0.005103523809654928,0.004742808444979802,0.003211751302083324,0.0015310571428964782,8.211249083004077,100,40,3,2,0.9,0.8,0.35,0.25,360.0,72,8.0,0.0,5.070422535211268,0.3,0.9952795796047347,0.9841071508705025,{'tournament_size': 2}
experiment_4_parameter_tuning,tournament_2,complex_room,perception_aware,2,8,4.8,1.5,-1.2,7.5867325514140775,3.644120101828013,-2.712909533510212,0.9950261472226257,3.516124190664173,1.5129095335102118,False,0.0052533637152777585,0.004404536841381312,0.004998715653108825,0.0036773546006944307,0.0013213610524143936,8.173406125002657,100,40,3,2,0.9,0.8,0.35,0.25,360.0,72,8.0,0.0,5.070422535211268,0.3,0.9950261472226257,0.9865678038035292,{'tournament_size': 2}
experiment_4_parameter_tuning,tournament_2,complex_room,perception_aware,2,9,4.8,1.5,-1.2,3.1781359541945533,4.01487114769281,1.337541431751276,0.9954166292352827,2.9924939218942725,2.5375414317512757,False,0.0049110243055555496,0.003889192553070237,0.004604474779809955,0.0034377170138888843,0.001166757765921071,8.770053250002093,100,40,3,2,0.9,0.8,0.35,0.25,360.0,72,8.0,0.0,5.070422535211268,0.3,0.9950846020587271,0.9846570348879675,{'tournament_size': 2}
experiment_4_parameter_tuning,tournament_2,complex_room,perception_aware,4,0,6.8,3.0,-2.4,6.803712018249962,2.903709373962916,-2.5138806176091175,0.9992830336706057,0.09636214890765796,0.11388061760911761,True,0.0003765190972222214,0.0015130579029013897,0.0007174807389259718,0.00026356336805555497,0.00045391737087041687,8.832019541005138,100,40,3,2,0.9,0.8,0.35,0.25,360.0,72,8.0,0.0,5.070422535211268,0.3,0.9992830336706057,0.9853753055522211,{'tournament_size': 2}
experiment_4_parameter_tuning,tournament_2,complex_room,perception_aware,4,1,6.8,3.0,-2.4,6.909226546852258,3.0853868298136944,-2.3672695633835175,0.9990206452598588,0.1386410806467598,0.03273043661648245,True,0.00017144097222222224,0.0028676871184919323,0.0009803148161031353,0.00012000868055555556,0.0008603061355475797,8.805616957994062,100,40,3,2,0.9,0.8,0.35,0.25,360.0,72,8.0,0.0,5.070422535211268,0.3,0.9990206452598588,0.9874028982218307,{'tournament_size': 2}
experiment_4_parameter_tuning,tournament_2,complex_room,perception_aware,4,2,6.8,3.0,-2.4,6.845475951740811,2.984349836423322,-2.4105413601082826,0.9995628530347458,0.0480935526521941,0.01054136010828266,True,4.99131944444445e-05,0.0013413297006216454,0.00043733814629760473,3.493923611111115e-05,0.0004023989101864936,8.810689042002195,100,40,3,2,0.9,0.8,0.35,0.25,360.0,72,8.0,0.0,5.070422535211268,0.3,0.9995628530347458,0.9864214125885998,{'tournament_size': 2}
experiment_4_parameter_tuning,tournament_2,complex_room,perception_aware,4,3,6.8,3.0,-2.4,6.828750821593589,3.078401779093622,-2.3745381750955055,0.9998046455938366,0.0835071775798434,0.025461824904494446,True,6.401909722222219e-05,0.0005019306963619952,0.0001953925769641541,4.481336805555553e-05,0.00015057920890859856,8.736459749998176,100,40,3,2,0.9,0.8,0.35,0.25,360.0,72,8.0,0.0,5.070422535211268,0.3,0.9998046455938366,0.985983458679226,{'tournament_size': 2}
experiment_4_parameter_tuning,tournament_2,complex_room,perception_aware,4,4,6.8,3.0,-2.4,6.807067195068415,2.9995428850167865,-2.4102462317872866,0.999271419006163,0.007081963021853924,0.010246231787286675,True,1.2478298611111086e-05,0.0024012580070286427,0.0007291122111363705,8.73480902777776e-06,0.0007203774021085928,8.87789870800043,100,40,3,2,0.9,0.8,0.35,0.25,360.0,72,8.0,0.0,5.070422535211268,0.3,0.999271419006163,0.9852978647261017,{'tournament_size': 2}
experiment_4_parameter_tuning,tournament_2,complex_room,perception_aware,4,5,6.8,3.0,-2.4,6.833879215472293,3.0334783818443203,-2.395956128129219,0.999637205637987,0.04762985714792958,0.004043871870780702,True,2.71267361111111e-05,0.0011464577141756215,0.0003629260295304642,1.8988715277777768e-05,0.0003439373142526864,8.795325915998546,100,40,3,2,0.9,0.8,0.35,0.25,360.0,72,8.0,0.0,5.070422535211268,0.3,0.999637205637987,0.9872398736303514,{'tournament_size': 2}
experiment_4_parameter_tuning,tournament_2,complex_room,perception_aware,4,6,6.8,3.0,-2.4,6.824810279561376,3.082497364497445,-0.06926246807994696,0.9956715963701162,0.08614734540853809,2.330737531920053,False,0.006008572048611109,0.00047073239782595075,0.004347220153375561,0.004206000434027776,0.00014121971934778521,8.786357374992804,100,40,3,2,0.9,0.8,0.35,0.25,360.0,72,8.0,0.0,5.070422535211268,0.3,0.9956715963701162,0.9867691854613887,{'tournament_size': 2}
experiment_4_parameter_tuning,tournament_2,complex_room,perception_aware,4,7,6.8,3.0,-2.4,6.755349035635117,3.0009922970126457,-2.403181923285393,0.9996257420210688,0.04466198911910832,0.003181923285393129,True,2.8754340277777804e-05,0.0011809002073769562,0.0003743981004075313,2.012803819444446e-05,0.00035427006221308685,8.812996292006574,100,40,3,2,0.9,0.8,0.35,0.25,360.0,72,8.0,0.0,5.070422535211268,0.3,0.9996257420210688,0.98757455143041,{'tournament_size': 2}
experiment_4_parameter_tuning,tournament_2,complex_room,perception_aware,4,8,6.8,3.0,-2.4,6.965998270202633,3.193764667956019,-2.3370973790165652,0.9993980158204383,0.25514735401013405,0.06290262098343469,False,0.0005181206597222224,0.0007988744032997559,0.0006023467827954824,0.0003626844618055557,0.00023966232098992675,8.82812170899706,100,40,3,2,0.9,0.8,0.35,0.25,360.0,72,8.0,0.0,5.070422535211268,0.3,0.9993980158204383,0.9876630431909886,{'tournament_size': 2}
experiment_4_parameter_tuning,tournament_2,complex_room,perception_aware,4,9,6.8,3.0,-2.4,6.936664865093897,3.1138628273899567,-2.3588471091087033,0.9992748454670197,0.17788206433580728,0.04115289089129659,True,0.00027126736111111123,0.0017859787029924515,0.0007256807636755133,0.00018988715277777786,0.0005357936108977354,8.865891499997815,100,40,3,2,0.9,0.8,0.35,0.25,360.0,72,8.0,0.0,5.070422535211268,0.3,0.9992748454670197,0.9872531588167897,{'tournament_size': 2}
experiment_4_parameter_tuning,tournament_2,corridor,perception_aware,0,0,1.0,3.0,0.0,6.928090946701472,2.7418083160188496,3.127906156122325,0.9965493639735887,5.933710914599815,3.127906156122325,False,0.004335394965277773,0.001426025561028434,0.003462584144002971,0.0030347764756944407,0.0004278076683085302,10.407714750006562,100,40,3,2,0.9,0.8,0.35,0.25,360.0,72,8.0,0.0,5.070422535211268,0.3,0.9965493639735887,0.9736293877566812,{'tournament_size': 2}
experiment_4_parameter_tuning,tournament_2,corridor,perception_aware,0,1,1.0,3.0,0.0,7.077245653407163,2.899171160354462,3.1286874799421174,0.995822969751844,6.078082031920967,3.1286874799421174,False,0.003338216145833325,0.006192665708460975,0.004194551014621619,0.0023367513020833273,0.0018577997125382923,10.48767833400052,100,40,3,2,0.9,0.8,0.35,0.25,360.0,72,8.0,0.0,5.070422535211268,0.3,0.995822969751844,0.9752142057054476,{'tournament_size': 2}
experiment_4_parameter_tuning,tournament_2,corridor,perception_aware,0,2,1.0,3.0,0.0,0.9591595779868631,2.984929668925525,-0.0009876063467914636,0.9995561000522526,0.0435322288529476,0.0009876063467912921,True,0.000362413194444443,0.000634692821026489,0.0004440970824190568,0.0002536892361111101,0.0001904078463079467,10.545784208006808,100,40,3,2,0.9,0.8,0.35,0.25,360.0,72,8.0,0.0,5.070422535211268,0.3,0.9995561000522526,0.9755707650442269,{'tournament_size': 2}
experiment_4_parameter_tuning,tournament_2,corridor,perception_aware,0,3,1.0,3.0,0.0,0.995516231086174,2.9933637293039213,-0.005721628732967332,0.9999176102955641,0.00800901195056079,0.005721628732967332,True,1.3563368055555541e-05,0.00024300711806552835,8.239649305854739e-05,9.494357638888879e-06,7.29021354196585e-05,10.633191792003345,100,40,3,2,0.9,0.8,0.35,0.25,360.0,72,8.0,0.0,5.070422535211268,0.3,0.9999176102955641,0.973503579919815,{'tournament_size': 2}
experiment_4_parameter_tuning,tournament_2,corridor,perception_aware,0,4,1.0,3.0,0.0,6.909881545718785,2.749817783944396,3.1283083846409223,0.9965596701998275,5.915174640334633,3.1283083846409223,False,0.004418945312499995,0.0011964827014038515,0.003452206529171152,0.0030932617187499965,0.0003589448104211554,10.411854416990536,100,40,3,2,0.9,0.8,0.35,0.25,360.0,72,8.0,0.0,5.070422535211268,0.3,0.9965596701998275,0.9709702622747419,{'tournament_size': 2}
experiment_4_parameter_tuning,tournament_2,corridor,perception_aware,0,5,1.0,3.0,0.0,0.9164549902940748,2.9469286758363427,0.0029503597998261633,0.9987206367193094,0.09897643201917883,0.0029503597998261633,True,0.0009152560763888882,0.0021344096477623428,0.0012810021478009245,0.0006406792534722217,0.0006403228943287028,10.429783667001175,100,40,3,2,0.9,0.8,0.35,0.25,360.0,72,8.0,0.0,5.070422535211268,0.3,0.9987206367193094,0.9758389186438936,{'tournament_size': 2}
experiment_4_parameter_tuning,tournament_2,corridor,perception_aware,0,6,1.0,3.0,0.0,1.0501472601448585,3.0003946040135396,0.002116988139440845,0.9988931058910128,0.05014881267152408,0.002116988139440945,True,0.0007915581597222211,0.0018467665647856797,0.0011081206812412585,0.0005540907118055547,0.0005540299694357038,10.531160917002126,100,40,3,2,0.9,0.8,0.35,0.25,360.0,72,8.0,0.0,5.070422535211268,0.3,0.9988931058910128,0.9717504132434327,{'tournament_size': 2}
experiment_4_parameter_tuning,tournament_2,corridor,perception_aware,0,7,1.0,3.0,0.0,0.9944450649898336,3.022475060046439,-0.005510200918573904,0.9996238864957727,0.0231513633952346,0.005510200918573904,True,0.000411241319444445,0.0002946203173659669,0.0003762550188209015,0.00028786892361111146,8.838609520979006e-05,10.447207541990792,100,40,3,2,0.9,0.8,0.35,0.25,360.0,72,8.0,0.0,5.070422535211268,0.3,0.9996238864957727,0.9761276779099103,{'tournament_size': 2}
experiment_4_parameter_tuning,tournament_2,corridor,perception_aware,0,8,1.0,3.0,0.0,6.972437415838974,2.819762610435079,3.14017838541917,0.9962678998055752,5.975156416589485,3.14017838541917,False,0.0036843532986111094,0.0038901121160528026,0.0037460809438436176,0.0025790473090277766,0.0011670336348158408,10.426059958001133,100,40,3,2,0.9,0.8,0.35,0.25,360.0,72,8.0,0.0,5.070422535211268,0.3,0.9962678998055752,0.9743648888125754,{'tournament_size': 2}
experiment_4_parameter_tuning,tournament_2,corridor,perception_aware,0,9,1.0,3.0,0.0,1.0074961793159745,3.0070537003233597,-0.006090442850838731,0.9995929713113899,0.010293074982191104,0.0060904428508385955,True,0.00037489149305555615,0.00048256794428434027,0.00040719442842419135,0.0002624240451388893,0.00014477038328530208,10.54298212499998,100,40,3,2,0.9,0.8,0.35,0.25,360.0,72,8.0,0.0,5.070422535211268,0.3,0.9995929713113899,0.9723842264990127,{'tournament_size': 2}
experiment_4_parameter_tuning,tournament_2,corridor,perception_aware,2,0,3.8,3.0,0.0,3.8069229120355983,3.0179955594334733,-0.017031830426538646,0.9992028992087851,0.019281256970859143,0.01703183042653844,True,0.00041449652777777833,0.0016919636609980724,0.0007977366677438666,0.0002901475694444448,0.0005075890982994217,11.641142082997249,100,40,3,2,0.9,0.8,0.35,0.25,360.0,72,8.0,0.0,5.070422535211268,0.3,0.9992028992087851,0.9812924852588607,{'tournament_size': 2}
experiment_4_parameter_tuning,tournament_2,corridor,perception_aware,2,1,3.8,3.0,0.0,4.371100638693472,2.918346585667255,3.1345008605117637,0.9970015276219266,0.576908328582875,3.134500860511764,False,0.0011241319444444421,0.007401992978059289,0.003007490254528896,0.0007868923611111094,0.0022205978934177867,11.662156374994083,100,40,3,2,0.9,0.8,0.35,0.25,360.0,72,8.0,0.0,5.070422535211268,0.3,0.9970015276219266,0.981990508752103,{'tournament_size': 2}
experiment_4_parameter_tuning,tournament_2,corridor,perception_aware,2,2,3.8,3.0,0.0,3.8287779493373053,2.96921391399446,-0.0004748379054156144,0.9994159299742443,0.0421420628303958,0.0004748379054158036,True,0.0005495876736111095,0.0006656666379589657,0.0005844113629154663,0.0003847113715277766,0.0001996999913876897,11.639202999998815,100,40,3,2,0.9,0.8,0.35,0.25,360.0,72,8.0,0.0,5.070422535211268,0.3,0.9994159299742443,0.9810604462521024,{'tournament_size': 2}
experiment_4_parameter_tuning,tournament_2,corridor,perception_aware,2,3,3.8,3.0,0.0,3.8151470541587797,3.00674655455808,-0.000983488162282331,0.9996275992126843,0.016581593653631814,0.000983488162282331,True,1.790364583333331e-05,0.0012000232308112477,0.00037253952132670757,1.2532552083333317e-05,0.00036000696924337426,11.589688041989575,100,40,3,2,0.9,0.8,0.35,0.25,360.0,72,8.0,0.0,5.070422535211268,0.3,0.9996275992126843,0.9813168641371576,{'tournament_size': 2}
experiment_4_parameter_tuning,tournament_2,corridor,perception_aware,2,4,3.8,3.0,0.0,3.83318781107053,3.0225884328139956,-0.015420668299033727,0.9991932069173951,0.040145586315877814,0.015420668299033657,True,0.000515950520833334,0.001487597195591794,0.000807444523260872,0.0003611653645833338,0.0004462791586775382,11.589676874995348,100,40,3,2,0.9,0.8,0.35,0.25,360.0,72,8.0,0.0,5.070422535211268,0.3,0.9991932069173951,0.9806615288211857,{'tournament_size': 2}
experiment_4_parameter_tuning,tournament_2,corridor,perception_aware,2,5,3.8,3.0,0.0,3.7765772566597606,2.977368967375664,0.0025369948329841806,0.9988448081146424,0.03256974889719736,0.0025369948329840852,True,0.000867513020833331,0.001830895941386949,0.0011565278969994164,0.0006072591145833317,0.0005492687824160847,11.667399792000651,100,40,3,2,0.9,0.8,0.35,0.25,360.0,72,8.0,0.0,5.070422535211268,0.3,0.9988448081146424,0.9825818855552977,{'tournament_size': 2}
experiment_4_parameter_tuning,tournament_2,corridor,perception_aware,2,6,3.8,3.0,0.0,3.858992477811736,2.993129361367716,0.017897407890212873,0.9985026181547304,0.05939122926479665,0.01789740789021277,True,0.001722547743055549,0.000979479799714603,0.001499627360053265,0.0012057834201388842,0.0002938439399143809,11.584978500002762,100,40,3,2,0.9,0.8,0.35,0.25,360.0,72,8.0,0.0,5.070422535211268,0.3,0.9985026181547304,0.9805217921853404,{'tournament_size': 2}
experiment_4_parameter_tuning,tournament_2,corridor,perception_aware,2,7,3.8,3.0,0.0,3.778679595133541,2.9831596463538026,-0.03387159354992031,0.9987988879114489,0.027169048098870056,0.03387159354992031,True,0.000919053819444442,0.0018640627336059413,0.0012025564936928917,0.0006433376736111093,0.0005592188200817823,11.592208583009779,100,40,3,2,0.9,0.8,0.35,0.25,360.0,72,8.0,0.0,5.070422535211268,0.3,0.9987988879114489,0.9806686803947933,{'tournament_size': 2}
experiment_4_parameter_tuning,tournament_2,corridor,perception_aware,2,8,3.8,3.0,0.0,3.7611782211531812,3.0102764987868276,0.01216986066769632,0.998188971621111,0.040158896151998004,0.01216986066769632,True,0.0010340711805555522,0.0036348810897335036,0.0018143141533089376,0.0007238498263888865,0.0010904643269200511,11.634745207993547,100,40,3,2,0.9,0.8,0.35,0.25,360.0,72,8.0,0.0,5.070422535211268,0.3,0.998188971621111,0.9818665962588732,{'tournament_size': 2}
experiment_4_parameter_tuning,tournament_2,corridor,perception_aware,2,9,3.8,3.0,0.0,3.760202922862174,2.972535461401527,-0.029385343057713963,0.9987673679301787,0.048353988761436116,0.029385343057713786,True,0.0009516059027777758,0.0018934306494882436,0.001234153326790916,0.000666124131944443,0.000568029194846473,11.731935875010095,100,40,3,2,0.9,0.8,0.35,0.25,360.0,72,8.0,0.0,5.070422535211268,0.3,0.9987673679301787,0.982270054445513,{'tournament_size': 2}
experiment_4_parameter_tuning,tournament_2,corridor,perception_aware,4,0,6.6,3.0,3.141592653589793,6.606076334448945,2.9918632292437044,3.128513963420494,0.9998909176119672,0.010155238976801338,0.01307869016929919,True,1.6818576388888892e-05,0.00032440428275338123,0.00010909428829823658,1.1773003472222224e-05,9.732128482601436e-05,10.64348883301136,100,40,3,2,0.9,0.8,0.35,0.25,360.0,72,8.0,0.0,5.070422535211268,0.3,0.9998909176119672,0.9773665210828695,{'tournament_size': 2}
experiment_4_parameter_tuning,tournament_2,corridor,perception_aware,4,1,6.6,3.0,3.141592653589793,6.605418547950497,2.9661322089556617,3.1106007333085213,0.9988652240268785,0.034298512097681456,0.030991920281271845,True,0.0010557725694444406,0.0013234145131646388,0.0011360651525605,0.0007390407986111084,0.0003970243539493916,10.736017915987759,100,40,3,2,0.9,0.8,0.35,0.25,360.0,72,8.0,0.0,5.070422535211268,0.3,0.9988652240268785,0.9764402437016099,{'tournament_size': 2}
experiment_4_parameter_tuning,tournament_2,corridor,perception_aware,4,2,6.6,3.0,3.141592653589793,1.5176687649337754,2.8367402959374726,0.04705808383306875,0.9961668751240079,5.084952754342989,3.0945345697567244,False,0.0017399088541666648,0.008766460202051308,0.003847874258532058,0.0012179361979166652,0.0026299380606153925,10.7994358750002,100,40,3,2,0.9,0.8,0.35,0.25,360.0,72,8.0,0.0,5.070422535211268,0.3,0.9961668751240079,0.9740162516284459,{'tournament_size': 2}
experiment_4_parameter_tuning,tournament_2,corridor,perception_aware,4,3,6.6,3.0,3.141592653589793,6.614360052167151,3.0028295554319775,3.13339028551749,0.9995892179992957,0.014636170338785465,0.008202368072303123,True,0.00040907118055555613,0.0004153366183735259,0.00041095081190094707,0.00028634982638888926,0.00012460098551205778,10.549086208993685,100,40,3,2,0.9,0.8,0.35,0.25,360.0,72,8.0,0.0,5.070422535211268,0.3,0.9995892179992957,0.9787029019634006,{'tournament_size': 2}
experiment_4_parameter_tuning,tournament_2,corridor,perception_aware,4,4,6.6,3.0,3.141592653589793,6.621366021389678,3.0679452527415036,-3.1267102189694125,0.9990010738193479,0.07122544657726611,0.014882434620380636,True,0.000839843750000001,0.001373448023150799,0.0009999250319452403,0.0005878906250000006,0.0004120344069452397,10.606165290999343,100,40,3,2,0.9,0.8,0.35,0.25,360.0,72,8.0,0.0,5.070422535211268,0.3,0.9990010738193479,0.9744050757557364,{'tournament_size': 2}
experiment_4_parameter_tuning,tournament_2,corridor,perception_aware,4,5,6.6,3.0,3.141592653589793,1.5555067186495886,2.9001493010264023,-0.03518551095297928,0.9962625617444203,5.045481406929863,3.1064071426368134,False,0.0022764756944444347,0.007193087054106252,0.00375145910234298,0.0015935329861111042,0.002157926116231876,10.71600000000035,100,40,3,2,0.9,0.8,0.35,0.25,360.0,72,8.0,0.0,5.070422535211268,0.3,0.9962625617444203,0.9746668599321076,{'tournament_size': 2}
experiment_4_parameter_tuning,tournament_2,corridor,perception_aware,4,6,6.6,3.0,3.141592653589793,6.642551236989865,3.0388200725275993,-3.1155486267519024,0.9985160196921415,0.05759866144638929,0.026044026837890755,True,0.0007584635416666622,0.003184204330402269,0.001486185778287344,0.0005309244791666635,0.0009552612991206806,10.648576499996125,100,40,3,2,0.9,0.8,0.35,0.25,360.0,72,8.0,0.0,5.070422535211268,0.3,0.9983219681803424,0.97563484960876,{'tournament_size': 2}
experiment_4_parameter_tuning,tournament_2,corridor,perception_aware,4,7,6.6,3.0,3.141592653589793,1.5526499008618486,2.8995915243915,0.005594088812285847,0.9965859388573036,5.0483487285689685,3.1359985647775073,False,0.0010769314236111075,0.008906349632126331,0.0034257568861656745,0.0007538519965277752,0.0026719048896378995,10.676615499993204,100,40,3,2,0.9,0.8,0.35,0.25,360.0,72,8.0,0.0,5.070422535211268,0.3,0.9965859388573036,0.9762010520388494,{'tournament_size': 2}
experiment_4_parameter_tuning,tournament_2,corridor,perception_aware,4,8,6.6,3.0,3.141592653589793,6.615143974670201,2.990710822393451,3.126161686979427,0.9998900408666267,0.017765944653119807,0.015430966610366248,True,2.549913194444446e-05,0.00030707277784292167,0.00010997122571398762,1.7849392361111122e-05,9.21218333528765e-05,10.546962209002231,100,40,3,2,0.9,0.8,0.35,0.25,360.0,72,8.0,0.0,5.070422535211268,0.3,0.9998900408666267,0.9764869322821067,{'tournament_size': 2}
experiment_4_parameter_tuning,tournament_2,corridor,perception_aware,4,9,6.6,3.0,3.141592653589793,6.700915440188529,3.048164084639552,3.1077920880167045,0.9965143350108194,0.11181996743699517,0.03380056557308864,True,0.0024696180555555465,0.005897082363956533,0.0034978573480758425,0.0017287326388888825,0.0017691247091869598,10.777091124997241,100,40,3,2,0.9,0.8,0.35,0.25,360.0,72,8.0,0.0,5.070422535211268,0.3,0.9965143350108194,0.9641023782142311,{'tournament_size': 2}
experiment_4_parameter_tuning,tournament_5,medium_room,perception_aware,0,0,2.0,2.2,0.0,2.020121810641438,2.243307879367805,-0.007970716050952321,0.9995807144019603,0.04775415875948627,0.00797071605095212,True,2.9296874999999924e-05,0.0013298455323135408,0.00041946147219406216,2.0507812499999947e-05,0.0003989536596940622,11.641355708998162,100,40,3,5,0.9,0.8,0.35,0.25,360.0,72,8.0,0.0,5.070422535211268,0.3,0.9995807144019603,0.9795069248894458,{'tournament_size': 5}
experiment_4_parameter_tuning,tournament_5,medium_room,perception_aware,0,1,2.0,2.2,0.0,2.003701620949865,2.212677612409952,0.000856871732603756,0.9996556989219305,0.013206962333308866,0.0008568717326036257,True,1.085069444444443e-05,0.001122747253397847,0.0003444196621304652,7.5954861111111e-06,0.0003368241760193541,11.484805624990258,100,40,3,5,0.9,0.8,0.35,0.25,360.0,72,8.0,0.0,5.070422535211268,0.3,0.9996556989219305,0.9820462603173017,{'tournament_size': 5}
experiment_4_parameter_tuning,tournament_5,medium_room,perception_aware,0,2,2.0,2.2,0.0,5.790786477205143,2.6166014969704214,2.921379431344068,0.9914663928028015,3.8136096972605062,2.921379431344068,False,0.009239366319444406,0.007131666707786473,0.008607056435947025,0.006467556423611084,0.0021395000123359416,11.863985082993167,100,40,3,5,0.9,0.8,0.35,0.25,360.0,72,8.0,0.0,5.070422535211268,0.3,0.9914663928028015,0.9804948066535184,{'tournament_size': 5}
experiment_4_parameter_tuning,tournament_5,medium_room,perception_aware,0,3,2.0,2.2,0.0,5.840037828058187,2.63821877128559,2.9766771355225727,0.9915363736366136,3.864961346821581,2.976677135522573,False,0.009169379340277744,0.0070576841539909145,0.008535870784391695,0.00641856553819442,0.0021173052461972743,11.889373499987414,100,40,3,5,0.9,0.8,0.35,0.25,360.0,72,8.0,0.0,5.070422535211268,0.3,0.9915363736366136,0.9779376565350355,{'tournament_size': 5}
experiment_4_parameter_tuning,tournament_5,medium_room,perception_aware,0,4,2.0,2.2,0.0,5.796276690989336,2.6246264690721457,2.9211158318180868,0.9914726845594776,3.8199508312000066,2.9211158318180868,False,0.009244791666666629,0.007097672600364604,0.008600655946776021,0.00647135416666664,0.002129301780109381,11.870364459013217,100,40,3,5,0.9,0.8,0.35,0.25,360.0,72,8.0,0.0,5.070422535211268,0.3,0.9914726845594776,0.980415920551121,{'tournament_size': 5}
experiment_4_parameter_tuning,tournament_5,medium_room,perception_aware,0,5,2.0,2.2,0.0,5.788554309954985,2.6298181827164373,2.9313761450421127,0.9914387945661463,3.812858170673563,2.9313761450421127,False,0.009267035590277741,0.007160692215355271,0.008635132577801,0.006486924913194418,0.002148207664606581,11.923960332991555,100,40,3,5,0.9,0.8,0.35,0.25,360.0,72,8.0,0.0,5.070422535211268,0.3,0.9914387945661463,0.9808751339595136,{'tournament_size': 5}
experiment_4_parameter_tuning,tournament_5,medium_room,perception_aware,0,6,2.0,2.2,0.0,5.76179879237466,2.587226207987333,2.925395408841594,0.9913293468239965,3.7816761218358845,2.9253954088415934,False,0.009261610243055517,0.007544545985116718,0.008746490965673877,0.006483127170138861,0.0022633637955350155,11.863459750005859,100,40,3,5,0.9,0.8,0.35,0.25,360.0,72,8.0,0.0,5.070422535211268,0.3,0.9913293468239965,0.9778369535331748,{'tournament_size': 5}
experiment_4_parameter_tuning,tournament_5,medium_room,perception_aware,0,7,2.0,2.2,0.0,1.9950218322747622,2.195182853954569,0.005228251191975082,0.9995984510999502,0.0069272685759695285,0.0052282511919750085,True,8.680555555555518e-06,0.0013187793915080178,0.0004017102063412942,6.076388888888862e-06,0.00039563381745240535,11.626294667003094,100,40,3,5,0.9,0.8,0.35,0.25,360.0,72,8.0,0.0,5.070422535211268,0.3,0.9995984510999502,0.9811548333088616,{'tournament_size': 5}
experiment_4_parameter_tuning,tournament_5,medium_room,perception_aware,0,8,2.0,2.2,0.0,1.995264568457645,2.199228640275399,-0.006000272082680301,0.9998932095539251,0.004797844069690709,0.006000272082680169,True,1.2478298611111061e-05,0.00032689014154853774,0.00010680185149233906,8.734809027777742e-06,9.806704246456132e-05,11.562837500008754,100,40,3,5,0.9,0.8,0.35,0.25,360.0,72,8.0,0.0,5.070422535211268,0.3,0.9998932095539251,0.9830286429105263,{'tournament_size': 5}
experiment_4_parameter_tuning,tournament_5,medium_room,perception_aware,0,9,2.0,2.2,0.0,1.9979646649817717,2.1999868737847086,-0.001873483732166848,0.9999625491490852,0.0020353773443649685,0.0018734837321670028,True,2.7126736111111015e-06,0.00011851127335259631,3.7452253533556664e-05,1.898871527777771e-06,3.5553382005778894e-05,11.643544082995504,100,40,3,5,0.9,0.8,0.35,0.25,360.0,72,8.0,0.0,5.070422535211268,0.3,0.9999625491490852,0.9821718867253211,{'tournament_size': 5}
experiment_4_parameter_tuning,tournament_5,medium_room,perception_aware,2,0,5.5,2.0,-0.8,5.496246270767634,2.0139880364700042,-0.8001786244074538,0.9999076824161881,0.014482943327793754,0.00017862440745375352,True,9.76562499999997e-06,0.00028496723211675,9.232610713502497e-05,6.835937499999978e-06,8.549016963502499e-05,11.678317875004723,100,40,3,5,0.9,0.8,0.35,0.25,360.0,72,8.0,0.0,5.070422535211268,0.3,0.9999076824161881,0.9838264577563843,{'tournament_size': 5}
experiment_4_parameter_tuning,tournament_5,medium_room,perception_aware,2,1,5.5,2.0,-0.8,5.497057390137215,2.0188147855224887,-0.8049386414215743,0.9998845163104284,0.019043505640028876,0.004938641421574186,True,2.2243923611111004e-05,0.0003330876035557758,0.00011549702759451044,1.55707465277777e-05,9.992628106673275e-05,11.82049908299814,100,40,3,5,0.9,0.8,0.35,0.25,360.0,72,8.0,0.0,5.070422535211268,0.3,0.9998845163104284,0.9855438027403547,{'tournament_size': 5}
experiment_4_parameter_tuning,tournament_5,medium_room,perception_aware,2,2,5.5,2.0,-0.8,3.9750237587647788,3.995433947834351,2.1247663743251177,0.9896416496283668,2.511435680343354,2.9247663743251175,False,0.010640733506944406,0.0100608512519229,0.010466768830437954,0.007448513454861084,0.00301825537557687,12.409403582991217,100,40,3,5,0.9,0.8,0.35,0.25,360.0,72,8.0,0.0,5.070422535211268,0.3,0.9896416496283668,0.9782350152084739,{'tournament_size': 5}
experiment_4_parameter_tuning,tournament_5,medium_room,perception_aware,2,3,5.5,2.0,-0.8,5.486351799199303,2.001451533963257,-0.7966724591133909,0.9999067458061499,0.013725171617966407,0.003327540886608915,True,9.22309027777774e-06,0.00028935575937115025,9.326289100578948e-05,6.456163194444418e-06,8.680672781134507e-05,11.697525625000708,100,40,3,5,0.9,0.8,0.35,0.25,360.0,72,8.0,0.0,5.070422535211268,0.3,0.9999067458061499,0.986208717335342,{'tournament_size': 5}
experiment_4_parameter_tuning,tournament_5,medium_room,perception_aware,2,4,5.5,2.0,-0.8,5.485479256535268,2.0035695331088967,-0.7981600496570255,0.9999109114705617,0.014953045087341132,0.0018399503429744613,True,8.138020833333304e-06,0.00027799950776081703,8.909646691157843e-05,5.696614583333312e-06,8.339985232824511e-05,11.730620459013153,100,40,3,5,0.9,0.8,0.35,0.25,360.0,72,8.0,0.0,5.070422535211268,0.3,0.9999109114705617,0.9846206606257601,{'tournament_size': 5}
experiment_4_parameter_tuning,tournament_5,medium_room,perception_aware,2,5,5.5,2.0,-0.8,4.01228453393255,3.9741336471560285,2.1161460492266904,0.9891386873980853,2.4719427511190166,2.9161460492266906,False,0.011113281249999959,0.010670930653909423,0.010980576071172797,0.007779296874999971,0.003201279196172827,12.361379291003686,100,40,3,5,0.9,0.8,0.35,0.25,360.0,72,8.0,0.0,5.070422535211268,0.3,0.9891386873980853,0.9777424023845737,{'tournament_size': 5}
experiment_4_parameter_tuning,tournament_5,medium_room,perception_aware,2,6,5.5,2.0,-0.8,2.774905759535025,3.5267914025365266,2.4481861101921814,0.9870069547992809,3.123656608251751,3.034999196987405,False,0.011010742187499966,0.018188557479885823,0.013164086775215723,0.007707519531249976,0.005456567243965747,12.728174791001948,100,40,3,5,0.9,0.8,0.35,0.25,360.0,72,8.0,0.0,5.070422535211268,0.3,0.9870069547992809,0.9778857014861962,{'tournament_size': 5}
experiment_4_parameter_tuning,tournament_5,medium_room,perception_aware,2,7,5.5,2.0,-0.8,5.485270475676632,2.0067234717162363,-0.7995188641356672,0.9998862906984235,0.01619147796563718,0.00048113586433284894,True,1.0850694444444414e-05,0.00035375582247043684,0.00011372223285224215,7.59548611111109e-06,0.00010612674674113105,11.669410707996576,100,40,3,5,0.9,0.8,0.35,0.25,360.0,72,8.0,0.0,5.070422535211268,0.3,0.9998862906984235,0.9822910072502937,{'tournament_size': 5}
experiment_4_parameter_tuning,tournament_5,medium_room,perception_aware,2,8,5.5,2.0,-0.8,5.495418318458314,2.0175328046234298,-0.7919383622382675,0.9998952295230271,0.018121562948950835,0.00806163776173241,True,1.1935763888888847e-05,0.00032142140084546675,0.00010478145497586221,8.355034722222192e-06,9.642642025364002e-05,11.603784249993623,100,40,3,5,0.9,0.8,0.35,0.25,360.0,72,8.0,0.0,5.070422535211268,0.3,0.9998624909428161,0.9859384054789843,{'tournament_size': 5}
experiment_4_parameter_tuning,tournament_5,medium_room,perception_aware,2,9,5.5,2.0,-0.8,3.9816266876670947,3.9939946984913317,2.126595640608983,0.989543142722204,2.5062865704496633,2.9265956406089835,False,0.010776909722222183,0.010078406111101777,0.010567358638886061,0.007543836805555528,0.003023521833330533,12.353054874998634,100,40,3,5,0.9,0.8,0.35,0.25,360.0,72,8.0,0.0,5.070422535211268,0.3,0.989543142722204,0.9787918701530081,{'tournament_size': 5}
experiment_4_parameter_tuning,tournament_5,medium_room,perception_aware,4,0,7.6,2.8,-2.6,3.622586609047146,5.577429228285308,-0.9979774382416953,0.9918453120229207,4.851178248700474,1.6020225617583046,False,0.0055034722222221935,0.014564343646890555,0.008221733649622701,0.003852430555555535,0.004369303094067166,9.671295499996631,100,40,3,5,0.9,0.8,0.35,0.25,360.0,72,8.0,0.0,5.070422535211268,0.3,0.9918453120229207,0.9771860313078234,{'tournament_size': 5}
experiment_4_parameter_tuning,tournament_5,medium_room,perception_aware,4,1,7.6,2.8,-2.6,2.5241714485345397,3.871093057267704,0.606339309038586,0.9899538398884487,5.18760790935466,3.0768459981409997,False,0.011010199652777714,0.00813656629646372,0.010148109645883516,0.0077071397569443995,0.0024409698889391158,11.515662083998905,100,40,3,5,0.9,0.8,0.35,0.25,360.0,72,8.0,0.0,5.070422535211268,0.3,0.9899538398884487,0.9735188921094766,{'tournament_size': 5}
experiment_4_parameter_tuning,tournament_5,medium_room,perception_aware,4,2,7.6,2.8,-2.6,3.5999149548488742,5.588279108728976,-1.0157186096820987,0.9919398212795986,4.875979979103292,1.5842813903179014,False,0.005350477430555528,0.014601129654681242,0.008125673097793242,0.0037453342013888695,0.004380338896404373,9.95727633399656,100,40,3,5,0.9,0.8,0.35,0.25,360.0,72,8.0,0.0,5.070422535211268,0.3,0.9919398212795986,0.9779267513422079,{'tournament_size': 5}
experiment_4_parameter_tuning,tournament_5,medium_room,perception_aware,4,3,7.6,2.8,-2.6,7.598301510966757,2.8117173692050703,-2.597062427807036,0.9999524758686016,0.011839831336804572,0.0029375721929643106,True,8.138020833333313e-06,0.00013943258488495017,4.752639004881836e-05,5.696614583333318e-06,4.182977546548505e-05,10.82787795799959,100,40,3,5,0.9,0.8,0.35,0.25,360.0,72,8.0,0.0,5.070422535211268,0.3,0.9999524758686016,0.9804982244830625,{'tournament_size': 5}
experiment_4_parameter_tuning,tournament_5,medium_room,perception_aware,4,4,7.6,2.8,-2.6,2.5579061770770943,3.9202618406645957,0.5905485813732263,0.9904925769361722,5.165045663961409,3.0926367258063596,False,0.010585937499999937,0.007295085141613338,0.009598681792483958,0.007410156249999956,0.0021885255424840015,11.415964166997583,100,40,3,5,0.9,0.8,0.35,0.25,360.0,72,8.0,0.0,5.070422535211268,0.3,0.9904925769361722,0.9773106221715961,{'tournament_size': 5}
experiment_4_parameter_tuning,tournament_5,medium_room,perception_aware,4,5,7.6,2.8,-2.6,7.595158129033546,2.8197147108884,-2.5924155542599925,0.9999564355764693,0.020300579791449034,0.007584445740007606,True,1.5190972222222212e-05,0.00010977546972256817,4.3566321472325996e-05,1.0633680555555547e-05,3.293264091677045e-05,10.78064570800052,100,40,3,5,0.9,0.8,0.35,0.25,360.0,72,8.0,0.0,5.070422535211268,0.3,0.9999335424170056,0.9799757612977714,{'tournament_size': 5}
experiment_4_parameter_tuning,tournament_5,medium_room,perception_aware,4,6,7.6,2.8,-2.6,3.2559835488578317,1.6143123525403327,2.4723946631257476,0.9898870952482974,4.502925063237477,1.210790644053839,False,0.011544596354166612,0.007116676559240406,0.010216220415688749,0.008081217447916627,0.002135002967772122,11.90583429200342,100,40,3,5,0.9,0.8,0.35,0.25,360.0,72,8.0,0.0,5.070422535211268,0.3,0.9898870952482974,0.9764020593513141,{'tournament_size': 5}
experiment_4_parameter_tuning,tournament_5,medium_room,perception_aware,4,7,7.6,2.8,-2.6,2.5525082749869603,4.032586928912601,0.5986768477747882,0.9899812320409671,5.195810163141192,3.0845084594047982,False,0.011153971354166601,0.007707931802471714,0.010120159488658135,0.00780777994791662,0.0023123795407415143,11.478760750003858,100,40,3,5,0.9,0.8,0.35,0.25,360.0,72,8.0,0.0,5.070422535211268,0.3,0.9899812320409671,0.9773284312812497,{'tournament_size': 5}
experiment_4_parameter_tuning,tournament_5,medium_room,perception_aware,4,8,7.6,2.8,-2.6,7.591430946470196,2.83442183146449,-2.599121954518571,0.9998880560257324,0.03547239997189929,0.0008780454814290017,True,2.1158854166666613e-05,0.000323817697357501,0.00011195650712391694,1.4811197916666628e-05,9.71453092072503e-05,10.9762417919992,100,40,3,5,0.9,0.8,0.35,0.25,360.0,72,8.0,0.0,5.070422535211268,0.3,0.9998831297923804,0.9830662319881056,{'tournament_size': 5}
experiment_4_parameter_tuning,tournament_5,medium_room,perception_aware,4,9,7.6,2.8,-2.6,3.649315280907502,5.596253429949858,-1.0326603612921865,0.9917149083753067,4.840138737079477,1.5673396387078133,False,0.005284288194444417,0.015517686981396694,0.0083543078305301,0.0036990017361110917,0.004655306094419008,9.717523792001884,100,40,3,5,0.9,0.8,0.35,0.25,360.0,72,8.0,0.0,5.070422535211268,0.3,0.9917149083753067,0.976435627127529,{'tournament_size': 5}
experiment_4_parameter_tuning,tournament_5,complex_room,perception_aware,0,0,1.0,1.6,0.0,5.226885049657675,3.1906833371925076,1.8671470676734105,0.9925535706166256,4.516285055467763,1.867147067673411,False,0.00805609809027775,0.006210086759365616,0.0075022946910041095,0.005639268663194425,0.0018630260278096845,10.043502750006155,100,40,3,5,0.9,0.8,0.35,0.25,360.0,72,8.0,0.0,5.070422535211268,0.3,0.9925535706166256,0.9820086003919364,{'tournament_size': 5}
experiment_4_parameter_tuning,tournament_5,complex_room,perception_aware,0,1,1.0,1.6,0.0,1.0128201414769133,1.6019536550722937,-0.0007838839148144897,0.9999635220983124,0.012968145419819001,0.0007838839148144316,True,5.425347222222213e-06,0.00010893829772659104,3.647923237353286e-05,3.797743055555549e-06,3.268148931797731e-05,9.709058125008596,100,40,3,5,0.9,0.8,0.35,0.25,360.0,72,8.0,0.0,5.070422535211268,0.3,0.9999635220983124,0.9890736545261098,{'tournament_size': 5}
experiment_4_parameter_tuning,tournament_5,complex_room,perception_aware,0,2,1.0,1.6,0.0,1.009769376590086,1.6016156285768135,0.0021665760980028367,0.9999525761209477,0.009902069210883902,0.0021665760980029702,True,4.882812499999985e-06,0.00014669386477742657,4.742612818322796e-05,3.417968749999989e-06,4.400815943322797e-05,9.626198832993396,100,40,3,5,0.9,0.8,0.35,0.25,360.0,72,8.0,0.0,5.070422535211268,0.3,0.9999525761209477,0.9890966611837932,{'tournament_size': 5}
experiment_4_parameter_tuning,tournament_5,complex_room,perception_aware,0,3,1.0,1.6,0.0,0.9979975584988138,1.612110765098361,-0.0031966250849795774,0.9999565010032025,0.012275194631180018,0.003196625084979754,True,7.052951388888877e-06,0.00012854607690099504,4.350088904252073e-05,4.9370659722222135e-06,3.856382307029851e-05,9.671742416991037,100,40,3,5,0.9,0.8,0.35,0.25,360.0,72,8.0,0.0,5.070422535211268,0.3,0.9999565010032025,0.9868458075640576,{'tournament_size': 5}
experiment_4_parameter_tuning,tournament_5,complex_room,perception_aware,0,4,1.0,1.6,0.0,0.994151794615154,1.635532290655393,-0.007063201446047073,0.9999168696933683,0.03601034831048804,0.007063201446046996,True,2.0616319444444428e-05,0.00022901931414330326,8.313721785410207e-05,1.4431423611111098e-05,6.870579424299097e-05,9.653619332995731,100,40,3,5,0.9,0.8,0.35,0.25,360.0,72,8.0,0.0,5.070422535211268,0.3,0.9999168696933683,0.9903820221090182,{'tournament_size': 5}
experiment_4_parameter_tuning,tournament_5,complex_room,perception_aware,0,5,1.0,1.6,0.0,5.13155527239083,1.0005534953183561,2.741578264575293,0.991298493191753,4.174815574464998,2.741578264575293,False,0.0074110243055555474,0.011967235478572083,0.008777887657460508,0.005187717013888883,0.0035901706435716245,8.418978792004054,100,40,3,5,0.9,0.8,0.35,0.25,360.0,72,8.0,0.0,5.070422535211268,0.3,0.991298493191753,0.9810833488007107,{'tournament_size': 5}
experiment_4_parameter_tuning,tournament_5,complex_room,perception_aware,0,6,1.0,1.6,0.0,0.9942224708184351,1.6448101116189235,0.00015412506725409614,0.9998529401924835,0.04518103525533931,0.00015412506725409614,True,4.5572916666666574e-05,0.0003839346520590134,0.0001470814372843706,3.19010416666666e-05,0.00011518039561770401,9.684125874991878,100,40,3,5,0.9,0.8,0.35,0.25,360.0,72,8.0,0.0,5.070422535211268,0.3,0.9998529401924835,0.9888597003282872,{'tournament_size': 5}
experiment_4_parameter_tuning,tournament_5,complex_room,perception_aware,0,7,1.0,1.6,0.0,1.0029104699506532,1.6075227476069787,-0.0023394746635596107,0.9999614747655853,0.008066137048919848,0.0023394746635596597,True,5.425347222222208e-06,0.0001157632520330399,3.852671866546751e-05,3.7977430555555453e-06,3.4728975609911966e-05,9.734591624990571,100,40,3,5,0.9,0.8,0.35,0.25,360.0,72,8.0,0.0,5.070422535211268,0.3,0.9999614747655853,0.9884887733149891,{'tournament_size': 5}
experiment_4_parameter_tuning,tournament_5,complex_room,perception_aware,0,8,1.0,1.6,0.0,5.346159111654787,3.006642308844753,1.8309523548370945,0.9929313270630763,4.568122328577905,1.8309523548370947,False,0.007634548611111085,0.00591603584968133,0.007118994782682159,0.005344184027777759,0.001774810754904399,9.963923208997585,100,40,3,5,0.9,0.8,0.35,0.25,360.0,72,8.0,0.0,5.070422535211268,0.3,0.9929313270630763,0.9823048490936895,{'tournament_size': 5}
experiment_4_parameter_tuning,tournament_5,complex_room,perception_aware,0,9,1.0,1.6,0.0,0.9950426612222385,1.6128314164229585,-0.009859880059558743,0.999924960549505,0.013755742625422437,0.009859880059558623,True,9.765624999999983e-06,0.0002273638144561363,7.504508183684088e-05,6.8359374999999874e-06,6.820914433684088e-05,9.567194250004832,100,40,3,5,0.9,0.8,0.35,0.25,360.0,72,8.0,0.0,5.070422535211268,0.3,0.999924960549505,0.9891935955911866,{'tournament_size': 5}
experiment_4_parameter_tuning,tournament_5,complex_room,perception_aware,2,0,4.8,1.5,-1.2,7.640951043471075,3.738839339580026,-2.7613939520524466,0.9950201085584153,3.6170988955032066,1.5613939520524467,False,0.00553439670138887,0.0037691239512735674,0.005004814876354279,0.0038740776909722088,0.00113073718538207,8.23583224999311,100,40,3,5,0.9,0.8,0.35,0.25,360.0,72,8.0,0.0,5.070422535211268,0.3,0.9950201085584153,0.9891341264613771,{'tournament_size': 5}
experiment_4_parameter_tuning,tournament_5,complex_room,perception_aware,2,1,4.8,1.5,-1.2,7.636535809474901,3.700090644453709,-2.777410562658426,0.995064366619916,3.589754064312229,1.5774105626584258,False,0.005437825520833314,0.0038454560770743175,0.0049601146877056145,0.00380647786458332,0.0011536368231222951,8.146688291992177,100,40,3,5,0.9,0.8,0.35,0.25,360.0,72,8.0,0.0,5.070422535211268,0.3,0.995064366619916,0.990078570487454,{'tournament_size': 5}
experiment_4_parameter_tuning,tournament_5,complex_room,perception_aware,2,2,4.8,1.5,-1.2,1.4862597674359952,2.8798929543166567,-2.1591566651191125,0.9950372264292289,3.5895652792902504,0.9591566651191128,False,0.005537651909722204,0.0037038973128422936,0.0049875255306582305,0.0038763563368055427,0.001111169193852688,7.973081582997111,100,40,3,5,0.9,0.8,0.35,0.25,360.0,72,8.0,0.0,5.070422535211268,0.3,0.9950372264292289,0.9859500204404763,{'tournament_size': 5}
experiment_4_parameter_tuning,tournament_5,complex_room,perception_aware,2,3,4.8,1.5,-1.2,1.4710010549553247,2.884483251203347,-2.256260044078074,0.9949839216904808,3.6054164598519196,1.0562600440780736,False,0.0058056640624999795,0.003258004511337033,0.005041366197151095,0.0040639648437499854,0.00097740135340111,8.046048459000303,100,40,3,5,0.9,0.8,0.35,0.25,360.0,72,8.0,0.0,5.070422535211268,0.3,0.9949839216904808,0.9856721158378059,{'tournament_size': 5}
experiment_4_parameter_tuning,tournament_5,complex_room,perception_aware,2,4,4.8,1.5,-1.2,4.781413794271551,1.4936589680305707,-1.204902520379308,0.9999846834106723,0.019638119304493884,0.004902520379308051,True,9.765625000000004e-06,2.8269621430737635e-05,1.531682392922129e-05,6.835937500000002e-06,8.48088642922129e-06,7.933953916988685,100,40,3,5,0.9,0.8,0.35,0.25,360.0,72,8.0,0.0,5.070422535211268,0.3,0.9999846834106723,0.9849129001914346,{'tournament_size': 5}
experiment_4_parameter_tuning,tournament_5,complex_room,perception_aware,2,5,4.8,1.5,-1.2,4.784283020981445,1.4953880330365348,-1.2042678528771356,0.9999820387346054,0.016379672424739675,0.004267852877135603,True,8.680555555555566e-06,3.9617330394873966e-05,1.7961588007351085e-05,6.076388888888895e-06,1.188519911846219e-05,7.933061292002094,100,40,3,5,0.9,0.8,0.35,0.25,360.0,72,8.0,0.0,5.070422535211268,0.3,0.9999820387346054,0.9860862895244565,{'tournament_size': 5}
experiment_4_parameter_tuning,tournament_5,complex_room,perception_aware,2,6,4.8,1.5,-1.2,1.4514333153118477,2.884625678825027,-2.244017065193741,0.9950335783666823,3.623546206724163,1.0440170651937413,False,0.005744900173611091,0.0032325998851424737,0.004991210087070505,0.004021430121527763,0.000969779965542742,7.969802583000273,100,40,3,5,0.9,0.8,0.35,0.25,360.0,72,8.0,0.0,5.070422535211268,0.3,0.9950335783666823,0.9868640434516601,{'tournament_size': 5}
experiment_4_parameter_tuning,tournament_5,complex_room,perception_aware,2,7,4.8,1.5,-1.2,7.587956042205567,3.81169661521862,-2.7378702911894734,0.995079143990363,3.621690231657555,1.5378702911894735,False,0.00541015624999998,0.0038602706847444455,0.004945190580423319,0.003787109374999986,0.0011580812054233335,8.05392712498724,100,40,3,5,0.9,0.8,0.35,0.25,360.0,72,8.0,0.0,5.070422535211268,0.3,0.995079143990363,0.9891169022770218,{'tournament_size': 5}
experiment_4_parameter_tuning,tournament_5,complex_room,perception_aware,2,8,4.8,1.5,-1.2,4.838716584101311,1.485927208811811,-1.2083312878138948,0.9998760019821867,0.04119487026682184,0.008331287813894583,True,2.3328993055555557e-05,0.0003589436669656984,0.0001240133952285984,1.633029513888889e-05,0.00010768310008970952,8.098806958005298,100,40,3,5,0.9,0.8,0.35,0.25,360.0,72,8.0,0.0,5.070422535211268,0.3,0.9998760019821867,0.9846639468216267,{'tournament_size': 5}
experiment_4_parameter_tuning,tournament_5,complex_room,perception_aware,2,9,4.8,1.5,-1.2,3.0812026049269106,4.039512268551414,1.2548480346670705,0.9962226642298171,3.066494260133742,2.4548480346670702,False,0.00410481770833333,0.003060952467517484,0.0037916581360885756,0.0028733723958333304,0.0009182857402552451,8.629661167011363,100,40,3,5,0.9,0.8,0.35,0.25,360.0,72,8.0,0.0,5.070422535211268,0.3,0.9962226642298171,0.9838156101459801,{'tournament_size': 5}
experiment_4_parameter_tuning,tournament_5,complex_room,perception_aware,4,0,6.8,3.0,-2.4,6.818597402514674,3.0051083617567946,-2.3973958113394493,0.9999477816228911,0.019286231880050516,0.002604188660550566,True,1.0850694444444441e-05,0.00014875205966326013,5.222110401008914e-05,7.595486111111108e-06,4.462561789897804e-05,9.02485624999099,100,40,3,5,0.9,0.8,0.35,0.25,360.0,72,8.0,0.0,5.070422535211268,0.3,0.9999477816228911,0.9865993882511249,{'tournament_size': 5}
experiment_4_parameter_tuning,tournament_5,complex_room,perception_aware,4,1,6.8,3.0,-2.4,6.825160639616149,3.0282644552803575,-2.3937873210417897,0.9999220978653136,0.03784094631730362,0.006212678958210205,True,2.0616319444444438e-05,0.0002115892676356502,7.790820390180615e-05,1.4431423611111105e-05,6.347678029069505e-05,9.01031954100472,100,40,3,5,0.9,0.8,0.35,0.25,360.0,72,8.0,0.0,5.070422535211268,0.3,0.9999220978653136,0.9890027854085676,{'tournament_size': 5}
experiment_4_parameter_tuning,tournament_5,complex_room,perception_aware,4,2,6.8,3.0,-2.4,6.838328807420164,2.9948981064309246,-2.400059744673996,0.9999183469240465,0.03866686949110601,5.9744673996053876e-05,True,2.7126736111111137e-05,0.00020890342815012056,8.165974372281395e-05,1.8988715277777795e-05,6.267102844503616e-05,9.036673708003946,100,40,3,5,0.9,0.8,0.35,0.25,360.0,72,8.0,0.0,5.070422535211268,0.3,0.9999183469240465,0.989151866921991,{'tournament_size': 5}
experiment_4_parameter_tuning,tournament_5,complex_room,perception_aware,4,3,6.8,3.0,-2.4,6.968811159247476,3.073924491403928,0.012266510858004205,0.9956857875757424,0.18428792124229484,2.4122665108580037,False,0.005918511284722221,0.0006331586656298953,0.004332905498994523,0.004142957899305555,0.00018994759968896858,8.92193183299969,100,40,3,5,0.9,0.8,0.35,0.25,360.0,72,8.0,0.0,5.070422535211268,0.3,0.9956857875757424,0.9868533313780321,{'tournament_size': 5}
experiment_4_parameter_tuning,tournament_5,complex_room,perception_aware,4,4,6.8,3.0,-2.4,6.951234366998969,3.064491829586737,-2.3759544143082487,0.9996119139402551,0.16441116095029473,0.024045585691751192,True,0.0003000217013888891,0.0005940717934501261,0.0003882367290072602,0.00021001519097222236,0.00017822153803503783,9.012922583002364,100,40,3,5,0.9,0.8,0.35,0.25,360.0,72,8.0,0.0,5.070422535211268,0.3,0.9996119139402551,0.9902957814994475,{'tournament_size': 5}
experiment_4_parameter_tuning,tournament_5,complex_room,perception_aware,4,5,6.8,3.0,-2.4,6.810150854327267,3.0114716782770805,-2.399227205225898,0.999932175400465,0.01531793870160854,0.0007727947741020813,True,1.0850694444444433e-05,0.00020077904637377046,6.782920002324224e-05,7.595486111111102e-06,6.023371391213114e-05,9.01034687498759,100,40,3,5,0.9,0.8,0.35,0.25,360.0,72,8.0,0.0,5.070422535211268,0.3,0.999932175400465,0.9882504432895793,{'tournament_size': 5}
experiment_4_parameter_tuning,tournament_5,complex_room,perception_aware,4,6,6.8,3.0,-2.4,6.842325621913087,3.0712003689143588,-2.374285897043757,0.9998241896191215,0.08283085659263939,0.02571410295624288,True,5.750868055555552e-05,0.00045195073071616423,0.00017584129560373811,4.025607638888886e-05,0.00013558521921484926,9.00785054199514,100,40,3,5,0.9,0.8,0.35,0.25,360.0,72,8.0,0.0,5.070422535211268,0.3,0.9998241896191215,0.98869221420652,{'tournament_size': 5}
experiment_4_parameter_tuning,tournament_5,complex_room,perception_aware,4,7,6.8,3.0,-2.4,6.826529728627975,3.0336889113086727,-2.388002439479605,0.9999128023229379,0.042880872731762394,0.011997560520395023,True,2.4414062499999998e-05,0.00023371812469978834,8.72052811599365e-05,1.7089843749999998e-05,7.01154374099365e-05,9.005894582995097,100,40,3,5,0.9,0.8,0.35,0.25,360.0,72,8.0,0.0,5.070422535211268,0.3,0.9999125474218652,0.9883819114450825,{'tournament_size': 5}
experiment_4_parameter_tuning,tournament_5,complex_room,perception_aware,4,8,6.8,3.0,-2.4,6.8092885220769155,2.9980344511407964,-2.399415203425292,0.9999519562618687,0.00949421006146727,0.0005847965747078909,True,7.052951388888894e-06,0.000143696601569189,4.8046046442978925e-05,4.937065972222225e-06,4.31089804707567e-05,9.036102665995713,100,40,3,5,0.9,0.8,0.35,0.25,360.0,72,8.0,0.0,5.070422535211268,0.3,0.9999519562618687,0.9894656954511397,{'tournament_size': 5}
experiment_4_parameter_tuning,tournament_5,complex_room,perception_aware,4,9,6.8,3.0,-2.4,6.804821005469618,3.0031728682624337,-2.398638081094054,0.9999767268031021,0.005771411157494177,0.0013619189059457248,True,3.255208333333332e-06,6.998364239611578e-05,2.3273738552168067e-05,2.2786458333333323e-06,2.0995092718834734e-05,9.011098917006166,100,40,3,5,0.9,0.8,0.35,0.25,360.0,72,8.0,0.0,5.070422535211268,0.3,0.9999767268031021,0.9887945835844125,{'tournament_size': 5}
experiment_4_parameter_tuning,tournament_5,corridor,perception_aware,0,0,1.0,3.0,0.0,6.931852723434743,2.794451024886821,3.1147846996059885,0.9968267055933548,5.935412969094085,3.1147846996059885,False,0.004039713541666665,0.0011853226034167774,0.0031833962601916987,0.0028277994791666653,0.00035559678102503324,10.456083167009638,100,40,3,5,0.9,0.8,0.35,0.25,360.0,72,8.0,0.0,5.070422535211268,0.3,0.9968267055933548,0.9783888474359138,{'tournament_size': 5}
experiment_4_parameter_tuning,tournament_5,corridor,perception_aware,0,1,1.0,3.0,0.0,1.0067571681823213,2.9929301692309034,-0.0038065066201269176,0.9999481674534052,0.009779664050868041,0.003806506620126715,True,9.223090277777768e-06,0.00015126356717523257,5.1835233347014204e-05,6.456163194444437e-06,4.537907015256977e-05,10.625734665998607,100,40,3,5,0.9,0.8,0.35,0.25,360.0,72,8.0,0.0,5.070422535211268,0.3,0.9999449641178723,0.9830623824918345,{'tournament_size': 5}
experiment_4_parameter_tuning,tournament_5,corridor,perception_aware,0,2,1.0,3.0,0.0,0.9918113686684469,3.014523330734197,-0.009838030729239432,0.9996332110898531,0.016672756781617254,0.009838030729239389,True,0.00039225260416666727,0.00030782223566199846,0.0003669234936152666,0.00027457682291666706,9.234667069859954e-05,10.600744166004006,100,40,3,5,0.9,0.8,0.35,0.25,360.0,72,8.0,0.0,5.070422535211268,0.3,0.9995517999531619,0.978285501775778,{'tournament_size': 5}
experiment_4_parameter_tuning,tournament_5,corridor,perception_aware,0,3,1.0,3.0,0.0,6.896036035616378,2.8381556228500626,3.121096919733471,0.9966696662686552,5.898256906553151,3.1210969197334713,False,0.0041710069444444425,0.0014058568452001892,0.003341461914671166,0.0029197048611111095,0.00042175705356005676,10.481549082993297,100,40,3,5,0.9,0.8,0.35,0.25,360.0,72,8.0,0.0,5.070422535211268,0.3,0.9966696662686552,0.9789902635219638,{'tournament_size': 5}
experiment_4_parameter_tuning,tournament_5,corridor,perception_aware,0,4,1.0,3.0,0.0,1.0020293406951066,2.9998136457081883,-0.00567505150777998,0.9999804444995303,0.002037879186530078,0.005675051507779916,True,7.052951388888876e-06,4.872938974190277e-05,1.9555882894793043e-05,4.937065972222213e-06,1.461881692257083e-05,10.579548499998054,100,40,3,5,0.9,0.8,0.35,0.25,360.0,72,8.0,0.0,5.070422535211268,0.3,0.9999804444995303,0.9832008140132505,{'tournament_size': 5}
experiment_4_parameter_tuning,tournament_5,corridor,perception_aware,0,5,1.0,3.0,0.0,0.9964313649399243,2.98702090913742,-0.012086756450548547,0.9999283080023946,0.013460756138163785,0.012086756450548464,True,2.658420138888888e-05,0.00017696065581380518,7.169713771636377e-05,1.8608940972222215e-05,5.308819674414155e-05,10.576360542007023,100,40,3,5,0.9,0.8,0.35,0.25,360.0,72,8.0,0.0,5.070422535211268,0.3,0.9999283080023946,0.9818156241759094,{'tournament_size': 5}
experiment_4_parameter_tuning,tournament_5,corridor,perception_aware,0,6,1.0,3.0,0.0,7.019959617427898,2.8521039637356718,-3.125546099324627,0.99662492947786,6.021776069649664,3.125546099324627,False,0.00305230034722222,0.004166299853599246,0.0033865001991353278,0.002136610243055554,0.0012498899560797738,10.447472416999517,100,40,3,5,0.9,0.8,0.35,0.25,360.0,72,8.0,0.0,5.070422535211268,0.3,0.99662492947786,0.9810082497921903,{'tournament_size': 5}
experiment_4_parameter_tuning,tournament_5,corridor,perception_aware,0,7,1.0,3.0,0.0,0.9955457608224328,2.990039523311091,-0.00951990582793747,0.9999475349757321,0.010911065141464319,0.009519905827937603,True,2.115885416666665e-05,0.000125521930248317,5.2467776991161756e-05,1.4811197916666655e-05,3.76565790744951e-05,10.522630000006757,100,40,3,5,0.9,0.8,0.35,0.25,360.0,72,8.0,0.0,5.070422535211268,0.3,0.9999475349757321,0.9811973240887916,{'tournament_size': 5}
experiment_4_parameter_tuning,tournament_5,corridor,perception_aware,0,8,1.0,3.0,0.0,6.8979708374549,2.8558326310684587,-3.1400395475262264,0.9967572815056729,5.899732555780228,3.1400395475262264,False,0.004144422743055554,0.0011739066875339824,0.0032532679263990822,0.0029010959201388876,0.0003521720062601947,10.338708208000753,100,40,3,5,0.9,0.8,0.35,0.25,360.0,72,8.0,0.0,5.070422535211268,0.3,0.9967572815056729,0.9801221661781816,{'tournament_size': 5}
experiment_4_parameter_tuning,tournament_5,corridor,perception_aware,0,9,1.0,3.0,0.0,1.0028270553986585,2.9880692252145034,-0.0076641002750305765,0.9999512553591233,0.01226114306291736,0.007664100275030616,True,1.4105902777777764e-05,0.00012957628362680537,4.8747017032486044e-05,9.874131944444434e-06,3.887288508804161e-05,10.658706583999447,100,40,3,5,0.9,0.8,0.35,0.25,360.0,72,8.0,0.0,5.070422535211268,0.3,0.9999512553591233,0.9828923178012193,{'tournament_size': 5}
experiment_4_parameter_tuning,tournament_5,corridor,perception_aware,2,0,3.8,3.0,0.0,4.358010664361646,2.9141615001602155,-3.1358475031558406,0.9973300146441318,0.5645743083032297,3.1358475031558406,False,0.0011463758680555535,0.00624890051611886,0.0026771332624745455,0.0008024631076388874,0.001874670154835658,11.979598249992705,100,40,3,5,0.9,0.8,0.35,0.25,360.0,72,8.0,0.0,5.070422535211268,0.3,0.9973300146441318,0.9855349625908228,{'tournament_size': 5}
experiment_4_parameter_tuning,tournament_5,corridor,perception_aware,2,1,3.8,3.0,0.0,3.803454260971085,3.0046192420287676,-0.0018095772830151085,0.999991594445099,0.00576795594441359,0.001809577283014896,True,3.7977430555555482e-06,1.915735138711729e-05,8.40562555502407e-06,2.658420138888884e-06,5.747205416135186e-06,12.149457833002089,100,40,3,5,0.9,0.8,0.35,0.25,360.0,72,8.0,0.0,5.070422535211268,0.3,0.999991594445099,0.9862794833475124,{'tournament_size': 5}
experiment_4_parameter_tuning,tournament_5,corridor,perception_aware,2,2,3.8,3.0,0.0,4.349509329616733,2.9021414096972995,-3.1405809737428974,0.9973437835584278,0.5581548235318438,3.1405809737428974,False,0.001164279513888887,0.006160983528147521,0.0026632907181664773,0.0008149956597222209,0.0018482950584442562,12.013642624995555,100,40,3,5,0.9,0.8,0.35,0.25,360.0,72,8.0,0.0,5.070422535211268,0.3,0.9973437835584278,0.9852173591806077,{'tournament_size': 5}
experiment_4_parameter_tuning,tournament_5,corridor,perception_aware,2,3,3.8,3.0,0.0,3.8118910730650195,2.9974561385830247,0.001379569141340459,0.9999485054730469,0.012160133615483511,0.0013795691413402977,True,1.1393229166666652e-05,0.0001450730611973113,5.149717877586005e-05,7.975260416666656e-06,4.352191835919339e-05,11.903919584001414,100,40,3,5,0.9,0.8,0.35,0.25,360.0,72,8.0,0.0,5.070422535211268,0.3,0.9999485054730469,0.985886910926654,{'tournament_size': 5}
experiment_4_parameter_tuning,tournament_5,corridor,perception_aware,2,4,3.8,3.0,0.0,3.8019429626669985,3.000929520878549,0.002840663661587417,0.999979079146732,0.0021538600207555133,0.002840663661587417,True,1.6276041666666695e-06,6.593989347535949e-05,2.0921290959274515e-05,1.1393229166666687e-06,1.9781968042607845e-05,12.023595499995281,100,40,3,5,0.9,0.8,0.35,0.25,360.0,72,8.0,0.0,5.070422535211268,0.3,0.999979079146732,0.9855875328646614,{'tournament_size': 5}
experiment_4_parameter_tuning,tournament_5,corridor,perception_aware,2,5,3.8,3.0,0.0,3.8031564106383806,2.996744245474525,0.0023242709080411443,0.9999763312754172,0.004534629604304612,0.002324270908041104,True,2.1701388888888927e-06,7.383395860760186e-05,2.3669284804502783e-05,1.5190972222222249e-06,2.215018758228056e-05,11.981212624988984,100,40,3,5,0.9,0.8,0.35,0.25,360.0,72,8.0,0.0,5.070422535211268,0.3,0.9999763312754172,0.9850571520771628,{'tournament_size': 5}
experiment_4_parameter_tuning,tournament_5,corridor,perception_aware,2,6,3.8,3.0,0.0,3.8117347162890627,3.002236402812965,0.0008164427899197276,0.9999432466056671,0.011945922481191461,0.000816442789919769,True,1.0850694444444431e-05,0.000163870431174463,5.6756615463450004e-05,7.5954861111111016e-06,4.9161129352338905e-05,11.999044875003165,100,40,3,5,0.9,0.8,0.35,0.25,360.0,72,8.0,0.0,5.070422535211268,0.3,0.9999432466056671,0.9844475751986299,{'tournament_size': 5}
experiment_4_parameter_tuning,tournament_5,corridor,perception_aware,2,7,3.8,3.0,0.0,4.387202268888259,2.908418904551885,-3.14087859434775,0.9973318873131991,0.594300935243245,3.14087859434775,False,0.0006998697916666639,0.007284472341950607,0.0026752505567518466,0.0004899088541666646,0.002185341702585182,11.974041583001963,100,40,3,5,0.9,0.8,0.35,0.25,360.0,72,8.0,0.0,5.070422535211268,0.3,0.9973318873131991,0.9838227907308658,{'tournament_size': 5}
experiment_4_parameter_tuning,tournament_5,corridor,perception_aware,2,8,3.8,3.0,0.0,3.7978245348028232,3.003516570672068,0.0026808146351690967,0.9999816411741839,0.004135083810006302,0.0026808146351688933,True,5.967881944444436e-06,4.727215169220723e-05,1.8359162868773272e-05,4.177517361111105e-06,1.4181645507662168e-05,11.97614570800215,100,40,3,5,0.9,0.8,0.35,0.25,360.0,72,8.0,0.0,5.070422535211268,0.3,0.9999816411741839,0.985147486867338,{'tournament_size': 5}
experiment_4_parameter_tuning,tournament_5,corridor,perception_aware,2,9,3.8,3.0,0.0,3.8122317598381823,3.007769987503775,-0.004772378042850198,0.999616526124564,0.014490985285610904,0.004772378042850356,True,2.1158854166666654e-05,0.001229365953815946,0.0003836209840614504,1.4811197916666657e-05,0.00036880978614478376,12.015648208005587,100,40,3,5,0.9,0.8,0.35,0.25,360.0,72,8.0,0.0,5.070422535211268,0.3,0.999616526124564,0.9854358216651342,{'tournament_size': 5}
experiment_4_parameter_tuning,tournament_5,corridor,perception_aware,4,0,6.6,3.0,3.141592653589793,6.6116235250478255,2.9860850458227404,3.1328630849944283,0.9999260148831516,0.018130975822957505,0.008729568595364778,True,1.3020833333333338e-05,0.0002162533590586759,7.39905910509361e-05,9.114583333333336e-06,6.487600771760277e-05,10.842609458006336,100,40,3,5,0.9,0.8,0.35,0.25,360.0,72,8.0,0.0,5.070422535211268,0.3,0.9999260148831516,0.979656457725815,{'tournament_size': 5}
experiment_4_parameter_tuning,tournament_5,corridor,perception_aware,4,1,6.6,3.0,3.141592653589793,6.638127735129242,3.0455980423360467,-3.12833789739588,0.9995442710254623,0.059438250739448535,0.013254756193912698,True,8.951822916666667e-05,0.0013109133257073284,0.0004559367581288652,6.266276041666666e-05,0.00039327399771219853,10.702983750001295,100,40,3,5,0.9,0.8,0.35,0.25,360.0,72,8.0,0.0,5.070422535211268,0.3,0.9995442710254623,0.9827929151236029,{'tournament_size': 5}
experiment_4_parameter_tuning,tournament_5,corridor,perception_aware,4,2,6.6,3.0,3.141592653589793,6.603880871793236,2.9940307648708098,-3.137156183901045,0.9999509582876899,0.007119897043012379,0.004436469688748446,True,8.680555555555537e-06,0.0001432257620959526,4.9044117517674655e-05,6.076388888888876e-06,4.296772862878578e-05,10.87793674999557,100,40,3,5,0.9,0.8,0.35,0.25,360.0,72,8.0,0.0,5.070422535211268,0.3,0.9999509582876899,0.9806087265852441,{'tournament_size': 5}
experiment_4_parameter_tuning,tournament_5,corridor,perception_aware,4,3,6.6,3.0,3.141592653589793,6.61727689322849,2.982973875339844,3.1413183693690554,0.9999412313081949,0.024256544695644908,0.0002742842207377194,True,2.2243923611111102e-05,0.0001440046641317296,5.8772145767296656e-05,1.557074652777777e-05,4.320139923951888e-05,10.739614999998594,100,40,3,5,0.9,0.8,0.35,0.25,360.0,72,8.0,0.0,5.070422535211268,0.3,0.9999412313081949,0.9779436608365458,{'tournament_size': 5}
experiment_4_parameter_tuning,tournament_5,corridor,perception_aware,4,4,6.6,3.0,3.141592653589793,6.60944998296229,3.0005275282875443,-3.1403346629287627,0.9999349826847848,0.009464695667676581,0.0012579906610303837,True,1.0308159722222212e-05,0.000192686103119293,6.502154274134344e-05,7.215711805555548e-06,5.7805830935787895e-05,10.731806208990747,100,40,3,5,0.9,0.8,0.35,0.25,360.0,72,8.0,0.0,5.070422535211268,0.3,0.9999349826847848,0.9828759643122165,{'tournament_size': 5}
experiment_4_parameter_tuning,tournament_5,corridor,perception_aware,4,5,6.6,3.0,3.141592653589793,1.5017033173501335,2.9255574799356188,-0.01757251779836999,0.9967340392375375,5.09884013802278,3.1240201357914232,False,0.001850043402777777,0.006605439435788321,0.00327666221268094,0.001295030381944444,0.0019816318307364963,10.966149332991336,100,40,3,5,0.9,0.8,0.35,0.25,360.0,72,8.0,0.0,5.070422535211268,0.3,0.9967340392375375,0.9821477346918348,{'tournament_size': 5}
experiment_4_parameter_tuning,tournament_5,corridor,perception_aware,4,6,6.6,3.0,3.141592653589793,6.599345967398759,2.9974102523052504,3.1404235440324375,0.9999886205356642,0.0026710581734486287,0.0011691095573556076,True,2.1701388888888927e-06,3.2868322023986894e-05,1.1379593829418293e-05,1.5190972222222249e-06,9.860496607196069e-06,10.807414209004492,100,40,3,5,0.9,0.8,0.35,0.25,360.0,72,8.0,0.0,5.070422535211268,0.3,0.9999886205356642,0.9815001883781025,{'tournament_size': 5}
experiment_4_parameter_tuning,tournament_5,corridor,perception_aware,4,7,6.6,3.0,3.141592653589793,1.5542773840738804,2.9117494250062967,-0.006063809113705884,0.9970407234283604,5.046494315943995,3.135528844476087,False,0.0007438151041666657,0.008157964362647013,0.00296805988171077,0.000520670572916666,0.002447389308794104,10.99844954200671,100,40,3,5,0.9,0.8,0.35,0.25,360.0,72,8.0,0.0,5.070422535211268,0.3,0.9970407234283604,0.9825440535009144,{'tournament_size': 5}
experiment_4_parameter_tuning,tournament_5,corridor,perception_aware,4,8,6.6,3.0,3.141592653589793,6.60547325161518,2.9960242751547512,-3.1397849027387315,0.9999423585541839,0.006764826035324536,0.0018077508510616624,True,6.510416666666659e-06,0.00017695825625696956,5.764476854375753e-05,4.557291666666661e-06,5.308747687709087e-05,10.735853874997701,100,40,3,5,0.9,0.8,0.35,0.25,360.0,72,8.0,0.0,5.070422535211268,0.3,0.9999423585541839,0.9828366272367751,{'tournament_size': 5}
experiment_4_parameter_tuning,tournament_5,corridor,perception_aware,4,9,6.6,3.0,3.141592653589793,6.598637649065268,2.963157241837038,3.131760185730955,0.9999614393666364,0.03686793768471259,0.009832467858838179,True,2.0073784722222226e-05,8.170157012629224e-05,3.8562120343443226e-05,1.4051649305555557e-05,2.451047103788767e-05,10.785387875002925,100,40,3,5,0.9,0.8,0.35,0.25,360.0,72,8.0,0.0,5.070422535211268,0.3,0.9999614393666364,0.9817917523223149,{'tournament_size': 5}
