map_name,pose_id,x,y,theta,scan_error,equivalence_threshold,equivalence_percentile,true_x,true_y,true_theta
corridor_2,0,1.7555555555555558,1.638888888888889,0.7853981633974478,0.0005598958333333301,0.007640348307291643,1.0,1.7,1.7,0.7853981633974483
corridor_2,0,6.437037037037038,4.261111111111111,-2.356194490192345,0.001008572048611108,0.007640348307291643,1.0,1.7,1.7,0.7853981633974483
corridor_2,0,1.7555555555555558,1.5296296296296297,0.7853981633974478,0.0011773003472222187,0.007640348307291643,1.0,1.7,1.7,0.7853981633974483
corridor_2,0,6.437037037037038,4.151851851851852,-2.356194490192345,0.0015451388888888847,0.007640348307291643,1.0,1.7,1.7,0.7853981633974483
corridor_2,0,2.0481481481481483,1.638888888888889,1.0471975511965974,0.0016303168402777718,0.007640348307291643,1.0,1.7,1.7,0.7853981633974483
corridor_2,0,4.827777777777778,1.638888888888889,0.5235987755982987,0.0017062717013888828,0.007640348307291643,1.0,1.7,1.7,0.7853981633974483
corridor_2,0,5.120370370370371,1.5296296296296297,0.7853981633974478,0.0017491319444444364,0.007640348307291643,1.0,1.7,1.7,0.7853981633974483
corridor_2,0,6.437037037037038,4.37037037037037,-2.356194490192345,0.0019287109374999953,0.007640348307291643,1.0,1.7,1.7,0.7853981633974483
corridor_2,0,1.4629629629629632,4.042592592592593,-2.356194490192345,0.001952582465277772,0.007640348307291643,1.0,1.7,1.7,0.7853981633974483
corridor_2,0,3.218518518518519,1.638888888888889,0.7853981633974478,0.0020627170138888796,0.007640348307291643,1.0,1.7,1.7,0.7853981633974483
corridor_2,0,1.0240740740740741,4.261111111111111,-2.0943951023931957,0.002085503472222213,0.007640348307291643,1.0,1.7,1.7,0.7853981633974483
corridor_2,0,4.827777777777778,1.5296296296296297,0.5235987755982987,0.002131618923611105,0.007640348307291643,1.0,1.7,1.7,0.7853981633974483
corridor_2,0,3.364814814814815,1.5296296296296297,0.7853981633974478,0.0022564019097222163,0.007640348307291643,1.0,1.7,1.7,0.7853981633974483
corridor_2,0,1.0240740740740741,4.37037037037037,-2.0943951023931957,0.002280815972222212,0.007640348307291643,1.0,1.7,1.7,0.7853981633974483
corridor_2,0,5.2666666666666675,4.261111111111111,-2.6179938779914944,0.0022884114583333246,0.007640348307291643,1.0,1.7,1.7,0.7853981633974483
corridor_2,0,1.7555555555555558,1.7481481481481482,0.7853981633974478,0.0022954644097222133,0.007640348307291643,1.0,1.7,1.7,0.7853981633974483
corridor_2,0,3.364814814814815,1.4203703703703705,0.7853981633974478,0.0023301866319444388,0.007640348307291643,1.0,1.7,1.7,0.7853981633974483
corridor_2,0,1.3166666666666669,4.37037037037037,-2.356194490192345,0.0023464626736111,0.007640348307291643,1.0,1.7,1.7,0.7853981633974483
corridor_2,0,3.364814814814815,4.261111111111111,-2.6179938779914944,0.0024159071180555446,0.007640348307291643,1.0,1.7,1.7,0.7853981633974483
corridor_2,0,3.0722222222222224,4.479629629629629,-2.356194490192345,0.002456054687499992,0.007640348307291643,1.0,1.7,1.7,0.7853981633974483
corridor_2,0,4.827777777777778,1.7481481481481482,0.5235987755982987,0.0024641927083333256,0.007640348307291643,1.0,1.7,1.7,0.7853981633974483
corridor_2,0,6.72962962962963,1.8574074074074074,0.7853981633974478,0.0025423177083333205,0.007640348307291643,1.0,1.7,1.7,0.7853981633974483
corridor_2,0,1.1703703703703705,4.151851851851852,-2.0943951023931957,0.0025580512152777683,0.007640348307291643,1.0,1.7,1.7,0.7853981633974483
corridor_2,0,4.974074074074075,4.479629629629629,-2.356194490192345,0.0025629340277777708,0.007640348307291643,1.0,1.7,1.7,0.7853981633974483
corridor_2,0,5.120370370370371,1.4203703703703705,0.7853981633974478,0.002569444444444436,0.007640348307291643,1.0,1.7,1.7,0.7853981633974483
corridor_2,0,5.412962962962964,1.5296296296296297,1.0471975511965974,0.002637261284722211,0.007640348307291643,1.0,1.7,1.7,0.7853981633974483
corridor_2,0,5.2666666666666675,4.37037037037037,-2.6179938779914944,0.002651909722222213,0.007640348307291643,1.0,1.7,1.7,0.7853981633974483
corridor_2,0,2.77962962962963,4.37037037037037,-2.0943951023931957,0.002657335069444433,0.007640348307291643,1.0,1.7,1.7,0.7853981633974483
corridor_2,0,6.144444444444445,4.261111111111111,-2.0943951023931957,0.002685546874999992,0.007640348307291643,1.0,1.7,1.7,0.7853981633974483
corridor_2,0,3.0722222222222224,4.37037037037037,-2.356194490192345,0.002750651041666656,0.007640348307291643,1.0,1.7,1.7,0.7853981633974483
corridor_2,0,6.290740740740741,4.151851851851852,-2.0943951023931957,0.0027577039930555425,0.007640348307291643,1.0,1.7,1.7,0.7853981633974483
corridor_2,0,1.0240740740740741,4.151851851851852,-2.0943951023931957,0.0027609592013888807,0.007640348307291643,1.0,1.7,1.7,0.7853981633974483
corridor_2,0,3.364814814814815,4.37037037037037,-2.6179938779914944,0.0027625868055555455,0.007640348307291643,1.0,1.7,1.7,0.7853981633974483
corridor_2,0,6.144444444444445,4.151851851851852,-2.0943951023931957,0.002785373263888882,0.007640348307291643,1.0,1.7,1.7,0.7853981633974483
corridor_2,0,3.364814814814815,4.042592592592593,-2.6179938779914944,0.002795681423611101,0.007640348307291643,1.0,1.7,1.7,0.7853981633974483
corridor_2,0,4.827777777777778,1.8574074074074074,0.5235987755982987,0.0027989366319444344,0.007640348307291643,1.0,1.7,1.7,0.7853981633974483
corridor_2,0,6.72962962962963,4.151851851851852,-2.6179938779914944,0.002844509548611099,0.007640348307291643,1.0,1.7,1.7,0.7853981633974483
corridor_2,0,1.3166666666666669,4.261111111111111,-2.356194490192345,0.002941080729166654,0.007640348307291643,1.0,1.7,1.7,0.7853981633974483
corridor_2,0,1.3166666666666669,4.151851851851852,-2.356194490192345,0.002942165798611099,0.007640348307291643,1.0,1.7,1.7,0.7853981633974483
corridor_2,0,0.8777777777777779,4.261111111111111,-2.0943951023931957,0.002947048611111104,0.007640348307291643,1.0,1.7,1.7,0.7853981633974483
corridor_2,0,0.8777777777777779,4.37037037037037,-2.0943951023931957,0.0029714626736111025,0.007640348307291643,1.0,1.7,1.7,0.7853981633974483
corridor_2,0,3.364814814814815,4.151851851851852,-2.6179938779914944,0.003021375868055544,0.007640348307291643,1.0,1.7,1.7,0.7853981633974483
corridor_2,0,7.022222222222223,1.7481481481481482,1.0471975511965974,0.0030230034722222073,0.007640348307291643,1.0,1.7,1.7,0.7853981633974483
corridor_2,0,6.875925925925927,1.638888888888889,0.7853981633974478,0.003031141493055538,0.007640348307291643,1.0,1.7,1.7,0.7853981633974483
corridor_2,0,2.0481481481481483,1.7481481481481482,1.0471975511965974,0.003037651909722214,0.007640348307291643,1.0,1.7,1.7,0.7853981633974483
corridor_2,0,1.4629629629629632,3.9333333333333336,-2.356194490192345,0.003094618055555549,0.007640348307291643,1.0,1.7,1.7,0.7853981633974483
corridor_2,0,6.72962962962963,4.042592592592593,-2.6179938779914944,0.0031987847222222066,0.007640348307291643,1.0,1.7,1.7,0.7853981633974483
corridor_2,0,4.827777777777778,4.37037037037037,-2.356194490192345,0.0031993272569444376,0.007640348307291643,1.0,1.7,1.7,0.7853981633974483
corridor_2,0,0.8777777777777779,4.479629629629629,-2.0943951023931957,0.0032107204861111004,0.007640348307291643,1.0,1.7,1.7,0.7853981633974483
corridor_2,0,2.6333333333333337,4.479629629629629,-2.0943951023931957,0.003264431423611101,0.007640348307291643,1.0,1.7,1.7,0.7853981633974483
corridor_2,0,1.4629629629629632,1.7481481481481482,0.5235987755982987,0.0032709418402777617,0.007640348307291643,1.0,1.7,1.7,0.7853981633974483
corridor_2,0,1.1703703703703705,4.042592592592593,-2.0943951023931957,0.0033620876736111024,0.007640348307291643,1.0,1.7,1.7,0.7853981633974483
corridor_2,0,2.6333333333333337,4.37037037037037,-2.0943951023931957,0.003366970486111101,0.007640348307291643,1.0,1.7,1.7,0.7853981633974483
corridor_2,0,5.2666666666666675,1.638888888888889,0.7853981633974478,0.003386501736111101,0.007640348307291643,1.0,1.7,1.7,0.7853981633974483
corridor_2,0,2.9259259259259265,4.261111111111111,-2.356194490192345,0.0033962673611111008,0.007640348307291643,1.0,1.7,1.7,0.7853981633974483
corridor_2,0,7.168518518518519,1.638888888888889,1.0471975511965974,0.003407118055555541,0.007640348307291643,1.0,1.7,1.7,0.7853981633974483
corridor_2,0,6.72962962962963,1.9666666666666668,0.7853981633974478,0.0034136284722222094,0.007640348307291643,1.0,1.7,1.7,0.7853981633974483
corridor_2,0,5.55925925925926,1.4203703703703705,1.0471975511965974,0.0034320746527777665,0.007640348307291643,1.0,1.7,1.7,0.7853981633974483
corridor_2,0,3.657407407407408,1.5296296296296297,1.0471975511965974,0.0034673394097222074,0.007640348307291643,1.0,1.7,1.7,0.7853981633974483
corridor_2,0,3.0722222222222224,1.638888888888889,0.5235987755982987,0.0034678819444444306,0.007640348307291643,1.0,1.7,1.7,0.7853981633974483
corridor_2,0,6.875925925925927,1.5296296296296297,0.7853981633974478,0.00347113715277776,0.007640348307291643,1.0,1.7,1.7,0.7853981633974483
corridor_2,0,6.875925925925927,1.9666666666666668,1.0471975511965974,0.003475477430555542,0.007640348307291643,1.0,1.7,1.7,0.7853981633974483
corridor_2,0,1.6092592592592594,1.8574074074074074,0.7853981633974478,0.0034803602430555397,0.007640348307291643,1.0,1.7,1.7,0.7853981633974483
corridor_2,0,4.827777777777778,1.4203703703703705,0.5235987755982987,0.0035080295138888804,0.007640348307291643,1.0,1.7,1.7,0.7853981633974483
corridor_2,0,5.120370370370371,1.638888888888889,0.7853981633974478,0.003518337673611097,0.007640348307291643,1.0,1.7,1.7,0.7853981633974483
corridor_2,0,4.827777777777778,4.479629629629629,-2.356194490192345,0.003549804687499993,0.007640348307291643,1.0,1.7,1.7,0.7853981633974483
corridor_2,0,7.168518518518519,1.5296296296296297,1.0471975511965974,0.003559570312499984,0.007640348307291643,1.0,1.7,1.7,0.7853981633974483
corridor_2,0,3.364814814814815,1.7481481481481482,0.7853981633974478,0.0035801866319444334,0.007640348307291643,1.0,1.7,1.7,0.7853981633974483
corridor_2,0,5.55925925925926,1.5296296296296297,1.0471975511965974,0.003582356770833321,0.007640348307291643,1.0,1.7,1.7,0.7853981633974483
corridor_2,0,1.3166666666666669,4.042592592592593,-2.356194490192345,0.0035915798611111014,0.007640348307291643,1.0,1.7,1.7,0.7853981633974483
corridor_2,0,0.7314814814814816,4.151851851851852,-1.8325957145940461,0.0035926649305555447,0.007640348307291643,1.0,1.7,1.7,0.7853981633974483
corridor_2,0,1.6092592592592594,4.151851851851852,-2.6179938779914944,0.0035986328124999853,0.007640348307291643,1.0,1.7,1.7,0.7853981633974483
corridor_2,0,3.8037037037037043,1.4203703703703705,1.0471975511965974,0.0036083984374999886,0.007640348307291643,1.0,1.7,1.7,0.7853981633974483
corridor_2,0,2.1944444444444446,1.5296296296296297,1.0471975511965974,0.0036083984374999933,0.007640348307291643,1.0,1.7,1.7,0.7853981633974483
corridor_2,0,3.0722222222222224,1.7481481481481482,0.5235987755982987,0.003611653645833316,0.007640348307291643,1.0,1.7,1.7,0.7853981633974483
corridor_2,0,6.72962962962963,4.261111111111111,-2.6179938779914944,0.0036534288194444275,0.007640348307291643,1.0,1.7,1.7,0.7853981633974483
corridor_2,0,2.1944444444444446,1.638888888888889,1.0471975511965974,0.003664279513888883,0.007640348307291643,1.0,1.7,1.7,0.7853981633974483
corridor_2,0,3.0722222222222224,1.8574074074074074,0.5235987755982987,0.0036805555555555433,0.007640348307291643,1.0,1.7,1.7,0.7853981633974483
corridor_2,0,3.364814814814815,4.479629629629629,-2.6179938779914944,0.003689236111111101,0.007640348307291643,1.0,1.7,1.7,0.7853981633974483
corridor_2,0,6.583333333333334,4.042592592592593,-2.356194490192345,0.0037006293402777604,0.007640348307291643,1.0,1.7,1.7,0.7853981633974483
corridor_2,0,3.0722222222222224,1.5296296296296297,0.5235987755982987,0.0037076822916666547,0.007640348307291643,1.0,1.7,1.7,0.7853981633974483
corridor_2,0,6.875925925925927,1.7481481481481482,0.7853981633974478,0.0037158203124999837,0.007640348307291643,1.0,1.7,1.7,0.7853981633974483
corridor_2,0,3.8037037037037043,1.5296296296296297,1.0471975511965974,0.0037158203124999897,0.007640348307291643,1.0,1.7,1.7,0.7853981633974483
corridor_2,0,7.168518518518519,1.9666666666666668,1.3089969389957465,0.003727213541666657,0.007640348307291643,1.0,1.7,1.7,0.7853981633974483
corridor_2,0,1.4629629629629632,1.8574074074074074,0.5235987755982987,0.0037451171874999783,0.007640348307291643,1.0,1.7,1.7,0.7853981633974483
corridor_2,0,7.022222222222223,1.8574074074074074,1.0471975511965974,0.0037776692708333193,0.007640348307291643,1.0,1.7,1.7,0.7853981633974483
corridor_2,0,5.2666666666666675,4.151851851851852,-2.6179938779914944,0.003786349826388873,0.007640348307291643,1.0,1.7,1.7,0.7853981633974483
corridor_2,0,3.5111111111111115,1.5296296296296297,0.7853981633974478,0.003811848958333325,0.007640348307291643,1.0,1.7,1.7,0.7853981633974483
corridor_2,0,4.974074074074075,1.7481481481481482,0.7853981633974478,0.003830837673611095,0.007640348307291643,1.0,1.7,1.7,0.7853981633974483
corridor_2,0,6.144444444444445,4.042592592592593,-2.0943951023931957,0.003839518229166659,0.007640348307291643,1.0,1.7,1.7,0.7853981633974483
corridor_2,0,0.8777777777777779,4.042592592592593,-1.8325957145940461,0.0038633897569444343,0.007640348307291643,1.0,1.7,1.7,0.7853981633974483
corridor_2,0,3.5111111111111115,1.638888888888889,0.7853981633974478,0.00388617621527777,0.007640348307291643,1.0,1.7,1.7,0.7853981633974483
corridor_2,0,1.1703703703703705,4.261111111111111,-2.0943951023931957,0.003902994791666651,0.007640348307291643,1.0,1.7,1.7,0.7853981633974483
corridor_2,0,4.681481481481482,4.37037037037037,-2.0943951023931957,0.003908420138888872,0.007640348307291643,1.0,1.7,1.7,0.7853981633974483
corridor_2,0,1.4629629629629632,4.151851851851852,-2.356194490192345,0.003941514756944431,0.007640348307291643,1.0,1.7,1.7,0.7853981633974483
corridor_2,0,2.0481481481481483,1.5296296296296297,1.0471975511965974,0.003945312499999983,0.007640348307291643,1.0,1.7,1.7,0.7853981633974483
corridor_2,0,3.0722222222222224,4.261111111111111,-2.356194490192345,0.003953993055555539,0.007640348307291643,1.0,1.7,1.7,0.7853981633974483
corridor_2,0,1.3166666666666669,3.9333333333333336,-2.0943951023931957,0.003965928819444433,0.007640348307291643,1.0,1.7,1.7,0.7853981633974483
corridor_2,0,1.4629629629629632,4.261111111111111,-2.356194490192345,0.003968098958333319,0.007640348307291643,1.0,1.7,1.7,0.7853981633974483
corridor_2,0,0.8777777777777779,4.151851851851852,-2.0943951023931957,0.003992513020833325,0.007640348307291643,1.0,1.7,1.7,0.7853981633974483
corridor_2,0,2.9259259259259265,4.479629629629629,-2.356194490192345,0.004008246527777767,0.007640348307291643,1.0,1.7,1.7,0.7853981633974483
corridor_2,0,0.5851851851851853,4.261111111111111,-1.8325957145940461,0.004016384548611101,0.007640348307291643,1.0,1.7,1.7,0.7853981633974483
corridor_2,0,6.583333333333334,4.261111111111111,-2.356194490192345,0.004044596354166651,0.007640348307291643,1.0,1.7,1.7,0.7853981633974483
corridor_2,0,3.5111111111111115,1.4203703703703705,0.7853981633974478,0.004047309027777769,0.007640348307291643,1.0,1.7,1.7,0.7853981633974483
corridor_2,0,5.2666666666666675,1.4203703703703705,0.7853981633974478,0.0040700954861111,0.007640348307291643,1.0,1.7,1.7,0.7853981633974483
corridor_2,0,3.364814814814815,1.638888888888889,0.7853981633974478,0.004104275173611094,0.007640348307291643,1.0,1.7,1.7,0.7853981633974483
corridor_2,0,7.168518518518519,1.7481481481481482,1.0471975511965974,0.0041086154513888746,0.007640348307291643,1.0,1.7,1.7,0.7853981633974483
corridor_2,0,5.2666666666666675,1.5296296296296297,0.7853981633974478,0.004115125868055544,0.007640348307291643,1.0,1.7,1.7,0.7853981633974483
corridor_2,0,4.0962962962962965,1.5296296296296297,1.3089969389957465,0.004129231770833323,0.007640348307291643,1.0,1.7,1.7,0.7853981633974483
corridor_2,0,4.974074074074075,4.37037037037037,-2.356194490192345,0.004141710069444426,0.007640348307291643,1.0,1.7,1.7,0.7853981633974483
corridor_2,0,2.1944444444444446,1.7481481481481482,1.0471975511965974,0.0041460503472222155,0.007640348307291643,1.0,1.7,1.7,0.7853981633974483
corridor_2,0,1.9018518518518521,1.8574074074074074,1.0471975511965974,0.0041596137152777645,0.007640348307291643,1.0,1.7,1.7,0.7853981633974483
corridor_2,0,2.9259259259259265,4.37037037037037,-2.356194490192345,0.00416069878472221,0.007640348307291643,1.0,1.7,1.7,0.7853981633974483
corridor_2,0,3.0722222222222224,1.4203703703703705,0.5235987755982987,0.004169379340277763,0.007640348307291643,1.0,1.7,1.7,0.7853981633974483
corridor_2,0,2.1944444444444446,1.4203703703703705,1.0471975511965974,0.004180230034722215,0.007640348307291643,1.0,1.7,1.7,0.7853981633974483
corridor_2,0,4.535185185185186,4.479629629629629,-2.0943951023931957,0.004186740451388875,0.007640348307291643,1.0,1.7,1.7,0.7853981633974483
corridor_2,0,5.851851851851853,1.638888888888889,1.3089969389957465,0.004195421006944435,0.007640348307291643,1.0,1.7,1.7,0.7853981633974483
corridor_2,0,6.290740740740741,4.042592592592593,-2.0943951023931957,0.0042051866319444305,0.007640348307291643,1.0,1.7,1.7,0.7853981633974483
corridor_2,0,4.974074074074075,1.638888888888889,0.5235987755982987,0.004240451388888875,0.007640348307291643,1.0,1.7,1.7,0.7853981633974483
corridor_2,0,6.72962962962963,3.9333333333333336,-2.6179938779914944,0.004257269965277758,0.007640348307291643,1.0,1.7,1.7,0.7853981633974483
corridor_2,0,1.0240740740740741,3.9333333333333336,-1.8325957145940461,0.004286024305555547,0.007640348307291643,1.0,1.7,1.7,0.7853981633974483
corridor_2,0,5.2666666666666675,4.479629629629629,-2.6179938779914944,0.004287651909722207,0.007640348307291643,1.0,1.7,1.7,0.7853981633974483
corridor_2,0,4.535185185185186,4.37037037037037,-2.0943951023931957,0.004294704861111096,0.007640348307291643,1.0,1.7,1.7,0.7853981633974483
corridor_2,0,7.022222222222223,1.638888888888889,1.0471975511965974,0.004304470486111091,0.007640348307291643,1.0,1.7,1.7,0.7853981633974483
corridor_2,0,2.340740740740741,4.261111111111111,-1.8325957145940461,0.0043180338541666564,0.007640348307291643,1.0,1.7,1.7,0.7853981633974483
corridor_2,0,1.0240740740740741,4.479629629629629,-2.0943951023931957,0.004320203993055539,0.007640348307291643,1.0,1.7,1.7,0.7853981633974483
corridor_2,0,7.314814814814816,1.8574074074074074,1.3089969389957465,0.00434082031249999,0.007640348307291643,1.0,1.7,1.7,0.7853981633974483
corridor_2,0,2.0481481481481483,1.8574074074074074,1.0471975511965974,0.004354383680555546,0.007640348307291643,1.0,1.7,1.7,0.7853981633974483
corridor_2,0,1.1703703703703705,4.37037037037037,-2.356194490192345,0.004369032118055537,0.007640348307291643,1.0,1.7,1.7,0.7853981633974483
corridor_2,0,2.340740740740741,4.37037037037037,-1.8325957145940461,0.004369032118055543,0.007640348307291643,1.0,1.7,1.7,0.7853981633974483
corridor_2,0,3.657407407407408,1.638888888888889,1.0471975511965974,0.004385850694444429,0.007640348307291643,1.0,1.7,1.7,0.7853981633974483
corridor_2,0,6.144444444444445,4.37037037037037,-2.0943951023931957,0.004421657986111096,0.007640348307291643,1.0,1.7,1.7,0.7853981633974483
corridor_2,0,4.0962962962962965,4.37037037037037,-1.8325957145940461,0.004429253472222214,0.007640348307291643,1.0,1.7,1.7,0.7853981633974483
corridor_2,0,6.72962962962963,1.638888888888889,0.7853981633974478,0.004431966145833313,0.007640348307291643,1.0,1.7,1.7,0.7853981633974483
corridor_2,0,2.4870370370370374,4.261111111111111,-2.0943951023931957,0.004436848958333326,0.007640348307291643,1.0,1.7,1.7,0.7853981633974483
corridor_2,0,6.72962962962963,1.7481481481481482,0.7853981633974478,0.004448784722222202,0.007640348307291643,1.0,1.7,1.7,0.7853981633974483
corridor_2,0,1.6092592592592594,1.638888888888889,0.5235987755982987,0.004458550347222203,0.007640348307291643,1.0,1.7,1.7,0.7853981633974483
corridor_2,0,6.875925925925927,1.8574074074074074,0.7853981633974478,0.004479709201388873,0.007640348307291643,1.0,1.7,1.7,0.7853981633974483
corridor_2,0,6.290740740740741,4.261111111111111,-2.0943951023931957,0.0044867621527777575,0.007640348307291643,1.0,1.7,1.7,0.7853981633974483
corridor_2,0,1.6092592592592594,4.261111111111111,-2.6179938779914944,0.004488389756944423,0.007640348307291643,1.0,1.7,1.7,0.7853981633974483
corridor_2,0,1.6092592592592594,1.5296296296296297,0.7853981633974478,0.004491644965277762,0.007640348307291643,1.0,1.7,1.7,0.7853981633974483
corridor_2,0,6.583333333333334,1.7481481481481482,0.5235987755982987,0.004539388020833311,0.007640348307291643,1.0,1.7,1.7,0.7853981633974483
corridor_2,0,1.3166666666666669,3.9333333333333336,-2.356194490192345,0.0045893012152777675,0.007640348307291643,1.0,1.7,1.7,0.7853981633974483
corridor_2,0,3.5111111111111115,1.638888888888889,1.0471975511965974,0.004593098958333312,0.007640348307291643,1.0,1.7,1.7,0.7853981633974483
corridor_2,0,7.022222222222223,2.075925925925926,1.3089969389957465,0.00461480034722221,0.007640348307291643,1.0,1.7,1.7,0.7853981633974483
corridor_2,0,4.974074074074075,4.261111111111111,-2.356194490192345,0.004628906249999981,0.007640348307291643,1.0,1.7,1.7,0.7853981633974483
corridor_2,0,3.218518518518519,4.261111111111111,-2.6179938779914944,0.0046332465277777604,0.007640348307291643,1.0,1.7,1.7,0.7853981633974483
corridor_2,0,1.6092592592592594,4.042592592592593,-2.6179938779914944,0.004646267361111094,0.007640348307291643,1.0,1.7,1.7,0.7853981633974483
corridor_2,0,1.7555555555555558,1.4203703703703705,0.7853981633974478,0.004656575520833318,0.007640348307291643,1.0,1.7,1.7,0.7853981633974483
corridor_2,0,3.218518518518519,1.4203703703703705,0.7853981633974478,0.004661458333333316,0.007640348307291643,1.0,1.7,1.7,0.7853981633974483
corridor_2,0,6.583333333333334,1.8574074074074074,0.5235987755982987,0.004665256076388866,0.007640348307291643,1.0,1.7,1.7,0.7853981633974483
corridor_2,0,5.412962962962964,1.638888888888889,1.0471975511965974,0.004666341145833315,0.007640348307291643,1.0,1.7,1.7,0.7853981633974483
corridor_2,0,6.583333333333334,4.261111111111111,-2.6179938779914944,0.004667426215277761,0.007640348307291643,1.0,1.7,1.7,0.7853981633974483
corridor_2,0,4.681481481481482,1.8574074074074074,0.26179938779914913,0.0047119140624999846,0.007640348307291643,1.0,1.7,1.7,0.7853981633974483
corridor_2,0,5.412962962962964,1.4203703703703705,1.0471975511965974,0.004723849826388871,0.007640348307291643,1.0,1.7,1.7,0.7853981633974483
corridor_2,0,5.120370370370371,4.261111111111111,-2.6179938779914944,0.004727105034722205,0.007640348307291643,1.0,1.7,1.7,0.7853981633974483
corridor_2,0,3.218518518518519,4.151851851851852,-2.356194490192345,0.004735243055555534,0.007640348307291643,1.0,1.7,1.7,0.7853981633974483
corridor_2,0,2.9259259259259265,4.261111111111111,-2.0943951023931957,0.004736328124999977,0.007640348307291643,1.0,1.7,1.7,0.7853981633974483
corridor_2,0,4.681481481481482,2.185185185185185,0.26179938779914913,0.004736870659722212,0.007640348307291643,1.0,1.7,1.7,0.7853981633974483
corridor_2,0,6.875925925925927,1.8574074074074074,1.0471975511965974,0.00474338107638887,0.007640348307291643,1.0,1.7,1.7,0.7853981633974483
corridor_2,0,2.340740740740741,1.7481481481481482,1.3089969389957465,0.004743381076388875,0.007640348307291643,1.0,1.7,1.7,0.7853981633974483
corridor_2,0,2.77962962962963,4.479629629629629,-2.0943951023931957,0.004743923611111093,0.007640348307291643,1.0,1.7,1.7,0.7853981633974483
corridor_2,0,1.9018518518518521,1.638888888888889,1.0471975511965974,0.004752604166666646,0.007640348307291643,1.0,1.7,1.7,0.7853981633974483
corridor_2,0,2.4870370370370374,4.479629629629629,-2.0943951023931957,0.004761827256944437,0.007640348307291643,1.0,1.7,1.7,0.7853981633974483
corridor_2,0,1.6092592592592594,4.37037037037037,-2.6179938779914944,0.004762912326388868,0.007640348307291643,1.0,1.7,1.7,0.7853981633974483
corridor_2,0,6.72962962962963,2.075925925925926,0.7853981633974478,0.004797092013888875,0.007640348307291643,1.0,1.7,1.7,0.7853981633974483
corridor_2,0,6.437037037037038,4.042592592592593,-2.356194490192345,0.004810112847222206,0.007640348307291643,1.0,1.7,1.7,0.7853981633974483
corridor_2,0,1.6092592592592594,3.9333333333333336,-2.6179938779914944,0.004814995659722206,0.007640348307291643,1.0,1.7,1.7,0.7853981633974483
corridor_2,0,1.9018518518518521,1.7481481481481482,1.0471975511965974,0.004816080729166645,0.007640348307291643,1.0,1.7,1.7,0.7853981633974483
corridor_2,0,6.583333333333334,4.37037037037037,-2.356194490192345,0.004818793402777761,0.007640348307291643,1.0,1.7,1.7,0.7853981633974483
corridor_2,0,5.412962962962964,1.7481481481481482,1.0471975511965974,0.004824218749999984,0.007640348307291643,1.0,1.7,1.7,0.7853981633974483
corridor_2,0,2.77962962962963,4.261111111111111,-2.0943951023931957,0.004849175347222203,0.007640348307291643,1.0,1.7,1.7,0.7853981633974483
corridor_2,0,2.77962962962963,4.151851851851852,-2.0943951023931957,0.004853515624999985,0.007640348307291643,1.0,1.7,1.7,0.7853981633974483
corridor_2,0,4.681481481481482,1.9666666666666668,0.26179938779914913,0.004893120659722208,0.007640348307291643,1.0,1.7,1.7,0.7853981633974483
corridor_2,0,1.1703703703703705,4.37037037037037,-2.0943951023931957,0.004894205729166647,0.007640348307291643,1.0,1.7,1.7,0.7853981633974483
corridor_2,0,5.9981481481481485,4.151851851851852,-2.0943951023931957,0.004906684027777772,0.007640348307291643,1.0,1.7,1.7,0.7853981633974483
corridor_2,0,5.9981481481481485,4.261111111111111,-2.0943951023931957,0.00490885416666666,0.007640348307291643,1.0,1.7,1.7,0.7853981633974483
corridor_2,0,6.144444444444445,3.9333333333333336,-2.0943951023931957,0.0049104817708333255,0.007640348307291643,1.0,1.7,1.7,0.7853981633974483
corridor_2,0,5.705555555555557,1.638888888888889,1.0471975511965974,0.004922417534722213,0.007640348307291643,1.0,1.7,1.7,0.7853981633974483
corridor_2,0,1.1703703703703705,4.261111111111111,-2.356194490192345,0.0049294704861110915,0.007640348307291643,1.0,1.7,1.7,0.7853981633974483
corridor_2,0,4.827777777777778,1.9666666666666668,0.5235987755982987,0.004936523437499986,0.007640348307291643,1.0,1.7,1.7,0.7853981633974483
corridor_2,0,2.0481481481481483,1.4203703703703705,1.0471975511965974,0.004944118923611092,0.007640348307291643,1.0,1.7,1.7,0.7853981633974483
corridor_2,0,4.0962962962962965,1.638888888888889,1.3089969389957465,0.004946289062499987,0.007640348307291643,1.0,1.7,1.7,0.7853981633974483
corridor_2,0,3.9500000000000006,1.638888888888889,1.3089969389957465,0.004954427083333318,0.007640348307291643,1.0,1.7,1.7,0.7853981633974483
corridor_2,0,5.120370370370371,1.7481481481481482,0.7853981633974478,0.004971245659722205,0.007640348307291643,1.0,1.7,1.7,0.7853981633974483
corridor_2,0,4.242592592592593,4.261111111111111,-1.8325957145940461,0.004984809027777763,0.007640348307291643,1.0,1.7,1.7,0.7853981633974483
corridor_2,0,4.681481481481482,2.075925925925926,0.26179938779914913,0.004984809027777765,0.007640348307291643,1.0,1.7,1.7,0.7853981633974483
corridor_2,0,4.681481481481482,4.261111111111111,-2.356194490192345,0.004990776909722213,0.007640348307291643,1.0,1.7,1.7,0.7853981633974483
corridor_2,0,1.9018518518518521,1.5296296296296297,0.7853981633974478,0.004997287326388872,0.007640348307291643,1.0,1.7,1.7,0.7853981633974483
corridor_2,0,6.875925925925927,1.9666666666666668,0.7853981633974478,0.005018446180555541,0.007640348307291643,1.0,1.7,1.7,0.7853981633974483
corridor_2,0,5.2666666666666675,4.042592592592593,-2.6179938779914944,0.00501953124999998,0.007640348307291643,1.0,1.7,1.7,0.7853981633974483
corridor_2,0,2.9259259259259265,1.7481481481481482,0.5235987755982987,0.005022786458333317,0.007640348307291643,1.0,1.7,1.7,0.7853981633974483
corridor_2,0,4.388888888888889,4.479629629629629,-2.0943951023931957,0.005053710937499988,0.007640348307291643,1.0,1.7,1.7,0.7853981633974483
corridor_2,0,0.7314814814814816,4.261111111111111,-1.8325957145940461,0.005054796006944424,0.007640348307291643,1.0,1.7,1.7,0.7853981633974483
corridor_2,0,4.827777777777778,4.261111111111111,-2.356194490192345,0.005061306423611095,0.007640348307291643,1.0,1.7,1.7,0.7853981633974483
corridor_2,0,1.6092592592592594,1.5296296296296297,0.5235987755982987,0.005062934027777759,0.007640348307291643,1.0,1.7,1.7,0.7853981633974483
corridor_2,0,1.4629629629629632,3.8240740740740744,-2.356194490192345,0.0050987413194444366,0.007640348307291643,1.0,1.7,1.7,0.7853981633974483
corridor_2,0,4.242592592592593,4.37037037037037,-1.8325957145940461,0.005099826388888874,0.007640348307291643,1.0,1.7,1.7,0.7853981633974483
corridor_2,0,6.583333333333334,3.9333333333333336,-2.356194490192345,0.00510525173611109,0.007640348307291643,1.0,1.7,1.7,0.7853981633974483
corridor_2,0,1.3166666666666669,4.479629629629629,-2.356194490192345,0.005125325520833312,0.007640348307291643,1.0,1.7,1.7,0.7853981633974483
corridor_2,0,4.974074074074075,1.5296296296296297,0.5235987755982987,0.0051388888888888725,0.007640348307291643,1.0,1.7,1.7,0.7853981633974483
corridor_2,0,6.290740740740741,4.37037037037037,-2.0943951023931957,0.0051443142361110895,0.007640348307291643,1.0,1.7,1.7,0.7853981633974483
corridor_2,0,1.3166666666666669,4.042592592592593,-2.0943951023931957,0.005149739583333317,0.007640348307291643,1.0,1.7,1.7,0.7853981633974483
corridor_2,0,4.681481481481482,4.37037037037037,-2.356194490192345,0.005156249999999989,0.007640348307291643,1.0,1.7,1.7,0.7853981633974483
corridor_2,0,3.364814814814815,3.9333333333333336,-2.6179938779914944,0.005181206597222206,0.007640348307291643,1.0,1.7,1.7,0.7853981633974483
corridor_2,0,6.290740740740741,4.261111111111111,-2.356194490192345,0.005190429687499986,0.007640348307291643,1.0,1.7,1.7,0.7853981633974483
corridor_2,0,2.9259259259259265,1.9666666666666668,0.5235987755982987,0.00519314236111109,0.007640348307291643,1.0,1.7,1.7,0.7853981633974483
corridor_2,0,4.681481481481482,4.261111111111111,-2.0943951023931957,0.0052039930555555355,0.007640348307291643,1.0,1.7,1.7,0.7853981633974483
corridor_2,0,4.974074074074075,1.4203703703703705,0.5235987755982987,0.0052105034722222075,0.007640348307291643,1.0,1.7,1.7,0.7853981633974483
corridor_2,0,4.974074074074075,1.7481481481481482,0.5235987755982987,0.005215928819444428,0.007640348307291643,1.0,1.7,1.7,0.7853981633974483
corridor_2,0,0.43888888888888894,2.075925925925926,0.5235987755982987,0.0052240668402777635,0.007640348307291643,1.0,1.7,1.7,0.7853981633974483
corridor_2,0,1.1703703703703705,4.479629629629629,-2.356194490192345,0.005231119791666647,0.007640348307291643,1.0,1.7,1.7,0.7853981633974483
corridor_2,0,3.218518518518519,1.7481481481481482,0.7853981633974478,0.005236002604166644,0.007640348307291643,1.0,1.7,1.7,0.7853981633974483
corridor_2,0,0.5851851851851853,4.37037037037037,-1.8325957145940461,0.005240342881944425,0.007640348307291643,1.0,1.7,1.7,0.7853981633974483
corridor_2,0,1.6092592592592594,1.7481481481481482,0.5235987755982987,0.005245225694444424,0.007640348307291643,1.0,1.7,1.7,0.7853981633974483
corridor_2,0,0.7314814814814816,4.479629629629629,-2.0943951023931957,0.005247938368055541,0.007640348307291643,1.0,1.7,1.7,0.7853981633974483
corridor_2,0,5.705555555555557,1.4203703703703705,1.0471975511965974,0.0052501085069444325,0.007640348307291643,1.0,1.7,1.7,0.7853981633974483
corridor_2,0,7.022222222222223,1.5296296296296297,1.0471975511965974,0.005265299479166642,0.007640348307291643,1.0,1.7,1.7,0.7853981633974483
corridor_2,0,1.4629629629629632,4.37037037037037,-2.356194490192345,0.005265299479166648,0.007640348307291643,1.0,1.7,1.7,0.7853981633974483
corridor_2,0,4.681481481481482,4.479629629629629,-2.0943951023931957,0.0052761501736110885,0.007640348307291643,1.0,1.7,1.7,0.7853981633974483
corridor_2,0,4.681481481481482,4.479629629629629,-2.356194490192345,0.005282118055555544,0.007640348307291643,1.0,1.7,1.7,0.7853981633974483
corridor_2,0,4.681481481481482,1.7481481481481482,0.26179938779914913,0.00529785156249998,0.007640348307291643,1.0,1.7,1.7,0.7853981633974483
corridor_2,0,6.583333333333334,2.185185185185185,0.7853981633974478,0.005301106770833319,0.007640348307291643,1.0,1.7,1.7,0.7853981633974483
corridor_2,0,4.974074074074075,1.8574074074074074,0.5235987755982987,0.005315212673611097,0.007640348307291643,1.0,1.7,1.7,0.7853981633974483
corridor_2,0,0.7314814814814816,4.37037037037037,-1.8325957145940461,0.005330946180555531,0.007640348307291643,1.0,1.7,1.7,0.7853981633974483
corridor_2,0,6.290740740740741,4.37037037037037,-2.356194490192345,0.005336371527777763,0.007640348307291643,1.0,1.7,1.7,0.7853981633974483
corridor_2,0,6.437037037037038,4.479629629629629,-2.356194490192345,0.005356987847222204,0.007640348307291643,1.0,1.7,1.7,0.7853981633974483
corridor_2,0,2.9259259259259265,1.638888888888889,0.5235987755982987,0.005362413194444426,0.007640348307291643,1.0,1.7,1.7,0.7853981633974483
corridor_2,0,1.6092592592592594,3.714814814814815,-2.356194490192345,0.005366753472222215,0.007640348307291643,1.0,1.7,1.7,0.7853981633974483
corridor_2,0,7.314814814814816,1.5296296296296297,1.0471975511965974,0.005368923611111096,0.007640348307291643,1.0,1.7,1.7,0.7853981633974483
corridor_2,0,3.5111111111111115,4.151851851851852,-2.8797932657906435,0.005386827256944424,0.007640348307291643,1.0,1.7,1.7,0.7853981633974483
corridor_2,0,3.218518518518519,4.479629629629629,-2.356194490192345,0.005387369791666646,0.007640348307291643,1.0,1.7,1.7,0.7853981633974483
corridor_2,0,7.314814814814816,1.638888888888889,1.0471975511965974,0.005387912326388875,0.007640348307291643,1.0,1.7,1.7,0.7853981633974483
corridor_2,0,5.2666666666666675,1.7481481481481482,0.7853981633974478,0.005391167534722205,0.007640348307291643,1.0,1.7,1.7,0.7853981633974483
corridor_2,0,7.314814814814816,1.4203703703703705,1.0471975511965974,0.005391710069444427,0.007640348307291643,1.0,1.7,1.7,0.7853981633974483
corridor_2,0,6.290740740740741,4.042592592592593,-2.356194490192345,0.005413953993055544,0.007640348307291643,1.0,1.7,1.7,0.7853981633974483
corridor_2,0,0.8777777777777779,4.151851851851852,-1.8325957145940461,0.005416666666666647,0.007640348307291643,1.0,1.7,1.7,0.7853981633974483
corridor_2,0,7.168518518518519,1.4203703703703705,1.0471975511965974,0.005419379340277756,0.007640348307291643,1.0,1.7,1.7,0.7853981633974483
corridor_2,0,0.43888888888888894,4.37037037037037,-1.8325957145940461,0.0054210069444444375,0.007640348307291643,1.0,1.7,1.7,0.7853981633974483
corridor_2,0,3.657407407407408,1.4203703703703705,1.0471975511965974,0.0054253472222221995,0.007640348307291643,1.0,1.7,1.7,0.7853981633974483
corridor_2,0,3.5111111111111115,1.5296296296296297,1.0471975511965974,0.005457356770833309,0.007640348307291643,1.0,1.7,1.7,0.7853981633974483
corridor_2,0,6.875925925925927,1.7481481481481482,1.0471975511965974,0.005458984374999979,0.007640348307291643,1.0,1.7,1.7,0.7853981633974483
corridor_2,0,2.1944444444444446,1.8574074074074074,1.3089969389957465,0.00545898437499998,0.007640348307291643,1.0,1.7,1.7,0.7853981633974483
corridor_2,0,2.9259259259259265,4.151851851851852,-2.356194490192345,0.005482313368055539,0.007640348307291643,1.0,1.7,1.7,0.7853981633974483
corridor_2,0,1.1703703703703705,4.479629629629629,-2.0943951023931957,0.005482855902777757,0.007640348307291643,1.0,1.7,1.7,0.7853981633974483
corridor_2,0,3.5111111111111115,1.4203703703703705,1.0471975511965974,0.0054909939236110865,0.007640348307291643,1.0,1.7,1.7,0.7853981633974483
corridor_2,0,1.9018518518518521,1.5296296296296297,1.0471975511965974,0.005490993923611087,0.007640348307291643,1.0,1.7,1.7,0.7853981633974483
corridor_2,0,5.120370370370371,4.479629629629629,-2.6179938779914944,0.005503472222222205,0.007640348307291643,1.0,1.7,1.7,0.7853981633974483
corridor_2,0,2.1944444444444446,1.8574074074074074,1.0471975511965974,0.005526801215277769,0.007640348307291643,1.0,1.7,1.7,0.7853981633974483
corridor_2,0,4.974074074074075,4.151851851851852,-2.356194490192345,0.005528971354166646,0.007640348307291643,1.0,1.7,1.7,0.7853981633974483
corridor_2,0,1.6092592592592594,1.7481481481481482,0.7853981633974478,0.005529513888888863,0.007640348307291643,1.0,1.7,1.7,0.7853981633974483
corridor_2,0,5.9981481481481485,4.37037037037037,-2.0943951023931957,0.0055387369791666564,0.007640348307291643,1.0,1.7,1.7,0.7853981633974483
corridor_2,0,7.461111111111112,1.7481481481481482,1.3089969389957465,0.005538736979166657,0.007640348307291643,1.0,1.7,1.7,0.7853981633974483
corridor_2,0,2.340740740740741,1.638888888888889,1.3089969389957465,0.005542534722222202,0.007640348307291643,1.0,1.7,1.7,0.7853981633974483
corridor_2,0,3.0722222222222224,4.151851851851852,-2.356194490192345,0.005551215277777758,0.007640348307291643,1.0,1.7,1.7,0.7853981633974483
corridor_2,0,6.583333333333334,1.9666666666666668,0.5235987755982987,0.005555555555555532,0.007640348307291643,1.0,1.7,1.7,0.7853981633974483
corridor_2,0,0.43888888888888894,4.261111111111111,-1.8325957145940461,0.00557508680555555,0.007640348307291643,1.0,1.7,1.7,0.7853981633974483
corridor_2,0,1.0240740740740741,4.042592592592593,-2.0943951023931957,0.005577256944444426,0.007640348307291643,1.0,1.7,1.7,0.7853981633974483
corridor_2,0,1.4629629629629632,4.37037037037037,-2.6179938779914944,0.00558702256944442,0.007640348307291643,1.0,1.7,1.7,0.7853981633974483
corridor_2,0,5.412962962962964,1.7481481481481482,0.7853981633974478,0.005593532986111099,0.007640348307291643,1.0,1.7,1.7,0.7853981633974483
corridor_2,0,3.5111111111111115,3.9333333333333336,-2.8797932657906435,0.005621202256944426,0.007640348307291643,1.0,1.7,1.7,0.7853981633974483
corridor_2,0,5.9981481481481485,1.5296296296296297,1.3089969389957465,0.0056233723958333225,0.007640348307291643,1.0,1.7,1.7,0.7853981633974483
corridor_2,0,4.974074074074075,1.5296296296296297,0.7853981633974478,0.005624999999999976,0.007640348307291643,1.0,1.7,1.7,0.7853981633974483
corridor_2,0,0.43888888888888894,1.9666666666666668,0.5235987755982987,0.005626085069444431,0.007640348307291643,1.0,1.7,1.7,0.7853981633974483
corridor_2,0,7.168518518518519,1.8574074074074074,1.3089969389957465,0.005628255208333312,0.007640348307291643,1.0,1.7,1.7,0.7853981633974483
corridor_2,0,5.2666666666666675,1.7481481481481482,1.0471975511965974,0.005628797743055532,0.007640348307291643,1.0,1.7,1.7,0.7853981633974483
corridor_2,0,3.9500000000000006,1.4203703703703705,1.0471975511965974,0.005635308159722213,0.007640348307291643,1.0,1.7,1.7,0.7853981633974483
corridor_2,0,5.851851851851853,4.042592592592593,-1.8325957145940461,0.005639105902777765,0.007640348307291643,1.0,1.7,1.7,0.7853981633974483
corridor_2,0,5.851851851851853,1.5296296296296297,1.3089969389957465,0.0056434461805555365,0.007640348307291643,1.0,1.7,1.7,0.7853981633974483
corridor_2,0,5.9981481481481485,3.9333333333333336,-2.0943951023931957,0.005649414062499996,0.007640348307291643,1.0,1.7,1.7,0.7853981633974483
corridor_2,0,1.9018518518518521,1.4203703703703705,1.0471975511965974,0.00565266927083331,0.007640348307291643,1.0,1.7,1.7,0.7853981633974483
corridor_2,0,5.55925925925926,1.7481481481481482,1.0471975511965974,0.00565538194444443,0.007640348307291643,1.0,1.7,1.7,0.7853981633974483
corridor_2,0,5.851851851851853,4.151851851851852,-1.8325957145940461,0.005664062499999986,0.007640348307291643,1.0,1.7,1.7,0.7853981633974483
corridor_2,0,5.2666666666666675,1.638888888888889,1.0471975511965974,0.005665690104166643,0.007640348307291643,1.0,1.7,1.7,0.7853981633974483
corridor_2,0,1.9018518518518521,1.638888888888889,0.7853981633974478,0.0056770833333333135,0.007640348307291643,1.0,1.7,1.7,0.7853981633974483
corridor_2,0,1.4629629629629632,1.638888888888889,0.5235987755982987,0.00569227430555553,0.007640348307291643,1.0,1.7,1.7,0.7853981633974483
corridor_2,0,1.1703703703703705,4.151851851851852,-2.356194490192345,0.005694444444444425,0.007640348307291643,1.0,1.7,1.7,0.7853981633974483
corridor_2,0,1.6092592592592594,1.4203703703703705,0.7853981633974478,0.0056944444444444265,0.007640348307291643,1.0,1.7,1.7,0.7853981633974483
corridor_2,0,6.583333333333334,1.638888888888889,0.5235987755982987,0.00570312499999997,0.007640348307291643,1.0,1.7,1.7,0.7853981633974483
corridor_2,0,3.5111111111111115,3.8240740740740744,-2.8797932657906435,0.005710720486111094,0.007640348307291643,1.0,1.7,1.7,0.7853981633974483
corridor_2,0,6.437037037037038,3.9333333333333336,-2.356194490192345,0.0057188585069444286,0.007640348307291643,1.0,1.7,1.7,0.7853981633974483
corridor_2,0,5.412962962962964,4.151851851851852,-2.8797932657906435,0.005721028645833311,0.007640348307291643,1.0,1.7,1.7,0.7853981633974483
corridor_2,0,6.583333333333334,4.151851851851852,-2.356194490192345,0.005722656249999973,0.007640348307291643,1.0,1.7,1.7,0.7853981633974483
corridor_2,0,7.022222222222223,1.5296296296296297,0.7853981633974478,0.005725368923611088,0.007640348307291643,1.0,1.7,1.7,0.7853981633974483
corridor_2,0,3.218518518518519,4.151851851851852,-2.6179938779914944,0.0057259114583333125,0.007640348307291643,1.0,1.7,1.7,0.7853981633974483
corridor_2,0,0.8777777777777779,4.37037037037037,-1.8325957145940461,0.00573350694444442,0.007640348307291643,1.0,1.7,1.7,0.7853981633974483
corridor_2,0,5.9981481481481485,4.042592592592593,-2.0943951023931957,0.005737304687499994,0.007640348307291643,1.0,1.7,1.7,0.7853981633974483
corridor_2,0,0.7314814814814816,4.261111111111111,-2.0943951023931957,0.005745442708333317,0.007640348307291643,1.0,1.7,1.7,0.7853981633974483
corridor_2,0,1.6092592592592594,3.8240740740740744,-2.6179938779914944,0.0057459852430555396,0.007640348307291643,1.0,1.7,1.7,0.7853981633974483
corridor_2,0,5.120370370370371,4.37037037037037,-2.6179938779914944,0.005749240451388869,0.007640348307291643,1.0,1.7,1.7,0.7853981633974483
corridor_2,0,6.583333333333334,4.479629629629629,-2.356194490192345,0.005752495659722205,0.007640348307291643,1.0,1.7,1.7,0.7853981633974483
corridor_2,0,3.218518518518519,1.7481481481481482,0.5235987755982987,0.005755208333333314,0.007640348307291643,1.0,1.7,1.7,0.7853981633974483
corridor_2,0,4.0962962962962965,1.4203703703703705,1.3089969389957465,0.00576388888888887,0.007640348307291643,1.0,1.7,1.7,0.7853981633974483
corridor_2,0,4.681481481481482,1.638888888888889,0.26179938779914913,0.005773654513888868,0.007640348307291643,1.0,1.7,1.7,0.7853981633974483
corridor_2,0,2.9259259259259265,1.5296296296296297,0.5235987755982987,0.00577365451388887,0.007640348307291643,1.0,1.7,1.7,0.7853981633974483
corridor_2,0,5.412962962962964,1.5296296296296297,0.7853981633974478,0.00578450520833332,0.007640348307291643,1.0,1.7,1.7,0.7853981633974483
corridor_2,0,0.7314814814814816,4.479629629629629,-1.8325957145940461,0.005788845486111086,0.007640348307291643,1.0,1.7,1.7,0.7853981633974483
corridor_2,0,1.3166666666666669,4.261111111111111,-2.0943951023931957,0.005795355902777757,0.007640348307291643,1.0,1.7,1.7,0.7853981633974483
corridor_2,0,3.9500000000000006,1.7481481481481482,1.3089969389957465,0.005804578993055538,0.007640348307291643,1.0,1.7,1.7,0.7853981633974483
corridor_2,0,5.120370370370371,4.151851851851852,-2.6179938779914944,0.005805121527777755,0.007640348307291643,1.0,1.7,1.7,0.7853981633974483
corridor_2,0,6.72962962962963,1.5296296296296297,0.7853981633974478,0.00580674913194442,0.007640348307291643,1.0,1.7,1.7,0.7853981633974483
corridor_2,0,2.6333333333333337,4.151851851851852,-2.0943951023931957,0.00582411024305554,0.007640348307291643,1.0,1.7,1.7,0.7853981633974483
corridor_2,0,0.8777777777777779,4.261111111111111,-1.8325957145940461,0.005831705729166644,0.007640348307291643,1.0,1.7,1.7,0.7853981633974483
corridor_2,0,2.1944444444444446,4.37037037037037,-1.8325957145940461,0.005832248263888878,0.007640348307291643,1.0,1.7,1.7,0.7853981633974483
corridor_2,0,2.4870370370370374,4.261111111111111,-1.8325957145940461,0.005851779513888868,0.007640348307291643,1.0,1.7,1.7,0.7853981633974483
corridor_2,0,5.2666666666666675,1.5296296296296297,1.0471975511965974,0.005857747395833308,0.007640348307291643,1.0,1.7,1.7,0.7853981633974483
corridor_2,0,7.022222222222223,1.4203703703703705,1.0471975511965974,0.005863715277777753,0.007640348307291643,1.0,1.7,1.7,0.7853981633974483
corridor_2,0,3.218518518518519,4.479629629629629,-2.6179938779914944,0.0058637152777777585,0.007640348307291643,1.0,1.7,1.7,0.7853981633974483
corridor_2,0,7.314814814814816,1.5296296296296297,1.3089969389957465,0.005893554687499975,0.007640348307291643,1.0,1.7,1.7,0.7853981633974483
corridor_2,0,3.218518518518519,4.37037037037037,-2.6179938779914944,0.00590115017361109,0.007640348307291643,1.0,1.7,1.7,0.7853981633974483
corridor_2,0,6.290740740740741,4.151851851851852,-2.356194490192345,0.005907118055555541,0.007640348307291643,1.0,1.7,1.7,0.7853981633974483
corridor_2,0,6.144444444444445,4.479629629629629,-2.0943951023931957,0.005912000868055535,0.007640348307291643,1.0,1.7,1.7,0.7853981633974483
corridor_2,0,1.3166666666666669,4.151851851851852,-2.0943951023931957,0.00591525607638887,0.007640348307291643,1.0,1.7,1.7,0.7853981633974483
corridor_2,0,0.5851851851851853,2.075925925925926,0.5235987755982987,0.005919053819444435,0.007640348307291643,1.0,1.7,1.7,0.7853981633974483
corridor_2,0,6.583333333333334,1.5296296296296297,0.5235987755982987,0.005930447048611082,0.007640348307291643,1.0,1.7,1.7,0.7853981633974483
corridor_2,0,7.314814814814816,1.7481481481481482,1.3089969389957465,0.00595052083333331,0.007640348307291643,1.0,1.7,1.7,0.7853981633974483
corridor_2,0,4.827777777777778,4.151851851851852,-2.356194490192345,0.005974934895833314,0.007640348307291643,1.0,1.7,1.7,0.7853981633974483
corridor_2,0,5.9981481481481485,4.042592592592593,-1.8325957145940461,0.005987955729166643,0.007640348307291643,1.0,1.7,1.7,0.7853981633974483
corridor_2,0,3.5111111111111115,4.261111111111111,-2.8797932657906435,0.005990668402777755,0.007640348307291643,1.0,1.7,1.7,0.7853981633974483
corridor_2,0,7.168518518518519,1.7481481481481482,1.3089969389957465,0.005993923611111087,0.007640348307291643,1.0,1.7,1.7,0.7853981633974483
corridor_2,0,3.5111111111111115,4.042592592592593,-2.8797932657906435,0.005994466145833314,0.007640348307291643,1.0,1.7,1.7,0.7853981633974483
corridor_2,0,4.974074074074075,1.638888888888889,0.7853981633974478,0.006005316840277753,0.007640348307291643,1.0,1.7,1.7,0.7853981633974483
corridor_2,0,4.0962962962962965,4.479629629629629,-1.8325957145940461,0.006005316840277759,0.007640348307291643,1.0,1.7,1.7,0.7853981633974483
corridor_2,0,5.705555555555557,1.7481481481481482,1.3089969389957465,0.006011827256944426,0.007640348307291643,1.0,1.7,1.7,0.7853981633974483
corridor_2,0,2.9259259259259265,1.4203703703703705,0.5235987755982987,0.00601182725694443,0.007640348307291643,1.0,1.7,1.7,0.7853981633974483
corridor_2,0,0.5851851851851853,4.479629629629629,-1.8325957145940461,0.006020507812499974,0.007640348307291643,1.0,1.7,1.7,0.7853981633974483
corridor_2,0,5.120370370370371,4.042592592592593,-2.6179938779914944,0.006031901041666648,0.007640348307291643,1.0,1.7,1.7,0.7853981633974483
corridor_2,0,5.9981481481481485,4.479629629629629,-2.0943951023931957,0.006034613715277766,0.007640348307291643,1.0,1.7,1.7,0.7853981633974483
corridor_2,0,2.77962962962963,4.151851851851852,-2.356194490192345,0.0060362413194444305,0.007640348307291643,1.0,1.7,1.7,0.7853981633974483
corridor_2,0,4.388888888888889,4.151851851851852,-1.8325957145940461,0.006044379340277759,0.007640348307291643,1.0,1.7,1.7,0.7853981633974483
corridor_2,0,0.2925925925925926,2.075925925925926,0.5235987755982987,0.0060617404513888685,0.007640348307291643,1.0,1.7,1.7,0.7853981633974483
corridor_2,0,3.8037037037037043,1.7481481481481482,1.3089969389957465,0.006072591145833313,0.007640348307291643,1.0,1.7,1.7,0.7853981633974483
corridor_2,0,7.314814814814816,1.638888888888889,1.3089969389957465,0.00609483506944442,0.007640348307291643,1.0,1.7,1.7,0.7853981633974483
corridor_2,0,2.9259259259259265,1.8574074074074074,0.26179938779914913,0.006094835069444421,0.007640348307291643,1.0,1.7,1.7,0.7853981633974483
corridor_2,0,2.340740740740741,1.8574074074074074,1.3089969389957465,0.006109483506944428,0.007640348307291643,1.0,1.7,1.7,0.7853981633974483
corridor_2,0,1.4629629629629632,1.5296296296296297,0.5235987755982987,0.006114908854166642,0.007640348307291643,1.0,1.7,1.7,0.7853981633974483
corridor_2,0,1.4629629629629632,4.479629629629629,-2.356194490192345,0.006128472222222203,0.007640348307291643,1.0,1.7,1.7,0.7853981633974483
corridor_2,0,1.1703703703703705,3.8240740740740744,-1.8325957145940461,0.006129014756944431,0.007640348307291643,1.0,1.7,1.7,0.7853981633974483
corridor_2,0,2.4870370370370374,4.151851851851852,-1.8325957145940461,0.006132812499999981,0.007640348307291643,1.0,1.7,1.7,0.7853981633974483
corridor_2,0,1.7555555555555558,1.8574074074074074,0.7853981633974478,0.006133897569444422,0.007640348307291643,1.0,1.7,1.7,0.7853981633974483
corridor_2,0,1.4629629629629632,4.151851851851852,-2.6179938779914944,0.0061431206597221955,0.007640348307291643,1.0,1.7,1.7,0.7853981633974483
corridor_2,0,2.4870370370370374,4.37037037037037,-1.8325957145940461,0.006149631076388864,0.007640348307291643,1.0,1.7,1.7,0.7853981633974483
corridor_2,0,3.218518518518519,1.5296296296296297,0.5235987755982987,0.006153971354166644,0.007640348307291643,1.0,1.7,1.7,0.7853981633974483
corridor_2,0,6.290740740740741,4.479629629629629,-2.0943951023931957,0.0061555989583333085,0.007640348307291643,1.0,1.7,1.7,0.7853981633974483
corridor_2,0,4.974074074074075,1.4203703703703705,0.7853981633974478,0.006159396701388866,0.007640348307291643,1.0,1.7,1.7,0.7853981633974483
corridor_2,0,2.9259259259259265,4.151851851851852,-2.0943951023931957,0.0061702473958333065,0.007640348307291643,1.0,1.7,1.7,0.7853981633974483
corridor_2,0,0.5851851851851853,2.185185185185185,0.5235987755982987,0.006172960069444435,0.007640348307291643,1.0,1.7,1.7,0.7853981633974483
corridor_2,0,1.1703703703703705,3.9333333333333336,-2.0943951023931957,0.006182183159722205,0.007640348307291643,1.0,1.7,1.7,0.7853981633974483
corridor_2,0,3.218518518518519,4.37037037037037,-2.356194490192345,0.006190321180555528,0.007640348307291643,1.0,1.7,1.7,0.7853981633974483
corridor_2,0,4.974074074074075,1.8574074074074074,0.7853981633974478,0.006190863715277755,0.007640348307291643,1.0,1.7,1.7,0.7853981633974483
corridor_2,0,6.875925925925927,2.185185185185185,1.3089969389957465,0.006191948784722209,0.007640348307291643,1.0,1.7,1.7,0.7853981633974483
corridor_2,0,6.72962962962963,2.185185185185185,0.7853981633974478,0.006201171874999987,0.007640348307291643,1.0,1.7,1.7,0.7853981633974483
corridor_2,0,6.583333333333334,4.37037037037037,-2.6179938779914944,0.006202799479166644,0.007640348307291643,1.0,1.7,1.7,0.7853981633974483
corridor_2,0,6.72962962962963,4.37037037037037,-2.6179938779914944,0.006204969618055532,0.007640348307291643,1.0,1.7,1.7,0.7853981633974483
corridor_2,0,7.022222222222223,1.638888888888889,0.7853981633974478,0.006220703124999976,0.007640348307291643,1.0,1.7,1.7,0.7853981633974483
corridor_2,0,5.705555555555557,1.5296296296296297,1.3089969389957465,0.006225043402777752,0.007640348307291643,1.0,1.7,1.7,0.7853981633974483
corridor_2,0,5.412962962962964,1.638888888888889,0.7853981633974478,0.006225585937499986,0.007640348307291643,1.0,1.7,1.7,0.7853981633974483
corridor_2,0,3.218518518518519,4.042592592592593,-2.6179938779914944,0.006227213541666647,0.007640348307291643,1.0,1.7,1.7,0.7853981633974483
corridor_2,0,0.5851851851851853,1.9666666666666668,0.7853981633974478,0.0062310112847222,0.007640348307291643,1.0,1.7,1.7,0.7853981633974483
corridor_2,0,0.7314814814814816,2.075925925925926,0.7853981633974478,0.006241319444444425,0.007640348307291643,1.0,1.7,1.7,0.7853981633974483
corridor_2,0,6.72962962962963,2.185185185185185,1.0471975511965974,0.0062424045138888724,0.007640348307291643,1.0,1.7,1.7,0.7853981633974483
corridor_2,0,3.218518518518519,1.5296296296296297,0.7853981633974478,0.006247829861111083,0.007640348307291643,1.0,1.7,1.7,0.7853981633974483
corridor_2,0,6.875925925925927,1.4203703703703705,0.7853981633974478,0.006247829861111084,0.007640348307291643,1.0,1.7,1.7,0.7853981633974483
corridor_2,0,5.851851851851853,1.4203703703703705,1.3089969389957465,0.006258680555555531,0.007640348307291643,1.0,1.7,1.7,0.7853981633974483
corridor_2,0,5.705555555555557,1.638888888888889,1.3089969389957465,0.00626302083333331,0.007640348307291643,1.0,1.7,1.7,0.7853981633974483
corridor_2,0,3.5111111111111115,3.714814814814815,-2.8797932657906435,0.00626356336805554,0.007640348307291643,1.0,1.7,1.7,0.7853981633974483
corridor_2,0,2.340740740740741,1.5296296296296297,1.3089969389957465,0.006265733506944421,0.007640348307291643,1.0,1.7,1.7,0.7853981633974483
corridor_2,0,1.4629629629629632,3.714814814814815,-2.356194490192345,0.006267361111111104,0.007640348307291643,1.0,1.7,1.7,0.7853981633974483
corridor_2,0,6.875925925925927,1.638888888888889,1.0471975511965974,0.006280924479166641,0.007640348307291643,1.0,1.7,1.7,0.7853981633974483
corridor_2,0,3.218518518518519,1.638888888888889,0.5235987755982987,0.006293402777777756,0.007640348307291643,1.0,1.7,1.7,0.7853981633974483
corridor_2,0,3.364814814814815,1.8574074074074074,0.7853981633974478,0.006319444444444424,0.007640348307291643,1.0,1.7,1.7,0.7853981633974483
corridor_2,0,2.340740740740741,4.479629629629629,-1.8325957145940461,0.006324327256944419,0.007640348307291643,1.0,1.7,1.7,0.7853981633974483
corridor_2,0,4.242592592592593,1.5296296296296297,1.3089969389957465,0.006329210069444434,0.007640348307291643,1.0,1.7,1.7,0.7853981633974483
corridor_2,0,2.9259259259259265,1.7481481481481482,0.26179938779914913,0.006329752604166643,0.007640348307291643,1.0,1.7,1.7,0.7853981633974483
corridor_2,0,1.0240740740740741,4.042592592592593,-1.8325957145940461,0.006331922743055534,0.007640348307291643,1.0,1.7,1.7,0.7853981633974483
corridor_2,0,1.4629629629629632,3.8240740740740744,-2.0943951023931957,0.006334635416666652,0.007640348307291643,1.0,1.7,1.7,0.7853981633974483
corridor_2,0,5.9981481481481485,3.9333333333333336,-1.8325957145940461,0.006347113715277759,0.007640348307291643,1.0,1.7,1.7,0.7853981633974483
corridor_2,0,2.77962962962963,4.37037037037037,-2.356194490192345,0.006348741319444426,0.007640348307291643,1.0,1.7,1.7,0.7853981633974483
corridor_2,0,5.412962962962964,4.042592592592593,-2.8797932657906435,0.006360677083333311,0.007640348307291643,1.0,1.7,1.7,0.7853981633974483
corridor_2,0,6.875925925925927,2.075925925925926,1.0471975511965974,0.006361219618055535,0.007640348307291643,1.0,1.7,1.7,0.7853981633974483
corridor_2,0,4.827777777777778,4.37037037037037,-2.0943951023931957,0.006362304687499974,0.007640348307291643,1.0,1.7,1.7,0.7853981633974483
corridor_2,0,1.4629629629629632,4.261111111111111,-2.6179938779914944,0.006379123263888862,0.007640348307291643,1.0,1.7,1.7,0.7853981633974483
corridor_2,0,2.0481481481481483,1.9666666666666668,1.3089969389957465,0.006407335069444424,0.007640348307291643,1.0,1.7,1.7,0.7853981633974483
corridor_2,0,6.583333333333334,2.2944444444444447,0.7853981633974478,0.006420355902777765,0.007640348307291643,1.0,1.7,1.7,0.7853981633974483
corridor_2,0,5.412962962962964,1.4203703703703705,0.7853981633974478,0.006430664062499984,0.007640348307291643,1.0,1.7,1.7,0.7853981633974483
corridor_2,0,7.6074074074074085,3.714814814814815,-2.6179938779914944,0.006441514756944426,0.007640348307291643,1.0,1.7,1.7,0.7853981633974483
corridor_2,0,7.022222222222223,1.9666666666666668,1.3089969389957465,0.006443684895833312,0.007640348307291643,1.0,1.7,1.7,0.7853981633974483
corridor_2,0,5.412962962962964,4.261111111111111,-2.8797932657906435,0.006449652777777751,0.007640348307291643,1.0,1.7,1.7,0.7853981633974483
corridor_2,0,5.2666666666666675,1.8574074074074074,1.0471975511965974,0.006455620659722201,0.007640348307291643,1.0,1.7,1.7,0.7853981633974483
corridor_2,0,5.9981481481481485,4.151851851851852,-1.8325957145940461,0.006463216145833308,0.007640348307291643,1.0,1.7,1.7,0.7853981633974483
corridor_2,0,2.77962962962963,4.479629629629629,-2.356194490192345,0.006469726562499984,0.007640348307291643,1.0,1.7,1.7,0.7853981633974483
corridor_2,0,2.9259259259259265,4.37037037037037,-2.0943951023931957,0.006475151909722193,0.007640348307291643,1.0,1.7,1.7,0.7853981633974483
corridor_2,0,7.022222222222223,1.9666666666666668,1.0471975511965974,0.006483289930555534,0.007640348307291643,1.0,1.7,1.7,0.7853981633974483
corridor_2,0,0.5851851851851853,1.8574074074074074,0.7853981633974478,0.006489800347222201,0.007640348307291643,1.0,1.7,1.7,0.7853981633974483
corridor_2,0,5.2666666666666675,3.9333333333333336,-2.6179938779914944,0.0064935980902777555,0.007640348307291643,1.0,1.7,1.7,0.7853981633974483
corridor_2,0,7.314814814814816,1.4203703703703705,1.3089969389957465,0.006500108506944418,0.007640348307291643,1.0,1.7,1.7,0.7853981633974483
corridor_2,0,2.6333333333333337,4.261111111111111,-2.0943951023931957,0.006501193576388869,0.007640348307291643,1.0,1.7,1.7,0.7853981633974483
corridor_2,0,7.168518518518519,1.638888888888889,1.3089969389957465,0.006513671874999974,0.007640348307291643,1.0,1.7,1.7,0.7853981633974483
corridor_2,0,6.875925925925927,1.5296296296296297,1.0471975511965974,0.006525065104166641,0.007640348307291643,1.0,1.7,1.7,0.7853981633974483
corridor_2,0,0.2925925925925926,1.8574074074074074,0.5235987755982987,0.006546223958333315,0.007640348307291643,1.0,1.7,1.7,0.7853981633974483
corridor_2,0,0.8777777777777779,1.638888888888889,1.3089969389957465,0.006546766493055537,0.007640348307291643,1.0,1.7,1.7,0.7853981633974483
corridor_2,0,0.43888888888888894,4.479629629629629,-1.8325957145940461,0.006550564236111095,0.007640348307291643,1.0,1.7,1.7,0.7853981633974483
corridor_2,0,1.4629629629629632,4.479629629629629,-2.6179938779914944,0.006558159722222197,0.007640348307291643,1.0,1.7,1.7,0.7853981633974483
corridor_2,0,7.168518518518519,1.5296296296296297,1.3089969389957465,0.006560329861111084,0.007640348307291643,1.0,1.7,1.7,0.7853981633974483
corridor_2,0,3.5111111111111115,1.7481481481481482,0.7853981633974478,0.006563042534722206,0.007640348307291643,1.0,1.7,1.7,0.7853981633974483
corridor_2,0,5.851851851851853,4.261111111111111,-1.8325957145940461,0.006565212673611092,0.007640348307291643,1.0,1.7,1.7,0.7853981633974483
corridor_2,0,1.6092592592592594,1.9666666666666668,0.5235987755982987,0.006566297743055529,0.007640348307291643,1.0,1.7,1.7,0.7853981633974483
corridor_2,0,3.218518518518519,1.8574074074074074,0.5235987755982987,0.006567925347222201,0.007640348307291643,1.0,1.7,1.7,0.7853981633974483
corridor_2,0,3.657407407407408,1.5296296296296297,0.7853981633974478,0.00657118055555554,0.007640348307291643,1.0,1.7,1.7,0.7853981633974483
corridor_2,0,1.9018518518518521,1.4203703703703705,0.7853981633974478,0.006575520833333313,0.007640348307291643,1.0,1.7,1.7,0.7853981633974483
corridor_2,0,0.2925925925925926,1.9666666666666668,0.5235987755982987,0.0065874565972222025,0.007640348307291643,1.0,1.7,1.7,0.7853981633974483
corridor_2,0,0.43888888888888894,2.185185185185185,0.5235987755982987,0.0065961371527777585,0.007640348307291643,1.0,1.7,1.7,0.7853981633974483
corridor_2,0,7.022222222222223,1.4203703703703705,0.7853981633974478,0.006603190104166643,0.007640348307291643,1.0,1.7,1.7,0.7853981633974483
corridor_2,0,3.0722222222222224,1.9666666666666668,0.5235987755982987,0.006608072916666645,0.007640348307291643,1.0,1.7,1.7,0.7853981633974483
corridor_2,0,6.583333333333334,4.151851851851852,-2.6179938779914944,0.006610785590277752,0.007640348307291643,1.0,1.7,1.7,0.7853981633974483
corridor_2,0,4.681481481481482,2.2944444444444447,0.26179938779914913,0.006617838541666652,0.007640348307291643,1.0,1.7,1.7,0.7853981633974483
corridor_2,0,2.1944444444444446,1.9666666666666668,1.3089969389957465,0.0066303168402777595,0.007640348307291643,1.0,1.7,1.7,0.7853981633974483
corridor_2,0,1.1703703703703705,4.042592592592593,-2.356194490192345,0.006635742187499981,0.007640348307291643,1.0,1.7,1.7,0.7853981633974483
corridor_2,0,3.9500000000000006,1.5296296296296297,1.3089969389957465,0.006640082465277752,0.007640348307291643,1.0,1.7,1.7,0.7853981633974483
corridor_2,0,1.9018518518518521,1.8574074074074074,0.7853981633974478,0.006643337673611089,0.007640348307291643,1.0,1.7,1.7,0.7853981633974483
corridor_2,0,0.5851851851851853,1.7481481481481482,0.7853981633974478,0.0066460503472221995,0.007640348307291643,1.0,1.7,1.7,0.7853981633974483
corridor_2,0,1.4629629629629632,1.9666666666666668,0.5235987755982987,0.006655273437499968,0.007640348307291643,1.0,1.7,1.7,0.7853981633974483
corridor_2,0,6.437037037037038,4.151851851851852,-2.0943951023931957,0.006663411458333307,0.007640348307291643,1.0,1.7,1.7,0.7853981633974483
corridor_2,0,2.4870370370370374,4.479629629629629,-1.8325957145940461,0.006663411458333308,0.007640348307291643,1.0,1.7,1.7,0.7853981633974483
corridor_2,0,0.8777777777777779,1.7481481481481482,1.3089969389957465,0.00666720920138887,0.007640348307291643,1.0,1.7,1.7,0.7853981633974483
corridor_2,0,3.657407407407408,1.638888888888889,0.7853981633974478,0.006676974826388874,0.007640348307291643,1.0,1.7,1.7,0.7853981633974483
corridor_2,0,5.412962962962964,1.8574074074074074,1.0471975511965974,0.00668185763888887,0.007640348307291643,1.0,1.7,1.7,0.7853981633974483
corridor_2,0,1.7555555555555558,1.7481481481481482,1.0471975511965974,0.00669542100694442,0.007640348307291643,1.0,1.7,1.7,0.7853981633974483
corridor_2,0,6.72962962962963,1.4203703703703705,0.7853981633974478,0.0066965060763888645,0.007640348307291643,1.0,1.7,1.7,0.7853981633974483
corridor_2,0,0.8777777777777779,4.479629629629629,-1.8325957145940461,0.006697048611111084,0.007640348307291643,1.0,1.7,1.7,0.7853981633974483
corridor_2,0,3.657407407407408,1.4203703703703705,0.7853981633974478,0.006700303819444429,0.007640348307291643,1.0,1.7,1.7,0.7853981633974483
corridor_2,0,2.4870370370370374,1.7481481481481482,1.3089969389957465,0.006723090277777767,0.007640348307291643,1.0,1.7,1.7,0.7853981633974483
corridor_2,0,3.9500000000000006,1.4203703703703705,1.3089969389957465,0.006727430555555529,0.007640348307291643,1.0,1.7,1.7,0.7853981633974483
corridor_2,0,1.6092592592592594,1.9666666666666668,0.7853981633974478,0.006740993923611081,0.007640348307291643,1.0,1.7,1.7,0.7853981633974483
corridor_2,0,5.705555555555557,1.4203703703703705,1.3089969389957465,0.006740993923611085,0.007640348307291643,1.0,1.7,1.7,0.7853981633974483
corridor_2,0,2.77962962962963,4.261111111111111,-2.356194490192345,0.006742078993055538,0.007640348307291643,1.0,1.7,1.7,0.7853981633974483
corridor_2,0,2.1944444444444446,1.9666666666666668,1.0471975511965974,0.006756727430555547,0.007640348307291643,1.0,1.7,1.7,0.7853981633974483
corridor_2,0,6.144444444444445,3.9333333333333336,-1.8325957145940461,0.006762152777777754,0.007640348307291643,1.0,1.7,1.7,0.7853981633974483
corridor_2,0,1.3166666666666669,4.37037037037037,-2.0943951023931957,0.006762152777777755,0.007640348307291643,1.0,1.7,1.7,0.7853981633974483
corridor_2,0,5.55925925925926,1.638888888888889,1.0471975511965974,0.006764322916666645,0.007640348307291643,1.0,1.7,1.7,0.7853981633974483
corridor_2,0,0.43888888888888894,1.8574074074074074,0.5235987755982987,0.006774088541666653,0.007640348307291643,1.0,1.7,1.7,0.7853981633974483
corridor_2,0,4.681481481481482,1.5296296296296297,0.26179938779914913,0.006777343749999975,0.007640348307291643,1.0,1.7,1.7,0.7853981633974483
corridor_2,0,6.583333333333334,2.075925925925926,0.5235987755982987,0.006780056423611087,0.007640348307291643,1.0,1.7,1.7,0.7853981633974483
corridor_2,0,6.72962962962963,1.5296296296296297,0.5235987755982987,0.006791449652777749,0.007640348307291643,1.0,1.7,1.7,0.7853981633974483
corridor_2,0,0.7314814814814816,4.042592592592593,-1.8325957145940461,0.006800130208333311,0.007640348307291643,1.0,1.7,1.7,0.7853981633974483
corridor_2,0,4.974074074074075,1.9666666666666668,0.5235987755982987,0.006800130208333318,0.007640348307291643,1.0,1.7,1.7,0.7853981633974483
corridor_2,0,4.681481481481482,4.151851851851852,-2.356194490192345,0.00680338541666665,0.007640348307291643,1.0,1.7,1.7,0.7853981633974483
corridor_2,0,7.022222222222223,1.8574074074074074,1.3089969389957465,0.006807725694444422,0.007640348307291643,1.0,1.7,1.7,0.7853981633974483
corridor_2,0,2.9259259259259265,1.9666666666666668,0.26179938779914913,0.0068310546874999776,0.007640348307291643,1.0,1.7,1.7,0.7853981633974483
corridor_2,0,7.168518518518519,1.8574074074074074,1.0471975511965974,0.006838650173611089,0.007640348307291643,1.0,1.7,1.7,0.7853981633974483
corridor_2,0,2.6333333333333337,4.261111111111111,-1.8325957145940461,0.006849500868055528,0.007640348307291643,1.0,1.7,1.7,0.7853981633974483
corridor_2,0,5.2666666666666675,1.8574074074074074,0.7853981633974478,0.00685004340277776,0.007640348307291643,1.0,1.7,1.7,0.7853981633974483
corridor_2,0,7.6074074074074085,3.8240740740740744,-2.6179938779914944,0.006852756076388872,0.007640348307291643,1.0,1.7,1.7,0.7853981633974483
corridor_2,0,2.4870370370370374,1.638888888888889,1.3089969389957465,0.006860894097222209,0.007640348307291643,1.0,1.7,1.7,0.7853981633974483
corridor_2,0,3.218518518518519,4.261111111111111,-2.356194490192345,0.006861979166666637,0.007640348307291643,1.0,1.7,1.7,0.7853981633974483
corridor_2,0,1.0240740740740741,3.9333333333333336,-2.0943951023931957,0.00687662760416665,0.007640348307291643,1.0,1.7,1.7,0.7853981633974483
corridor_2,0,1.4629629629629632,2.075925925925926,0.5235987755982987,0.006878797743055529,0.007640348307291643,1.0,1.7,1.7,0.7853981633974483
corridor_2,0,1.6092592592592594,1.638888888888889,0.7853981633974478,0.006880425347222193,0.007640348307291643,1.0,1.7,1.7,0.7853981633974483
corridor_2,0,2.1944444444444446,1.7481481481481482,1.3089969389957465,0.006883680555555529,0.007640348307291643,1.0,1.7,1.7,0.7853981633974483
corridor_2,0,7.022222222222223,1.7481481481481482,0.7853981633974478,0.006884223090277755,0.007640348307291643,1.0,1.7,1.7,0.7853981633974483
corridor_2,0,1.0240740740740741,4.151851851851852,-1.8325957145940461,0.006890733506944419,0.007640348307291643,1.0,1.7,1.7,0.7853981633974483
corridor_2,0,0.43888888888888894,1.8574074074074074,0.7853981633974478,0.006894531249999979,0.007640348307291643,1.0,1.7,1.7,0.7853981633974483
corridor_2,0,7.461111111111112,3.714814814814815,-2.6179938779914944,0.006895616319444431,0.007640348307291643,1.0,1.7,1.7,0.7853981633974483
corridor_2,0,5.9981481481481485,3.8240740740740744,-2.0943951023931957,0.006897786458333328,0.007640348307291643,1.0,1.7,1.7,0.7853981633974483
corridor_2,0,4.827777777777778,2.075925925925926,0.5235987755982987,0.006902669270833315,0.007640348307291643,1.0,1.7,1.7,0.7853981633974483
corridor_2,0,0.5851851851851853,1.5296296296296297,1.0471975511965974,0.006903754340277751,0.007640348307291643,1.0,1.7,1.7,0.7853981633974483
corridor_2,0,5.851851851851853,3.9333333333333336,-1.8325957145940461,0.006903754340277764,0.007640348307291643,1.0,1.7,1.7,0.7853981633974483
corridor_2,0,6.437037037037038,4.37037037037037,-2.0943951023931957,0.0069194878472221945,0.007640348307291643,1.0,1.7,1.7,0.7853981633974483
corridor_2,0,0.8777777777777779,3.9333333333333336,-1.8325957145940461,0.006933051215277757,0.007640348307291643,1.0,1.7,1.7,0.7853981633974483
corridor_2,0,6.290740740740741,3.9333333333333336,-2.0943951023931957,0.006934678819444423,0.007640348307291643,1.0,1.7,1.7,0.7853981633974483
corridor_2,0,1.9018518518518521,1.7481481481481482,0.7853981633974478,0.006941731770833308,0.007640348307291643,1.0,1.7,1.7,0.7853981633974483
corridor_2,0,1.6092592592592594,1.4203703703703705,0.5235987755982987,0.006950954861111088,0.007640348307291643,1.0,1.7,1.7,0.7853981633974483
corridor_2,0,3.0722222222222224,1.5296296296296297,0.7853981633974478,0.006955837673611086,0.007640348307291643,1.0,1.7,1.7,0.7853981633974483
corridor_2,0,6.583333333333334,2.075925925925926,0.7853981633974478,0.006964518229166645,0.007640348307291643,1.0,1.7,1.7,0.7853981633974483
corridor_2,0,4.827777777777778,4.261111111111111,-2.0943951023931957,0.00697319878472219,0.007640348307291643,1.0,1.7,1.7,0.7853981633974483
corridor_2,0,2.6333333333333337,4.37037037037037,-1.8325957145940461,0.006985134548611083,0.007640348307291643,1.0,1.7,1.7,0.7853981633974483
corridor_2,0,6.72962962962963,2.075925925925926,1.0471975511965974,0.006986762152777758,0.007640348307291643,1.0,1.7,1.7,0.7853981633974483
corridor_2,0,4.242592592592593,4.479629629629629,-1.8325957145940461,0.006987304687499972,0.007640348307291643,1.0,1.7,1.7,0.7853981633974483
corridor_2,0,6.72962962962963,1.9666666666666668,1.0471975511965974,0.0069911024305555364,0.007640348307291643,1.0,1.7,1.7,0.7853981633974483
corridor_2,0,2.77962962962963,4.042592592592593,-2.0943951023931957,0.007000868055555535,0.007640348307291643,1.0,1.7,1.7,0.7853981633974483
corridor_2,0,5.120370370370371,1.8574074074074074,1.0471975511965974,0.0070057508680555275,0.007640348307291643,1.0,1.7,1.7,0.7853981633974483
corridor_2,0,2.4870370370370374,1.8574074074074074,1.3089969389957465,0.007010633680555545,0.007640348307291643,1.0,1.7,1.7,0.7853981633974483
corridor_2,0,5.9981481481481485,4.37037037037037,-1.8325957145940461,0.007013346354166638,0.007640348307291643,1.0,1.7,1.7,0.7853981633974483
corridor_2,0,1.3166666666666669,3.8240740740740744,-2.0943951023931957,0.007020941840277761,0.007640348307291643,1.0,1.7,1.7,0.7853981633974483
corridor_2,0,0.8777777777777779,1.5296296296296297,1.3089969389957465,0.007022569444444426,0.007640348307291643,1.0,1.7,1.7,0.7853981633974483
corridor_2,0,5.120370370370371,4.151851851851852,-2.356194490192345,0.007024197048611077,0.007640348307291643,1.0,1.7,1.7,0.7853981633974483
corridor_2,0,3.5111111111111115,4.37037037037037,-2.8797932657906435,0.007026367187499973,0.007640348307291643,1.0,1.7,1.7,0.7853981633974483
corridor_2,0,0.5851851851851853,1.638888888888889,1.0471975511965974,0.007029622395833306,0.007640348307291643,1.0,1.7,1.7,0.7853981633974483
corridor_2,0,3.8037037037037043,1.638888888888889,1.0471975511965974,0.0070307074652777544,0.007640348307291643,1.0,1.7,1.7,0.7853981633974483
corridor_2,0,7.461111111111112,3.6055555555555556,-2.6179938779914944,0.007030707465277761,0.007640348307291643,1.0,1.7,1.7,0.7853981633974483
corridor_2,0,1.4629629629629632,1.4203703703703705,0.5235987755982987,0.007031249999999977,0.007640348307291643,1.0,1.7,1.7,0.7853981633974483
corridor_2,0,0.5851851851851853,4.151851851851852,-1.8325957145940461,0.007037217881944425,0.007640348307291643,1.0,1.7,1.7,0.7853981633974483
corridor_2,0,5.9981481481481485,1.4203703703703705,1.3089969389957465,0.007042100694444425,0.007640348307291643,1.0,1.7,1.7,0.7853981633974483
corridor_2,0,2.340740740740741,4.37037037037037,-2.0943951023931957,0.0070431857638888805,0.007640348307291643,1.0,1.7,1.7,0.7853981633974483
corridor_2,0,1.6092592592592594,3.714814814814815,-2.6179938779914944,0.007048611111111095,0.007640348307291643,1.0,1.7,1.7,0.7853981633974483
corridor_2,0,3.5111111111111115,4.151851851851852,-2.6179938779914944,0.007049153645833314,0.007640348307291643,1.0,1.7,1.7,0.7853981633974483
corridor_2,0,5.120370370370371,1.8574074074074074,0.7853981633974478,0.007052408854166644,0.007640348307291643,1.0,1.7,1.7,0.7853981633974483
corridor_2,0,5.120370370370371,4.261111111111111,-2.356194490192345,0.00705620659722219,0.007640348307291643,1.0,1.7,1.7,0.7853981633974483
corridor_2,0,3.218518518518519,4.042592592592593,-2.356194490192345,0.007057834201388861,0.007640348307291643,1.0,1.7,1.7,0.7853981633974483
corridor_2,0,5.120370370370371,1.8574074074074074,0.5235987755982987,0.007057834201388869,0.007640348307291643,1.0,1.7,1.7,0.7853981633974483
corridor_2,0,1.6092592592592594,3.8240740740740744,-2.356194490192345,0.007066514756944429,0.007640348307291643,1.0,1.7,1.7,0.7853981633974483
corridor_2,0,1.6092592592592594,4.042592592592593,-2.356194490192345,0.007075737847222206,0.007640348307291643,1.0,1.7,1.7,0.7853981633974483
corridor_2,0,5.120370370370371,4.37037037037037,-2.356194490192345,0.007078993055555524,0.007640348307291643,1.0,1.7,1.7,0.7853981633974483
corridor_2,0,0.43888888888888894,1.7481481481481482,0.7853981633974478,0.007078993055555535,0.007640348307291643,1.0,1.7,1.7,0.7853981633974483
corridor_2,0,0.43888888888888894,1.638888888888889,0.7853981633974478,0.00708821614583331,0.007640348307291643,1.0,1.7,1.7,0.7853981633974483
corridor_2,0,4.827777777777778,4.042592592592593,-2.356194490192345,0.007093641493055537,0.007640348307291643,1.0,1.7,1.7,0.7853981633974483
corridor_2,0,2.9259259259259265,4.042592592592593,-2.356194490192345,0.007098524305555536,0.007640348307291643,1.0,1.7,1.7,0.7853981633974483
corridor_2,0,2.1944444444444446,4.479629629629629,-1.8325957145940461,0.007109917534722204,0.007640348307291643,1.0,1.7,1.7,0.7853981633974483
corridor_2,0,6.437037037037038,4.261111111111111,-2.0943951023931957,0.00711371527777775,0.007640348307291643,1.0,1.7,1.7,0.7853981633974483
corridor_2,0,0.2925925925925926,1.7481481481481482,0.5235987755982987,0.00711697048611109,0.007640348307291643,1.0,1.7,1.7,0.7853981633974483
corridor_2,0,2.340740740740741,1.4203703703703705,1.3089969389957465,0.0071370442708333075,0.007640348307291643,1.0,1.7,1.7,0.7853981633974483
corridor_2,0,7.461111111111112,1.5296296296296297,1.3089969389957465,0.007137586805555534,0.007640348307291643,1.0,1.7,1.7,0.7853981633974483
corridor_2,0,4.827777777777778,4.479629629629629,-2.0943951023931957,0.007143554687499972,0.007640348307291643,1.0,1.7,1.7,0.7853981633974483
corridor_2,0,4.974074074074075,1.9666666666666668,0.7853981633974478,0.0071446397569444224,0.007640348307291643,1.0,1.7,1.7,0.7853981633974483
corridor_2,0,6.875925925925927,2.2944444444444447,1.5707963267948966,0.007153320312499987,0.007640348307291643,1.0,1.7,1.7,0.7853981633974483
corridor_2,0,4.827777777777778,1.8574074074074074,0.26179938779914913,0.00716634114583331,0.007640348307291643,1.0,1.7,1.7,0.7853981633974483
corridor_2,0,5.412962962962964,4.37037037037037,-2.8797932657906435,0.007185329861111083,0.007640348307291643,1.0,1.7,1.7,0.7853981633974483
corridor_2,0,2.1944444444444446,1.5296296296296297,1.3089969389957465,0.007188585069444414,0.007640348307291643,1.0,1.7,1.7,0.7853981633974483
corridor_2,0,7.314814814814816,1.9666666666666668,1.3089969389957465,0.007194010416666646,0.007640348307291643,1.0,1.7,1.7,0.7853981633974483
corridor_2,0,2.9259259259259265,1.638888888888889,0.26179938779914913,0.007194552951388862,0.007640348307291643,1.0,1.7,1.7,0.7853981633974483
corridor_2,0,4.242592592592593,1.4203703703703705,1.3089969389957465,0.007209743923611097,0.007640348307291643,1.0,1.7,1.7,0.7853981633974483
corridor_2,0,5.9981481481481485,4.261111111111111,-1.8325957145940461,0.00721625434027775,0.007640348307291643,1.0,1.7,1.7,0.7853981633974483
corridor_2,0,0.5851851851851853,1.9666666666666668,0.5235987755982987,0.0072243923611111,0.007640348307291643,1.0,1.7,1.7,0.7853981633974483
corridor_2,0,5.9981481481481485,4.479629629629629,-1.8325957145940461,0.007231445312499973,0.007640348307291643,1.0,1.7,1.7,0.7853981633974483
corridor_2,0,7.022222222222223,1.7481481481481482,1.3089969389957465,0.007234700520833308,0.007640348307291643,1.0,1.7,1.7,0.7853981633974483
corridor_2,0,4.681481481481482,4.151851851851852,-2.0943951023931957,0.007238498263888862,0.007640348307291643,1.0,1.7,1.7,0.7853981633974483
corridor_2,0,1.9018518518518521,1.9666666666666668,1.0471975511965974,0.0072580295138888655,0.007640348307291643,1.0,1.7,1.7,0.7853981633974483
corridor_2,0,5.2666666666666675,1.4203703703703705,1.0471975511965974,0.0072661675347221915,0.007640348307291643,1.0,1.7,1.7,0.7853981633974483
corridor_2,0,1.4629629629629632,4.042592592592593,-2.6179938779914944,0.007270507812499972,0.007640348307291643,1.0,1.7,1.7,0.7853981633974483
corridor_2,0,3.364814814814815,4.042592592592593,-2.8797932657906435,0.00727864583333331,0.007640348307291643,1.0,1.7,1.7,0.7853981633974483
corridor_2,0,6.290740740740741,4.479629629629629,-2.356194490192345,0.007283528645833313,0.007640348307291643,1.0,1.7,1.7,0.7853981633974483
corridor_2,0,5.851851851851853,1.5296296296296297,1.0471975511965974,0.007283528645833324,0.007640348307291643,1.0,1.7,1.7,0.7853981633974483
corridor_2,0,2.9259259259259265,1.8574074074074074,0.5235987755982987,0.0072840711805555285,0.007640348307291643,1.0,1.7,1.7,0.7853981633974483
corridor_2,0,0.5851851851851853,1.638888888888889,0.7853981633974478,0.007285698784722195,0.007640348307291643,1.0,1.7,1.7,0.7853981633974483
corridor_2,0,7.461111111111112,1.4203703703703705,1.3089969389957465,0.007297092013888866,0.007640348307291643,1.0,1.7,1.7,0.7853981633974483
corridor_2,0,2.4870370370370374,1.9666666666666668,1.3089969389957465,0.00730468749999999,0.007640348307291643,1.0,1.7,1.7,0.7853981633974483
corridor_2,0,3.5111111111111115,1.7481481481481482,1.0471975511965974,0.007306315104166638,0.007640348307291643,1.0,1.7,1.7,0.7853981633974483
corridor_2,0,5.55925925925926,1.638888888888889,1.3089969389957465,0.007310655381944414,0.007640348307291643,1.0,1.7,1.7,0.7853981633974483
corridor_2,0,2.340740740740741,1.9666666666666668,1.3089969389957465,0.0073122829861110945,0.007640348307291643,1.0,1.7,1.7,0.7853981633974483
corridor_2,0,2.1944444444444446,1.638888888888889,1.3089969389957465,0.007321506076388859,0.007640348307291643,1.0,1.7,1.7,0.7853981633974483
corridor_2,0,0.8777777777777779,1.8574074074074074,1.3089969389957465,0.007324761284722203,0.007640348307291643,1.0,1.7,1.7,0.7853981633974483
corridor_2,0,6.583333333333334,4.479629629629629,-2.6179938779914944,0.0073258463541666435,0.007640348307291643,1.0,1.7,1.7,0.7853981633974483
corridor_2,0,0.7314814814814816,1.8574074074074074,1.0471975511965974,0.007330186631944419,0.007640348307291643,1.0,1.7,1.7,0.7853981633974483
corridor_2,0,1.7555555555555558,1.9666666666666668,1.0471975511965974,0.007332899305555529,0.007640348307291643,1.0,1.7,1.7,0.7853981633974483
corridor_2,0,4.681481481481482,1.7481481481481482,0.5235987755982987,0.007344835069444424,0.007640348307291643,1.0,1.7,1.7,0.7853981633974483
corridor_2,0,4.388888888888889,4.261111111111111,-2.0943951023931957,0.007349717881944422,0.007640348307291643,1.0,1.7,1.7,0.7853981633974483
corridor_2,0,0.5851851851851853,1.5296296296296297,0.7853981633974478,0.007352430555555527,0.007640348307291643,1.0,1.7,1.7,0.7853981633974483
corridor_2,0,1.7555555555555558,1.5296296296296297,1.0471975511965974,0.007354600694444417,0.007640348307291643,1.0,1.7,1.7,0.7853981633974483
corridor_2,0,7.461111111111112,1.638888888888889,1.3089969389957465,0.007355685763888866,0.007640348307291643,1.0,1.7,1.7,0.7853981633974483
corridor_2,0,6.583333333333334,1.9666666666666668,0.7853981633974478,0.00737141927083331,0.007640348307291643,1.0,1.7,1.7,0.7853981633974483
corridor_2,0,1.4629629629629632,3.714814814814815,-2.0943951023931957,0.00737630208333332,0.007640348307291643,1.0,1.7,1.7,0.7853981633974483
corridor_2,0,1.6092592592592594,3.9333333333333336,-2.356194490192345,0.0073936631944444275,0.007640348307291643,1.0,1.7,1.7,0.7853981633974483
corridor_2,0,3.218518518518519,1.4203703703703705,0.5235987755982987,0.007398003472222198,0.007640348307291643,1.0,1.7,1.7,0.7853981633974483
corridor_2,0,5.55925925925926,1.5296296296296297,1.3089969389957465,0.0073985460069444136,0.007640348307291643,1.0,1.7,1.7,0.7853981633974483
corridor_2,0,4.388888888888889,4.37037037037037,-2.0943951023931957,0.007405056423611087,0.007640348307291643,1.0,1.7,1.7,0.7853981633974483
corridor_2,0,5.412962962962964,1.8574074074074074,0.7853981633974478,0.00741590711805554,0.007640348307291643,1.0,1.7,1.7,0.7853981633974483
corridor_2,0,0.7314814814814816,1.4203703703703705,1.3089969389957465,0.007418619791666644,0.007640348307291643,1.0,1.7,1.7,0.7853981633974483
corridor_2,0,2.340740740740741,1.5296296296296297,1.0471975511965974,0.00742241753472221,0.007640348307291643,1.0,1.7,1.7,0.7853981633974483
corridor_2,0,1.0240740740740741,4.261111111111111,-1.8325957145940461,0.007426757812499972,0.007640348307291643,1.0,1.7,1.7,0.7853981633974483
corridor_2,0,0.8777777777777779,4.042592592592593,-2.0943951023931957,0.007430013020833313,0.007640348307291643,1.0,1.7,1.7,0.7853981633974483
corridor_2,0,6.72962962962963,1.7481481481481482,0.5235987755982987,0.007431640624999967,0.007640348307291643,1.0,1.7,1.7,0.7853981633974483
corridor_2,0,5.412962962962964,3.9333333333333336,-2.8797932657906435,0.0074511718749999695,0.007640348307291643,1.0,1.7,1.7,0.7853981633974483
corridor_2,0,5.412962962962964,3.714814814814815,-2.8797932657906435,0.007456597222222194,0.007640348307291643,1.0,1.7,1.7,0.7853981633974483
corridor_2,0,4.535185185185186,4.261111111111111,-2.0943951023931957,0.007458224826388863,0.007640348307291643,1.0,1.7,1.7,0.7853981633974483
corridor_2,0,0.7314814814814816,1.638888888888889,1.0471975511965974,0.007458767361111081,0.007640348307291643,1.0,1.7,1.7,0.7853981633974483
corridor_2,0,1.6092592592592594,4.479629629629629,-2.6179938779914944,0.0074598524305555265,0.007640348307291643,1.0,1.7,1.7,0.7853981633974483
corridor_2,0,6.72962962962963,3.8240740740740744,-2.6179938779914944,0.007476671006944415,0.007640348307291643,1.0,1.7,1.7,0.7853981633974483
corridor_2,0,0.2925925925925926,1.638888888888889,0.5235987755982987,0.007479926215277755,0.007640348307291643,1.0,1.7,1.7,0.7853981633974483
corridor_2,0,1.0240740740740741,4.37037037037037,-1.8325957145940461,0.007482638888888859,0.007640348307291643,1.0,1.7,1.7,0.7853981633974483
corridor_2,0,3.0722222222222224,4.042592592592593,-2.0943951023931957,0.007482638888888859,0.007640348307291643,1.0,1.7,1.7,0.7853981633974483
corridor_2,0,5.55925925925926,1.8574074074074074,1.3089969389957465,0.007489149305555532,0.007640348307291643,1.0,1.7,1.7,0.7853981633974483
corridor_2,0,3.218518518518519,1.8574074074074074,0.7853981633974478,0.007489691840277745,0.007640348307291643,1.0,1.7,1.7,0.7853981633974483
corridor_2,0,0.5851851851851853,1.7481481481481482,1.0471975511965974,0.007498914930555529,0.007640348307291643,1.0,1.7,1.7,0.7853981633974483
corridor_2,0,3.9500000000000006,4.479629629629629,-1.8325957145940461,0.007501085069444431,0.007640348307291643,1.0,1.7,1.7,0.7853981633974483
corridor_2,0,1.6092592592592594,1.8574074074074074,0.5235987755982987,0.007502712673611082,0.007640348307291643,1.0,1.7,1.7,0.7853981633974483
corridor_2,0,0.7314814814814816,1.5296296296296297,1.3089969389957465,0.007503255208333309,0.007640348307291643,1.0,1.7,1.7,0.7853981633974483
corridor_2,0,4.827777777777778,4.151851851851852,-2.0943951023931957,0.007509223090277745,0.007640348307291643,1.0,1.7,1.7,0.7853981633974483
corridor_2,0,2.4870370370370374,4.37037037037037,-2.0943951023931957,0.007509223090277757,0.007640348307291643,1.0,1.7,1.7,0.7853981633974483
corridor_2,0,7.168518518518519,1.4203703703703705,1.3089969389957465,0.007511393229166637,0.007640348307291643,1.0,1.7,1.7,0.7853981633974483
corridor_2,0,0.7314814814814816,1.7481481481481482,1.0471975511965974,0.007524414062499972,0.007640348307291643,1.0,1.7,1.7,0.7853981633974483
corridor_2,0,1.6092592592592594,3.6055555555555556,-2.356194490192345,0.0075249565972222154,0.007640348307291643,1.0,1.7,1.7,0.7853981633974483
corridor_2,0,0.1462962962962963,2.075925925925926,0.26179938779914913,0.007529296874999984,0.007640348307291643,1.0,1.7,1.7,0.7853981633974483
corridor_2,0,0.7314814814814816,1.9666666666666668,0.7853981633974478,0.0075298394097222015,0.007640348307291643,1.0,1.7,1.7,0.7853981633974483
corridor_2,0,1.1703703703703705,3.8240740740740744,-2.0943951023931957,0.007529839409722205,0.007640348307291643,1.0,1.7,1.7,0.7853981633974483
corridor_2,0,4.974074074074075,4.151851851851852,-2.6179938779914944,0.007533637152777755,0.007640348307291643,1.0,1.7,1.7,0.7853981633974483
corridor_2,0,3.5111111111111115,4.261111111111111,-2.6179938779914944,0.007541232638888866,0.007640348307291643,1.0,1.7,1.7,0.7853981633974483
corridor_2,0,0.43888888888888894,1.5296296296296297,0.7853981633974478,0.007544487847222198,0.007640348307291643,1.0,1.7,1.7,0.7853981633974483
corridor_2,0,3.5111111111111115,4.042592592592593,-2.6179938779914944,0.007567816840277753,0.007640348307291643,1.0,1.7,1.7,0.7853981633974483
corridor_2,0,4.681481481481482,1.638888888888889,0.5235987755982987,0.007569986979166645,0.007640348307291643,1.0,1.7,1.7,0.7853981633974483
corridor_2,0,4.388888888888889,4.479629629629629,-1.8325957145940461,0.007570529513888858,0.007640348307291643,1.0,1.7,1.7,0.7853981633974483
corridor_2,0,5.120370370370371,1.7481481481481482,0.5235987755982987,0.007571614583333312,0.007640348307291643,1.0,1.7,1.7,0.7853981633974483
corridor_2,0,3.0722222222222224,4.042592592592593,-2.356194490192345,0.007585720486111086,0.007640348307291643,1.0,1.7,1.7,0.7853981633974483
corridor_2,0,2.9259259259259265,2.075925925925926,0.26179938779914913,0.007589518229166638,0.007640348307291643,1.0,1.7,1.7,0.7853981633974483
corridor_2,0,6.583333333333334,4.042592592592593,-2.6179938779914944,0.007594401041666637,0.007640348307291643,1.0,1.7,1.7,0.7853981633974483
corridor_2,0,2.4870370370370374,4.042592592592593,-1.8325957145940461,0.007611219618055535,0.007640348307291643,1.0,1.7,1.7,0.7853981633974483
corridor_2,0,1.7555555555555558,1.638888888888889,0.5235987755982987,0.007612847222222197,0.007640348307291643,1.0,1.7,1.7,0.7853981633974483
corridor_2,0,1.4629629629629632,1.8574074074074074,0.26179938779914913,0.007620985243055527,0.007640348307291643,1.0,1.7,1.7,0.7853981633974483
corridor_2,0,1.0240740740740741,4.261111111111111,-2.356194490192345,0.007624240451388861,0.007640348307291643,1.0,1.7,1.7,0.7853981633974483
corridor_2,0,1.6092592592592594,4.042592592592593,-2.8797932657906435,0.007637261284722193,0.007640348307291643,1.0,1.7,1.7,0.7853981633974483
corridor_2,0,2.0481481481481483,1.8574074074074074,1.3089969389957465,0.0076399739583333055,0.007640348307291643,1.0,1.7,1.7,0.7853981633974483
corridor_2,0,6.72962962962963,1.8574074074074074,1.0471975511965974,0.007639973958333312,0.007640348307291643,1.0,1.7,1.7,0.7853981633974483
corridor_2,1,3.8037037037037043,1.638888888888889,2.356194490192345,0.0003092447916666649,0.0062997450086805405,1.0,2.6,4.2,-0.7853981633974483
corridor_2,1,2.6333333333333337,4.261111111111111,-0.7853981633974483,0.0003580729166666649,0.0062997450086805405,1.0,2.6,4.2,-0.7853981633974483
corridor_2,1,5.55925925925926,1.638888888888889,2.356194490192345,0.00036241319444444277,0.0062997450086805405,1.0,2.6,4.2,-0.7853981633974483
corridor_2,1,6.144444444444445,4.042592592592593,-0.7853981633974483,0.0008734809027777755,0.0062997450086805405,1.0,2.6,4.2,-0.7853981633974483
corridor_2,1,2.0481481481481483,1.8574074074074074,2.356194490192345,0.001153971354166664,0.0062997450086805405,1.0,2.6,4.2,-0.7853981633974483
corridor_2,1,2.0481481481481483,1.7481481481481482,2.356194490192345,0.0012277560763888857,0.0062997450086805405,1.0,2.6,4.2,-0.7853981633974483
corridor_2,1,5.705555555555557,1.5296296296296297,2.356194490192345,0.0013888888888888879,0.0062997450086805405,1.0,2.6,4.2,-0.7853981633974483
corridor_2,1,3.8037037037037043,1.5296296296296297,2.356194490192345,0.0014236111111111081,0.0062997450086805405,1.0,2.6,4.2,-0.7853981633974483
corridor_2,1,5.55925925925926,1.5296296296296297,2.356194490192345,0.001497938368055552,0.0062997450086805405,1.0,2.6,4.2,-0.7853981633974483
corridor_2,1,2.1944444444444446,1.7481481481481482,2.356194490192345,0.0015093315972222177,0.0062997450086805405,1.0,2.6,4.2,-0.7853981633974483
corridor_2,1,2.6333333333333337,4.37037037037037,-0.7853981633974483,0.0015180121527777744,0.0062997450086805405,1.0,2.6,4.2,-0.7853981633974483
corridor_2,1,5.55925925925926,1.7481481481481482,2.356194490192345,0.0015353732638888834,0.0062997450086805405,1.0,2.6,4.2,-0.7853981633974483
corridor_2,1,4.535185185185186,4.37037037037037,-0.7853981633974483,0.0015983072916666613,0.0062997450086805405,1.0,2.6,4.2,-0.7853981633974483
corridor_2,1,6.144444444444445,3.9333333333333336,-0.7853981633974483,0.0016579861111111088,0.0062997450086805405,1.0,2.6,4.2,-0.7853981633974483
corridor_2,1,4.827777777777778,4.261111111111111,-1.0471975511965979,0.0016791449652777744,0.0062997450086805405,1.0,2.6,4.2,-0.7853981633974483
corridor_2,1,3.364814814814815,1.638888888888889,2.094395102393195,0.0016883680555555525,0.0062997450086805405,1.0,2.6,4.2,-0.7853981633974483
corridor_2,1,2.4870370370370374,4.37037037037037,-0.7853981633974483,0.0017377387152777747,0.0062997450086805405,1.0,2.6,4.2,-0.7853981633974483
corridor_2,1,0.8777777777777779,4.151851851851852,-0.7853981633974483,0.0017393663194444373,0.0062997450086805405,1.0,2.6,4.2,-0.7853981633974483
corridor_2,1,6.144444444444445,4.151851851851852,-0.7853981633974483,0.001751844618055552,0.0062997450086805405,1.0,2.6,4.2,-0.7853981633974483
corridor_2,1,2.340740740740741,1.8574074074074074,2.617993877991494,0.001864149305555549,0.0062997450086805405,1.0,2.6,4.2,-0.7853981633974483
corridor_2,1,3.9500000000000006,1.5296296296296297,2.356194490192345,0.0018918185763888856,0.0062997450086805405,1.0,2.6,4.2,-0.7853981633974483
corridor_2,1,1.0240740740740741,4.042592592592593,-0.7853981633974483,0.0019032118055555508,0.0062997450086805405,1.0,2.6,4.2,-0.7853981633974483
corridor_2,1,4.388888888888889,4.37037037037037,-0.7853981633974483,0.0019330512152777694,0.0062997450086805405,1.0,2.6,4.2,-0.7853981633974483
corridor_2,1,5.2666666666666675,1.7481481481481482,2.094395102393195,0.0019352213541666595,0.0062997450086805405,1.0,2.6,4.2,-0.7853981633974483
corridor_2,1,3.657407407407408,1.638888888888889,2.356194490192345,0.001957465277777771,0.0062997450086805405,1.0,2.6,4.2,-0.7853981633974483
corridor_2,1,3.657407407407408,1.7481481481481482,2.356194490192345,0.0019791666666666603,0.0062997450086805405,1.0,2.6,4.2,-0.7853981633974483
corridor_2,1,5.2666666666666675,1.638888888888889,2.094395102393195,0.0019900173611111047,0.0062997450086805405,1.0,2.6,4.2,-0.7853981633974483
corridor_2,1,4.535185185185186,4.261111111111111,-0.7853981633974483,0.0020312499999999897,0.0062997450086805405,1.0,2.6,4.2,-0.7853981633974483
corridor_2,1,5.120370370370371,1.7481481481481482,2.094395102393195,0.0020719401041666614,0.0062997450086805405,1.0,2.6,4.2,-0.7853981633974483
corridor_2,1,5.851851851851853,3.9333333333333336,-0.5235987755982991,0.0020898437499999936,0.0062997450086805405,1.0,2.6,4.2,-0.7853981633974483
corridor_2,1,0.8777777777777779,4.261111111111111,-0.7853981633974483,0.0020936414930555467,0.0062997450086805405,1.0,2.6,4.2,-0.7853981633974483
corridor_2,1,2.1944444444444446,1.8574074074074074,2.356194490192345,0.002106119791666661,0.0062997450086805405,1.0,2.6,4.2,-0.7853981633974483
corridor_2,1,5.2666666666666675,1.5296296296296297,2.094395102393195,0.0021690538194444383,0.0062997450086805405,1.0,2.6,4.2,-0.7853981633974483
corridor_2,1,1.0240740740740741,4.261111111111111,-0.7853981633974483,0.0022238498263888818,0.0062997450086805405,1.0,2.6,4.2,-0.7853981633974483
corridor_2,1,3.5111111111111115,1.638888888888889,2.094395102393195,0.0022309027777777696,0.0062997450086805405,1.0,2.6,4.2,-0.7853981633974483
corridor_2,1,2.0481481481481483,1.638888888888889,2.356194490192345,0.0022455512152777727,0.0062997450086805405,1.0,2.6,4.2,-0.7853981633974483
corridor_2,1,1.0240740740740741,4.151851851851852,-0.7853981633974483,0.0022569444444444377,0.0062997450086805405,1.0,2.6,4.2,-0.7853981633974483
corridor_2,1,2.4870370370370374,1.9666666666666668,2.617993877991494,0.002282443576388888,0.0062997450086805405,1.0,2.6,4.2,-0.7853981633974483
corridor_2,1,2.340740740740741,1.9666666666666668,2.617993877991494,0.0023621961805555497,0.0062997450086805405,1.0,2.6,4.2,-0.7853981633974483
corridor_2,1,2.77962962962963,4.37037037037037,-0.7853981633974483,0.002367621527777771,0.0062997450086805405,1.0,2.6,4.2,-0.7853981633974483
corridor_2,1,2.1944444444444446,1.638888888888889,2.356194490192345,0.002384440104166661,0.0062997450086805405,1.0,2.6,4.2,-0.7853981633974483
corridor_2,1,3.657407407407408,1.5296296296296297,2.356194490192345,0.002389322916666659,0.0062997450086805405,1.0,2.6,4.2,-0.7853981633974483
corridor_2,1,4.827777777777778,4.151851851851852,-1.0471975511965979,0.0023952907986111017,0.0062997450086805405,1.0,2.6,4.2,-0.7853981633974483
corridor_2,1,3.364814814814815,1.7481481481481482,2.094395102393195,0.002416992187499991,0.0062997450086805405,1.0,2.6,4.2,-0.7853981633974483
corridor_2,1,3.5111111111111115,1.5296296296296297,2.094395102393195,0.002418619791666658,0.0062997450086805405,1.0,2.6,4.2,-0.7853981633974483
corridor_2,1,4.388888888888889,4.151851851851852,-0.7853981633974483,0.0024224175347222106,0.0062997450086805405,1.0,2.6,4.2,-0.7853981633974483
corridor_2,1,6.437037037037038,4.042592592592593,-1.0471975511965979,0.002428927951388883,0.0062997450086805405,1.0,2.6,4.2,-0.7853981633974483
corridor_2,1,6.290740740740741,3.9333333333333336,-0.7853981633974483,0.0024359809027777735,0.0062997450086805405,1.0,2.6,4.2,-0.7853981633974483
corridor_2,1,2.9259259259259265,4.261111111111111,-1.0471975511965979,0.002458224826388879,0.0062997450086805405,1.0,2.6,4.2,-0.7853981633974483
corridor_2,1,4.388888888888889,4.261111111111111,-0.7853981633974483,0.0024593098958333214,0.0062997450086805405,1.0,2.6,4.2,-0.7853981633974483
corridor_2,1,3.0722222222222224,4.151851851851852,-1.0471975511965979,0.0024761284722222138,0.0062997450086805405,1.0,2.6,4.2,-0.7853981633974483
corridor_2,1,2.340740740740741,1.7481481481481482,2.617993877991494,0.00247775607638888,0.0062997450086805405,1.0,2.6,4.2,-0.7853981633974483
corridor_2,1,6.290740740740741,4.151851851851852,-0.7853981633974483,0.00252332899305555,0.0062997450086805405,1.0,2.6,4.2,-0.7853981633974483
corridor_2,1,4.388888888888889,4.479629629629629,-0.7853981633974483,0.0025526258680555526,0.0062997450086805405,1.0,2.6,4.2,-0.7853981633974483
corridor_2,1,2.9259259259259265,4.37037037037037,-1.0471975511965979,0.002601996527777768,0.0062997450086805405,1.0,2.6,4.2,-0.7853981633974483
corridor_2,1,2.9259259259259265,4.151851851851852,-1.0471975511965979,0.0026296657986110993,0.0062997450086805405,1.0,2.6,4.2,-0.7853981633974483
corridor_2,1,3.8037037037037043,1.4203703703703705,2.356194490192345,0.00266438802083333,0.0062997450086805405,1.0,2.6,4.2,-0.7853981633974483
corridor_2,1,2.6333333333333337,4.479629629629629,-0.7853981633974483,0.002668185763888884,0.0062997450086805405,1.0,2.6,4.2,-0.7853981633974483
corridor_2,1,3.364814814814815,1.5296296296296297,2.094395102393195,0.0026708984374999942,0.0062997450086805405,1.0,2.6,4.2,-0.7853981633974483
corridor_2,1,5.9981481481481485,3.9333333333333336,-0.7853981633974483,0.002674153645833329,0.0062997450086805405,1.0,2.6,4.2,-0.7853981633974483
corridor_2,1,2.1944444444444446,1.9666666666666668,2.356194490192345,0.002682834201388883,0.0062997450086805405,1.0,2.6,4.2,-0.7853981633974483
corridor_2,1,5.9981481481481485,4.042592592592593,-0.7853981633974483,0.002686089409722219,0.0062997450086805405,1.0,2.6,4.2,-0.7853981633974483
corridor_2,1,5.120370370370371,1.638888888888889,2.094395102393195,0.002688259548611105,0.0062997450086805405,1.0,2.6,4.2,-0.7853981633974483
corridor_2,1,4.974074074074075,4.37037037037037,-1.0471975511965979,0.0026953124999999968,0.0062997450086805405,1.0,2.6,4.2,-0.7853981633974483
corridor_2,1,4.681481481481482,4.37037037037037,-1.0471975511965979,0.0027137586805555457,0.0062997450086805405,1.0,2.6,4.2,-0.7853981633974483
corridor_2,1,5.412962962962964,1.5296296296296297,2.356194490192345,0.002723524305555547,0.0062997450086805405,1.0,2.6,4.2,-0.7853981633974483
corridor_2,1,5.851851851851853,3.8240740740740744,-0.5235987755982991,0.0027528211805555505,0.0062997450086805405,1.0,2.6,4.2,-0.7853981633974483
corridor_2,1,4.0962962962962965,1.7481481481481482,2.617993877991494,0.0027555338541666533,0.0062997450086805405,1.0,2.6,4.2,-0.7853981633974483
corridor_2,1,0.5851851851851853,4.151851851851852,-0.5235987755982991,0.0027940538194444354,0.0062997450086805405,1.0,2.6,4.2,-0.7853981633974483
corridor_2,1,5.120370370370371,1.5296296296296297,2.094395102393195,0.0028027343749999953,0.0062997450086805405,1.0,2.6,4.2,-0.7853981633974483
corridor_2,1,2.4870370370370374,2.075925925925926,2.617993877991494,0.0028059895833333287,0.0062997450086805405,1.0,2.6,4.2,-0.7853981633974483
corridor_2,1,1.1703703703703705,3.9333333333333336,-0.7853981633974483,0.0028124999999999977,0.0062997450086805405,1.0,2.6,4.2,-0.7853981633974483
corridor_2,1,6.144444444444445,4.261111111111111,-0.7853981633974483,0.002820095486111106,0.0062997450086805405,1.0,2.6,4.2,-0.7853981633974483
corridor_2,1,1.9018518518518521,1.8574074074074074,2.356194490192345,0.0028683810763888845,0.0062997450086805405,1.0,2.6,4.2,-0.7853981633974483
corridor_2,1,6.290740740740741,4.042592592592593,-1.0471975511965979,0.0028700086805555475,0.0062997450086805405,1.0,2.6,4.2,-0.7853981633974483
corridor_2,1,4.827777777777778,4.37037037037037,-1.0471975511965979,0.0028748914930555435,0.0062997450086805405,1.0,2.6,4.2,-0.7853981633974483
corridor_2,1,0.7314814814814816,4.042592592592593,-0.5235987755982991,0.0028792317708333224,0.0062997450086805405,1.0,2.6,4.2,-0.7853981633974483
corridor_2,1,2.4870370370370374,1.8574074074074074,2.617993877991494,0.002917209201388887,0.0062997450086805405,1.0,2.6,4.2,-0.7853981633974483
corridor_2,1,0.8777777777777779,4.37037037037037,-0.7853981633974483,0.0029334852430555436,0.0062997450086805405,1.0,2.6,4.2,-0.7853981633974483
corridor_2,1,4.535185185185186,4.479629629629629,-0.7853981633974483,0.002943793402777771,0.0062997450086805405,1.0,2.6,4.2,-0.7853981633974483
corridor_2,1,4.0962962962962965,4.151851851851852,-0.5235987755982991,0.0029622395833333185,0.0062997450086805405,1.0,2.6,4.2,-0.7853981633974483
corridor_2,1,3.5111111111111115,1.7481481481481482,2.094395102393195,0.0029692925347222093,0.0062997450086805405,1.0,2.6,4.2,-0.7853981633974483
corridor_2,1,3.657407407407408,1.638888888888889,2.094395102393195,0.002974175347222212,0.0062997450086805405,1.0,2.6,4.2,-0.7853981633974483
corridor_2,1,3.8037037037037043,1.7481481481481482,2.356194490192345,0.0029763454861110954,0.0062997450086805405,1.0,2.6,4.2,-0.7853981633974483
corridor_2,1,1.1703703703703705,4.042592592592593,-0.7853981633974483,0.002983940972222219,0.0062997450086805405,1.0,2.6,4.2,-0.7853981633974483
corridor_2,1,0.5851851851851853,4.261111111111111,-0.5235987755982991,0.0029882812499999896,0.0062997450086805405,1.0,2.6,4.2,-0.7853981633974483
corridor_2,1,5.851851851851853,4.042592592592593,-0.5235987755982991,0.0029899088541666596,0.0062997450086805405,1.0,2.6,4.2,-0.7853981633974483
corridor_2,1,2.340740740740741,4.151851851851852,-0.5235987755982991,0.0030029296874999867,0.0062997450086805405,1.0,2.6,4.2,-0.7853981633974483
corridor_2,1,4.535185185185186,4.151851851851852,-0.7853981633974483,0.00302571614583332,0.0062997450086805405,1.0,2.6,4.2,-0.7853981633974483
corridor_2,1,5.705555555555557,1.7481481481481482,2.356194490192345,0.0030615234374999837,0.0062997450086805405,1.0,2.6,4.2,-0.7853981633974483
corridor_2,1,2.340740740740741,2.075925925925926,2.617993877991494,0.0030702039930555506,0.0062997450086805405,1.0,2.6,4.2,-0.7853981633974483
corridor_2,1,0.7314814814814816,4.261111111111111,-0.7853981633974483,0.0030712890624999853,0.0062997450086805405,1.0,2.6,4.2,-0.7853981633974483
corridor_2,1,5.55925925925926,1.4203703703703705,2.356194490192345,0.003072374131944438,0.0062997450086805405,1.0,2.6,4.2,-0.7853981633974483
corridor_2,1,5.2666666666666675,1.8574074074074074,2.094395102393195,0.00308322482638888,0.0062997450086805405,1.0,2.6,4.2,-0.7853981633974483
corridor_2,1,0.7314814814814816,4.151851851851852,-0.5235987755982991,0.0030853949652777657,0.0062997450086805405,1.0,2.6,4.2,-0.7853981633974483
corridor_2,1,1.7555555555555558,1.7481481481481482,2.094395102393195,0.003106553819444437,0.0062997450086805405,1.0,2.6,4.2,-0.7853981633974483
corridor_2,1,1.9018518518518521,1.7481481481481482,2.356194490192345,0.0031136067708333274,0.0062997450086805405,1.0,2.6,4.2,-0.7853981633974483
corridor_2,1,5.9981481481481485,4.151851851851852,-0.7853981633974483,0.0031342230902777725,0.0062997450086805405,1.0,2.6,4.2,-0.7853981633974483
corridor_2,1,5.412962962962964,1.638888888888889,2.094395102393195,0.0031429036458333216,0.0062997450086805405,1.0,2.6,4.2,-0.7853981633974483
corridor_2,1,2.1944444444444446,4.042592592592593,-0.5235987755982991,0.003144531249999986,0.0062997450086805405,1.0,2.6,4.2,-0.7853981633974483
corridor_2,1,1.1703703703703705,4.261111111111111,-1.0471975511965979,0.00314507378472221,0.0062997450086805405,1.0,2.6,4.2,-0.7853981633974483
corridor_2,1,5.412962962962964,1.638888888888889,2.356194490192345,0.003164062499999987,0.0062997450086805405,1.0,2.6,4.2,-0.7853981633974483
corridor_2,1,2.340740740740741,4.261111111111111,-0.5235987755982991,0.0031684027777777626,0.0062997450086805405,1.0,2.6,4.2,-0.7853981633974483
corridor_2,1,7.168518518518519,1.638888888888889,2.356194490192345,0.003171657986111099,0.0062997450086805405,1.0,2.6,4.2,-0.7853981633974483
corridor_2,1,5.120370370370371,1.8574074074074074,2.094395102393195,0.003182508680555549,0.0062997450086805405,1.0,2.6,4.2,-0.7853981633974483
corridor_2,1,4.827777777777778,4.479629629629629,-1.0471975511965979,0.0031884765624999936,0.0062997450086805405,1.0,2.6,4.2,-0.7853981633974483
corridor_2,1,1.0240740740740741,4.37037037037037,-0.7853981633974483,0.0031971571180555466,0.0062997450086805405,1.0,2.6,4.2,-0.7853981633974483
corridor_2,1,0.7314814814814816,3.9333333333333336,-0.5235987755982991,0.0032009548611110997,0.0062997450086805405,1.0,2.6,4.2,-0.7853981633974483
corridor_2,1,5.705555555555557,1.4203703703703705,2.356194490192345,0.0032107204861111078,0.0062997450086805405,1.0,2.6,4.2,-0.7853981633974483
corridor_2,1,7.168518518518519,1.7481481481481482,2.356194490192345,0.0032345920138888784,0.0062997450086805405,1.0,2.6,4.2,-0.7853981633974483
corridor_2,1,5.705555555555557,1.8574074074074074,2.356194490192345,0.003256835937499987,0.0062997450086805405,1.0,2.6,4.2,-0.7853981633974483
corridor_2,1,5.851851851851853,1.7481481481481482,2.617993877991494,0.0032606336805555405,0.0062997450086805405,1.0,2.6,4.2,-0.7853981633974483
corridor_2,1,6.144444444444445,4.37037037037037,-0.7853981633974483,0.0032622612847222165,0.0062997450086805405,1.0,2.6,4.2,-0.7853981633974483
corridor_2,1,0.7314814814814816,4.261111111111111,-0.5235987755982991,0.0032703993055555438,0.0062997450086805405,1.0,2.6,4.2,-0.7853981633974483
corridor_2,1,7.022222222222223,1.8574074074074074,2.356194490192345,0.003288302951388881,0.0062997450086805405,1.0,2.6,4.2,-0.7853981633974483
corridor_2,1,1.9018518518518521,1.638888888888889,2.094395102393195,0.003306206597222211,0.0062997450086805405,1.0,2.6,4.2,-0.7853981633974483
corridor_2,1,5.705555555555557,1.638888888888889,2.356194490192345,0.003310004340277763,0.0062997450086805405,1.0,2.6,4.2,-0.7853981633974483
corridor_2,1,6.437037037037038,4.151851851851852,-1.0471975511965979,0.003330620659722215,0.0062997450086805405,1.0,2.6,4.2,-0.7853981633974483
corridor_2,1,2.77962962962963,4.261111111111111,-0.7853981633974483,0.0033420138888888753,0.0062997450086805405,1.0,2.6,4.2,-0.7853981633974483
corridor_2,1,7.168518518518519,1.8574074074074074,2.356194490192345,0.0033468967013888773,0.0062997450086805405,1.0,2.6,4.2,-0.7853981633974483
corridor_2,1,3.657407407407408,1.7481481481481482,2.094395102393195,0.003375108506944432,0.0062997450086805405,1.0,2.6,4.2,-0.7853981633974483
corridor_2,1,5.412962962962964,1.5296296296296297,2.094395102393195,0.0033751085069444325,0.0062997450086805405,1.0,2.6,4.2,-0.7853981633974483
corridor_2,1,5.851851851851853,1.638888888888889,2.617993877991494,0.003378363715277761,0.0062997450086805405,1.0,2.6,4.2,-0.7853981633974483
corridor_2,1,2.1944444444444446,1.5296296296296297,2.356194490192345,0.0033783637152777707,0.0062997450086805405,1.0,2.6,4.2,-0.7853981633974483
corridor_2,1,3.0722222222222224,4.37037037037037,-1.0471975511965979,0.0033821614583333247,0.0062997450086805405,1.0,2.6,4.2,-0.7853981633974483
corridor_2,1,6.290740740740741,4.261111111111111,-1.0471975511965979,0.0033832465277777676,0.0062997450086805405,1.0,2.6,4.2,-0.7853981633974483
corridor_2,1,4.974074074074075,4.261111111111111,-1.0471975511965979,0.0033843315972222126,0.0062997450086805405,1.0,2.6,4.2,-0.7853981633974483
corridor_2,1,0.7314814814814816,4.37037037037037,-0.7853981633974483,0.0033859592013888735,0.0062997450086805405,1.0,2.6,4.2,-0.7853981633974483
corridor_2,1,2.77962962962963,4.37037037037037,-1.0471975511965979,0.003389214409722211,0.0062997450086805405,1.0,2.6,4.2,-0.7853981633974483
corridor_2,1,7.022222222222223,1.9666666666666668,2.356194490192345,0.003390299479166658,0.0062997450086805405,1.0,2.6,4.2,-0.7853981633974483
corridor_2,1,6.290740740740741,3.9333333333333336,-1.0471975511965979,0.0033908420138888807,0.0062997450086805405,1.0,2.6,4.2,-0.7853981633974483
corridor_2,1,1.1703703703703705,4.151851851851852,-0.7853981633974483,0.003392469618055551,0.0062997450086805405,1.0,2.6,4.2,-0.7853981633974483
corridor_2,1,2.340740740740741,4.042592592592593,-0.5235987755982991,0.0034011501736110955,0.0062997450086805405,1.0,2.6,4.2,-0.7853981633974483
corridor_2,1,3.0722222222222224,4.261111111111111,-1.0471975511965979,0.003403320312499989,0.0062997450086805405,1.0,2.6,4.2,-0.7853981633974483
corridor_2,1,4.0962962962962965,4.261111111111111,-0.5235987755982991,0.003410373263888872,0.0062997450086805405,1.0,2.6,4.2,-0.7853981633974483
corridor_2,1,1.9018518518518521,1.8574074074074074,2.094395102393195,0.0034266493055555448,0.0062997450086805405,1.0,2.6,4.2,-0.7853981633974483
corridor_2,1,1.9018518518518521,1.7481481481481482,2.094395102393195,0.0034358723958333214,0.0062997450086805405,1.0,2.6,4.2,-0.7853981633974483
corridor_2,1,4.681481481481482,4.261111111111111,-1.0471975511965979,0.0034391276041666505,0.0062997450086805405,1.0,2.6,4.2,-0.7853981633974483
corridor_2,1,4.535185185185186,4.151851851851852,-1.0471975511965979,0.0034445529513888783,0.0062997450086805405,1.0,2.6,4.2,-0.7853981633974483
corridor_2,1,3.657407407407408,1.5296296296296297,2.094395102393195,0.003451605902777766,0.0062997450086805405,1.0,2.6,4.2,-0.7853981633974483
corridor_2,1,4.0962962962962965,4.042592592592593,-0.5235987755982991,0.0034662543402777623,0.0062997450086805405,1.0,2.6,4.2,-0.7853981633974483
corridor_2,1,5.2666666666666675,1.4203703703703705,2.094395102393195,0.003472222222222214,0.0062997450086805405,1.0,2.6,4.2,-0.7853981633974483
corridor_2,1,5.9981481481481485,3.8240740740740744,-0.7853981633974483,0.003474392361111105,0.0062997450086805405,1.0,2.6,4.2,-0.7853981633974483
corridor_2,1,1.1703703703703705,4.37037037037037,-1.0471975511965979,0.0034792751736110986,0.0062997450086805405,1.0,2.6,4.2,-0.7853981633974483
corridor_2,1,2.77962962962963,4.479629629629629,-0.7853981633974483,0.003480360243055548,0.0062997450086805405,1.0,2.6,4.2,-0.7853981633974483
corridor_2,1,1.7555555555555558,1.8574074074074074,2.094395102393195,0.0034977213541666527,0.0062997450086805405,1.0,2.6,4.2,-0.7853981633974483
corridor_2,1,1.1703703703703705,4.151851851851852,-1.0471975511965979,0.0035492621527777653,0.0062997450086805405,1.0,2.6,4.2,-0.7853981633974483
corridor_2,1,0.5851851851851853,4.37037037037037,-0.5235987755982991,0.0035519748263888764,0.0062997450086805405,1.0,2.6,4.2,-0.7853981633974483
corridor_2,1,5.9981481481481485,4.261111111111111,-0.7853981633974483,0.003559570312499994,0.0062997450086805405,1.0,2.6,4.2,-0.7853981633974483
corridor_2,1,7.022222222222223,1.7481481481481482,2.356194490192345,0.003567165798611102,0.0062997450086805405,1.0,2.6,4.2,-0.7853981633974483
corridor_2,1,5.9981481481481485,1.8574074074074074,2.617993877991494,0.0035725911458333167,0.0062997450086805405,1.0,2.6,4.2,-0.7853981633974483
corridor_2,1,0.5851851851851853,4.042592592592593,-0.5235987755982991,0.0035910373263888778,0.0062997450086805405,1.0,2.6,4.2,-0.7853981633974483
corridor_2,1,2.4870370370370374,4.479629629629629,-0.7853981633974483,0.003604600694444439,0.0062997450086805405,1.0,2.6,4.2,-0.7853981633974483
corridor_2,1,2.4870370370370374,4.261111111111111,-0.7853981633974483,0.003611111111111095,0.0062997450086805405,1.0,2.6,4.2,-0.7853981633974483
corridor_2,1,2.4870370370370374,4.151851851851852,-0.7853981633974483,0.003629557291666647,0.0062997450086805405,1.0,2.6,4.2,-0.7853981633974483
corridor_2,1,2.77962962962963,4.261111111111111,-1.0471975511965979,0.0036631944444444294,0.0062997450086805405,1.0,2.6,4.2,-0.7853981633974483
corridor_2,1,3.5111111111111115,1.4203703703703705,2.094395102393195,0.0036680772569444345,0.0062997450086805405,1.0,2.6,4.2,-0.7853981633974483
corridor_2,1,1.3166666666666669,4.151851851851852,-1.0471975511965979,0.003668619791666657,0.0062997450086805405,1.0,2.6,4.2,-0.7853981633974483
corridor_2,1,4.0962962962962965,1.638888888888889,2.617993877991494,0.0036827256944444255,0.0062997450086805405,1.0,2.6,4.2,-0.7853981633974483
corridor_2,1,6.290740740740741,4.151851851851852,-1.0471975511965979,0.0036968315972222116,0.0062997450086805405,1.0,2.6,4.2,-0.7853981633974483
corridor_2,1,3.657407407407408,1.4203703703703705,2.356194490192345,0.0037017144097222132,0.0062997450086805405,1.0,2.6,4.2,-0.7853981633974483
corridor_2,1,3.0722222222222224,4.042592592592593,-1.0471975511965979,0.0037136501736111014,0.0062997450086805405,1.0,2.6,4.2,-0.7853981633974483
corridor_2,1,2.0481481481481483,1.5296296296296297,2.356194490192345,0.003716362847222214,0.0062997450086805405,1.0,2.6,4.2,-0.7853981633974483
corridor_2,1,2.340740740740741,1.638888888888889,2.617993877991494,0.003719618055555545,0.0062997450086805405,1.0,2.6,4.2,-0.7853981633974483
corridor_2,1,1.9018518518518521,1.638888888888889,2.356194490192345,0.00372775607638888,0.0062997450086805405,1.0,2.6,4.2,-0.7853981633974483
corridor_2,1,4.974074074074075,1.638888888888889,1.8325957145940457,0.0037282986111111,0.0062997450086805405,1.0,2.6,4.2,-0.7853981633974483
corridor_2,1,0.8777777777777779,3.9333333333333336,-0.5235987755982991,0.003744574652777766,0.0062997450086805405,1.0,2.6,4.2,-0.7853981633974483
corridor_2,1,0.7314814814814816,4.37037037037037,-0.5235987755982991,0.003747287326388876,0.0062997450086805405,1.0,2.6,4.2,-0.7853981633974483
corridor_2,1,4.535185185185186,4.042592592592593,-0.7853981633974483,0.0037586805555555416,0.0062997450086805405,1.0,2.6,4.2,-0.7853981633974483
corridor_2,1,3.9500000000000006,1.4203703703703705,2.356194490192345,0.0037771267361111052,0.0062997450086805405,1.0,2.6,4.2,-0.7853981633974483
corridor_2,1,6.290740740740741,4.261111111111111,-0.7853981633974483,0.0037879774305555453,0.0062997450086805405,1.0,2.6,4.2,-0.7853981633974483
corridor_2,1,4.827777777777778,4.042592592592593,-1.0471975511965979,0.003802083333333322,0.0062997450086805405,1.0,2.6,4.2,-0.7853981633974483
corridor_2,1,3.364814814814815,1.8574074074074074,2.094395102393195,0.0038406032986111,0.0062997450086805405,1.0,2.6,4.2,-0.7853981633974483
corridor_2,1,2.0481481481481483,1.9666666666666668,2.356194490192345,0.003849826388888877,0.0062997450086805405,1.0,2.6,4.2,-0.7853981633974483
corridor_2,1,5.851851851851853,1.8574074074074074,2.617993877991494,0.0038563368055555378,0.0062997450086805405,1.0,2.6,4.2,-0.7853981633974483
corridor_2,1,5.851851851851853,3.714814814814815,-0.5235987755982991,0.003858506944444439,0.0062997450086805405,1.0,2.6,4.2,-0.7853981633974483
corridor_2,1,5.705555555555557,1.7481481481481482,2.617993877991494,0.0038731553819444284,0.0062997450086805405,1.0,2.6,4.2,-0.7853981633974483
corridor_2,1,2.4870370370370374,4.042592592592593,-0.7853981633974483,0.003876410590277762,0.0062997450086805405,1.0,2.6,4.2,-0.7853981633974483
corridor_2,1,5.412962962962964,1.4203703703703705,2.356194490192345,0.0038840060763888785,0.0062997450086805405,1.0,2.6,4.2,-0.7853981633974483
corridor_2,1,5.705555555555557,1.8574074074074074,2.617993877991494,0.003887261284722207,0.0062997450086805405,1.0,2.6,4.2,-0.7853981633974483
corridor_2,1,2.4870370370370374,4.151851851851852,-0.5235987755982991,0.0038905164930555392,0.0062997450086805405,1.0,2.6,4.2,-0.7853981633974483
corridor_2,1,5.120370370370371,1.4203703703703705,2.094395102393195,0.003913845486111106,0.0062997450086805405,1.0,2.6,4.2,-0.7853981633974483
corridor_2,1,4.681481481481482,4.37037037037037,-0.7853981633974483,0.003950195312499987,0.0062997450086805405,1.0,2.6,4.2,-0.7853981633974483
corridor_2,1,2.4870370370370374,4.042592592592593,-0.5235987755982991,0.003969726562499986,0.0062997450086805405,1.0,2.6,4.2,-0.7853981633974483
corridor_2,1,1.7555555555555558,1.638888888888889,2.094395102393195,0.003983289930555547,0.0062997450086805405,1.0,2.6,4.2,-0.7853981633974483
corridor_2,1,4.681481481481482,4.479629629629629,-1.0471975511965979,0.003983832465277766,0.0062997450086805405,1.0,2.6,4.2,-0.7853981633974483
corridor_2,1,2.1944444444444446,4.151851851851852,-0.5235987755982991,0.003995225694444428,0.0062997450086805405,1.0,2.6,4.2,-0.7853981633974483
corridor_2,1,5.9981481481481485,4.042592592592593,-0.5235987755982991,0.0040152994791666525,0.0062997450086805405,1.0,2.6,4.2,-0.7853981633974483
corridor_2,1,2.4870370370370374,2.185185185185185,2.617993877991494,0.004016927083333326,0.0062997450086805405,1.0,2.6,4.2,-0.7853981633974483
corridor_2,1,4.535185185185186,4.37037037037037,-1.0471975511965979,0.004019639756944432,0.0062997450086805405,1.0,2.6,4.2,-0.7853981633974483
corridor_2,1,1.1703703703703705,4.042592592592593,-1.0471975511965979,0.004021267361111099,0.0062997450086805405,1.0,2.6,4.2,-0.7853981633974483
corridor_2,1,2.4870370370370374,4.261111111111111,-0.5235987755982991,0.004023980034722205,0.0062997450086805405,1.0,2.6,4.2,-0.7853981633974483
corridor_2,1,5.9981481481481485,3.9333333333333336,-0.5235987755982991,0.00402669270833332,0.0062997450086805405,1.0,2.6,4.2,-0.7853981633974483
corridor_2,1,5.851851851851853,4.151851851851852,-0.5235987755982991,0.004026692708333325,0.0062997450086805405,1.0,2.6,4.2,-0.7853981633974483
corridor_2,1,4.0962962962962965,1.8574074074074074,2.617993877991494,0.004045138888888869,0.0062997450086805405,1.0,2.6,4.2,-0.7853981633974483
corridor_2,1,5.9981481481481485,4.151851851851852,-0.5235987755982991,0.004048936631944429,0.0062997450086805405,1.0,2.6,4.2,-0.7853981633974483
corridor_2,1,7.168518518518519,1.5296296296296297,2.356194490192345,0.004053276909722209,0.0062997450086805405,1.0,2.6,4.2,-0.7853981633974483
corridor_2,1,2.1944444444444446,4.261111111111111,-0.5235987755982991,0.004055989583333322,0.0062997450086805405,1.0,2.6,4.2,-0.7853981633974483
corridor_2,1,2.4870370370370374,1.7481481481481482,2.617993877991494,0.00406846788194444,0.0062997450086805405,1.0,2.6,4.2,-0.7853981633974483
corridor_2,1,1.9018518518518521,1.5296296296296297,2.094395102393195,0.004100477430555543,0.0062997450086805405,1.0,2.6,4.2,-0.7853981633974483
corridor_2,1,5.9981481481481485,1.7481481481481482,2.617993877991494,0.004108615451388871,0.0062997450086805405,1.0,2.6,4.2,-0.7853981633974483
corridor_2,1,1.3166666666666669,4.042592592592593,-1.0471975511965979,0.004127061631944435,0.0062997450086805405,1.0,2.6,4.2,-0.7853981633974483
corridor_2,1,2.1944444444444446,1.8574074074074074,2.617993877991494,0.004134657118055542,0.0062997450086805405,1.0,2.6,4.2,-0.7853981633974483
corridor_2,1,4.242592592592593,4.261111111111111,-0.5235987755982991,0.004138997395833314,0.0062997450086805405,1.0,2.6,4.2,-0.7853981633974483
corridor_2,1,6.437037037037038,4.261111111111111,-1.0471975511965979,0.0041471354166666575,0.0062997450086805405,1.0,2.6,4.2,-0.7853981633974483
corridor_2,1,3.364814814814815,1.4203703703703705,2.094395102393195,0.004152018229166659,0.0062997450086805405,1.0,2.6,4.2,-0.7853981633974483
corridor_2,1,3.218518518518519,1.5296296296296297,2.094395102393195,0.004155815972222217,0.0062997450086805405,1.0,2.6,4.2,-0.7853981633974483
corridor_2,1,4.974074074074075,1.5296296296296297,1.8325957145940457,0.004166124131944432,0.0062997450086805405,1.0,2.6,4.2,-0.7853981633974483
corridor_2,1,1.1703703703703705,4.261111111111111,-0.7853981633974483,0.004179687499999993,0.0062997450086805405,1.0,2.6,4.2,-0.7853981633974483
corridor_2,1,4.974074074074075,1.7481481481481482,1.8325957145940457,0.004180772569444432,0.0062997450086805405,1.0,2.6,4.2,-0.7853981633974483
corridor_2,1,4.0962962962962965,4.37037037037037,-0.5235987755982991,0.004200303819444428,0.0062997450086805405,1.0,2.6,4.2,-0.7853981633974483
corridor_2,1,1.3166666666666669,4.261111111111111,-1.0471975511965979,0.0042062717013888785,0.0062997450086805405,1.0,2.6,4.2,-0.7853981633974483
corridor_2,1,3.9500000000000006,1.8574074074074074,2.356194490192345,0.004225260416666649,0.0062997450086805405,1.0,2.6,4.2,-0.7853981633974483
corridor_2,1,4.242592592592593,4.261111111111111,-0.7853981633974483,0.004226888020833317,0.0062997450086805405,1.0,2.6,4.2,-0.7853981633974483
corridor_2,1,4.242592592592593,1.8574074074074074,2.617993877991494,0.004237738715277762,0.0062997450086805405,1.0,2.6,4.2,-0.7853981633974483
corridor_2,1,2.9259259259259265,4.479629629629629,-1.0471975511965979,0.004238281249999986,0.0062997450086805405,1.0,2.6,4.2,-0.7853981633974483
corridor_2,1,1.3166666666666669,3.9333333333333336,-1.0471975511965979,0.004245334201388881,0.0062997450086805405,1.0,2.6,4.2,-0.7853981633974483
corridor_2,1,5.851851851851853,1.5296296296296297,2.617993877991494,0.0042502170138888715,0.0062997450086805405,1.0,2.6,4.2,-0.7853981633974483
corridor_2,1,2.340740740740741,4.37037037037037,-0.5235987755982991,0.004250759548611093,0.0062997450086805405,1.0,2.6,4.2,-0.7853981633974483
corridor_2,1,2.6333333333333337,4.151851851851852,-0.7853981633974483,0.004252387152777759,0.0062997450086805405,1.0,2.6,4.2,-0.7853981633974483
corridor_2,1,5.705555555555557,1.638888888888889,2.617993877991494,0.004270290798611093,0.0062997450086805405,1.0,2.6,4.2,-0.7853981633974483
corridor_2,1,0.8777777777777779,4.042592592592593,-0.5235987755982991,0.004273546006944431,0.0062997450086805405,1.0,2.6,4.2,-0.7853981633974483
corridor_2,1,5.9981481481481485,3.8240740740740744,-0.5235987755982991,0.004282769097222212,0.0062997450086805405,1.0,2.6,4.2,-0.7853981633974483
corridor_2,1,5.412962962962964,1.4203703703703705,2.094395102393195,0.004284396701388877,0.0062997450086805405,1.0,2.6,4.2,-0.7853981633974483
corridor_2,1,0.8777777777777779,3.8240740740740744,-0.5235987755982991,0.0042849392361110974,0.0062997450086805405,1.0,2.6,4.2,-0.7853981633974483
corridor_2,1,2.4870370370370374,4.37037037037037,-0.5235987755982991,0.004289822048611096,0.0062997450086805405,1.0,2.6,4.2,-0.7853981633974483
corridor_2,1,2.77962962962963,4.479629629629629,-1.0471975511965979,0.004298502604166653,0.0062997450086805405,1.0,2.6,4.2,-0.7853981633974483
corridor_2,1,3.218518518518519,4.37037037037037,-1.3089969389957472,0.004306640624999986,0.0062997450086805405,1.0,2.6,4.2,-0.7853981633974483
corridor_2,1,0.8777777777777779,4.151851851851852,-0.5235987755982991,0.0043120659722222085,0.0062997450086805405,1.0,2.6,4.2,-0.7853981633974483
corridor_2,1,5.412962962962964,1.7481481481481482,2.356194490192345,0.004319118923611093,0.0062997450086805405,1.0,2.6,4.2,-0.7853981633974483
corridor_2,1,3.9500000000000006,4.151851851851852,-0.5235987755982991,0.004325629340277766,0.0062997450086805405,1.0,2.6,4.2,-0.7853981633974483
corridor_2,1,3.9500000000000006,4.261111111111111,-0.5235987755982991,0.004342447916666657,0.0062997450086805405,1.0,2.6,4.2,-0.7853981633974483
corridor_2,1,2.1944444444444446,1.9666666666666668,2.617993877991494,0.004351128472222212,0.0062997450086805405,1.0,2.6,4.2,-0.7853981633974483
corridor_2,1,4.827777777777778,1.9666666666666668,1.8325957145940457,0.004364691840277771,0.0062997450086805405,1.0,2.6,4.2,-0.7853981633974483
corridor_2,1,1.7555555555555558,1.5296296296296297,2.094395102393195,0.004392903645833324,0.0062997450086805405,1.0,2.6,4.2,-0.7853981633974483
corridor_2,1,7.022222222222223,1.638888888888889,2.356194490192345,0.004405381944444433,0.0062997450086805405,1.0,2.6,4.2,-0.7853981633974483
corridor_2,1,2.9259259259259265,4.042592592592593,-1.0471975511965979,0.004425998263888873,0.0062997450086805405,1.0,2.6,4.2,-0.7853981633974483
corridor_2,1,5.9981481481481485,1.638888888888889,2.617993877991494,0.004428168402777763,0.0062997450086805405,1.0,2.6,4.2,-0.7853981633974483
corridor_2,1,1.6092592592592594,1.7481481481481482,1.8325957145940457,0.0044308810763888755,0.0062997450086805405,1.0,2.6,4.2,-0.7853981633974483
corridor_2,1,0.8777777777777779,4.479629629629629,-0.7853981633974483,0.0044509548611110965,0.0062997450086805405,1.0,2.6,4.2,-0.7853981633974483
corridor_2,1,4.242592592592593,1.638888888888889,2.617993877991494,0.004456922743055544,0.0062997450086805405,1.0,2.6,4.2,-0.7853981633974483
corridor_2,1,5.55925925925926,1.7481481481481482,2.094395102393195,0.0044590928819444285,0.0062997450086805405,1.0,2.6,4.2,-0.7853981633974483
corridor_2,1,4.242592592592593,4.37037037037037,-0.7853981633974483,0.004463975694444428,0.0062997450086805405,1.0,2.6,4.2,-0.7853981633974483
corridor_2,1,0.5851851851851853,4.479629629629629,-0.5235987755982991,0.004482421874999986,0.0062997450086805405,1.0,2.6,4.2,-0.7853981633974483
corridor_2,1,4.681481481481482,4.479629629629629,-0.7853981633974483,0.004505208333333319,0.0062997450086805405,1.0,2.6,4.2,-0.7853981633974483
corridor_2,1,5.705555555555557,1.5296296296296297,2.617993877991494,0.004510091145833316,0.0062997450086805405,1.0,2.6,4.2,-0.7853981633974483
corridor_2,1,7.314814814814816,1.638888888888889,2.356194490192345,0.004529622395833318,0.0062997450086805405,1.0,2.6,4.2,-0.7853981633974483
corridor_2,1,4.0962962962962965,1.5296296296296297,2.617993877991494,0.004531792534722204,0.0062997450086805405,1.0,2.6,4.2,-0.7853981633974483
corridor_2,1,3.218518518518519,4.261111111111111,-1.3089969389957472,0.004535047743055541,0.0062997450086805405,1.0,2.6,4.2,-0.7853981633974483
corridor_2,1,0.8777777777777779,4.042592592592593,-0.7853981633974483,0.004548068576388872,0.0062997450086805405,1.0,2.6,4.2,-0.7853981633974483
corridor_2,1,3.218518518518519,4.151851851851852,-1.3089969389957472,0.00456922743055554,0.0062997450086805405,1.0,2.6,4.2,-0.7853981633974483
corridor_2,1,5.9981481481481485,4.261111111111111,-0.5235987755982991,0.004571940104166648,0.0062997450086805405,1.0,2.6,4.2,-0.7853981633974483
corridor_2,1,7.314814814814816,2.075925925925926,2.617993877991494,0.00457356770833332,0.0062997450086805405,1.0,2.6,4.2,-0.7853981633974483
corridor_2,1,6.290740740740741,4.042592592592593,-0.7853981633974483,0.004590928819444429,0.0062997450086805405,1.0,2.6,4.2,-0.7853981633974483
corridor_2,1,4.242592592592593,4.37037037037037,-0.5235987755982991,0.004600151909722203,0.0062997450086805405,1.0,2.6,4.2,-0.7853981633974483
corridor_2,1,7.314814814814816,1.5296296296296297,2.356194490192345,0.004604492187499983,0.0062997450086805405,1.0,2.6,4.2,-0.7853981633974483
corridor_2,1,2.1944444444444446,3.9333333333333336,-0.5235987755982991,0.004615885416666649,0.0062997450086805405,1.0,2.6,4.2,-0.7853981633974483
corridor_2,1,0.5851851851851853,4.37037037037037,-0.7853981633974483,0.004628906249999983,0.0062997450086805405,1.0,2.6,4.2,-0.7853981633974483
corridor_2,1,7.022222222222223,1.638888888888889,2.094395102393195,0.004640842013888872,0.0062997450086805405,1.0,2.6,4.2,-0.7853981633974483
corridor_2,1,5.120370370370371,4.37037037037037,-1.3089969389957472,0.004643012152777761,0.0062997450086805405,1.0,2.6,4.2,-0.7853981633974483
corridor_2,1,2.340740740740741,1.7481481481481482,2.356194490192345,0.004653320312499989,0.0062997450086805405,1.0,2.6,4.2,-0.7853981633974483
corridor_2,1,3.218518518518519,4.261111111111111,-1.0471975511965979,0.0046598307291666596,0.0062997450086805405,1.0,2.6,4.2,-0.7853981633974483
corridor_2,1,4.242592592592593,4.151851851851852,-0.5235987755982991,0.0046636284722222,0.0062997450086805405,1.0,2.6,4.2,-0.7853981633974483
corridor_2,1,2.340740740740741,1.9666666666666668,2.356194490192345,0.004671223958333321,0.0062997450086805405,1.0,2.6,4.2,-0.7853981633974483
corridor_2,1,4.242592592592593,1.7481481481481482,2.617993877991494,0.004679904513888873,0.0062997450086805405,1.0,2.6,4.2,-0.7853981633974483
corridor_2,1,3.9500000000000006,1.638888888888889,2.356194490192345,0.0046853298611110915,0.0062997450086805405,1.0,2.6,4.2,-0.7853981633974483
corridor_2,1,0.8777777777777779,4.261111111111111,-0.5235987755982991,0.004691840277777762,0.0062997450086805405,1.0,2.6,4.2,-0.7853981633974483
corridor_2,1,3.9500000000000006,1.638888888888889,2.617993877991494,0.004694552951388866,0.0062997450086805405,1.0,2.6,4.2,-0.7853981633974483
corridor_2,1,5.55925925925926,1.638888888888889,2.094395102393195,0.004695638020833318,0.0062997450086805405,1.0,2.6,4.2,-0.7853981633974483
corridor_2,1,0.7314814814814816,4.479629629629629,-0.7853981633974483,0.004707031249999984,0.0062997450086805405,1.0,2.6,4.2,-0.7853981633974483
corridor_2,1,1.1703703703703705,3.9333333333333336,-1.0471975511965979,0.004711914062499988,0.0062997450086805405,1.0,2.6,4.2,-0.7853981633974483
corridor_2,1,2.1944444444444446,4.37037037037037,-0.5235987755982991,0.0047140842013888755,0.0062997450086805405,1.0,2.6,4.2,-0.7853981633974483
corridor_2,1,4.242592592592593,4.042592592592593,-0.5235987755982991,0.004714626736111092,0.0062997450086805405,1.0,2.6,4.2,-0.7853981633974483
corridor_2,1,7.461111111111112,1.9666666666666668,2.617993877991494,0.004715711805555544,0.0062997450086805405,1.0,2.6,4.2,-0.7853981633974483
corridor_2,1,4.974074074074075,1.8574074074074074,1.8325957145940457,0.0047222222222222075,0.0062997450086805405,1.0,2.6,4.2,-0.7853981633974483
corridor_2,1,5.120370370370371,1.7481481481481482,1.8325957145940457,0.00473036024305554,0.0062997450086805405,1.0,2.6,4.2,-0.7853981633974483
corridor_2,1,0.43888888888888894,4.261111111111111,-0.5235987755982991,0.004735243055555545,0.0062997450086805405,1.0,2.6,4.2,-0.7853981633974483
corridor_2,1,7.314814814814816,1.9666666666666668,2.617993877991494,0.004740125868055541,0.0062997450086805405,1.0,2.6,4.2,-0.7853981633974483
corridor_2,1,2.6333333333333337,4.261111111111111,-1.0471975511965979,0.00476671006944443,0.0062997450086805405,1.0,2.6,4.2,-0.7853981633974483
corridor_2,1,6.72962962962963,2.075925925925926,2.094395102393195,0.004771592881944436,0.0062997450086805405,1.0,2.6,4.2,-0.7853981633974483
corridor_2,1,3.0722222222222224,1.7481481481481482,1.8325957145940457,0.004788953993055542,0.0062997450086805405,1.0,2.6,4.2,-0.7853981633974483
corridor_2,1,4.974074074074075,1.638888888888889,2.094395102393195,0.004791666666666659,0.0062997450086805405,1.0,2.6,4.2,-0.7853981633974483
corridor_2,1,5.120370370370371,4.151851851851852,-1.3089969389957472,0.004797092013888873,0.0062997450086805405,1.0,2.6,4.2,-0.7853981633974483
corridor_2,1,1.9018518518518521,1.9666666666666668,2.094395102393195,0.004799262152777759,0.0062997450086805405,1.0,2.6,4.2,-0.7853981633974483
corridor_2,1,7.314814814814816,1.638888888888889,2.617993877991494,0.004803602430555538,0.0062997450086805405,1.0,2.6,4.2,-0.7853981633974483
corridor_2,1,1.6092592592592594,1.638888888888889,1.8325957145940457,0.004818793402777765,0.0062997450086805405,1.0,2.6,4.2,-0.7853981633974483
corridor_2,1,3.364814814814815,4.042592592592593,-1.3089969389957472,0.004823133680555545,0.0062997450086805405,1.0,2.6,4.2,-0.7853981633974483
corridor_2,1,3.5111111111111115,1.8574074074074074,2.094395102393195,0.0048258463541666465,0.0062997450086805405,1.0,2.6,4.2,-0.7853981633974483
corridor_2,1,5.120370370370371,1.638888888888889,1.8325957145940457,0.004829644097222205,0.0062997450086805405,1.0,2.6,4.2,-0.7853981633974483
corridor_2,1,7.314814814814816,1.7481481481481482,2.617993877991494,0.004833441840277762,0.0062997450086805405,1.0,2.6,4.2,-0.7853981633974483
corridor_2,1,2.1944444444444446,1.4203703703703705,2.356194490192345,0.004836697048611102,0.0062997450086805405,1.0,2.6,4.2,-0.7853981633974483
corridor_2,1,4.242592592592593,4.479629629629629,-0.7853981633974483,0.0048480902777777645,0.0062997450086805405,1.0,2.6,4.2,-0.7853981633974483
corridor_2,1,3.5111111111111115,1.638888888888889,2.356194490192345,0.004848632812499985,0.0062997450086805405,1.0,2.6,4.2,-0.7853981633974483
corridor_2,1,5.851851851851853,4.261111111111111,-0.5235987755982991,0.004856228298611101,0.0062997450086805405,1.0,2.6,4.2,-0.7853981633974483
corridor_2,1,1.0240740740740741,4.261111111111111,-1.0471975511965979,0.004856770833333311,0.0062997450086805405,1.0,2.6,4.2,-0.7853981633974483
corridor_2,1,3.657407407407408,1.8574074074074074,2.356194490192345,0.004863823784722203,0.0062997450086805405,1.0,2.6,4.2,-0.7853981633974483
corridor_2,1,7.168518518518519,2.075925925925926,2.617993877991494,0.004866536458333316,0.0062997450086805405,1.0,2.6,4.2,-0.7853981633974483
corridor_2,1,3.218518518518519,1.638888888888889,1.8325957145940457,0.004870876736111094,0.0062997450086805405,1.0,2.6,4.2,-0.7853981633974483
corridor_2,1,7.022222222222223,1.7481481481481482,2.094395102393195,0.004892578124999982,0.0062997450086805405,1.0,2.6,4.2,-0.7853981633974483
corridor_2,1,7.168518518518519,1.8574074074074074,2.617993877991494,0.004898003472222208,0.0062997450086805405,1.0,2.6,4.2,-0.7853981633974483
corridor_2,1,4.974074074074075,1.9666666666666668,1.8325957145940457,0.004909396701388876,0.0062997450086805405,1.0,2.6,4.2,-0.7853981633974483
corridor_2,1,4.827777777777778,1.638888888888889,1.8325957145940457,0.004909396701388882,0.0062997450086805405,1.0,2.6,4.2,-0.7853981633974483
corridor_2,1,0.43888888888888894,4.151851851851852,-0.5235987755982991,0.004909939236111101,0.0062997450086805405,1.0,2.6,4.2,-0.7853981633974483
corridor_2,1,7.314814814814816,1.8574074074074074,2.617993877991494,0.004914279513888874,0.0062997450086805405,1.0,2.6,4.2,-0.7853981633974483
corridor_2,1,7.314814814814816,1.7481481481481482,2.356194490192345,0.004919162326388871,0.0062997450086805405,1.0,2.6,4.2,-0.7853981633974483
corridor_2,1,5.120370370370371,4.261111111111111,-1.3089969389957472,0.004920789930555539,0.0062997450086805405,1.0,2.6,4.2,-0.7853981633974483
corridor_2,1,3.218518518518519,1.638888888888889,2.094395102393195,0.004926757812499988,0.0062997450086805405,1.0,2.6,4.2,-0.7853981633974483
corridor_2,1,5.412962962962964,1.7481481481481482,2.094395102393195,0.004927842881944422,0.0062997450086805405,1.0,2.6,4.2,-0.7853981633974483
corridor_2,1,7.168518518518519,1.9666666666666668,2.617993877991494,0.004928927951388873,0.0062997450086805405,1.0,2.6,4.2,-0.7853981633974483
corridor_2,1,4.388888888888889,4.042592592592593,-0.7853981633974483,0.00493164062499998,0.0062997450086805405,1.0,2.6,4.2,-0.7853981633974483
corridor_2,1,1.0240740740740741,3.9333333333333336,-0.7853981633974483,0.004939778645833318,0.0062997450086805405,1.0,2.6,4.2,-0.7853981633974483
corridor_2,1,6.875925925925927,2.075925925925926,2.356194490192345,0.004943033854166655,0.0062997450086805405,1.0,2.6,4.2,-0.7853981633974483
corridor_2,1,1.0240740740740741,4.479629629629629,-0.7853981633974483,0.004946289062499987,0.0062997450086805405,1.0,2.6,4.2,-0.7853981633974483
corridor_2,1,6.144444444444445,1.9666666666666668,2.879793265790643,0.004952799479166648,0.0062997450086805405,1.0,2.6,4.2,-0.7853981633974483
corridor_2,1,2.0481481481481483,4.042592592592593,-0.2617993877991496,0.004956054687499981,0.0062997450086805405,1.0,2.6,4.2,-0.7853981633974483
corridor_2,1,3.0722222222222224,4.479629629629629,-1.0471975511965979,0.0049620225694444325,0.0062997450086805405,1.0,2.6,4.2,-0.7853981633974483
corridor_2,1,2.0481481481481483,1.7481481481481482,2.094395102393195,0.004969075520833317,0.0062997450086805405,1.0,2.6,4.2,-0.7853981633974483
corridor_2,1,5.9981481481481485,1.9666666666666668,2.617993877991494,0.00497070312499998,0.0062997450086805405,1.0,2.6,4.2,-0.7853981633974483
corridor_2,1,3.9500000000000006,1.5296296296296297,2.617993877991494,0.004971245659722203,0.0062997450086805405,1.0,2.6,4.2,-0.7853981633974483
corridor_2,1,6.144444444444445,3.9333333333333336,-1.0471975511965979,0.004972873263888877,0.0062997450086805405,1.0,2.6,4.2,-0.7853981633974483
corridor_2,1,3.218518518518519,1.7481481481481482,1.8325957145940457,0.004974500868055539,0.0062997450086805405,1.0,2.6,4.2,-0.7853981633974483
corridor_2,1,2.77962962962963,4.151851851851852,-0.7853981633974483,0.0049858940972222,0.0062997450086805405,1.0,2.6,4.2,-0.7853981633974483
corridor_2,1,1.4629629629629632,3.8240740740740744,-1.0471975511965979,0.0049896918402777745,0.0062997450086805405,1.0,2.6,4.2,-0.7853981633974483
corridor_2,1,6.875925925925927,1.8574074074074074,2.094395102393195,0.004997287326388871,0.0062997450086805405,1.0,2.6,4.2,-0.7853981633974483
corridor_2,1,3.0722222222222224,4.261111111111111,-1.3089969389957472,0.005000542534722204,0.0062997450086805405,1.0,2.6,4.2,-0.7853981633974483
corridor_2,1,4.827777777777778,1.7481481481481482,1.8325957145940457,0.005005425347222214,0.0062997450086805405,1.0,2.6,4.2,-0.7853981633974483
corridor_2,1,0.7314814814814816,2.2944444444444447,1.8325957145940457,0.005013020833333322,0.0062997450086805405,1.0,2.6,4.2,-0.7853981633974483
corridor_2,1,6.144444444444445,1.8574074074074074,2.879793265790643,0.005014105902777758,0.0062997450086805405,1.0,2.6,4.2,-0.7853981633974483
corridor_2,1,1.3166666666666669,3.8240740740740744,-1.0471975511965979,0.0050157335069444375,0.0062997450086805405,1.0,2.6,4.2,-0.7853981633974483
corridor_2,1,2.0481481481481483,1.8574074074074074,2.094395102393195,0.00501627604166665,0.0062997450086805405,1.0,2.6,4.2,-0.7853981633974483
corridor_2,1,1.4629629629629632,4.261111111111111,-1.3089969389957472,0.005022243923611095,0.0062997450086805405,1.0,2.6,4.2,-0.7853981633974483
corridor_2,1,4.242592592592593,4.479629629629629,-0.5235987755982991,0.005024414062499981,0.0062997450086805405,1.0,2.6,4.2,-0.7853981633974483
corridor_2,1,1.1703703703703705,4.37037037037037,-0.7853981633974483,0.005027669270833322,0.0062997450086805405,1.0,2.6,4.2,-0.7853981633974483
corridor_2,1,5.120370370370371,1.9666666666666668,2.094395102393195,0.005032552083333322,0.0062997450086805405,1.0,2.6,4.2,-0.7853981633974483
corridor_2,1,5.9981481481481485,4.37037037037037,-0.7853981633974483,0.005032552083333323,0.0062997450086805405,1.0,2.6,4.2,-0.7853981633974483
corridor_2,1,4.974074074074075,4.261111111111111,-1.3089969389957472,0.005035807291666648,0.0062997450086805405,1.0,2.6,4.2,-0.7853981633974483
corridor_2,1,2.0481481481481483,1.4203703703703705,2.356194490192345,0.00503960503472221,0.0062997450086805405,1.0,2.6,4.2,-0.7853981633974483
corridor_2,1,2.4870370370370374,1.638888888888889,2.617993877991494,0.0050444878472222145,0.0062997450086805405,1.0,2.6,4.2,-0.7853981633974483
corridor_2,1,6.583333333333334,4.151851851851852,-1.3089969389957472,0.005047743055555538,0.0062997450086805405,1.0,2.6,4.2,-0.7853981633974483
corridor_2,1,6.437037037037038,4.37037037037037,-1.0471975511965979,0.005048285590277766,0.0062997450086805405,1.0,2.6,4.2,-0.7853981633974483
corridor_2,1,6.144444444444445,3.8240740740740744,-1.0471975511965979,0.005070529513888874,0.0062997450086805405,1.0,2.6,4.2,-0.7853981633974483
corridor_2,1,2.340740740740741,4.479629629629629,-0.5235987755982991,0.005078667534722208,0.0062997450086805405,1.0,2.6,4.2,-0.7853981633974483
corridor_2,1,4.681481481481482,4.151851851851852,-1.0471975511965979,0.005081380208333309,0.0062997450086805405,1.0,2.6,4.2,-0.7853981633974483
corridor_2,1,5.851851851851853,1.4203703703703705,2.617993877991494,0.005086805555555541,0.0062997450086805405,1.0,2.6,4.2,-0.7853981633974483
corridor_2,1,6.144444444444445,4.042592592592593,-1.0471975511965979,0.005088433159722209,0.0062997450086805405,1.0,2.6,4.2,-0.7853981633974483
corridor_2,1,4.974074074074075,4.151851851851852,-1.0471975511965979,0.005091688368055537,0.0062997450086805405,1.0,2.6,4.2,-0.7853981633974483
corridor_2,1,1.4629629629629632,4.151851851851852,-1.3089969389957472,0.005095486111111095,0.0062997450086805405,1.0,2.6,4.2,-0.7853981633974483
corridor_2,1,2.6333333333333337,2.185185185185185,2.879793265790643,0.0051019965277777695,0.0062997450086805405,1.0,2.6,4.2,-0.7853981633974483
corridor_2,1,1.9018518518518521,1.9666666666666668,2.356194490192345,0.005105251736111097,0.0062997450086805405,1.0,2.6,4.2,-0.7853981633974483
corridor_2,1,3.8037037037037043,1.638888888888889,2.094395102393195,0.005110134548611094,0.0062997450086805405,1.0,2.6,4.2,-0.7853981633974483
corridor_2,1,4.827777777777778,1.8574074074074074,1.8325957145940457,0.005125868055555548,0.0062997450086805405,1.0,2.6,4.2,-0.7853981633974483
corridor_2,1,1.3166666666666669,3.8240740740740744,-0.7853981633974483,0.0051269531249999965,0.0062997450086805405,1.0,2.6,4.2,-0.7853981633974483
corridor_2,1,1.0240740740740741,4.37037037037037,-1.0471975511965979,0.005132378472222199,0.0062997450086805405,1.0,2.6,4.2,-0.7853981633974483
corridor_2,1,5.9981481481481485,1.5296296296296297,2.617993877991494,0.00514322916666665,0.0062997450086805405,1.0,2.6,4.2,-0.7853981633974483
corridor_2,1,0.43888888888888894,4.37037037037037,-0.5235987755982991,0.005143771701388877,0.0062997450086805405,1.0,2.6,4.2,-0.7853981633974483
corridor_2,1,3.657407407407408,1.4203703703703705,2.094395102393195,0.005155164930555539,0.0062997450086805405,1.0,2.6,4.2,-0.7853981633974483
corridor_2,1,5.9981481481481485,3.714814814814815,-0.5235987755982991,0.005164930555555547,0.0062997450086805405,1.0,2.6,4.2,-0.7853981633974483
corridor_2,1,5.705555555555557,3.8240740740740744,-0.2617993877991496,0.0051725260416666495,0.0062997450086805405,1.0,2.6,4.2,-0.7853981633974483
corridor_2,1,1.4629629629629632,4.37037037037037,-1.3089969389957472,0.005173068576388872,0.0062997450086805405,1.0,2.6,4.2,-0.7853981633974483
corridor_2,1,5.2666666666666675,1.638888888888889,2.356194490192345,0.005180121527777763,0.0062997450086805405,1.0,2.6,4.2,-0.7853981633974483
corridor_2,1,5.851851851851853,1.4203703703703705,2.356194490192345,0.005183376736111103,0.0062997450086805405,1.0,2.6,4.2,-0.7853981633974483
corridor_2,1,2.0481481481481483,3.9333333333333336,-0.2617993877991496,0.005186631944444426,0.0062997450086805405,1.0,2.6,4.2,-0.7853981633974483
corridor_2,1,6.72962962962963,1.9666666666666668,2.094395102393195,0.005190429687499991,0.0062997450086805405,1.0,2.6,4.2,-0.7853981633974483
corridor_2,1,1.3166666666666669,4.37037037037037,-1.0471975511965979,0.005192599826388876,0.0062997450086805405,1.0,2.6,4.2,-0.7853981633974483
corridor_2,1,4.242592592592593,1.9666666666666668,2.617993877991494,0.005201822916666645,0.0062997450086805405,1.0,2.6,4.2,-0.7853981633974483
corridor_2,1,4.0962962962962965,1.4203703703703705,2.617993877991494,0.005207248263888873,0.0062997450086805405,1.0,2.6,4.2,-0.7853981633974483
corridor_2,1,6.290740740740741,4.37037037037037,-1.0471975511965979,0.005209960937499985,0.0062997450086805405,1.0,2.6,4.2,-0.7853981633974483
corridor_2,1,4.535185185185186,4.479629629629629,-1.0471975511965979,0.005225151909722206,0.0062997450086805405,1.0,2.6,4.2,-0.7853981633974483
corridor_2,1,1.0240740740740741,4.151851851851852,-1.0471975511965979,0.005236002604166645,0.0062997450086805405,1.0,2.6,4.2,-0.7853981633974483
corridor_2,1,3.9500000000000006,1.8574074074074074,2.617993877991494,0.005236002604166646,0.0062997450086805405,1.0,2.6,4.2,-0.7853981633974483
corridor_2,1,2.1944444444444446,1.7481481481481482,2.617993877991494,0.005241970486111091,0.0062997450086805405,1.0,2.6,4.2,-0.7853981633974483
corridor_2,1,7.022222222222223,1.5296296296296297,2.356194490192345,0.005245225694444429,0.0062997450086805405,1.0,2.6,4.2,-0.7853981633974483
corridor_2,1,2.0481481481481483,1.638888888888889,2.094395102393195,0.005251193576388872,0.0062997450086805405,1.0,2.6,4.2,-0.7853981633974483
corridor_2,1,6.144444444444445,3.8240740740740744,-0.7853981633974483,0.005252821180555542,0.0062997450086805405,1.0,2.6,4.2,-0.7853981633974483
corridor_2,1,0.7314814814814816,3.8240740740740744,-0.5235987755982991,0.005257161458333314,0.0062997450086805405,1.0,2.6,4.2,-0.7853981633974483
corridor_2,1,3.9500000000000006,3.9333333333333336,-0.5235987755982991,0.005274522569444429,0.0062997450086805405,1.0,2.6,4.2,-0.7853981633974483
corridor_2,1,3.364814814814815,1.7481481481481482,1.8325957145940457,0.005281575520833316,0.0062997450086805405,1.0,2.6,4.2,-0.7853981633974483
corridor_2,1,2.340740740740741,1.638888888888889,2.356194490192345,0.005291883680555543,0.0062997450086805405,1.0,2.6,4.2,-0.7853981633974483
corridor_2,1,5.55925925925926,1.5296296296296297,2.094395102393195,0.005296766493055539,0.0062997450086805405,1.0,2.6,4.2,-0.7853981633974483
corridor_2,1,4.974074074074075,4.479629629629629,-1.0471975511965979,0.005301106770833319,0.0062997450086805405,1.0,2.6,4.2,-0.7853981633974483
corridor_2,1,1.4629629629629632,3.9333333333333336,-1.0471975511965979,0.005306532118055551,0.0062997450086805405,1.0,2.6,4.2,-0.7853981633974483
corridor_2,1,3.218518518518519,4.042592592592593,-1.3089969389957472,0.005307617187499982,0.0062997450086805405,1.0,2.6,4.2,-0.7853981633974483
corridor_2,1,3.0722222222222224,4.151851851851852,-1.3089969389957472,0.005317925347222203,0.0062997450086805405,1.0,2.6,4.2,-0.7853981633974483
corridor_2,1,1.6092592592592594,1.8574074074074074,1.8325957145940457,0.005326605902777759,0.0062997450086805405,1.0,2.6,4.2,-0.7853981633974483
corridor_2,1,6.583333333333334,4.042592592592593,-1.0471975511965979,0.005328233506944432,0.0062997450086805405,1.0,2.6,4.2,-0.7853981633974483
corridor_2,1,2.6333333333333337,4.261111111111111,-0.5235987755982991,0.005334743923611094,0.0062997450086805405,1.0,2.6,4.2,-0.7853981633974483
corridor_2,1,3.218518518518519,1.5296296296296297,1.8325957145940457,0.0053417968749999815,0.0062997450086805405,1.0,2.6,4.2,-0.7853981633974483
corridor_2,1,6.72962962962963,1.638888888888889,1.8325957145940457,0.005349392361111095,0.0062997450086805405,1.0,2.6,4.2,-0.7853981633974483
corridor_2,1,3.218518518518519,1.4203703703703705,1.8325957145940457,0.005349934895833316,0.0062997450086805405,1.0,2.6,4.2,-0.7853981633974483
corridor_2,1,5.705555555555557,3.714814814814815,-0.2617993877991496,0.005351562499999984,0.0062997450086805405,1.0,2.6,4.2,-0.7853981633974483
corridor_2,1,6.583333333333334,4.042592592592593,-1.3089969389957472,0.0053542751736110955,0.0062997450086805405,1.0,2.6,4.2,-0.7853981633974483
corridor_2,1,2.340740740740741,1.8574074074074074,2.356194490192345,0.005357530381944432,0.0062997450086805405,1.0,2.6,4.2,-0.7853981633974483
corridor_2,1,3.218518518518519,1.7481481481481482,2.094395102393195,0.005359157986111098,0.0062997450086805405,1.0,2.6,4.2,-0.7853981633974483
corridor_2,1,3.364814814814815,3.9333333333333336,-1.3089969389957472,0.005368923611111098,0.0062997450086805405,1.0,2.6,4.2,-0.7853981633974483
corridor_2,1,1.9018518518518521,1.5296296296296297,2.356194490192345,0.005374891493055541,0.0062997450086805405,1.0,2.6,4.2,-0.7853981633974483
corridor_2,1,4.0962962962962965,4.479629629629629,-0.5235987755982991,0.005376519097222205,0.0062997450086805405,1.0,2.6,4.2,-0.7853981633974483
corridor_2,1,4.974074074074075,4.151851851851852,-1.3089969389957472,0.005379774305555535,0.0062997450086805405,1.0,2.6,4.2,-0.7853981633974483
corridor_2,1,7.461111111111112,1.7481481481481482,2.617993877991494,0.005386827256944431,0.0062997450086805405,1.0,2.6,4.2,-0.7853981633974483
corridor_2,1,6.875925925925927,1.9666666666666668,2.094395102393195,0.00539496527777776,0.0062997450086805405,1.0,2.6,4.2,-0.7853981633974483
corridor_2,1,2.0481481481481483,1.9666666666666668,2.094395102393195,0.005394965277777761,0.0062997450086805405,1.0,2.6,4.2,-0.7853981633974483
corridor_2,1,5.55925925925926,1.638888888888889,2.617993877991494,0.005394965277777761,0.0062997450086805405,1.0,2.6,4.2,-0.7853981633974483
corridor_2,1,3.5111111111111115,1.5296296296296297,2.356194490192345,0.0053976779513888705,0.0062997450086805405,1.0,2.6,4.2,-0.7853981633974483
corridor_2,1,5.705555555555557,3.6055555555555556,-0.2617993877991496,0.005405273437499987,0.0062997450086805405,1.0,2.6,4.2,-0.7853981633974483
corridor_2,1,4.974074074074075,1.4203703703703705,1.8325957145940457,0.005405815972222206,0.0062997450086805405,1.0,2.6,4.2,-0.7853981633974483
corridor_2,1,2.6333333333333337,4.37037037037037,-1.0471975511965979,0.00541178385416665,0.0062997450086805405,1.0,2.6,4.2,-0.7853981633974483
corridor_2,1,5.120370370370371,1.8574074074074074,1.8325957145940457,0.005414496527777761,0.0062997450086805405,1.0,2.6,4.2,-0.7853981633974483
corridor_2,1,5.55925925925926,1.8574074074074074,2.356194490192345,0.005416666666666644,0.0062997450086805405,1.0,2.6,4.2,-0.7853981633974483
corridor_2,1,6.72962962962963,1.7481481481481482,1.8325957145940457,0.0054166666666666495,0.0062997450086805405,1.0,2.6,4.2,-0.7853981633974483
corridor_2,1,5.120370370370371,4.479629629629629,-1.3089969389957472,0.005418294270833315,0.0062997450086805405,1.0,2.6,4.2,-0.7853981633974483
corridor_2,1,1.0240740740740741,4.479629629629629,-1.0471975511965979,0.005428059895833311,0.0062997450086805405,1.0,2.6,4.2,-0.7853981633974483
corridor_2,1,3.9500000000000006,3.9333333333333336,-0.2617993877991496,0.005432942708333314,0.0062997450086805405,1.0,2.6,4.2,-0.7853981633974483
corridor_2,1,6.875925925925927,1.8574074074074074,2.356194490192345,0.005433485243055543,0.0062997450086805405,1.0,2.6,4.2,-0.7853981633974483
corridor_2,1,5.412962962962964,1.8574074074074074,2.094395102393195,0.005443250868055534,0.0062997450086805405,1.0,2.6,4.2,-0.7853981633974483
corridor_2,1,4.827777777777778,4.261111111111111,-0.7853981633974483,0.0054475911458333175,0.0062997450086805405,1.0,2.6,4.2,-0.7853981633974483
corridor_2,1,7.022222222222223,1.8574074074074074,2.094395102393195,0.005459526909722203,0.0062997450086805405,1.0,2.6,4.2,-0.7853981633974483
corridor_2,1,3.218518518518519,4.479629629629629,-1.3089969389957472,0.005461154513888872,0.0062997450086805405,1.0,2.6,4.2,-0.7853981633974483
corridor_2,1,5.851851851851853,3.6055555555555556,-0.5235987755982991,0.005472547743055548,0.0062997450086805405,1.0,2.6,4.2,-0.7853981633974483
corridor_2,1,7.461111111111112,1.8574074074074074,2.617993877991494,0.005479058159722209,0.0062997450086805405,1.0,2.6,4.2,-0.7853981633974483
corridor_2,1,2.77962962962963,4.151851851851852,-1.0471975511965979,0.005493706597222197,0.0062997450086805405,1.0,2.6,4.2,-0.7853981633974483
corridor_2,1,4.974074074074075,4.37037037037037,-1.3089969389957472,0.005494249131944424,0.0062997450086805405,1.0,2.6,4.2,-0.7853981633974483
corridor_2,1,2.340740740740741,4.479629629629629,-0.7853981633974483,0.0054964192708333234,0.0062997450086805405,1.0,2.6,4.2,-0.7853981633974483
corridor_2,1,0.5851851851851853,2.185185185185185,1.8325957145940457,0.005499131944444433,0.0062997450086805405,1.0,2.6,4.2,-0.7853981633974483
corridor_2,1,2.340740740740741,2.075925925925926,2.356194490192345,0.005500217013888874,0.0062997450086805405,1.0,2.6,4.2,-0.7853981633974483
corridor_2,1,3.9500000000000006,4.37037037037037,-0.5235987755982991,0.005501844618055545,0.0062997450086805405,1.0,2.6,4.2,-0.7853981633974483
corridor_2,1,4.388888888888889,4.151851851851852,-0.5235987755982991,0.0055105251736110895,0.0062997450086805405,1.0,2.6,4.2,-0.7853981633974483
corridor_2,1,7.168518518518519,1.9666666666666668,2.356194490192345,0.005530598958333315,0.0062997450086805405,1.0,2.6,4.2,-0.7853981633974483
corridor_2,1,4.535185185185186,4.261111111111111,-1.0471975511965979,0.0055436197916666425,0.0062997450086805405,1.0,2.6,4.2,-0.7853981633974483
corridor_2,1,3.9500000000000006,1.7481481481481482,2.617993877991494,0.005548502604166641,0.0062997450086805405,1.0,2.6,4.2,-0.7853981633974483
corridor_2,1,2.0481481481481483,1.5296296296296297,2.094395102393195,0.005548502604166649,0.0062997450086805405,1.0,2.6,4.2,-0.7853981633974483
corridor_2,1,1.4629629629629632,4.151851851851852,-1.0471975511965979,0.005555013020833328,0.0062997450086805405,1.0,2.6,4.2,-0.7853981633974483
corridor_2,1,4.827777777777778,4.151851851851852,-1.3089969389957472,0.005565321180555537,0.0062997450086805405,1.0,2.6,4.2,-0.7853981633974483
corridor_2,1,3.0722222222222224,3.9333333333333336,-1.0471975511965979,0.00556749131944443,0.0062997450086805405,1.0,2.6,4.2,-0.7853981633974483
corridor_2,1,7.461111111111112,1.638888888888889,2.617993877991494,0.0055691189236110996,0.0062997450086805405,1.0,2.6,4.2,-0.7853981633974483
corridor_2,1,6.875925925925927,1.638888888888889,2.094395102393195,0.005569661458333313,0.0062997450086805405,1.0,2.6,4.2,-0.7853981633974483
corridor_2,1,5.851851851851853,1.7481481481481482,2.356194490192345,0.005579969618055537,0.0062997450086805405,1.0,2.6,4.2,-0.7853981633974483
corridor_2,1,2.6333333333333337,2.2944444444444447,2.879793265790643,0.005579969618055549,0.0062997450086805405,1.0,2.6,4.2,-0.7853981633974483
corridor_2,1,6.144444444444445,4.479629629629629,-0.7853981633974483,0.005586480034722212,0.0062997450086805405,1.0,2.6,4.2,-0.7853981633974483
corridor_2,1,5.851851851851853,3.714814814814815,-0.7853981633974483,0.005587565104166656,0.0062997450086805405,1.0,2.6,4.2,-0.7853981633974483
corridor_2,1,6.875925925925927,1.7481481481481482,2.094395102393195,0.005591362847222202,0.0062997450086805405,1.0,2.6,4.2,-0.7853981633974483
corridor_2,1,3.9500000000000006,4.042592592592593,-0.2617993877991496,0.005591905381944424,0.0062997450086805405,1.0,2.6,4.2,-0.7853981633974483
corridor_2,1,3.0722222222222224,1.8574074074074074,1.8325957145940457,0.005592990451388871,0.0062997450086805405,1.0,2.6,4.2,-0.7853981633974483
corridor_2,1,6.583333333333334,4.261111111111111,-1.3089969389957472,0.005595160590277761,0.0062997450086805405,1.0,2.6,4.2,-0.7853981633974483
corridor_2,1,3.364814814814815,1.638888888888889,1.8325957145940457,0.005597330729166647,0.0062997450086805405,1.0,2.6,4.2,-0.7853981633974483
corridor_2,1,3.9500000000000006,4.151851851851852,-0.2617993877991496,0.005599500868055533,0.0062997450086805405,1.0,2.6,4.2,-0.7853981633974483
corridor_2,1,3.0722222222222224,4.042592592592593,-1.3089969389957472,0.005600585937499982,0.0062997450086805405,1.0,2.6,4.2,-0.7853981633974483
corridor_2,1,4.681481481481482,4.261111111111111,-0.7853981633974483,0.005603841145833311,0.0062997450086805405,1.0,2.6,4.2,-0.7853981633974483
corridor_2,1,0.5851851851851853,2.075925925925926,1.8325957145940457,0.005608723958333322,0.0062997450086805405,1.0,2.6,4.2,-0.7853981633974483
corridor_2,1,0.8777777777777779,3.9333333333333336,-0.7853981633974483,0.005615776909722203,0.0062997450086805405,1.0,2.6,4.2,-0.7853981633974483
corridor_2,1,4.388888888888889,3.9333333333333336,-0.7853981633974483,0.005634765624999981,0.0062997450086805405,1.0,2.6,4.2,-0.7853981633974483
corridor_2,1,3.0722222222222224,1.638888888888889,1.8325957145940457,0.005638020833333317,0.0062997450086805405,1.0,2.6,4.2,-0.7853981633974483
corridor_2,1,3.364814814814815,4.261111111111111,-1.3089969389957472,0.005655924479166654,0.0062997450086805405,1.0,2.6,4.2,-0.7853981633974483
corridor_2,1,0.5851851851851853,4.479629629629629,-0.7853981633974483,0.005662977430555536,0.0062997450086805405,1.0,2.6,4.2,-0.7853981633974483
corridor_2,1,5.55925925925926,1.4203703703703705,2.094395102393195,0.005666775173611094,0.0062997450086805405,1.0,2.6,4.2,-0.7853981633974483
corridor_2,1,6.290740740740741,4.37037037037037,-0.7853981633974483,0.005666775173611095,0.0062997450086805405,1.0,2.6,4.2,-0.7853981633974483
corridor_2,1,0.43888888888888894,4.042592592592593,-0.5235987755982991,0.0056700303819444305,0.0062997450086805405,1.0,2.6,4.2,-0.7853981633974483
corridor_2,1,5.120370370370371,1.9666666666666668,1.8325957145940457,0.005680881076388872,0.0062997450086805405,1.0,2.6,4.2,-0.7853981633974483
corridor_2,1,0.43888888888888894,3.9333333333333336,-0.2617993877991496,0.005681423611111094,0.0062997450086805405,1.0,2.6,4.2,-0.7853981633974483
corridor_2,1,6.144444444444445,4.151851851851852,-1.0471975511965979,0.0056852213541666525,0.0062997450086805405,1.0,2.6,4.2,-0.7853981633974483
corridor_2,1,5.9981481481481485,1.9666666666666668,2.879793265790643,0.005694986979166646,0.0062997450086805405,1.0,2.6,4.2,-0.7853981633974483
corridor_2,1,0.7314814814814816,4.151851851851852,-0.7853981633974483,0.0056955295138888615,0.0062997450086805405,1.0,2.6,4.2,-0.7853981633974483
corridor_2,1,0.5851851851851853,3.8240740740740744,-0.5235987755982991,0.005703124999999982,0.0062997450086805405,1.0,2.6,4.2,-0.7853981633974483
corridor_2,1,5.2666666666666675,1.7481481481481482,1.8325957145940457,0.005706380208333315,0.0062997450086805405,1.0,2.6,4.2,-0.7853981633974483
corridor_2,1,3.8037037037037043,3.8240740740740744,-0.2617993877991496,0.005706922743055539,0.0062997450086805405,1.0,2.6,4.2,-0.7853981633974483
corridor_2,1,1.0240740740740741,4.042592592592593,-1.0471975511965979,0.005709635416666644,0.0062997450086805405,1.0,2.6,4.2,-0.7853981633974483
corridor_2,1,0.5851851851851853,3.9333333333333336,-0.5235987755982991,0.005709635416666646,0.0062997450086805405,1.0,2.6,4.2,-0.7853981633974483
corridor_2,1,5.2666666666666675,4.261111111111111,-1.3089969389957472,0.005712890624999987,0.0062997450086805405,1.0,2.6,4.2,-0.7853981633974483
corridor_2,1,4.242592592592593,4.042592592592593,-0.7853981633974483,0.0057183159722221984,0.0062997450086805405,1.0,2.6,4.2,-0.7853981633974483
corridor_2,1,2.6333333333333337,4.042592592592593,-0.7853981633974483,0.005723198784722199,0.0062997450086805405,1.0,2.6,4.2,-0.7853981633974483
corridor_2,1,2.340740740740741,2.185185185185185,2.617993877991494,0.005729166666666656,0.0062997450086805405,1.0,2.6,4.2,-0.7853981633974483
corridor_2,1,1.3166666666666669,4.37037037037037,-1.3089969389957472,0.005734049479166645,0.0062997450086805405,1.0,2.6,4.2,-0.7853981633974483
corridor_2,1,1.9018518518518521,1.4203703703703705,2.094395102393195,0.005735134548611094,0.0062997450086805405,1.0,2.6,4.2,-0.7853981633974483
corridor_2,1,1.6092592592592594,1.638888888888889,2.094395102393195,0.005736762152777769,0.0062997450086805405,1.0,2.6,4.2,-0.7853981633974483
corridor_2,1,2.340740740740741,4.151851851851852,-0.7853981633974483,0.005744900173611091,0.0062997450086805405,1.0,2.6,4.2,-0.7853981633974483
corridor_2,1,4.974074074074075,4.042592592592593,-1.3089969389957472,0.005756293402777757,0.0062997450086805405,1.0,2.6,4.2,-0.7853981633974483
corridor_2,1,5.2666666666666675,3.9333333333333336,-1.3089969389957472,0.0057633463541666525,0.0062997450086805405,1.0,2.6,4.2,-0.7853981633974483
corridor_2,1,4.388888888888889,4.261111111111111,-0.5235987755982991,0.005764431423611088,0.0062997450086805405,1.0,2.6,4.2,-0.7853981633974483
corridor_2,1,6.72962962962963,1.8574074074074074,2.094395102393195,0.005776909722222212,0.0062997450086805405,1.0,2.6,4.2,-0.7853981633974483
corridor_2,1,4.535185185185186,4.042592592592593,-1.0471975511965979,0.0057785373263888684,0.0062997450086805405,1.0,2.6,4.2,-0.7853981633974483
corridor_2,1,4.0962962962962965,3.9333333333333336,-0.5235987755982991,0.005779622395833311,0.0062997450086805405,1.0,2.6,4.2,-0.7853981633974483
corridor_2,1,5.851851851851853,1.638888888888889,2.356194490192345,0.005781249999999982,0.0062997450086805405,1.0,2.6,4.2,-0.7853981633974483
corridor_2,1,2.6333333333333337,4.479629629629629,-1.0471975511965979,0.005786675347222205,0.0062997450086805405,1.0,2.6,4.2,-0.7853981633974483
corridor_2,1,4.388888888888889,4.042592592592593,-0.5235987755982991,0.005787217881944423,0.0062997450086805405,1.0,2.6,4.2,-0.7853981633974483
corridor_2,1,6.583333333333334,4.261111111111111,-1.0471975511965979,0.00580295138888888,0.0062997450086805405,1.0,2.6,4.2,-0.7853981633974483
corridor_2,1,3.218518518518519,3.9333333333333336,-1.3089969389957472,0.005806206597222204,0.0062997450086805405,1.0,2.6,4.2,-0.7853981633974483
corridor_2,1,2.1944444444444446,3.9333333333333336,-0.2617993877991496,0.0058078342013888696,0.0062997450086805405,1.0,2.6,4.2,-0.7853981633974483
corridor_2,1,3.5111111111111115,1.4203703703703705,2.356194490192345,0.005815429687499982,0.0062997450086805405,1.0,2.6,4.2,-0.7853981633974483
corridor_2,1,1.4629629629629632,4.042592592592593,-1.0471975511965979,0.005819227430555549,0.0062997450086805405,1.0,2.6,4.2,-0.7853981633974483
corridor_2,1,2.9259259259259265,4.261111111111111,-0.7853981633974483,0.00582248263888887,0.0062997450086805405,1.0,2.6,4.2,-0.7853981633974483
corridor_2,1,6.144444444444445,1.7481481481481482,2.879793265790643,0.005824652777777754,0.0062997450086805405,1.0,2.6,4.2,-0.7853981633974483
corridor_2,1,3.218518518518519,1.4203703703703705,2.094395102393195,0.005824652777777769,0.0062997450086805405,1.0,2.6,4.2,-0.7853981633974483
corridor_2,1,6.583333333333334,3.9333333333333336,-1.3089969389957472,0.005826280381944425,0.0062997450086805405,1.0,2.6,4.2,-0.7853981633974483
corridor_2,1,3.8037037037037043,3.714814814814815,-0.2617993877991496,0.005828450520833317,0.0062997450086805405,1.0,2.6,4.2,-0.7853981633974483
corridor_2,1,1.3166666666666669,4.042592592592593,-0.7853981633974483,0.005840386284722215,0.0062997450086805405,1.0,2.6,4.2,-0.7853981633974483
corridor_2,1,3.9500000000000006,4.042592592592593,-0.5235987755982991,0.005842556423611091,0.0062997450086805405,1.0,2.6,4.2,-0.7853981633974483
corridor_2,1,3.218518518518519,1.8574074074074074,1.8325957145940457,0.005846354166666645,0.0062997450086805405,1.0,2.6,4.2,-0.7853981633974483
corridor_2,1,0.7314814814814816,2.185185185185185,2.094395102393195,0.005846354166666649,0.0062997450086805405,1.0,2.6,4.2,-0.7853981633974483
corridor_2,1,2.1944444444444446,2.075925925925926,2.356194490192345,0.005847981770833316,0.0062997450086805405,1.0,2.6,4.2,-0.7853981633974483
corridor_2,1,2.4870370370370374,1.9666666666666668,2.879793265790643,0.005852864583333315,0.0062997450086805405,1.0,2.6,4.2,-0.7853981633974483
corridor_2,1,3.8037037037037043,1.5296296296296297,2.094395102393195,0.005856119791666646,0.0062997450086805405,1.0,2.6,4.2,-0.7853981633974483
corridor_2,1,2.4870370370370374,4.479629629629629,-0.5235987755982991,0.0058599175347222015,0.0062997450086805405,1.0,2.6,4.2,-0.7853981633974483
corridor_2,1,3.364814814814815,1.8574074074074074,1.8325957145940457,0.005862087673611091,0.0062997450086805405,1.0,2.6,4.2,-0.7853981633974483
corridor_2,1,5.120370370370371,1.5296296296296297,1.8325957145940457,0.005868055555555535,0.0062997450086805405,1.0,2.6,4.2,-0.7853981633974483
corridor_2,1,4.681481481481482,4.151851851851852,-0.7853981633974483,0.0058707682291666416,0.0062997450086805405,1.0,2.6,4.2,-0.7853981633974483
corridor_2,1,7.168518518518519,1.4203703703703705,2.356194490192345,0.0058745659722222055,0.0062997450086805405,1.0,2.6,4.2,-0.7853981633974483
corridor_2,1,4.242592592592593,1.5296296296296297,2.617993877991494,0.005875108506944429,0.0062997450086805405,1.0,2.6,4.2,-0.7853981633974483
corridor_2,1,6.437037037037038,3.9333333333333336,-1.0471975511965979,0.005883789062499976,0.0062997450086805405,1.0,2.6,4.2,-0.7853981633974483
corridor_2,1,1.1703703703703705,4.479629629629629,-1.0471975511965979,0.005885959201388866,0.0062997450086805405,1.0,2.6,4.2,-0.7853981633974483
corridor_2,1,7.168518518518519,1.638888888888889,2.617993877991494,0.005890299479166648,0.0062997450086805405,1.0,2.6,4.2,-0.7853981633974483
corridor_2,1,4.242592592592593,1.8574074074074074,2.879793265790643,0.005896267361111088,0.0062997450086805405,1.0,2.6,4.2,-0.7853981633974483
corridor_2,1,2.340740740740741,1.5296296296296297,2.356194490192345,0.005900607638888875,0.0062997450086805405,1.0,2.6,4.2,-0.7853981633974483
corridor_2,1,6.875925925925927,1.9666666666666668,2.356194490192345,0.005901692708333323,0.0062997450086805405,1.0,2.6,4.2,-0.7853981633974483
corridor_2,1,3.364814814814815,1.5296296296296297,1.8325957145940457,0.005906032986111091,0.0062997450086805405,1.0,2.6,4.2,-0.7853981633974483
corridor_2,1,2.4870370370370374,1.8574074074074074,2.879793265790643,0.005906575520833311,0.0062997450086805405,1.0,2.6,4.2,-0.7853981633974483
corridor_2,1,0.43888888888888894,4.479629629629629,-0.5235987755982991,0.005907660590277763,0.0062997450086805405,1.0,2.6,4.2,-0.7853981633974483
corridor_2,1,7.168518518518519,1.7481481481481482,2.617993877991494,0.005909288194444427,0.0062997450086805405,1.0,2.6,4.2,-0.7853981633974483
corridor_2,1,0.8777777777777779,4.261111111111111,-1.0471975511965979,0.005910915798611086,0.0062997450086805405,1.0,2.6,4.2,-0.7853981633974483
corridor_2,1,1.3166666666666669,4.479629629629629,-1.0471975511965979,0.005920138888888874,0.0062997450086805405,1.0,2.6,4.2,-0.7853981633974483
corridor_2,1,2.1944444444444446,1.5296296296296297,2.617993877991494,0.005921223958333311,0.0062997450086805405,1.0,2.6,4.2,-0.7853981633974483
corridor_2,1,2.1944444444444446,2.075925925925926,2.617993877991494,0.005928276909722207,0.0062997450086805405,1.0,2.6,4.2,-0.7853981633974483
corridor_2,1,5.120370370370371,3.9333333333333336,-1.3089969389957472,0.005938042534722203,0.0062997450086805405,1.0,2.6,4.2,-0.7853981633974483
corridor_2,1,5.2666666666666675,1.8574074074074074,1.8325957145940457,0.005938042534722204,0.0062997450086805405,1.0,2.6,4.2,-0.7853981633974483
corridor_2,1,3.9500000000000006,1.9666666666666668,2.617993877991494,0.005942925347222199,0.0062997450086805405,1.0,2.6,4.2,-0.7853981633974483
corridor_2,1,3.364814814814815,4.151851851851852,-1.3089969389957472,0.005944010416666651,0.0062997450086805405,1.0,2.6,4.2,-0.7853981633974483
corridor_2,1,4.974074074074075,4.479629629629629,-1.3089969389957472,0.00594509548611109,0.0062997450086805405,1.0,2.6,4.2,-0.7853981633974483
corridor_2,1,2.340740740740741,4.261111111111111,-0.7853981633974483,0.005946180555555537,0.0062997450086805405,1.0,2.6,4.2,-0.7853981633974483
corridor_2,1,4.827777777777778,1.5296296296296297,1.8325957145940457,0.005948893229166657,0.0062997450086805405,1.0,2.6,4.2,-0.7853981633974483
corridor_2,1,1.0240740740740741,3.9333333333333336,-0.5235987755982991,0.005953233506944427,0.0062997450086805405,1.0,2.6,4.2,-0.7853981633974483
corridor_2,1,5.120370370370371,4.042592592592593,-1.3089969389957472,0.005955946180555534,0.0062997450086805405,1.0,2.6,4.2,-0.7853981633974483
corridor_2,1,2.4870370370370374,2.185185185185185,2.879793265790643,0.0059597439236110964,0.0062997450086805405,1.0,2.6,4.2,-0.7853981633974483
corridor_2,1,2.340740740740741,1.5296296296296297,2.617993877991494,0.005961371527777756,0.0062997450086805405,1.0,2.6,4.2,-0.7853981633974483
corridor_2,1,3.9500000000000006,1.4203703703703705,2.617993877991494,0.005965711805555533,0.0062997450086805405,1.0,2.6,4.2,-0.7853981633974483
corridor_2,1,3.0722222222222224,1.9666666666666668,1.8325957145940457,0.005966796874999982,0.0062997450086805405,1.0,2.6,4.2,-0.7853981633974483
corridor_2,1,6.144444444444445,2.075925925925926,2.879793265790643,0.005967339409722201,0.0062997450086805405,1.0,2.6,4.2,-0.7853981633974483
corridor_2,1,4.242592592592593,4.151851851851852,-0.7853981633974483,0.005967881944444417,0.0062997450086805405,1.0,2.6,4.2,-0.7853981633974483
corridor_2,1,5.2666666666666675,4.042592592592593,-1.3089969389957472,0.005967881944444426,0.0062997450086805405,1.0,2.6,4.2,-0.7853981633974483
corridor_2,1,3.0722222222222224,3.9333333333333336,-1.3089969389957472,0.005969509548611093,0.0062997450086805405,1.0,2.6,4.2,-0.7853981633974483
corridor_2,1,0.7314814814814816,2.075925925925926,2.094395102393195,0.005971679687499985,0.0062997450086805405,1.0,2.6,4.2,-0.7853981633974483
corridor_2,1,7.314814814814816,1.5296296296296297,2.617993877991494,0.005972222222222202,0.0062997450086805405,1.0,2.6,4.2,-0.7853981633974483
corridor_2,1,4.827777777777778,1.8574074074074074,1.5707963267948966,0.005972764756944427,0.0062997450086805405,1.0,2.6,4.2,-0.7853981633974483
corridor_2,1,7.314814814814816,1.4203703703703705,2.356194490192345,0.005975477430555537,0.0062997450086805405,1.0,2.6,4.2,-0.7853981633974483
corridor_2,1,7.022222222222223,1.5296296296296297,2.094395102393195,0.0059890407986110845,0.0062997450086805405,1.0,2.6,4.2,-0.7853981633974483
corridor_2,1,0.8777777777777779,4.37037037037037,-0.5235987755982991,0.005989583333333313,0.0062997450086805405,1.0,2.6,4.2,-0.7853981633974483
corridor_2,1,5.55925925925926,1.9666666666666668,2.356194490192345,0.005989583333333315,0.0062997450086805405,1.0,2.6,4.2,-0.7853981633974483
corridor_2,1,4.388888888888889,3.9333333333333336,-0.5235987755982991,0.005992838541666647,0.0062997450086805405,1.0,2.6,4.2,-0.7853981633974483
corridor_2,1,3.0722222222222224,4.37037037037037,-1.3089969389957472,0.00599392361111109,0.0062997450086805405,1.0,2.6,4.2,-0.7853981633974483
corridor_2,1,5.851851851851853,4.37037037037037,-0.5235987755982991,0.00599663628472221,0.0062997450086805405,1.0,2.6,4.2,-0.7853981633974483
corridor_2,1,1.4629629629629632,4.042592592592593,-1.3089969389957472,0.006006401909722203,0.0062997450086805405,1.0,2.6,4.2,-0.7853981633974483
corridor_2,1,6.583333333333334,3.9333333333333336,-1.0471975511965979,0.0060226779513888745,0.0062997450086805405,1.0,2.6,4.2,-0.7853981633974483
corridor_2,1,2.1944444444444446,1.638888888888889,2.617993877991494,0.006028103298611089,0.0062997450086805405,1.0,2.6,4.2,-0.7853981633974483
corridor_2,1,1.0240740740740741,3.8240740740740744,-0.5235987755982991,0.006028645833333317,0.0062997450086805405,1.0,2.6,4.2,-0.7853981633974483
corridor_2,1,5.705555555555557,1.4203703703703705,2.617993877991494,0.006036241319444423,0.0062997450086805405,1.0,2.6,4.2,-0.7853981633974483
corridor_2,1,4.0962962962962965,1.4203703703703705,2.356194490192345,0.006040039062499988,0.0062997450086805405,1.0,2.6,4.2,-0.7853981633974483
corridor_2,1,4.242592592592593,1.7481481481481482,2.879793265790643,0.00605143229166664,0.0062997450086805405,1.0,2.6,4.2,-0.7853981633974483
corridor_2,1,3.0722222222222224,1.5296296296296297,1.8325957145940457,0.006051974826388872,0.0062997450086805405,1.0,2.6,4.2,-0.7853981633974483
corridor_2,1,2.6333333333333337,2.403703703703704,2.879793265790643,0.006052517361111102,0.0062997450086805405,1.0,2.6,4.2,-0.7853981633974483
corridor_2,1,3.9500000000000006,4.37037037037037,-0.2617993877991496,0.006053059895833307,0.0062997450086805405,1.0,2.6,4.2,-0.7853981633974483
corridor_2,1,7.461111111111112,1.5296296296296297,2.617993877991494,0.006054687499999985,0.0062997450086805405,1.0,2.6,4.2,-0.7853981633974483
corridor_2,1,4.974074074074075,1.7481481481481482,2.094395102393195,0.006055772569444433,0.0062997450086805405,1.0,2.6,4.2,-0.7853981633974483
corridor_2,1,3.8037037037037043,4.042592592592593,-0.2617993877991496,0.0060628255208333166,0.0062997450086805405,1.0,2.6,4.2,-0.7853981633974483
corridor_2,1,1.4629629629629632,4.37037037037037,-1.5707963267948966,0.0060807291666666475,0.0062997450086805405,1.0,2.6,4.2,-0.7853981633974483
corridor_2,1,0.7314814814814816,4.479629629629629,-0.5235987755982991,0.006082899305555534,0.0062997450086805405,1.0,2.6,4.2,-0.7853981633974483
corridor_2,1,5.851851851851853,3.9333333333333336,-0.7853981633974483,0.0060883246527777685,0.0062997450086805405,1.0,2.6,4.2,-0.7853981633974483
corridor_2,1,4.827777777777778,4.042592592592593,-1.3089969389957472,0.006090494791666646,0.0062997450086805405,1.0,2.6,4.2,-0.7853981633974483
corridor_2,1,6.72962962962963,1.5296296296296297,1.8325957145940457,0.006097547743055538,0.0062997450086805405,1.0,2.6,4.2,-0.7853981633974483
corridor_2,1,1.7555555555555558,1.638888888888889,1.8325957145940457,0.006109483506944425,0.0062997450086805405,1.0,2.6,4.2,-0.7853981633974483
corridor_2,1,1.6092592592592594,4.261111111111111,-1.5707963267948966,0.006118164062499982,0.0062997450086805405,1.0,2.6,4.2,-0.7853981633974483
corridor_2,1,2.4870370370370374,2.075925925925926,2.879793265790643,0.00612738715277776,0.0062997450086805405,1.0,2.6,4.2,-0.7853981633974483
corridor_2,1,1.3166666666666669,4.261111111111111,-1.3089969389957472,0.006129557291666643,0.0062997450086805405,1.0,2.6,4.2,-0.7853981633974483
corridor_2,1,4.827777777777778,1.7481481481481482,1.5707963267948966,0.0061317274305555365,0.0062997450086805405,1.0,2.6,4.2,-0.7853981633974483
corridor_2,1,7.022222222222223,2.075925925925926,2.617993877991494,0.006136067708333318,0.0062997450086805405,1.0,2.6,4.2,-0.7853981633974483
corridor_2,1,2.4870370370370374,1.5296296296296297,2.617993877991494,0.006144205729166656,0.0062997450086805405,1.0,2.6,4.2,-0.7853981633974483
corridor_2,1,5.120370370370371,2.075925925925926,1.8325957145940457,0.006155598958333318,0.0062997450086805405,1.0,2.6,4.2,-0.7853981633974483
corridor_2,1,1.6092592592592594,4.151851851851852,-1.5707963267948966,0.006158854166666648,0.0062997450086805405,1.0,2.6,4.2,-0.7853981633974483
corridor_2,1,5.2666666666666675,1.5296296296296297,2.356194490192345,0.0061604817708333145,0.0062997450086805405,1.0,2.6,4.2,-0.7853981633974483
corridor_2,1,5.2666666666666675,1.7481481481481482,2.356194490192345,0.006164822048611095,0.0062997450086805405,1.0,2.6,4.2,-0.7853981633974483
corridor_2,1,6.72962962962963,1.8574074074074074,1.8325957145940457,0.006167534722222204,0.0062997450086805405,1.0,2.6,4.2,-0.7853981633974483
corridor_2,1,4.388888888888889,2.075925925925926,2.879793265790643,0.0061680772569444224,0.0062997450086805405,1.0,2.6,4.2,-0.7853981633974483
corridor_2,1,0.43888888888888894,2.075925925925926,1.8325957145940457,0.006172417534722212,0.0062997450086805405,1.0,2.6,4.2,-0.7853981633974483
corridor_2,1,2.6333333333333337,3.9333333333333336,-0.7853981633974483,0.0061838107638888685,0.0062997450086805405,1.0,2.6,4.2,-0.7853981633974483
corridor_2,1,4.827777777777778,2.075925925925926,1.8325957145940457,0.006185438368055543,0.0062997450086805405,1.0,2.6,4.2,-0.7853981633974483
corridor_2,1,2.0481481481481483,4.151851851851852,-0.2617993877991496,0.006187608506944422,0.0062997450086805405,1.0,2.6,4.2,-0.7853981633974483
corridor_2,1,0.5851851851851853,1.7481481481481482,2.094395102393195,0.006189236111111095,0.0062997450086805405,1.0,2.6,4.2,-0.7853981633974483
corridor_2,1,0.7314814814814816,4.042592592592593,-0.7853981633974483,0.006197916666666642,0.0062997450086805405,1.0,2.6,4.2,-0.7853981633974483
corridor_2,1,3.657407407407408,1.8574074074074074,2.094395102393195,0.006201171874999976,0.0062997450086805405,1.0,2.6,4.2,-0.7853981633974483
corridor_2,1,3.9500000000000006,4.261111111111111,-0.2617993877991496,0.006206597222222197,0.0062997450086805405,1.0,2.6,4.2,-0.7853981633974483
corridor_2,1,5.851851851851853,1.5296296296296297,2.356194490192345,0.006222330729166646,0.0062997450086805405,1.0,2.6,4.2,-0.7853981633974483
corridor_2,1,4.827777777777778,4.261111111111111,-1.3089969389957472,0.006228841145833312,0.0062997450086805405,1.0,2.6,4.2,-0.7853981633974483
corridor_2,1,1.0240740740740741,4.042592592592593,-0.5235987755982991,0.006234809027777762,0.0062997450086805405,1.0,2.6,4.2,-0.7853981633974483
corridor_2,1,2.0481481481481483,3.8240740740740744,-0.2617993877991496,0.006236979166666644,0.0062997450086805405,1.0,2.6,4.2,-0.7853981633974483
corridor_2,1,1.6092592592592594,1.5296296296296297,1.8325957145940457,0.00623752170138887,0.0062997450086805405,1.0,2.6,4.2,-0.7853981633974483
corridor_2,1,2.1944444444444446,4.151851851851852,-0.2617993877991496,0.006244574652777753,0.0062997450086805405,1.0,2.6,4.2,-0.7853981633974483
corridor_2,1,0.7314814814814816,1.9666666666666668,2.094395102393195,0.006245659722222207,0.0062997450086805405,1.0,2.6,4.2,-0.7853981633974483
corridor_2,1,2.4870370370370374,1.7481481481481482,2.879793265790643,0.006259765624999976,0.0062997450086805405,1.0,2.6,4.2,-0.7853981633974483
corridor_2,1,3.8037037037037043,3.9333333333333336,-0.2617993877991496,0.0062744140624999825,0.0062997450086805405,1.0,2.6,4.2,-0.7853981633974483
corridor_2,1,5.9981481481481485,4.37037037037037,-0.5235987755982991,0.0062787543402777575,0.0062997450086805405,1.0,2.6,4.2,-0.7853981633974483
corridor_2,1,5.2666666666666675,1.9666666666666668,1.8325957145940457,0.006290147569444426,0.0062997450086805405,1.0,2.6,4.2,-0.7853981633974483
corridor_2,1,5.705555555555557,1.9666666666666668,2.617993877991494,0.006291775173611089,0.0062997450086805405,1.0,2.6,4.2,-0.7853981633974483
corridor_2,1,6.72962962962963,2.185185185185185,2.094395102393195,0.006296115451388875,0.0062997450086805405,1.0,2.6,4.2,-0.7853981633974483
corridor_2,1,2.6333333333333337,2.075925925925926,2.879793265790643,0.006296115451388879,0.0062997450086805405,1.0,2.6,4.2,-0.7853981633974483
corridor_2,1,3.8037037037037043,1.7481481481481482,2.617993877991494,0.006296657986111086,0.0062997450086805405,1.0,2.6,4.2,-0.7853981633974483
corridor_2,1,6.144444444444445,4.261111111111111,-1.0471975511965979,0.006299370659722204,0.0062997450086805405,1.0,2.6,4.2,-0.7853981633974483
corridor_2,2,3.8037037037037043,2.95,0.0,0.0014089626736111076,0.015159418402777717,1.0,3.8,3.0,0.0
corridor_2,2,3.8037037037037043,3.0592592592592593,0.0,0.0015993923611111037,0.015159418402777717,1.0,3.8,3.0,0.0
corridor_2,2,4.388888888888889,2.840740740740741,-3.141592653589793,0.0016465928819444369,0.015159418402777717,1.0,3.8,3.0,0.0
corridor_2,2,4.388888888888889,2.95,-3.141592653589793,0.0016476779513888839,0.015159418402777717,1.0,3.8,3.0,0.0
corridor_2,2,3.9500000000000006,2.95,0.0,0.0018088107638888882,0.015159418402777717,1.0,3.8,3.0,0.0
corridor_2,2,4.242592592592593,2.95,-3.141592653589793,0.002467447916666664,0.015159418402777717,1.0,3.8,3.0,0.0
corridor_2,2,3.657407407407408,2.95,0.0,0.0032432725694444423,0.015159418402777717,1.0,3.8,3.0,0.0
corridor_2,2,4.535185185185186,2.840740740740741,-3.141592653589793,0.003319769965277771,0.015159418402777717,1.0,3.8,3.0,0.0
corridor_2,2,3.657407407407408,3.0592592592592593,0.0,0.0038047960069444394,0.015159418402777717,1.0,3.8,3.0,0.0
corridor_2,2,3.9500000000000006,3.0592592592592593,0.0,0.004013671874999995,0.015159418402777717,1.0,3.8,3.0,0.0
corridor_2,2,4.535185185185186,2.95,-3.141592653589793,0.0040326605902777715,0.015159418402777717,1.0,3.8,3.0,0.0
corridor_2,2,2.6333333333333337,2.840740740740741,-3.141592653589793,0.004269748263888861,0.015159418402777717,1.0,3.8,3.0,0.0
corridor_2,2,4.0962962962962965,2.840740740740741,0.0,0.004347873263888882,0.015159418402777717,1.0,3.8,3.0,0.0
corridor_2,2,4.242592592592593,3.0592592592592593,-3.141592653589793,0.004555121527777764,0.015159418402777717,1.0,3.8,3.0,0.0
corridor_2,2,3.9500000000000006,2.840740740740741,0.0,0.004740125868055539,0.015159418402777717,1.0,3.8,3.0,0.0
corridor_2,2,4.242592592592593,2.840740740740741,-3.141592653589793,0.004806315104166659,0.015159418402777717,1.0,3.8,3.0,0.0
corridor_2,2,4.0962962962962965,3.0592592592592593,-3.141592653589793,0.004869791666666659,0.015159418402777717,1.0,3.8,3.0,0.0
corridor_2,2,4.388888888888889,3.0592592592592593,-3.141592653589793,0.005074327256944427,0.015159418402777717,1.0,3.8,3.0,0.0
corridor_2,2,3.8037037037037043,2.840740740740741,0.0,0.005193684895833316,0.015159418402777717,1.0,3.8,3.0,0.0
corridor_2,2,4.0962962962962965,2.95,0.0,0.005256076388888881,0.015159418402777717,1.0,3.8,3.0,0.0
corridor_2,2,4.388888888888889,2.7314814814814814,-3.141592653589793,0.005302734374999982,0.015159418402777717,1.0,3.8,3.0,0.0
corridor_2,2,3.5111111111111115,3.0592592592592593,0.0,0.005366210937499995,0.015159418402777717,1.0,3.8,3.0,0.0
corridor_2,2,3.8037037037037043,3.1685185185185185,0.0,0.005422092013888872,0.015159418402777717,1.0,3.8,3.0,0.0
corridor_2,2,4.681481481481482,2.95,-3.141592653589793,0.005566406249999991,0.015159418402777717,1.0,3.8,3.0,0.0
corridor_2,2,4.535185185185186,2.7314814814814814,-3.141592653589793,0.005616319444444426,0.015159418402777717,1.0,3.8,3.0,0.0
corridor_2,2,4.681481481481482,2.840740740740741,-3.141592653589793,0.005699869791666659,0.015159418402777717,1.0,3.8,3.0,0.0
corridor_2,2,4.0962962962962965,2.95,-3.141592653589793,0.0058007812499999934,0.015159418402777717,1.0,3.8,3.0,0.0
corridor_2,2,3.657407407407408,3.1685185185185185,0.0,0.0058148871527777595,0.015159418402777717,1.0,3.8,3.0,0.0
corridor_2,2,3.5111111111111115,2.95,0.0,0.005862630208333325,0.015159418402777717,1.0,3.8,3.0,0.0
corridor_2,2,3.657407407407408,2.840740740740741,0.0,0.006149088541666652,0.015159418402777717,1.0,3.8,3.0,0.0
corridor_2,2,2.6333333333333337,2.95,-3.141592653589793,0.006284722222222188,0.015159418402777717,1.0,3.8,3.0,0.0
corridor_2,2,2.4870370370370374,2.95,-3.141592653589793,0.006676974826388853,0.015159418402777717,1.0,3.8,3.0,0.0
corridor_2,2,4.535185185185186,3.0592592592592593,-3.141592653589793,0.00708224826388887,0.015159418402777717,1.0,3.8,3.0,0.0
corridor_2,2,4.0962962962962965,3.0592592592592593,0.0,0.0071202256944444325,0.015159418402777717,1.0,3.8,3.0,0.0
corridor_2,2,2.77962962962963,2.840740740740741,-3.141592653589793,0.007121310763888864,0.015159418402777717,1.0,3.8,3.0,0.0
corridor_2,2,3.9500000000000006,3.0592592592592593,-3.141592653589793,0.007237955729166658,0.015159418402777717,1.0,3.8,3.0,0.0
corridor_2,2,3.5111111111111115,2.840740740740741,0.0,0.007258029513888875,0.015159418402777717,1.0,3.8,3.0,0.0
corridor_2,2,3.9500000000000006,3.1685185185185185,0.0,0.007311740451388872,0.015159418402777717,1.0,3.8,3.0,0.0
corridor_2,2,4.681481481481482,3.0592592592592593,-3.141592653589793,0.007312282986111095,0.015159418402777717,1.0,3.8,3.0,0.0
corridor_2,2,4.242592592592593,2.840740740740741,0.0,0.007384440104166658,0.015159418402777717,1.0,3.8,3.0,0.0
corridor_2,2,2.0481481481481483,2.95,0.0,0.0073969184027777345,0.015159418402777717,1.0,3.8,3.0,0.0
corridor_2,2,4.0962962962962965,2.840740740740741,-3.141592653589793,0.007426757812499988,0.015159418402777717,1.0,3.8,3.0,0.0
corridor_2,2,5.55925925925926,3.0592592592592593,0.0,0.007463107638888851,0.015159418402777717,1.0,3.8,3.0,0.0
corridor_2,2,4.827777777777778,2.95,-3.141592653589793,0.007503255208333319,0.015159418402777717,1.0,3.8,3.0,0.0
corridor_2,2,2.77962962962963,2.95,-3.141592653589793,0.007703450520833304,0.015159418402777717,1.0,3.8,3.0,0.0
corridor_2,2,3.364814814814815,2.95,0.0,0.007713216145833322,0.015159418402777717,1.0,3.8,3.0,0.0
corridor_2,2,4.0962962962962965,3.1685185185185185,-3.141592653589793,0.007764756944444421,0.015159418402777717,1.0,3.8,3.0,0.0
corridor_2,2,4.388888888888889,3.1685185185185185,-3.141592653589793,0.007841254340277751,0.015159418402777717,1.0,3.8,3.0,0.0
corridor_2,2,4.242592592592593,2.95,0.0,0.007947591145833321,0.015159418402777717,1.0,3.8,3.0,0.0
corridor_2,2,3.8037037037037043,2.7314814814814814,0.0,0.008019205729166642,0.015159418402777717,1.0,3.8,3.0,0.0
corridor_2,2,4.0962962962962965,2.7314814814814814,0.0,0.008021375868055531,0.015159418402777717,1.0,3.8,3.0,0.0
corridor_2,2,3.9500000000000006,2.95,-3.141592653589793,0.008045247395833323,0.015159418402777717,1.0,3.8,3.0,0.0
corridor_2,2,5.705555555555557,2.95,0.0,0.00805447048611106,0.015159418402777717,1.0,3.8,3.0,0.0
corridor_2,2,3.364814814814815,2.840740740740741,0.0,0.008054470486111095,0.015159418402777717,1.0,3.8,3.0,0.0
corridor_2,2,2.4870370370370374,2.840740740740741,-3.141592653589793,0.008055555555555519,0.015159418402777717,1.0,3.8,3.0,0.0
corridor_2,2,2.1944444444444446,2.95,0.0,0.008164605034722184,0.015159418402777717,1.0,3.8,3.0,0.0
corridor_2,2,4.242592592592593,3.1685185185185185,-3.141592653589793,0.008223198784722194,0.015159418402777717,1.0,3.8,3.0,0.0
corridor_2,2,3.364814814814815,3.0592592592592593,0.0,0.008225911458333325,0.015159418402777717,1.0,3.8,3.0,0.0
corridor_2,2,4.827777777777778,2.840740740740741,-3.141592653589793,0.008237847222222212,0.015159418402777717,1.0,3.8,3.0,0.0
corridor_2,2,4.681481481481482,2.7314814814814814,-3.141592653589793,0.00836697048611109,0.015159418402777717,1.0,3.8,3.0,0.0
corridor_2,2,3.9500000000000006,2.7314814814814814,0.0,0.008396809895833305,0.015159418402777717,1.0,3.8,3.0,0.0
corridor_2,2,4.827777777777778,3.0592592592592593,-3.141592653589793,0.00842556423611109,0.015159418402777717,1.0,3.8,3.0,0.0
corridor_2,2,2.9259259259259265,2.95,-3.141592653589793,0.008446723090277754,0.015159418402777717,1.0,3.8,3.0,0.0
corridor_2,2,4.242592592592593,2.7314814814814814,-3.141592653589793,0.008500976562499983,0.015159418402777717,1.0,3.8,3.0,0.0
corridor_2,2,5.705555555555557,3.0592592592592593,0.0,0.008611653645833285,0.015159418402777717,1.0,3.8,3.0,0.0
corridor_2,2,2.6333333333333337,3.0592592592592593,-3.141592653589793,0.008637152777777737,0.015159418402777717,1.0,3.8,3.0,0.0
corridor_2,2,2.0481481481481483,3.0592592592592593,0.0,0.008710937499999951,0.015159418402777717,1.0,3.8,3.0,0.0
corridor_2,2,2.4870370370370374,3.0592592592592593,-3.141592653589793,0.008734809027777735,0.015159418402777717,1.0,3.8,3.0,0.0
corridor_2,2,2.6333333333333337,2.7314814814814814,-3.141592653589793,0.008753255208333293,0.015159418402777717,1.0,3.8,3.0,0.0
corridor_2,2,2.9259259259259265,2.840740740740741,-3.141592653589793,0.008867187499999978,0.015159418402777717,1.0,3.8,3.0,0.0
corridor_2,2,2.1944444444444446,2.840740740740741,0.0,0.008898111979166626,0.015159418402777717,1.0,3.8,3.0,0.0
corridor_2,2,2.9259259259259265,3.0592592592592593,-3.141592653589793,0.008906249999999973,0.015159418402777717,1.0,3.8,3.0,0.0
corridor_2,2,6.144444444444445,2.95,-3.141592653589793,0.008922526041666618,0.015159418402777717,1.0,3.8,3.0,0.0
corridor_2,2,4.242592592592593,3.0592592592592593,0.0,0.008975694444444432,0.015159418402777717,1.0,3.8,3.0,0.0
corridor_2,2,5.55925925925926,2.95,0.0,0.009008789062499958,0.015159418402777717,1.0,3.8,3.0,0.0
corridor_2,2,2.77962962962963,2.7314814814814814,-3.141592653589793,0.009123263888888856,0.015159418402777717,1.0,3.8,3.0,0.0
corridor_2,2,3.9500000000000006,2.840740740740741,-3.141592653589793,0.009208441840277767,0.015159418402777717,1.0,3.8,3.0,0.0
corridor_2,2,5.412962962962964,3.0592592592592593,0.0,0.009249674479166633,0.015159418402777717,1.0,3.8,3.0,0.0
corridor_2,2,2.340740740740741,3.0592592592592593,-3.141592653589793,0.009262152777777737,0.015159418402777717,1.0,3.8,3.0,0.0
corridor_2,2,3.218518518518519,2.95,0.0,0.009274088541666652,0.015159418402777717,1.0,3.8,3.0,0.0
corridor_2,2,4.974074074074075,2.95,-3.141592653589793,0.00929199218749998,0.015159418402777717,1.0,3.8,3.0,0.0
corridor_2,2,4.0962962962962965,3.1685185185185185,0.0,0.009314778645833318,0.015159418402777717,1.0,3.8,3.0,0.0
corridor_2,2,4.388888888888889,2.95,0.0,0.009332139756944432,0.015159418402777717,1.0,3.8,3.0,0.0
corridor_2,2,3.9500000000000006,3.1685185185185185,-3.141592653589793,0.009345160590277752,0.015159418402777717,1.0,3.8,3.0,0.0
corridor_2,2,3.8037037037037043,3.0592592592592593,-3.141592653589793,0.009365776909722213,0.015159418402777717,1.0,3.8,3.0,0.0
corridor_2,2,4.388888888888889,2.840740740740741,0.0,0.009420030381944432,0.015159418402777717,1.0,3.8,3.0,0.0
corridor_2,2,3.8037037037037043,2.95,-3.141592653589793,0.009434678819444433,0.015159418402777717,1.0,3.8,3.0,0.0
corridor_2,2,5.412962962962964,2.95,0.0,0.009486219618055517,0.015159418402777717,1.0,3.8,3.0,0.0
corridor_2,2,3.0722222222222224,2.95,-3.141592653589793,0.009486219618055534,0.015159418402777717,1.0,3.8,3.0,0.0
corridor_2,2,4.974074074074075,3.0592592592592593,-3.141592653589793,0.009503580729166647,0.015159418402777717,1.0,3.8,3.0,0.0
corridor_2,2,4.242592592592593,2.7314814814814814,0.0,0.009510633680555526,0.015159418402777717,1.0,3.8,3.0,0.0
corridor_2,2,1.9018518518518521,2.95,0.0,0.009512803819444396,0.015159418402777717,1.0,3.8,3.0,0.0
corridor_2,2,3.5111111111111115,3.1685185185185185,0.0,0.009572482638888864,0.015159418402777717,1.0,3.8,3.0,0.0
corridor_2,2,5.2666666666666675,2.95,0.0,0.009661458333333301,0.015159418402777717,1.0,3.8,3.0,0.0
corridor_2,2,2.77962962962963,3.0592592592592593,-3.141592653589793,0.00966905381944441,0.015159418402777717,1.0,3.8,3.0,0.0
corridor_2,2,3.218518518518519,3.0592592592592593,0.0,0.009708658854166656,0.015159418402777717,1.0,3.8,3.0,0.0
corridor_2,2,3.657407407407408,3.277777777777778,0.0,0.009709201388888863,0.015159418402777717,1.0,3.8,3.0,0.0
corridor_2,2,3.218518518518519,2.840740740740741,0.0,0.009716796874999982,0.015159418402777717,1.0,3.8,3.0,0.0
corridor_2,2,4.535185185185186,2.6222222222222222,-3.141592653589793,0.009722222222222193,0.015159418402777717,1.0,3.8,3.0,0.0
corridor_2,2,2.0481481481481483,2.840740740740741,0.0,0.00975368923611106,0.015159418402777717,1.0,3.8,3.0,0.0
corridor_2,2,2.340740740740741,2.95,0.0,0.0097737630208333,0.015159418402777717,1.0,3.8,3.0,0.0
corridor_2,2,3.8037037037037043,2.840740740740741,-3.141592653589793,0.009790039062499986,0.015159418402777717,1.0,3.8,3.0,0.0
corridor_2,2,4.388888888888889,3.0592592592592593,0.0,0.009831271701388873,0.015159418402777717,1.0,3.8,3.0,0.0
corridor_2,2,5.9981481481481485,3.0592592592592593,-3.141592653589793,0.009890950520833284,0.015159418402777717,1.0,3.8,3.0,0.0
corridor_2,2,1.9018518518518521,3.0592592592592593,0.0,0.009895290798611059,0.015159418402777717,1.0,3.8,3.0,0.0
corridor_2,2,4.0962962962962965,2.7314814814814814,-3.141592653589793,0.009900716145833315,0.015159418402777717,1.0,3.8,3.0,0.0
corridor_2,2,3.657407407407408,2.95,-3.141592653589793,0.009920789930555542,0.015159418402777717,1.0,3.8,3.0,0.0
corridor_2,2,2.340740740740741,2.840740740740741,0.0,0.009966905381944405,0.015159418402777717,1.0,3.8,3.0,0.0
corridor_2,2,3.657407407407408,2.840740740740741,-3.141592653589793,0.009979926215277761,0.015159418402777717,1.0,3.8,3.0,0.0
corridor_2,2,4.535185185185186,3.1685185185185185,-3.141592653589793,0.01001627604166664,0.015159418402777717,1.0,3.8,3.0,0.0
corridor_2,2,4.974074074074075,2.840740740740741,-3.141592653589793,0.01002115885416665,0.015159418402777717,1.0,3.8,3.0,0.0
corridor_2,2,3.657407407407408,2.7314814814814814,0.0,0.010054796006944415,0.015159418402777717,1.0,3.8,3.0,0.0
corridor_2,2,3.0722222222222224,2.840740740740741,-3.141592653589793,0.010068359374999981,0.015159418402777717,1.0,3.8,3.0,0.0
corridor_2,2,5.2666666666666675,2.840740740740741,0.0,0.010125325520833298,0.015159418402777717,1.0,3.8,3.0,0.0
corridor_2,2,5.851851851851853,2.840740740740741,0.0,0.01012749565972217,0.015159418402777717,1.0,3.8,3.0,0.0
corridor_2,2,4.535185185185186,3.0592592592592593,0.0,0.01015787760416665,0.015159418402777717,1.0,3.8,3.0,0.0
corridor_2,2,3.0722222222222224,3.0592592592592593,-3.141592653589793,0.010169270833333306,0.015159418402777717,1.0,3.8,3.0,0.0
corridor_2,2,3.657407407407408,3.0592592592592593,-3.141592653589793,0.010203450520833322,0.015159418402777717,1.0,3.8,3.0,0.0
corridor_2,2,5.705555555555557,2.840740740740741,0.0,0.010241970486111055,0.015159418402777717,1.0,3.8,3.0,0.0
corridor_2,2,5.9981481481481485,2.95,-3.141592653589793,0.010246853298611061,0.015159418402777717,1.0,3.8,3.0,0.0
corridor_2,2,4.681481481481482,3.1685185185185185,-3.141592653589793,0.010271809895833307,0.015159418402777717,1.0,3.8,3.0,0.0
corridor_2,2,3.218518518518519,2.95,-3.141592653589793,0.010364583333333316,0.015159418402777717,1.0,3.8,3.0,0.0
corridor_2,2,4.535185185185186,2.95,0.0,0.010407443576388873,0.015159418402777717,1.0,3.8,3.0,0.0
corridor_2,2,5.55925925925926,3.1685185185185185,0.0,0.010438368055555508,0.015159418402777717,1.0,3.8,3.0,0.0
corridor_2,2,5.2666666666666675,3.0592592592592593,0.0,0.010476888020833304,0.015159418402777717,1.0,3.8,3.0,0.0
corridor_2,2,5.120370370370371,2.95,0.0,0.010578884548611084,0.015159418402777717,1.0,3.8,3.0,0.0
corridor_2,2,4.535185185185186,2.840740740740741,0.0,0.010603298611111096,0.015159418402777717,1.0,3.8,3.0,0.0
corridor_2,2,2.1944444444444446,3.0592592592592593,0.0,0.01060438368055551,0.015159418402777717,1.0,3.8,3.0,0.0
corridor_2,2,3.5111111111111115,2.7314814814814814,0.0,0.010696072048611081,0.015159418402777717,1.0,3.8,3.0,0.0
corridor_2,2,4.388888888888889,3.1685185185185185,0.0,0.010697157118055538,0.015159418402777717,1.0,3.8,3.0,0.0
corridor_2,2,3.5111111111111115,2.95,-3.141592653589793,0.010759006076388874,0.015159418402777717,1.0,3.8,3.0,0.0
corridor_2,2,4.681481481481482,3.0592592592592593,0.0,0.01079589843749998,0.015159418402777717,1.0,3.8,3.0,0.0
corridor_2,2,3.5111111111111115,2.840740740740741,-3.141592653589793,0.01081922743055554,0.015159418402777717,1.0,3.8,3.0,0.0
corridor_2,2,3.218518518518519,3.1685185185185185,0.0,0.01082194010416665,0.015159418402777717,1.0,3.8,3.0,0.0
corridor_2,2,3.218518518518519,3.0592592592592593,-3.141592653589793,0.010845811631944422,0.015159418402777717,1.0,3.8,3.0,0.0
corridor_2,2,3.364814814814815,2.95,-3.141592653589793,0.010897894965277762,0.015159418402777717,1.0,3.8,3.0,0.0
corridor_2,2,3.0722222222222224,3.0592592592592593,0.0,0.010898980034722205,0.015159418402777717,1.0,3.8,3.0,0.0
corridor_2,2,3.218518518518519,2.7314814814814814,0.0,0.010904405381944418,0.015159418402777717,1.0,3.8,3.0,0.0
corridor_2,2,3.5111111111111115,3.0592592592592593,-3.141592653589793,0.010922851562499987,0.015159418402777717,1.0,3.8,3.0,0.0
corridor_2,2,5.412962962962964,3.1685185185185185,0.0,0.01097330729166663,0.015159418402777717,1.0,3.8,3.0,0.0
corridor_2,2,2.9259259259259265,3.0592592592592593,0.0,0.010976562499999981,0.015159418402777717,1.0,3.8,3.0,0.0
corridor_2,2,1.9018518518518521,3.1685185185185185,0.0,0.010980902777777718,0.015159418402777717,1.0,3.8,3.0,0.0
corridor_2,2,3.364814814814815,2.840740740740741,-3.141592653589793,0.011002604166666648,0.015159418402777717,1.0,3.8,3.0,0.0
corridor_2,2,4.535185185185186,3.1685185185185185,0.0,0.01100423177083331,0.015159418402777717,1.0,3.8,3.0,0.0
corridor_2,2,4.681481481481482,2.95,0.0,0.011018880208333312,0.015159418402777717,1.0,3.8,3.0,0.0
corridor_2,2,3.218518518518519,2.840740740740741,-3.141592653589793,0.011021050347222203,0.015159418402777717,1.0,3.8,3.0,0.0
corridor_2,2,3.8037037037037043,2.7314814814814814,-3.141592653589793,0.01102973090277776,0.015159418402777717,1.0,3.8,3.0,0.0
corridor_2,2,6.144444444444445,3.0592592592592593,-3.141592653589793,0.011038953993055498,0.015159418402777717,1.0,3.8,3.0,0.0
corridor_2,2,2.340740740740741,2.95,-3.141592653589793,0.011047092013888845,0.015159418402777717,1.0,3.8,3.0,0.0
corridor_2,2,2.77962962962963,3.0592592592592593,0.0,0.011047092013888864,0.015159418402777717,1.0,3.8,3.0,0.0
corridor_2,2,4.242592592592593,3.1685185185185185,0.0,0.011047634548611091,0.015159418402777717,1.0,3.8,3.0,0.0
corridor_2,2,3.218518518518519,3.1685185185185185,-3.141592653589793,0.01104871961805553,0.015159418402777717,1.0,3.8,3.0,0.0
corridor_2,2,2.6333333333333337,3.1685185185185185,-3.141592653589793,0.01107259114583329,0.015159418402777717,1.0,3.8,3.0,0.0
corridor_2,2,3.364814814814815,2.7314814814814814,0.0,0.011085611979166639,0.015159418402777717,1.0,3.8,3.0,0.0
corridor_2,2,3.0722222222222224,3.1685185185185185,-3.141592653589793,0.011126844618055527,0.015159418402777717,1.0,3.8,3.0,0.0
corridor_2,2,3.657407407407408,2.7314814814814814,-3.141592653589793,0.01113009982638887,0.015159418402777717,1.0,3.8,3.0,0.0
corridor_2,2,4.974074074074075,2.95,0.0,0.011151258680555533,0.015159418402777717,1.0,3.8,3.0,0.0
corridor_2,2,3.0722222222222224,3.1685185185185185,0.0,0.011158311631944424,0.015159418402777717,1.0,3.8,3.0,0.0
corridor_2,2,3.8037037037037043,3.1685185185185185,-3.141592653589793,0.0111968315972222,0.015159418402777717,1.0,3.8,3.0,0.0
corridor_2,2,3.0722222222222224,2.95,0.0,0.01121310763888887,0.015159418402777717,1.0,3.8,3.0,0.0
corridor_2,2,2.9259259259259265,3.1685185185185185,0.0,0.011295030381944423,0.015159418402777717,1.0,3.8,3.0,0.0
corridor_2,2,5.120370370370371,2.95,-3.141592653589793,0.011319986979166642,0.015159418402777717,1.0,3.8,3.0,0.0
corridor_2,2,4.974074074074075,3.1685185185185185,-3.141592653589793,0.011324327256944414,0.015159418402777717,1.0,3.8,3.0,0.0
corridor_2,2,5.412962962962964,2.840740740740741,0.0,0.011357421874999956,0.015159418402777717,1.0,3.8,3.0,0.0
corridor_2,2,4.827777777777778,3.1685185185185185,-3.141592653589793,0.011372612847222192,0.015159418402777717,1.0,3.8,3.0,0.0
corridor_2,2,5.705555555555557,3.1685185185185185,0.0,0.011373155381944392,0.015159418402777717,1.0,3.8,3.0,0.0
corridor_2,2,2.340740740740741,3.0592592592592593,0.0,0.011380750868055518,0.015159418402777717,1.0,3.8,3.0,0.0
corridor_2,2,2.4870370370370374,2.95,0.0,0.011393229166666637,0.015159418402777717,1.0,3.8,3.0,0.0
corridor_2,2,2.77962962962963,3.1685185185185185,0.0,0.011417643229166642,0.015159418402777717,1.0,3.8,3.0,0.0
corridor_2,2,5.120370370370371,2.840740740740741,-3.141592653589793,0.011417643229166644,0.015159418402777717,1.0,3.8,3.0,0.0
corridor_2,2,5.120370370370371,3.0592592592592593,0.0,0.011435546874999973,0.015159418402777717,1.0,3.8,3.0,0.0
corridor_2,2,2.9259259259259265,2.95,0.0,0.0114409722222222,0.015159418402777717,1.0,3.8,3.0,0.0
corridor_2,2,4.681481481481482,3.1685185185185185,0.0,0.011445855034722199,0.015159418402777717,1.0,3.8,3.0,0.0
corridor_2,2,5.55925925925926,2.840740740740741,0.0,0.01146755642361106,0.015159418402777717,1.0,3.8,3.0,0.0
corridor_2,2,3.5111111111111115,2.7314814814814814,-3.141592653589793,0.01148925781249998,0.015159418402777717,1.0,3.8,3.0,0.0
corridor_2,2,5.120370370370371,2.840740740740741,0.0,0.011491427951388852,0.015159418402777717,1.0,3.8,3.0,0.0
corridor_2,2,2.4870370370370374,2.7314814814814814,-3.141592653589793,0.01149468315972218,0.015159418402777717,1.0,3.8,3.0,0.0
corridor_2,2,3.9500000000000006,2.7314814814814814,-3.141592653589793,0.011497938368055535,0.015159418402777717,1.0,3.8,3.0,0.0
corridor_2,2,3.0722222222222224,2.840740740740741,0.0,0.011509874131944424,0.015159418402777717,1.0,3.8,3.0,0.0
corridor_2,2,5.120370370370371,3.0592592592592593,-3.141592653589793,0.011517469618055531,0.015159418402777717,1.0,3.8,3.0,0.0
corridor_2,2,4.974074074074075,2.7314814814814814,-3.141592653589793,0.011518012152777755,0.015159418402777717,1.0,3.8,3.0,0.0
corridor_2,2,4.827777777777778,2.95,0.0,0.011539171006944423,0.015159418402777717,1.0,3.8,3.0,0.0
corridor_2,2,3.364814814814815,3.1685185185185185,0.0,0.011558702256944418,0.015159418402777717,1.0,3.8,3.0,0.0
corridor_2,2,4.681481481481482,2.840740740740741,0.0,0.011580946180555536,0.015159418402777717,1.0,3.8,3.0,0.0
corridor_2,2,2.9259259259259265,2.7314814814814814,-3.141592653589793,0.011609700520833306,0.015159418402777717,1.0,3.8,3.0,0.0
corridor_2,2,5.851851851851853,2.95,0.0,0.011643337673611052,0.015159418402777717,1.0,3.8,3.0,0.0
corridor_2,2,2.9259259259259265,3.1685185185185185,-3.141592653589793,0.011666666666666633,0.015159418402777717,1.0,3.8,3.0,0.0
corridor_2,2,3.364814814814815,3.0592592592592593,-3.141592653589793,0.011687825520833313,0.015159418402777717,1.0,3.8,3.0,0.0
corridor_2,2,1.9018518518518521,2.840740740740741,0.0,0.01169053819444439,0.015159418402777717,1.0,3.8,3.0,0.0
corridor_2,2,3.218518518518519,2.7314814814814814,-3.141592653589793,0.011708441840277755,0.015159418402777717,1.0,3.8,3.0,0.0
corridor_2,2,4.827777777777778,3.0592592592592593,0.0,0.0117290581597222,0.015159418402777717,1.0,3.8,3.0,0.0
corridor_2,2,2.4870370370370374,3.1685185185185185,-3.141592653589793,0.011730143229166616,0.015159418402777717,1.0,3.8,3.0,0.0
corridor_2,2,4.388888888888889,2.7314814814814814,0.0,0.011734483506944417,0.015159418402777717,1.0,3.8,3.0,0.0
corridor_2,2,5.851851851851853,2.95,-3.141592653589793,0.011773003472222179,0.015159418402777717,1.0,3.8,3.0,0.0
corridor_2,2,2.77962962962963,2.95,0.0,0.011777886284722193,0.015159418402777717,1.0,3.8,3.0,0.0
corridor_2,2,6.144444444444445,2.840740740740741,-3.141592653589793,0.011791449652777715,0.015159418402777717,1.0,3.8,3.0,0.0
corridor_2,2,4.974074074074075,3.0592592592592593,0.0,0.011802300347222195,0.015159418402777717,1.0,3.8,3.0,0.0
corridor_2,2,6.290740740740741,2.95,-3.141592653589793,0.011838107638888836,0.015159418402777717,1.0,3.8,3.0,0.0
corridor_2,2,2.4870370370370374,2.840740740740741,0.0,0.011870117187499966,0.015159418402777717,1.0,3.8,3.0,0.0
corridor_2,2,3.657407407407408,3.1685185185185185,-3.141592653589793,0.01188476562499998,0.015159418402777717,1.0,3.8,3.0,0.0
corridor_2,2,4.242592592592593,2.95,-0.2617993877991496,0.011936848958333284,0.015159418402777717,1.0,3.8,3.0,0.0
corridor_2,2,4.242592592592593,3.277777777777778,-3.141592653589793,0.011958007812499958,0.015159418402777717,1.0,3.8,3.0,0.0
corridor_2,2,4.827777777777778,2.7314814814814814,-3.141592653589793,0.011992187499999968,0.015159418402777717,1.0,3.8,3.0,0.0
corridor_2,2,2.6333333333333337,3.1685185185185185,0.0,0.01199435763888886,0.015159418402777717,1.0,3.8,3.0,0.0
corridor_2,2,4.827777777777778,2.840740740740741,0.0,0.012008463541666644,0.015159418402777717,1.0,3.8,3.0,0.0
corridor_2,2,4.0962962962962965,3.277777777777778,-3.141592653589793,0.012019314236111075,0.015159418402777717,1.0,3.8,3.0,0.0
corridor_2,2,6.290740740740741,2.840740740740741,-3.141592653589793,0.012035590277777715,0.015159418402777717,1.0,3.8,3.0,0.0
corridor_2,2,4.974074074074075,2.7314814814814814,0.0,0.012041015624999969,0.015159418402777717,1.0,3.8,3.0,0.0
corridor_2,2,2.4870370370370374,3.0592592592592593,0.0,0.012047526041666633,0.015159418402777717,1.0,3.8,3.0,0.0
corridor_2,2,2.6333333333333337,3.0592592592592593,0.0,0.012054036458333302,0.015159418402777717,1.0,3.8,3.0,0.0
corridor_2,2,5.120370370370371,2.7314814814814814,-3.141592653589793,0.012075737847222196,0.015159418402777717,1.0,3.8,3.0,0.0
corridor_2,2,5.120370370370371,3.1685185185185185,-3.141592653589793,0.012115342881944414,0.015159418402777717,1.0,3.8,3.0,0.0
corridor_2,2,4.974074074074075,3.1685185185185185,0.0,0.012118055555555528,0.015159418402777717,1.0,3.8,3.0,0.0
corridor_2,2,3.657407407407408,3.0592592592592593,-0.2617993877991496,0.012127821180555498,0.015159418402777717,1.0,3.8,3.0,0.0
corridor_2,2,5.851851851851853,3.0592592592592593,-3.141592653589793,0.01212782118055551,0.015159418402777717,1.0,3.8,3.0,0.0
corridor_2,2,4.974074074074075,2.840740740740741,0.0,0.01214843749999997,0.015159418402777717,1.0,3.8,3.0,0.0
corridor_2,2,4.388888888888889,2.6222222222222222,-3.141592653589793,0.012153862847222186,0.015159418402777717,1.0,3.8,3.0,0.0
corridor_2,2,3.364814814814815,3.1685185185185185,-3.141592653589793,0.0121733940972222,0.015159418402777717,1.0,3.8,3.0,0.0
corridor_2,2,2.6333333333333337,2.95,0.0,0.01217502170138886,0.015159418402777717,1.0,3.8,3.0,0.0
corridor_2,2,2.77962962962963,3.1685185185185185,-3.141592653589793,0.012182074652777736,0.015159418402777717,1.0,3.8,3.0,0.0
corridor_2,2,3.364814814814815,2.7314814814814814,-3.141592653589793,0.01218370225694442,0.015159418402777717,1.0,3.8,3.0,0.0
corridor_2,2,4.827777777777778,3.1685185185185185,0.0,0.012192925347222196,0.015159418402777717,1.0,3.8,3.0,0.0
corridor_2,2,5.2666666666666675,2.840740740740741,-3.141592653589793,0.012210286458333306,0.015159418402777717,1.0,3.8,3.0,0.0
corridor_2,2,4.388888888888889,3.277777777777778,0.0,0.012249891493055531,0.015159418402777717,1.0,3.8,3.0,0.0
corridor_2,2,3.5111111111111115,3.1685185185185185,-3.141592653589793,0.012259114583333317,0.015159418402777717,1.0,3.8,3.0,0.0
corridor_2,2,5.120370370370371,2.7314814814814814,0.0,0.012260742187499963,0.015159418402777717,1.0,3.8,3.0,0.0
corridor_2,2,3.9500000000000006,2.95,2.879793265790643,0.012324761284722173,0.015159418402777717,1.0,3.8,3.0,0.0
corridor_2,2,2.340740740740741,2.7314814814814814,0.0,0.012338324652777725,0.015159418402777717,1.0,3.8,3.0,0.0
corridor_2,2,4.535185185185186,2.840740740740741,2.879793265790643,0.012345377604166608,0.015159418402777717,1.0,3.8,3.0,0.0
corridor_2,2,4.0962962962962965,2.6222222222222222,0.0,0.012362738715277738,0.015159418402777717,1.0,3.8,3.0,0.0
corridor_2,2,5.2666666666666675,2.95,-3.141592653589793,0.01236273871527775,0.015159418402777717,1.0,3.8,3.0,0.0
corridor_2,2,3.8037037037037043,2.95,2.879793265790643,0.012377387152777733,0.015159418402777717,1.0,3.8,3.0,0.0
corridor_2,2,5.120370370370371,3.1685185185185185,0.0,0.012386067708333302,0.015159418402777717,1.0,3.8,3.0,0.0
corridor_2,2,4.535185185185186,2.7314814814814814,0.0,0.012420247395833311,0.015159418402777717,1.0,3.8,3.0,0.0
corridor_2,2,5.2666666666666675,2.7314814814814814,-3.141592653589793,0.012429470486111082,0.015159418402777717,1.0,3.8,3.0,0.0
corridor_2,2,3.8037037037037043,3.277777777777778,-3.141592653589793,0.012455512152777745,0.015159418402777717,1.0,3.8,3.0,0.0
corridor_2,2,3.5111111111111115,3.277777777777778,0.0,0.012462022569444422,0.015159418402777717,1.0,3.8,3.0,0.0
corridor_2,2,2.340740740740741,3.1685185185185185,-3.141592653589793,0.01246853298611106,0.015159418402777717,1.0,3.8,3.0,0.0
corridor_2,2,3.8037037037037043,3.277777777777778,0.0,0.012473415798611075,0.015159418402777717,1.0,3.8,3.0,0.0
corridor_2,2,4.681481481481482,2.6222222222222222,-3.141592653589793,0.012477756076388862,0.015159418402777717,1.0,3.8,3.0,0.0
corridor_2,2,5.412962962962964,2.840740740740741,-3.141592653589793,0.012528754340277745,0.015159418402777717,1.0,3.8,3.0,0.0
corridor_2,2,2.4870370370370374,3.1685185185185185,0.0,0.012549370659722186,0.015159418402777717,1.0,3.8,3.0,0.0
corridor_2,2,2.1944444444444446,3.0592592592592593,-3.141592653589793,0.012564561631944396,0.015159418402777717,1.0,3.8,3.0,0.0
corridor_2,2,3.0722222222222224,2.7314814814814814,0.0,0.012582465277777751,0.015159418402777717,1.0,3.8,3.0,0.0
corridor_2,2,3.9500000000000006,2.6222222222222222,0.0,0.012597656249999954,0.015159418402777717,1.0,3.8,3.0,0.0
corridor_2,2,2.9259259259259265,2.840740740740741,0.0,0.012603624131944416,0.015159418402777717,1.0,3.8,3.0,0.0
corridor_2,2,2.77962962962963,2.840740740740741,0.0,0.012635091145833305,0.015159418402777717,1.0,3.8,3.0,0.0
corridor_2,2,3.8037037037037043,2.6222222222222222,-3.141592653589793,0.012643229166666641,0.015159418402777717,1.0,3.8,3.0,0.0
corridor_2,2,2.1944444444444446,2.7314814814814814,0.0,0.012679036458333274,0.015159418402777717,1.0,3.8,3.0,0.0
corridor_2,2,2.1944444444444446,3.1685185185185185,-3.141592653589793,0.012686089409722169,0.015159418402777717,1.0,3.8,3.0,0.0
corridor_2,2,4.242592592592593,2.95,-2.8797932657906435,0.012715386284722165,0.015159418402777717,1.0,3.8,3.0,0.0
corridor_2,2,2.340740740740741,2.840740740740741,-3.141592653589793,0.012731662326388839,0.015159418402777717,1.0,3.8,3.0,0.0
corridor_2,2,2.0481481481481483,3.1685185185185185,0.0,0.012768012152777723,0.015159418402777717,1.0,3.8,3.0,0.0
corridor_2,2,5.412962962962964,2.7314814814814814,-3.141592653589793,0.01278971354166663,0.015159418402777717,1.0,3.8,3.0,0.0
corridor_2,2,4.388888888888889,2.6222222222222222,0.0,0.012817382812499965,0.015159418402777717,1.0,3.8,3.0,0.0
corridor_2,2,5.55925925925926,2.840740740740741,-0.2617993877991496,0.012827148437499939,0.015159418402777717,1.0,3.8,3.0,0.0
corridor_2,2,5.55925925925926,2.840740740740741,-3.141592653589793,0.012854817708333296,0.015159418402777717,1.0,3.8,3.0,0.0
corridor_2,2,5.705555555555557,2.95,-3.141592653589793,0.01286621093749996,0.015159418402777717,1.0,3.8,3.0,0.0
corridor_2,2,3.9500000000000006,3.277777777777778,-3.141592653589793,0.012871636284722187,0.015159418402777717,1.0,3.8,3.0,0.0
corridor_2,2,4.388888888888889,2.7314814814814814,-0.2617993877991496,0.012916666666666616,0.015159418402777717,1.0,3.8,3.0,0.0
corridor_2,2,3.0722222222222224,2.7314814814814814,-3.141592653589793,0.012936197916666635,0.015159418402777717,1.0,3.8,3.0,0.0
corridor_2,2,4.0962962962962965,2.840740740740741,2.879793265790643,0.012948133680555507,0.015159418402777717,1.0,3.8,3.0,0.0
corridor_2,2,4.0962962962962965,3.0592592592592593,-0.2617993877991496,0.012956814236111062,0.015159418402777717,1.0,3.8,3.0,0.0
corridor_2,2,4.681481481481482,3.277777777777778,-3.141592653589793,0.012958984374999961,0.015159418402777717,1.0,3.8,3.0,0.0
corridor_2,2,4.388888888888889,2.95,-0.2617993877991496,0.012964409722222176,0.015159418402777717,1.0,3.8,3.0,0.0
corridor_2,2,3.9500000000000006,2.6222222222222222,-3.141592653589793,0.012967664930555532,0.015159418402777717,1.0,3.8,3.0,0.0
corridor_2,2,2.6333333333333337,3.277777777777778,0.0,0.012970377604166635,0.015159418402777717,1.0,3.8,3.0,0.0
corridor_2,2,3.9500000000000006,3.0592592592592593,0.26179938779914913,0.01297580295138883,0.015159418402777717,1.0,3.8,3.0,0.0
corridor_2,2,4.242592592592593,2.6222222222222222,0.0,0.01297797309027774,0.015159418402777717,1.0,3.8,3.0,0.0
corridor_2,2,3.657407407407408,2.95,2.879793265790643,0.012995876736111071,0.015159418402777717,1.0,3.8,3.0,0.0
corridor_2,2,5.2666666666666675,3.1685185185185185,0.0,0.01300021701388885,0.015159418402777717,1.0,3.8,3.0,0.0
corridor_2,2,4.681481481481482,2.7314814814814814,0.0,0.01300889756944442,0.015159418402777717,1.0,3.8,3.0,0.0
corridor_2,2,2.77962962962963,2.95,2.879793265790643,0.013012695312499942,0.015159418402777717,1.0,3.8,3.0,0.0
corridor_2,2,4.388888888888889,3.277777777777778,-3.141592653589793,0.013021375868055511,0.015159418402777717,1.0,3.8,3.0,0.0
corridor_2,2,2.6333333333333337,3.0592592592592593,2.879793265790643,0.013038736979166615,0.015159418402777717,1.0,3.8,3.0,0.0
corridor_2,2,5.2666666666666675,2.7314814814814814,0.0,0.013039279513888844,0.015159418402777717,1.0,3.8,3.0,0.0
corridor_2,2,5.412962962962964,2.95,-3.141592653589793,0.013068033854166633,0.015159418402777717,1.0,3.8,3.0,0.0
corridor_2,2,4.535185185185186,2.95,-0.2617993877991496,0.013071831597222182,0.015159418402777717,1.0,3.8,3.0,0.0
corridor_2,2,5.9981481481481485,2.840740740740741,-3.141592653589793,0.013074001736111054,0.015159418402777717,1.0,3.8,3.0,0.0
corridor_2,2,2.6333333333333337,2.840740740740741,0.0,0.013084852430555523,0.015159418402777717,1.0,3.8,3.0,0.0
corridor_2,2,3.8037037037037043,5.353703703703704,0.0,0.01310818142361111,0.015159418402777717,1.0,3.8,3.0,0.0
corridor_2,2,4.0962962962962965,0.5462962962962963,-3.141592653589793,0.01310818142361111,0.015159418402777717,1.0,3.8,3.0,0.0
corridor_2,2,3.8037037037037043,0.6555555555555556,0.0,0.013119574652777776,0.015159418402777717,1.0,3.8,3.0,0.0
corridor_2,2,4.0962962962962965,5.2444444444444445,-3.141592653589793,0.013119574652777776,0.015159418402777717,1.0,3.8,3.0,0.0
corridor_2,2,5.2666666666666675,3.0592592592592593,-3.141592653589793,0.01312282986111108,0.015159418402777717,1.0,3.8,3.0,0.0
corridor_2,2,3.8037037037037043,2.840740740740741,-0.2617993877991496,0.01313585069444439,0.015159418402777717,1.0,3.8,3.0,0.0
corridor_2,2,4.827777777777778,2.7314814814814814,0.0,0.013138020833333304,0.015159418402777717,1.0,3.8,3.0,0.0
corridor_2,2,3.657407407407408,5.353703703703704,0.0,0.013141818576388888,0.015159418402777717,1.0,3.8,3.0,0.0
corridor_2,2,4.242592592592593,0.5462962962962963,-3.141592653589793,0.013141818576388888,0.015159418402777717,1.0,3.8,3.0,0.0
corridor_2,2,5.55925925925926,2.95,-3.141592653589793,0.013143446180555522,0.015159418402777717,1.0,3.8,3.0,0.0
corridor_2,2,3.9500000000000006,0.6555555555555556,0.0,0.013158637152777777,0.015159418402777717,1.0,3.8,3.0,0.0
corridor_2,2,3.9500000000000006,5.2444444444444445,-3.141592653589793,0.013158637152777777,0.015159418402777717,1.0,3.8,3.0,0.0
corridor_2,2,3.657407407407408,0.6555555555555556,0.0,0.013174913194444445,0.015159418402777717,1.0,3.8,3.0,0.0
corridor_2,2,4.242592592592593,5.2444444444444445,-3.141592653589793,0.013174913194444445,0.015159418402777717,1.0,3.8,3.0,0.0
corridor_2,2,3.9500000000000006,0.5462962962962963,-3.141592653589793,0.013177083333333332,0.015159418402777717,1.0,3.8,3.0,0.0
corridor_2,2,3.9500000000000006,5.353703703703704,0.0,0.013177083333333332,0.015159418402777717,1.0,3.8,3.0,0.0
corridor_2,2,3.364814814814815,3.277777777777778,0.0,0.013245442708333308,0.015159418402777717,1.0,3.8,3.0,0.0
corridor_2,2,2.4870370370370374,2.7314814814814814,0.0,0.01325086805555551,0.015159418402777717,1.0,3.8,3.0,0.0
corridor_2,2,3.5111111111111115,5.353703703703704,0.0,0.01325249565972222,0.015159418402777717,1.0,3.8,3.0,0.0
corridor_2,2,4.388888888888889,0.5462962962962963,-3.141592653589793,0.01325249565972222,0.015159418402777717,1.0,3.8,3.0,0.0
corridor_2,2,4.242592592592593,2.840740740740741,-0.2617993877991496,0.013261718749999945,0.015159418402777717,1.0,3.8,3.0,0.0
corridor_2,2,3.8037037037037043,5.2444444444444445,-3.141592653589793,0.01326388888888889,0.015159418402777717,1.0,3.8,3.0,0.0
corridor_2,2,4.0962962962962965,0.6555555555555556,0.0,0.01326388888888889,0.015159418402777717,1.0,3.8,3.0,0.0
corridor_2,2,3.8037037037037043,0.5462962962962963,-3.141592653589793,0.013267686631944442,0.015159418402777717,1.0,3.8,3.0,0.0
corridor_2,2,4.0962962962962965,5.353703703703704,0.0,0.013267686631944442,0.015159418402777717,1.0,3.8,3.0,0.0
corridor_2,2,3.5111111111111115,0.6555555555555556,0.0,0.013270941840277776,0.015159418402777717,1.0,3.8,3.0,0.0
corridor_2,2,4.388888888888889,5.2444444444444445,-3.141592653589793,0.013270941840277776,0.015159418402777717,1.0,3.8,3.0,0.0
corridor_2,2,3.5111111111111115,2.95,-0.2617993877991496,0.013292643229166614,0.015159418402777717,1.0,3.8,3.0,0.0
corridor_2,2,5.55925925925926,2.7314814814814814,-3.141592653589793,0.013294813368055516,0.015159418402777717,1.0,3.8,3.0,0.0
corridor_2,2,3.8037037037037043,0.5462962962962963,0.0,0.013330620659722221,0.015159418402777717,1.0,3.8,3.0,0.0
corridor_2,2,4.0962962962962965,5.353703703703704,-3.141592653589793,0.013330620659722221,0.015159418402777717,1.0,3.8,3.0,0.0
corridor_2,2,3.8037037037037043,5.2444444444444445,0.0,0.01333984375,0.015159418402777717,1.0,3.8,3.0,0.0
corridor_2,2,4.0962962962962965,0.6555555555555556,-3.141592653589793,0.01333984375,0.015159418402777717,1.0,3.8,3.0,0.0
corridor_2,2,3.657407407407408,0.5462962962962963,0.0,0.013364257812499999,0.015159418402777717,1.0,3.8,3.0,0.0
corridor_2,2,4.242592592592593,5.353703703703704,-3.141592653589793,0.013364257812499999,0.015159418402777717,1.0,3.8,3.0,0.0
corridor_2,2,3.9500000000000006,0.6555555555555556,-3.141592653589793,0.01337890625,0.015159418402777717,1.0,3.8,3.0,0.0
corridor_2,2,3.9500000000000006,5.2444444444444445,0.0,0.01337890625,0.015159418402777717,1.0,3.8,3.0,0.0
corridor_2,2,3.657407407407408,5.2444444444444445,0.0,0.013395182291666665,0.015159418402777717,1.0,3.8,3.0,0.0
corridor_2,2,4.242592592592593,0.6555555555555556,-3.141592653589793,0.013395182291666665,0.015159418402777717,1.0,3.8,3.0,0.0
corridor_2,2,3.9500000000000006,0.5462962962962963,0.0,0.013399522569444444,0.015159418402777717,1.0,3.8,3.0,0.0
corridor_2,2,3.9500000000000006,5.353703703703704,-3.141592653589793,0.013399522569444444,0.015159418402777717,1.0,3.8,3.0,0.0
corridor_2,2,5.851851851851853,2.7314814814814814,0.0,0.01341417100694438,0.015159418402777717,1.0,3.8,3.0,0.0
corridor_2,2,3.8037037037037043,3.0592592592592593,-0.2617993877991496,0.013427191840277726,0.015159418402777717,1.0,3.8,3.0,0.0
corridor_2,2,4.0962962962962965,2.7314814814814814,2.879793265790643,0.01342936197916662,0.015159418402777717,1.0,3.8,3.0,0.0
corridor_2,2,3.364814814814815,5.353703703703704,0.0,0.013441297743055552,0.015159418402777717,1.0,3.8,3.0,0.0
corridor_2,2,4.535185185185186,0.5462962962962963,-3.141592653589793,0.013441297743055552,0.015159418402777717,1.0,3.8,3.0,0.0
corridor_2,2,3.657407407407408,2.840740740740741,-0.2617993877991496,0.01344184027777772,0.015159418402777717,1.0,3.8,3.0,0.0
corridor_2,2,3.364814814814815,0.6555555555555556,0.0,0.013444552951388886,0.015159418402777717,1.0,3.8,3.0,0.0
corridor_2,2,4.535185185185186,5.2444444444444445,-3.141592653589793,0.013444552951388886,0.015159418402777717,1.0,3.8,3.0,0.0
corridor_2,2,3.657407407407408,0.5462962962962963,-3.141592653589793,0.013449435763888885,0.015159418402777717,1.0,3.8,3.0,0.0
corridor_2,2,4.242592592592593,5.353703703703704,0.0,0.013449435763888885,0.015159418402777717,1.0,3.8,3.0,0.0
corridor_2,2,3.657407407407408,5.2444444444444445,-3.141592653589793,0.013452690972222221,0.015159418402777717,1.0,3.8,3.0,0.0
corridor_2,2,4.242592592592593,0.6555555555555556,0.0,0.013452690972222221,0.015159418402777717,1.0,3.8,3.0,0.0
corridor_2,2,3.8037037037037043,3.1685185185185185,2.879793265790643,0.013456488715277727,0.015159418402777717,1.0,3.8,3.0,0.0
corridor_2,2,3.5111111111111115,0.5462962962962963,0.0,0.013474934895833332,0.015159418402777717,1.0,3.8,3.0,0.0
corridor_2,2,4.388888888888889,5.353703703703704,-3.141592653589793,0.013474934895833332,0.015159418402777717,1.0,3.8,3.0,0.0
corridor_2,2,3.8037037037037043,0.6555555555555556,-3.141592653589793,0.01348415798611111,0.015159418402777717,1.0,3.8,3.0,0.0
corridor_2,2,4.0962962962962965,5.2444444444444445,0.0,0.01348415798611111,0.015159418402777717,1.0,3.8,3.0,0.0
corridor_2,2,3.8037037037037043,5.353703703703704,-3.141592653589793,0.013490125868055553,0.015159418402777717,1.0,3.8,3.0,0.0
corridor_2,2,4.0962962962962965,0.5462962962962963,0.0,0.013490125868055553,0.015159418402777717,1.0,3.8,3.0,0.0
corridor_2,2,3.5111111111111115,5.2444444444444445,0.0,0.0134912109375,0.015159418402777717,1.0,3.8,3.0,0.0
corridor_2,2,4.388888888888889,0.6555555555555556,-3.141592653589793,0.0134912109375,0.015159418402777717,1.0,3.8,3.0,0.0
corridor_2,2,3.657407407407408,2.95,-0.2617993877991496,0.01350206163194438,0.015159418402777717,1.0,3.8,3.0,0.0
corridor_2,2,3.9500000000000006,3.277777777777778,0.0,0.013529188368055518,0.015159418402777717,1.0,3.8,3.0,0.0
corridor_2,2,3.9500000000000006,2.840740740740741,2.879793265790643,0.01354763454861106,0.015159418402777717,1.0,3.8,3.0,0.0
corridor_2,2,3.218518518518519,0.6555555555555556,0.0,0.013548719618055552,0.015159418402777717,1.0,3.8,3.0,0.0
corridor_2,2,4.681481481481482,5.2444444444444445,-3.141592653589793,0.013548719618055552,0.015159418402777717,1.0,3.8,3.0,0.0
corridor_2,2,5.705555555555557,2.840740740740741,-3.141592653589793,0.013555230034722178,0.015159418402777717,1.0,3.8,3.0,0.0
corridor_2,2,3.8037037037037043,2.6222222222222222,0.0,0.013565538194444398,0.015159418402777717,1.0,3.8,3.0,0.0
corridor_2,2,1.7555555555555558,3.0592592592592593,0.0,0.013566080729166615,0.015159418402777717,1.0,3.8,3.0,0.0
corridor_2,2,1.7555555555555558,2.95,0.0,0.013568793402777729,0.015159418402777717,1.0,3.8,3.0,0.0
corridor_2,2,3.657407407407408,2.95,0.26179938779914913,0.013592122395833274,0.015159418402777717,1.0,3.8,3.0,0.0
corridor_2,2,4.388888888888889,3.0592592592592593,2.879793265790643,0.013606228298611054,0.015159418402777717,1.0,3.8,3.0,0.0
corridor_2,2,2.1944444444444446,3.1685185185185185,0.0,0.013612196180555505,0.015159418402777717,1.0,3.8,3.0,0.0
corridor_2,2,4.242592592592593,3.277777777777778,0.0,0.013630099826388862,0.015159418402777717,1.0,3.8,3.0,0.0
corridor_2,2,5.851851851851853,3.1685185185185185,-3.141592653589793,0.013656141493055496,0.015159418402777717,1.0,3.8,3.0,0.0
corridor_2,2,5.705555555555557,3.0592592592592593,-3.141592653589793,0.013658854166666623,0.015159418402777717,1.0,3.8,3.0,0.0
corridor_2,2,3.364814814814815,0.5462962962962963,0.0,0.013663736979166665,0.015159418402777717,1.0,3.8,3.0,0.0
corridor_2,2,4.535185185185186,5.353703703703704,-3.141592653589793,0.013663736979166665,0.015159418402777717,1.0,3.8,3.0,0.0
corridor_2,2,3.364814814814815,5.2444444444444445,0.0,0.01366482204861111,0.015159418402777717,1.0,3.8,3.0,0.0
corridor_2,2,4.535185185185186,0.6555555555555556,-3.141592653589793,0.01366482204861111,0.015159418402777717,1.0,3.8,3.0,0.0
corridor_2,2,4.535185185185186,2.95,2.879793265790643,0.013669704861111041,0.015159418402777717,1.0,3.8,3.0,0.0
corridor_2,2,3.657407407407408,5.353703703703704,-3.141592653589793,0.013671874999999997,0.015159418402777717,1.0,3.8,3.0,0.0
corridor_2,2,4.242592592592593,0.5462962962962963,0.0,0.013671874999999997,0.015159418402777717,1.0,3.8,3.0,0.0
corridor_2,2,3.657407407407408,0.6555555555555556,-3.141592653589793,0.013672960069444441,0.015159418402777717,1.0,3.8,3.0,0.0
corridor_2,2,4.242592592592593,5.2444444444444445,0.0,0.013672960069444441,0.015159418402777717,1.0,3.8,3.0,0.0
corridor_2,2,5.851851851851853,2.840740740740741,-3.141592653589793,0.013690321180555505,0.015159418402777717,1.0,3.8,3.0,0.0
corridor_2,2,3.0722222222222224,3.277777777777778,0.0,0.013690863715277746,0.015159418402777717,1.0,3.8,3.0,0.0
corridor_2,2,2.340740740740741,3.1685185185185185,0.0,0.013691948784722179,0.015159418402777717,1.0,3.8,3.0,0.0
corridor_2,2,3.9500000000000006,3.0592592592592593,2.879793265790643,0.01369791666666661,0.015159418402777717,1.0,3.8,3.0,0.0
corridor_2,2,3.218518518518519,5.353703703703704,0.0,0.013708224826388884,0.015159418402777717,1.0,3.8,3.0,0.0
corridor_2,2,4.681481481481482,0.5462962962962963,-3.141592653589793,0.013708224826388884,0.015159418402777717,1.0,3.8,3.0,0.0
corridor_2,2,4.388888888888889,2.840740740740741,-0.2617993877991496,0.013710937499999944,0.015159418402777717,1.0,3.8,3.0,0.0
corridor_2,2,3.8037037037037043,3.1685185185185185,0.26179938779914913,0.013711480034722159,0.015159418402777717,1.0,3.8,3.0,0.0
corridor_2,2,3.5111111111111115,0.5462962962962963,-3.141592653589793,0.013716362847222217,0.015159418402777717,1.0,3.8,3.0,0.0
corridor_2,2,4.388888888888889,5.353703703703704,0.0,0.013716362847222217,0.015159418402777717,1.0,3.8,3.0,0.0
corridor_2,2,3.5111111111111115,5.2444444444444445,-3.141592653589793,0.013719618055555553,0.015159418402777717,1.0,3.8,3.0,0.0
corridor_2,2,4.388888888888889,0.6555555555555556,0.0,0.013719618055555553,0.015159418402777717,1.0,3.8,3.0,0.0
corridor_2,2,5.55925925925926,2.7314814814814814,0.0,0.013732096354166612,0.015159418402777717,1.0,3.8,3.0,0.0
corridor_2,2,2.77962962962963,3.0592592592592593,2.879793265790643,0.013733723958333274,0.015159418402777717,1.0,3.8,3.0,0.0
corridor_2,2,3.218518518518519,5.2444444444444445,0.0,0.013768988715277776,0.015159418402777717,1.0,3.8,3.0,0.0
corridor_2,2,4.681481481481482,0.6555555555555556,-3.141592653589793,0.013768988715277776,0.015159418402777717,1.0,3.8,3.0,0.0
corridor_2,2,4.388888888888889,3.0592592592592593,-0.2617993877991496,0.013774956597222172,0.015159418402777717,1.0,3.8,3.0,0.0
corridor_2,2,2.340740740740741,2.7314814814814814,-3.141592653589793,0.013777669270833286,0.015159418402777717,1.0,3.8,3.0,0.0
corridor_2,2,3.218518518518519,3.277777777777778,0.0,0.013794487847222193,0.015159418402777717,1.0,3.8,3.0,0.0
corridor_2,2,5.9981481481481485,2.840740740740741,0.0,0.01381564670138883,0.015159418402777717,1.0,3.8,3.0,0.0
corridor_2,2,5.9981481481481485,3.1685185185185185,-3.141592653589793,0.013817274305555488,0.015159418402777717,1.0,3.8,3.0,0.0
corridor_2,2,4.388888888888889,2.840740740740741,2.879793265790643,0.01384114583333328,0.015159418402777717,1.0,3.8,3.0,0.0
corridor_2,2,3.364814814814815,2.95,0.26179938779914913,0.01387912326388883,0.015159418402777717,1.0,3.8,3.0,0.0
corridor_2,2,5.851851851851853,3.0592592592592593,0.0,0.013886176215277716,0.015159418402777717,1.0,3.8,3.0,0.0
corridor_2,2,4.0962962962962965,3.277777777777778,0.0,0.013889973958333302,0.015159418402777717,1.0,3.8,3.0,0.0
corridor_2,2,3.364814814814815,2.95,2.879793265790643,0.013892144097222179,0.015159418402777717,1.0,3.8,3.0,0.0
corridor_2,2,2.6333333333333337,2.7314814814814814,0.0,0.013893771701388854,0.015159418402777717,1.0,3.8,3.0,0.0
corridor_2,2,3.0722222222222224,0.6555555555555556,0.0,0.013893771701388884,0.015159418402777717,1.0,3.8,3.0,0.0
corridor_2,2,4.827777777777778,5.2444444444444445,-3.141592653589793,0.013893771701388884,0.015159418402777717,1.0,3.8,3.0,0.0
corridor_2,2,5.412962962962964,2.7314814814814814,0.0,0.01392686631944439,0.015159418402777717,1.0,3.8,3.0,0.0
corridor_2,2,6.290740740740741,3.0592592592592593,-3.141592653589793,0.013930121527777716,0.015159418402777717,1.0,3.8,3.0,0.0
corridor_2,2,3.218518518518519,0.5462962962962963,0.0,0.013930664062499995,0.015159418402777717,1.0,3.8,3.0,0.0
corridor_2,2,4.681481481481482,5.353703703703704,-3.141592653589793,0.013930664062499995,0.015159418402777717,1.0,3.8,3.0,0.0
corridor_2,2,3.5111111111111115,5.353703703703704,-3.141592653589793,0.013938802083333328,0.015159418402777717,1.0,3.8,3.0,0.0
corridor_2,2,4.388888888888889,0.5462962962962963,0.0,0.013938802083333328,0.015159418402777717,1.0,3.8,3.0,0.0
corridor_2,2,3.5111111111111115,0.6555555555555556,-3.141592653589793,0.013939887152777775,0.015159418402777717,1.0,3.8,3.0,0.0
corridor_2,2,4.388888888888889,5.2444444444444445,0.0,0.013939887152777775,0.015159418402777717,1.0,3.8,3.0,0.0
corridor_2,2,5.412962962962964,3.0592592592592593,-3.141592653589793,0.013951822916666634,0.015159418402777717,1.0,3.8,3.0,0.0
corridor_2,2,4.681481481481482,2.95,2.879793265790643,0.01395236545138883,0.015159418402777717,1.0,3.8,3.0,0.0
corridor_2,2,3.657407407407408,2.6222222222222222,0.0,0.013969726562499958,0.015159418402777717,1.0,3.8,3.0,0.0
corridor_2,2,4.535185185185186,3.277777777777778,0.0,0.013973524305555521,0.015159418402777717,1.0,3.8,3.0,0.0
corridor_2,2,4.0962962962962965,2.95,2.879793265790643,0.01397894965277772,0.015159418402777717,1.0,3.8,3.0,0.0
corridor_2,2,3.364814814814815,2.6222222222222222,-3.141592653589793,0.013981119791666635,0.015159418402777717,1.0,3.8,3.0,0.0
corridor_2,2,3.8037037037037043,2.840740740740741,2.879793265790643,0.013989257812499952,0.015159418402777717,1.0,3.8,3.0,0.0
corridor_2,2,3.218518518518519,2.95,-2.8797932657906435,0.013994683159722169,0.015159418402777717,1.0,3.8,3.0,0.0
corridor_2,2,3.5111111111111115,3.0592592592592593,-0.2617993877991496,0.014025607638888835,0.015159418402777717,1.0,3.8,3.0,0.0
corridor_2,2,4.242592592592593,3.0592592592592593,-0.2617993877991496,0.014032118055555503,0.015159418402777717,1.0,3.8,3.0,0.0
corridor_2,2,5.55925925925926,3.0592592592592593,-3.141592653589793,0.014039171006944406,0.015159418402777717,1.0,3.8,3.0,0.0
corridor_2,2,3.9500000000000006,2.95,0.26179938779914913,0.014040256076388825,0.015159418402777717,1.0,3.8,3.0,0.0
corridor_2,2,3.0722222222222224,5.353703703703704,0.0,0.014053276909722214,0.015159418402777717,1.0,3.8,3.0,0.0
corridor_2,2,4.827777777777778,0.5462962962962963,-3.141592653589793,0.014053276909722214,0.015159418402777717,1.0,3.8,3.0,0.0
corridor_2,2,3.364814814814815,0.5462962962962963,-3.141592653589793,0.014061414930555547,0.015159418402777717,1.0,3.8,3.0,0.0
corridor_2,2,4.535185185185186,5.353703703703704,0.0,0.014061414930555547,0.015159418402777717,1.0,3.8,3.0,0.0
corridor_2,2,3.364814814814815,5.2444444444444445,-3.141592653589793,0.014064670138888883,0.015159418402777717,1.0,3.8,3.0,0.0
corridor_2,2,4.535185185185186,0.6555555555555556,0.0,0.014064670138888883,0.015159418402777717,1.0,3.8,3.0,0.0
corridor_2,2,5.705555555555557,2.7314814814814814,0.0,0.014066840277777715,0.015159418402777717,1.0,3.8,3.0,0.0
corridor_2,2,3.5111111111111115,2.6222222222222222,0.0,0.014073350694444403,0.015159418402777717,1.0,3.8,3.0,0.0
corridor_2,2,3.9500000000000006,2.840740740740741,-0.2617993877991496,0.014076063368055506,0.015159418402777717,1.0,3.8,3.0,0.0
corridor_2,2,4.0962962962962965,3.1685185185185185,-0.2617993877991496,0.014085286458333283,0.015159418402777717,1.0,3.8,3.0,0.0
corridor_2,2,5.9981481481481485,2.7314814814814814,0.0,0.014091254340277711,0.015159418402777717,1.0,3.8,3.0,0.0
corridor_2,2,4.535185185185186,3.0592592592592593,2.879793265790643,0.014099934895833265,0.015159418402777717,1.0,3.8,3.0,0.0
corridor_2,2,4.827777777777778,2.6222222222222222,-3.141592653589793,0.01410915798611108,0.015159418402777717,1.0,3.8,3.0,0.0
corridor_2,2,3.0722222222222224,5.2444444444444445,0.0,0.014114040798611107,0.015159418402777717,1.0,3.8,3.0,0.0
corridor_2,2,4.827777777777778,0.6555555555555556,-3.141592653589793,0.014114040798611107,0.015159418402777717,1.0,3.8,3.0,0.0
corridor_2,2,4.0962962962962965,2.840740740740741,0.26179938779914913,0.014115125868055491,0.015159418402777717,1.0,3.8,3.0,0.0
corridor_2,2,3.5111111111111115,3.0592592592592593,2.879793265790643,0.014129774305555513,0.015159418402777717,1.0,3.8,3.0,0.0
corridor_2,2,6.290740740740741,2.7314814814814814,-3.141592653589793,0.014164496527777709,0.015159418402777717,1.0,3.8,3.0,0.0
corridor_2,2,4.535185185185186,3.277777777777778,-3.141592653589793,0.01417643229166662,0.015159418402777717,1.0,3.8,3.0,0.0
corridor_2,2,2.77962962962963,2.6222222222222222,-3.141592653589793,0.014176974826388836,0.015159418402777717,1.0,3.8,3.0,0.0
corridor_2,2,2.0481481481481483,2.7314814814814814,0.0,0.014181315104166599,0.015159418402777717,1.0,3.8,3.0,0.0
corridor_2,2,5.2666666666666675,3.1685185185185185,-3.141592653589793,0.014193250868055519,0.015159418402777717,1.0,3.8,3.0,0.0
corridor_2,2,4.0962962962962965,2.95,-2.8797932657906435,0.014214409722222161,0.015159418402777717,1.0,3.8,3.0,0.0
corridor_2,2,4.681481481481482,2.840740740740741,-0.2617993877991496,0.014224175347222177,0.015159418402777717,1.0,3.8,3.0,0.0
corridor_2,2,3.364814814814815,3.0592592592592593,0.26179938779914913,0.0142274305555555,0.015159418402777717,1.0,3.8,3.0,0.0
corridor_2,2,5.705555555555557,2.7314814814814814,-3.141592653589793,0.014230143229166619,0.015159418402777717,1.0,3.8,3.0,0.0
corridor_2,2,4.681481481481482,2.840740740740741,2.879793265790643,0.014256184895833274,0.015159418402777717,1.0,3.8,3.0,0.0
corridor_2,2,3.364814814814815,2.840740740740741,-2.8797932657906435,0.014271375868055507,0.015159418402777717,1.0,3.8,3.0,0.0
corridor_2,2,3.0722222222222224,0.5462962962962963,0.0,0.014275716145833327,0.015159418402777717,1.0,3.8,3.0,0.0
corridor_2,2,4.827777777777778,5.353703703703704,-3.141592653589793,0.014275716145833327,0.015159418402777717,1.0,3.8,3.0,0.0
corridor_2,2,2.1944444444444446,2.95,-3.141592653589793,0.014278971354166614,0.015159418402777717,1.0,3.8,3.0,0.0
corridor_2,2,3.8037037037037043,3.0592592592592593,2.879793265790643,0.014282226562499941,0.015159418402777717,1.0,3.8,3.0,0.0
corridor_2,2,3.364814814814815,5.353703703703704,-3.141592653589793,0.014283854166666662,0.015159418402777717,1.0,3.8,3.0,0.0
corridor_2,2,4.535185185185186,0.5462962962962963,0.0,0.014283854166666662,0.015159418402777717,1.0,3.8,3.0,0.0
corridor_2,2,3.364814814814815,0.6555555555555556,-3.141592653589793,0.014284939236111106,0.015159418402777717,1.0,3.8,3.0,0.0
corridor_2,2,4.535185185185186,5.2444444444444445,0.0,0.014284939236111106,0.015159418402777717,1.0,3.8,3.0,0.0
corridor_2,2,2.77962962962963,3.277777777777778,-3.141592653589793,0.014291992187499955,0.015159418402777717,1.0,3.8,3.0,0.0
corridor_2,2,3.5111111111111115,2.95,0.26179938779914913,0.014295247395833273,0.015159418402777717,1.0,3.8,3.0,0.0
corridor_2,2,2.9259259259259265,0.6555555555555556,0.0,0.014316948784722216,0.015159418402777717,1.0,3.8,3.0,0.0
corridor_2,2,4.974074074074075,5.2444444444444445,-3.141592653589793,0.014316948784722216,0.015159418402777717,1.0,3.8,3.0,0.0
corridor_2,2,4.0962962962962965,3.0592592592592593,-2.8797932657906435,0.014325086805555491,0.015159418402777717,1.0,3.8,3.0,0.0
corridor_2,2,4.0962962962962965,3.1685185185185185,-2.8797932657906435,0.014326714409722156,0.015159418402777717,1.0,3.8,3.0,0.0
corridor_2,2,4.0962962962962965,2.6222222222222222,-3.141592653589793,0.014329427083333299,0.015159418402777717,1.0,3.8,3.0,0.0
corridor_2,2,3.8037037037037043,2.95,-2.8797932657906435,0.014342990451388834,0.015159418402777717,1.0,3.8,3.0,0.0
corridor_2,2,4.827777777777778,3.277777777777778,-3.141592653589793,0.014353298611111065,0.015159418402777717,1.0,3.8,3.0,0.0
corridor_2,2,4.242592592592593,2.840740740740741,2.879793265790643,0.014379882812499948,0.015159418402777717,1.0,3.8,3.0,0.0
corridor_2,2,5.55925925925926,2.6222222222222222,-3.141592653589793,0.014386393229166627,0.015159418402777717,1.0,3.8,3.0,0.0
corridor_2,2,4.242592592592593,2.840740740740741,-2.8797932657906435,0.014392361111111042,0.015159418402777717,1.0,3.8,3.0,0.0
corridor_2,2,3.0722222222222224,2.95,-0.2617993877991496,0.014397786458333287,0.015159418402777717,1.0,3.8,3.0,0.0
corridor_2,2,4.535185185185186,3.0592592592592593,-0.2617993877991496,0.01440809461805551,0.015159418402777717,1.0,3.8,3.0,0.0
corridor_2,2,2.9259259259259265,2.95,2.879793265790643,0.014415147569444389,0.015159418402777717,1.0,3.8,3.0,0.0
corridor_2,2,4.681481481481482,3.277777777777778,0.0,0.01443033854166663,0.015159418402777717,1.0,3.8,3.0,0.0
corridor_2,2,4.0962962962962965,2.95,-0.2617993877991496,0.014433051215277722,0.015159418402777717,1.0,3.8,3.0,0.0
corridor_2,2,3.218518518518519,0.5462962962962963,-3.141592653589793,0.014446614583333326,0.015159418402777717,1.0,3.8,3.0,0.0
corridor_2,2,4.681481481481482,5.353703703703704,0.0,0.014446614583333326,0.015159418402777717,1.0,3.8,3.0,0.0
corridor_2,2,3.218518518518519,5.2444444444444445,-3.141592653589793,0.014449869791666656,0.015159418402777717,1.0,3.8,3.0,0.0
corridor_2,2,4.681481481481482,0.6555555555555556,0.0,0.014449869791666656,0.015159418402777717,1.0,3.8,3.0,0.0
corridor_2,2,1.7555555555555558,2.840740740740741,0.0,0.014454210069444393,0.015159418402777717,1.0,3.8,3.0,0.0
corridor_2,2,4.242592592592593,3.0592592592592593,2.879793265790643,0.014470486111111057,0.015159418402777717,1.0,3.8,3.0,0.0
corridor_2,2,2.9259259259259265,5.353703703703704,0.0,0.014476453993055546,0.015159418402777717,1.0,3.8,3.0,0.0
corridor_2,2,4.974074074074075,0.5462962962962963,-3.141592653589793,0.014476453993055546,0.015159418402777717,1.0,3.8,3.0,0.0
corridor_2,2,2.9259259259259265,2.7314814814814814,0.0,0.014478081597222189,0.015159418402777717,1.0,3.8,3.0,0.0
corridor_2,2,4.0962962962962965,2.95,0.26179938779914913,0.014499782986111046,0.015159418402777717,1.0,3.8,3.0,0.0
corridor_2,2,3.8037037037037043,2.95,0.26179938779914913,0.014516601562499938,0.015159418402777717,1.0,3.8,3.0,0.0
corridor_2,2,2.77962962962963,2.95,0.26179938779914913,0.01452907986111106,0.015159418402777717,1.0,3.8,3.0,0.0
corridor_2,2,2.9259259259259265,5.2444444444444445,0.0,0.014537217881944434,0.015159418402777717,1.0,3.8,3.0,0.0
corridor_2,2,4.974074074074075,0.6555555555555556,-3.141592653589793,0.014537217881944434,0.015159418402777717,1.0,3.8,3.0,0.0
corridor_2,2,3.218518518518519,2.840740740740741,2.879793265790643,0.014543728298611065,0.015159418402777717,1.0,3.8,3.0,0.0
corridor_2,2,3.657407407407408,2.6222222222222222,-3.141592653589793,0.014555664062499966,0.015159418402777717,1.0,3.8,3.0,0.0
corridor_2,2,4.0962962962962965,3.0592592592592593,0.26179938779914913,0.014580620659722161,0.015159418402777717,1.0,3.8,3.0,0.0
corridor_2,2,4.388888888888889,2.840740740740741,-2.8797932657906435,0.014607204861111044,0.015159418402777717,1.0,3.8,3.0,0.0
corridor_2,2,2.4870370370370374,3.277777777777778,0.0,0.014607204861111075,0.015159418402777717,1.0,3.8,3.0,0.0
corridor_2,2,3.657407407407408,2.840740740740741,2.879793265790643,0.014608289930555511,0.015159418402777717,1.0,3.8,3.0,0.0
corridor_2,2,3.5111111111111115,2.840740740740741,-0.2617993877991496,0.014612630208333276,0.015159418402777717,1.0,3.8,3.0,0.0
corridor_2,2,4.388888888888889,2.95,-2.8797932657906435,0.014613715277777713,0.015159418402777717,1.0,3.8,3.0,0.0
corridor_2,2,3.364814814814815,2.95,-0.2617993877991496,0.014618598090277725,0.015159418402777717,1.0,3.8,3.0,0.0
corridor_2,2,4.681481481481482,2.95,-0.2617993877991496,0.014641384548611061,0.015159418402777717,1.0,3.8,3.0,0.0
corridor_2,2,3.8037037037037043,2.95,-0.2617993877991496,0.014648437499999938,0.015159418402777717,1.0,3.8,3.0,0.0
corridor_2,2,3.5111111111111115,2.95,2.879793265790643,0.014663628472222178,0.015159418402777717,1.0,3.8,3.0,0.0
corridor_2,2,4.974074074074075,3.277777777777778,0.0,0.014665256076388848,0.015159418402777717,1.0,3.8,3.0,0.0
corridor_2,2,3.9500000000000006,2.7314814814814814,2.879793265790643,0.014668511284722173,0.015159418402777717,1.0,3.8,3.0,0.0
corridor_2,2,3.218518518518519,5.353703703703704,-3.141592653589793,0.014669053819444436,0.015159418402777717,1.0,3.8,3.0,0.0
corridor_2,2,4.681481481481482,0.5462962962962963,0.0,0.014669053819444436,0.015159418402777717,1.0,3.8,3.0,0.0
corridor_2,2,3.0722222222222224,2.95,-2.8797932657906435,0.014669596354166604,0.015159418402777717,1.0,3.8,3.0,0.0
corridor_2,2,3.218518518518519,0.6555555555555556,-3.141592653589793,0.014670138888888882,0.015159418402777717,1.0,3.8,3.0,0.0
corridor_2,2,4.681481481481482,5.2444444444444445,0.0,0.014670138888888882,0.015159418402777717,1.0,3.8,3.0,0.0
corridor_2,2,4.827777777777778,2.840740740740741,-0.2617993877991496,0.014674479166666619,0.015159418402777717,1.0,3.8,3.0,0.0
corridor_2,2,3.364814814814815,2.95,-2.8797932657906435,0.014684787326388837,0.015159418402777717,1.0,3.8,3.0,0.0
corridor_2,2,4.0962962962962965,2.840740740740741,-0.2617993877991496,0.014686957465277725,0.015159418402777717,1.0,3.8,3.0,0.0
corridor_2,2,2.9259259259259265,0.5462962962962963,0.0,0.014698893229166657,0.015159418402777717,1.0,3.8,3.0,0.0
corridor_2,2,4.974074074074075,5.353703703703704,-3.141592653589793,0.014698893229166657,0.015159418402777717,1.0,3.8,3.0,0.0
corridor_2,2,4.535185185185186,2.840740740740741,-0.2617993877991496,0.014707031249999947,0.015159418402777717,1.0,3.8,3.0,0.0
corridor_2,2,5.705555555555557,2.840740740740741,-0.2617993877991496,0.0147086588541666,0.015159418402777717,1.0,3.8,3.0,0.0
corridor_2,2,4.242592592592593,2.6222222222222222,-3.141592653589793,0.014714084201388847,0.015159418402777717,1.0,3.8,3.0,0.0
corridor_2,2,4.242592592592593,3.1685185185185185,-2.8797932657906435,0.01471516927083327,0.015159418402777717,1.0,3.8,3.0,0.0
corridor_2,2,3.8037037037037043,3.0592592592592593,-2.8797932657906435,0.014717881944444384,0.015159418402777717,1.0,3.8,3.0,0.0
corridor_2,2,2.4870370370370374,3.0592592592592593,2.879793265790643,0.014719509548611056,0.015159418402777717,1.0,3.8,3.0,0.0
corridor_2,2,4.242592592592593,3.1685185185185185,-0.2617993877991496,0.014727105034722176,0.015159418402777717,1.0,3.8,3.0,0.0
corridor_2,2,4.388888888888889,2.7314814814814814,-2.8797932657906435,0.01473849826388882,0.015159418402777717,1.0,3.8,3.0,0.0
corridor_2,2,3.8037037037037043,5.462962962962963,0.0,0.014748806423611106,0.015159418402777717,1.0,3.8,3.0,0.0
corridor_2,2,4.0962962962962965,0.43703703703703706,-3.141592653589793,0.014748806423611106,0.015159418402777717,1.0,3.8,3.0,0.0
corridor_2,2,3.218518518518519,2.6222222222222222,-3.141592653589793,0.014756944444444408,0.015159418402777717,1.0,3.8,3.0,0.0
corridor_2,2,4.242592592592593,3.0592592592592593,-2.8797932657906435,0.014766710069444376,0.015159418402777717,1.0,3.8,3.0,0.0
corridor_2,2,3.0722222222222224,3.0592592592592593,0.26179938779914913,0.014766710069444392,0.015159418402777717,1.0,3.8,3.0,0.0
corridor_2,2,4.535185185185186,2.7314814814814814,2.879793265790643,0.0147819010416666,0.015159418402777717,1.0,3.8,3.0,0.0
corridor_2,2,3.657407407407408,5.462962962962963,0.0,0.014782443576388884,0.015159418402777717,1.0,3.8,3.0,0.0
corridor_2,2,4.242592592592593,0.43703703703703706,-3.141592653589793,0.014782443576388884,0.015159418402777717,1.0,3.8,3.0,0.0
corridor_2,2,4.974074074074075,2.6222222222222222,-3.141592653589793,0.014785698784722186,0.015159418402777717,1.0,3.8,3.0,0.0
corridor_2,2,3.9500000000000006,0.43703703703703706,-3.141592653589793,0.014787868923611107,0.015159418402777717,1.0,3.8,3.0,0.0
corridor_2,2,3.9500000000000006,5.462962962962963,0.0,0.014787868923611107,0.015159418402777717,1.0,3.8,3.0,0.0
corridor_2,2,3.0722222222222224,3.277777777777778,-3.141592653589793,0.01479275173611107,0.015159418402777717,1.0,3.8,3.0,0.0
corridor_2,2,2.6333333333333337,3.1685185185185185,2.879793265790643,0.014803602430555495,0.015159418402777717,1.0,3.8,3.0,0.0
corridor_2,2,2.77962962962963,5.353703703703704,0.0,0.01481499565972221,0.015159418402777717,1.0,3.8,3.0,0.0
corridor_2,2,5.120370370370371,0.5462962962962963,-3.141592653589793,0.01481499565972221,0.015159418402777717,1.0,3.8,3.0,0.0
corridor_2,2,2.77962962962963,0.6555555555555556,0.0,0.014818250868055542,0.015159418402777717,1.0,3.8,3.0,0.0
corridor_2,2,5.120370370370371,5.2444444444444445,-3.141592653589793,0.014818250868055542,0.015159418402777717,1.0,3.8,3.0,0.0
corridor_2,2,3.8037037037037043,0.7648148148148148,0.0,0.014822048611111107,0.015159418402777717,1.0,3.8,3.0,0.0
corridor_2,2,4.0962962962962965,5.135185185185185,-3.141592653589793,0.014822048611111107,0.015159418402777717,1.0,3.8,3.0,0.0
corridor_2,2,2.9259259259259265,3.277777777777778,-3.141592653589793,0.014831814236111065,0.015159418402777717,1.0,3.8,3.0,0.0
corridor_2,2,2.9259259259259265,3.1685185185185185,2.879793265790643,0.014848090277777722,0.015159418402777717,1.0,3.8,3.0,0.0
corridor_2,2,5.851851851851853,3.1685185185185185,0.0,0.014852430555555499,0.015159418402777717,1.0,3.8,3.0,0.0
corridor_2,2,3.5111111111111115,2.6222222222222222,-3.141592653589793,0.014852430555555518,0.015159418402777717,1.0,3.8,3.0,0.0
corridor_2,2,3.657407407407408,0.7648148148148148,0.0,0.014855685763888885,0.015159418402777717,1.0,3.8,3.0,0.0
corridor_2,2,4.242592592592593,5.135185185185185,-3.141592653589793,0.014855685763888885,0.015159418402777717,1.0,3.8,3.0,0.0
corridor_2,2,3.9500000000000006,0.7648148148148148,0.0,0.014861111111111106,0.015159418402777717,1.0,3.8,3.0,0.0
corridor_2,2,3.9500000000000006,5.135185185185185,-3.141592653589793,0.014861111111111106,0.015159418402777717,1.0,3.8,3.0,0.0
corridor_2,2,4.0962962962962965,2.840740740740741,-2.8797932657906435,0.014863823784722162,0.015159418402777717,1.0,3.8,3.0,0.0
corridor_2,2,6.144444444444445,2.7314814814814814,-3.141592653589793,0.014867621527777715,0.015159418402777717,1.0,3.8,3.0,0.0
corridor_2,2,3.218518518518519,3.0592592592592593,-0.2617993877991496,0.014868706597222177,0.015159418402777717,1.0,3.8,3.0,0.0
corridor_2,2,3.364814814814815,2.6222222222222222,0.0,0.014873046874999955,0.015159418402777717,1.0,3.8,3.0,0.0
corridor_2,2,3.218518518518519,2.95,0.26179938779914913,0.014889865451388824,0.015159418402777717,1.0,3.8,3.0,0.0
corridor_2,2,3.5111111111111115,5.462962962962963,0.0,0.014893120659722219,0.015159418402777717,1.0,3.8,3.0,0.0
corridor_2,2,3.8037037037037043,0.43703703703703706,-3.141592653589793,0.014893120659722219,0.015159418402777717,1.0,3.8,3.0,0.0
corridor_2,2,4.0962962962962965,5.462962962962963,0.0,0.014893120659722219,0.015159418402777717,1.0,3.8,3.0,0.0
corridor_2,2,4.388888888888889,0.43703703703703706,-3.141592653589793,0.014893120659722219,0.015159418402777717,1.0,3.8,3.0,0.0
corridor_2,2,1.9018518518518521,3.277777777777778,0.0,0.01489963107638882,0.015159418402777717,1.0,3.8,3.0,0.0
corridor_2,2,5.120370370370371,2.6222222222222222,-3.141592653589793,0.014902886284722182,0.015159418402777717,1.0,3.8,3.0,0.0
corridor_2,2,4.535185185185186,2.95,-2.8797932657906435,0.014931098090277718,0.015159418402777717,1.0,3.8,3.0,0.0
corridor_2,2,3.9500000000000006,3.0592592592592593,-0.2617993877991496,0.014934353298611057,0.015159418402777717,1.0,3.8,3.0,0.0
corridor_2,2,2.9259259259259265,3.0592592592592593,-2.8797932657906435,0.014941948784722162,0.015159418402777717,1.0,3.8,3.0,0.0
corridor_2,2,3.0722222222222224,5.2444444444444445,-3.141592653589793,0.01494466145833332,0.015159418402777717,1.0,3.8,3.0,0.0
corridor_2,2,4.827777777777778,0.6555555555555556,0.0,0.01494466145833332,0.015159418402777717,1.0,3.8,3.0,0.0
corridor_2,2,3.364814814814815,3.0592592592592593,2.879793265790643,0.014945203993055508,0.015159418402777717,1.0,3.8,3.0,0.0
corridor_2,2,4.974074074074075,2.95,0.26179938779914913,0.014949544270833273,0.015159418402777717,1.0,3.8,3.0,0.0
corridor_2,2,3.8037037037037043,5.135185185185185,-3.141592653589793,0.014960394965277771,0.015159418402777717,1.0,3.8,3.0,0.0
corridor_2,2,4.0962962962962965,0.7648148148148148,0.0,0.014960394965277771,0.015159418402777717,1.0,3.8,3.0,0.0
corridor_2,2,3.5111111111111115,0.7648148148148148,0.0,0.014966362847222216,0.015159418402777717,1.0,3.8,3.0,0.0
corridor_2,2,4.388888888888889,5.135185185185185,-3.141592653589793,0.014966362847222216,0.015159418402777717,1.0,3.8,3.0,0.0
corridor_2,2,4.827777777777778,2.95,-2.8797932657906435,0.014968532986111048,0.015159418402777717,1.0,3.8,3.0,0.0
corridor_2,2,2.77962962962963,2.7314814814814814,0.0,0.01497178819444441,0.015159418402777717,1.0,3.8,3.0,0.0
corridor_2,2,2.9259259259259265,3.277777777777778,0.0,0.014984266493055516,0.015159418402777717,1.0,3.8,3.0,0.0
corridor_2,2,3.0722222222222224,0.5462962962962963,-3.141592653589793,0.014993489583333318,0.015159418402777717,1.0,3.8,3.0,0.0
corridor_2,2,4.827777777777778,5.353703703703704,0.0,0.014993489583333318,0.015159418402777717,1.0,3.8,3.0,0.0
corridor_2,2,4.827777777777778,3.277777777777778,0.0,0.01500162760416663,0.015159418402777717,1.0,3.8,3.0,0.0
corridor_2,2,3.5111111111111115,3.1685185185185185,0.26179938779914913,0.015011935763888833,0.015159418402777717,1.0,3.8,3.0,0.0
corridor_2,2,4.681481481481482,3.0592592592592593,-2.8797932657906435,0.015018446180555494,0.015159418402777717,1.0,3.8,3.0,0.0
corridor_2,2,4.388888888888889,2.95,2.879793265790643,0.01503743489583327,0.015159418402777717,1.0,3.8,3.0,0.0
corridor_2,2,2.77962962962963,0.5462962962962963,0.0,0.015037434895833321,0.015159418402777717,1.0,3.8,3.0,0.0
corridor_2,2,5.120370370370371,5.353703703703704,-3.141592653589793,0.015037434895833321,0.015159418402777717,1.0,3.8,3.0,0.0
corridor_2,2,2.77962962962963,5.2444444444444445,0.0,0.015038519965277766,0.015159418402777717,1.0,3.8,3.0,0.0
corridor_2,2,5.120370370370371,0.6555555555555556,-3.141592653589793,0.015038519965277766,0.015159418402777717,1.0,3.8,3.0,0.0
corridor_2,2,3.218518518518519,2.7314814814814814,-2.8797932657906435,0.01504448784722217,0.015159418402777717,1.0,3.8,3.0,0.0
corridor_2,2,2.0481481481481483,3.0592592592592593,2.879793265790643,0.015067816840277711,0.015159418402777717,1.0,3.8,3.0,0.0
corridor_2,2,4.242592592592593,2.95,2.879793265790643,0.015068359374999942,0.015159418402777717,1.0,3.8,3.0,0.0
corridor_2,2,3.364814814814815,5.462962962962963,0.0,0.01508192274305555,0.015159418402777717,1.0,3.8,3.0,0.0
corridor_2,2,3.657407407407408,0.43703703703703706,-3.141592653589793,0.01508192274305555,0.015159418402777717,1.0,3.8,3.0,0.0
corridor_2,2,4.242592592592593,5.462962962962963,0.0,0.01508192274305555,0.015159418402777717,1.0,3.8,3.0,0.0
corridor_2,2,4.535185185185186,0.43703703703703706,-3.141592653589793,0.01508192274305555,0.015159418402777717,1.0,3.8,3.0,0.0
corridor_2,2,3.218518518518519,2.840740740740741,0.26179938779914913,0.015094943576388829,0.015159418402777717,1.0,3.8,3.0,0.0
corridor_2,2,3.657407407407408,3.0592592592592593,2.879793265790643,0.01509548611111106,0.015159418402777717,1.0,3.8,3.0,0.0
corridor_2,2,2.0481481481481483,3.1685185185185185,2.879793265790643,0.015098198784722159,0.015159418402777717,1.0,3.8,3.0,0.0
corridor_2,2,3.218518518518519,2.95,-0.2617993877991496,0.015106879340277725,0.015159418402777717,1.0,3.8,3.0,0.0
corridor_2,2,4.681481481481482,2.95,-2.8797932657906435,0.015109592013888827,0.015159418402777717,1.0,3.8,3.0,0.0
corridor_2,2,3.218518518518519,3.0592592592592593,0.26179938779914913,0.015112847222222166,0.015159418402777717,1.0,3.8,3.0,0.0
corridor_2,2,3.657407407407408,5.135185185185185,-3.141592653589793,0.015124782986111104,0.015159418402777717,1.0,3.8,3.0,0.0
corridor_2,2,4.242592592592593,0.7648148148148148,0.0,0.015124782986111104,0.015159418402777717,1.0,3.8,3.0,0.0
corridor_2,2,3.8037037037037043,3.0592592592592593,0.26179938779914913,0.015125325520833264,0.015159418402777717,1.0,3.8,3.0,0.0
corridor_2,2,2.77962962962963,3.1685185185185185,2.879793265790643,0.015135091145833272,0.015159418402777717,1.0,3.8,3.0,0.0
corridor_2,2,4.974074074074075,3.0592592592592593,-0.2617993877991496,0.015137803819444394,0.015159418402777717,1.0,3.8,3.0,0.0
corridor_2,2,3.0722222222222224,5.353703703703704,-3.141592653589793,0.01513780381944443,0.015159418402777717,1.0,3.8,3.0,0.0
corridor_2,2,4.827777777777778,0.5462962962962963,0.0,0.01513780381944443,0.015159418402777717,1.0,3.8,3.0,0.0
corridor_2,2,3.9500000000000006,2.95,-0.2617993877991496,0.015148111979166608,0.015159418402777717,1.0,3.8,3.0,0.0
corridor_2,2,5.120370370370371,2.6222222222222222,0.0,0.01515353732638884,0.015159418402777717,1.0,3.8,3.0,0.0
corridor_2,2,3.364814814814815,0.7648148148148148,0.0,0.015155164930555552,0.015159418402777717,1.0,3.8,3.0,0.0
corridor_2,2,4.535185185185186,5.135185185185185,-3.141592653589793,0.015155164930555552,0.015159418402777717,1.0,3.8,3.0,0.0
corridor_2,2,5.412962962962964,2.95,-0.2617993877991496,0.015158420138888823,0.015159418402777717,1.0,3.8,3.0,0.0
corridor_2,3,3.0722222222222224,1.7481481481481482,1.5707963267948966,0.00036892361111110893,0.0081080132378472,1.0,5.2,4.2,4.71238898038469
corridor_2,3,2.9259259259259265,4.37037037037037,-1.3089969389957472,0.0012353515624999988,0.0081080132378472,1.0,5.2,4.2,4.71238898038469
corridor_2,3,5.2666666666666675,4.261111111111111,-1.5707963267948966,0.001374240451388886,0.0081080132378472,1.0,5.2,4.2,4.71238898038469
corridor_2,3,3.364814814814815,4.042592592592593,-1.5707963267948966,0.0015174696180555482,0.0081080132378472,1.0,5.2,4.2,4.71238898038469
corridor_2,3,5.120370370370371,4.151851851851852,-1.5707963267948966,0.0015738932291666622,0.0081080132378472,1.0,5.2,4.2,4.71238898038469
corridor_2,3,5.2666666666666675,1.5296296296296297,1.8325957145940457,0.0015955946180555517,0.0081080132378472,1.0,5.2,4.2,4.71238898038469
corridor_2,3,3.0722222222222224,1.638888888888889,1.5707963267948966,0.001603732638888884,0.0081080132378472,1.0,5.2,4.2,4.71238898038469
corridor_2,3,5.120370370370371,4.261111111111111,-1.5707963267948966,0.0017024739583333284,0.0081080132378472,1.0,5.2,4.2,4.71238898038469
corridor_2,3,4.827777777777778,1.638888888888889,1.5707963267948966,0.0018896484374999938,0.0081080132378472,1.0,5.2,4.2,4.71238898038469
corridor_2,3,3.0722222222222224,1.8574074074074074,1.5707963267948966,0.0020334201388888785,0.0081080132378472,1.0,5.2,4.2,4.71238898038469
corridor_2,3,3.364814814814815,4.261111111111111,-1.5707963267948966,0.0022401258680555466,0.0081080132378472,1.0,5.2,4.2,4.71238898038469
corridor_2,3,4.827777777777778,4.37037037037037,-1.3089969389957472,0.002271050347222213,0.0081080132378472,1.0,5.2,4.2,4.71238898038469
corridor_2,3,3.5111111111111115,1.5296296296296297,1.8325957145940457,0.0022840711805555483,0.0081080132378472,1.0,5.2,4.2,4.71238898038469
corridor_2,3,4.974074074074075,1.7481481481481482,1.5707963267948966,0.0023388671874999905,0.0081080132378472,1.0,5.2,4.2,4.71238898038469
corridor_2,3,3.218518518518519,4.151851851851852,-1.5707963267948966,0.002470160590277768,0.0081080132378472,1.0,5.2,4.2,4.71238898038469
corridor_2,3,4.827777777777778,1.7481481481481482,1.5707963267948966,0.0024983723958333227,0.0081080132378472,1.0,5.2,4.2,4.71238898038469
corridor_2,3,4.681481481481482,2.075925925925926,1.3089969389957465,0.0025661892361111007,0.0081080132378472,1.0,5.2,4.2,4.71238898038469
corridor_2,3,4.827777777777778,1.8574074074074074,1.5707963267948966,0.002588975694444435,0.0081080132378472,1.0,5.2,4.2,4.71238898038469
corridor_2,3,5.412962962962964,3.8240740740740744,-1.8325957145940461,0.0026085069444444337,0.0081080132378472,1.0,5.2,4.2,4.71238898038469
corridor_2,3,4.827777777777778,4.261111111111111,-1.3089969389957472,0.002702907986111103,0.0081080132378472,1.0,5.2,4.2,4.71238898038469
corridor_2,3,2.9259259259259265,4.479629629629629,-1.3089969389957472,0.002752278645833327,0.0081080132378472,1.0,5.2,4.2,4.71238898038469
corridor_2,3,5.2666666666666675,4.37037037037037,-1.5707963267948966,0.0027951388888888835,0.0081080132378472,1.0,5.2,4.2,4.71238898038469
corridor_2,3,3.364814814814815,1.5296296296296297,1.8325957145940457,0.0028054470486111,0.0081080132378472,1.0,5.2,4.2,4.71238898038469
corridor_2,3,3.364814814814815,3.9333333333333336,-1.5707963267948966,0.0028228081597222094,0.0081080132378472,1.0,5.2,4.2,4.71238898038469
corridor_2,3,5.2666666666666675,1.4203703703703705,1.8325957145940457,0.002846137152777771,0.0081080132378472,1.0,5.2,4.2,4.71238898038469
corridor_2,3,4.827777777777778,1.9666666666666668,1.5707963267948966,0.0028624131944444318,0.0081080132378472,1.0,5.2,4.2,4.71238898038469
corridor_2,3,4.974074074074075,1.638888888888889,1.5707963267948966,0.002920464409722205,0.0081080132378472,1.0,5.2,4.2,4.71238898038469
corridor_2,3,5.2666666666666675,4.151851851851852,-1.5707963267948966,0.002961697048611098,0.0081080132378472,1.0,5.2,4.2,4.71238898038469
corridor_2,3,3.5111111111111115,3.8240740740740744,-1.8325957145940461,0.003006727430555542,0.0081080132378472,1.0,5.2,4.2,4.71238898038469
corridor_2,3,3.364814814814815,4.151851851851852,-1.5707963267948966,0.003061523437499986,0.0081080132378472,1.0,5.2,4.2,4.71238898038469
corridor_2,3,1.3166666666666669,4.151851851851852,-1.3089969389957472,0.003117947048611094,0.0081080132378472,1.0,5.2,4.2,4.71238898038469
corridor_2,3,4.827777777777778,4.479629629629629,-1.3089969389957472,0.0031260850694444335,0.0081080132378472,1.0,5.2,4.2,4.71238898038469
corridor_2,3,3.5111111111111115,1.638888888888889,1.8325957145940457,0.0031635199652777692,0.0081080132378472,1.0,5.2,4.2,4.71238898038469
corridor_2,3,5.412962962962964,3.9333333333333336,-1.8325957145940461,0.003191731770833317,0.0081080132378472,1.0,5.2,4.2,4.71238898038469
corridor_2,3,1.6092592592592594,1.8574074074074074,1.5707963267948966,0.0032470703124999885,0.0081080132378472,1.0,5.2,4.2,4.71238898038469
corridor_2,3,3.218518518518519,1.7481481481481482,1.5707963267948966,0.00326877170138888,0.0081080132378472,1.0,5.2,4.2,4.71238898038469
corridor_2,3,1.7555555555555558,1.7481481481481482,1.8325957145940457,0.003340386284722211,0.0081080132378472,1.0,5.2,4.2,4.71238898038469
corridor_2,3,2.9259259259259265,2.075925925925926,1.3089969389957465,0.0033658854166666533,0.0081080132378472,1.0,5.2,4.2,4.71238898038469
corridor_2,3,3.364814814814815,1.638888888888889,1.8325957145940457,0.0034299045138888717,0.0081080132378472,1.0,5.2,4.2,4.71238898038469
corridor_2,3,4.681481481481482,2.185185185185185,1.3089969389957465,0.0034402126736110972,0.0081080132378472,1.0,5.2,4.2,4.71238898038469
corridor_2,3,1.3166666666666669,4.042592592592593,-1.3089969389957472,0.0034629991319444285,0.0081080132378472,1.0,5.2,4.2,4.71238898038469
corridor_2,3,4.974074074074075,1.5296296296296297,1.5707963267948966,0.0034765624999999823,0.0081080132378472,1.0,5.2,4.2,4.71238898038469
corridor_2,3,4.681481481481482,4.37037037037037,-1.3089969389957472,0.0035036892361111024,0.0081080132378472,1.0,5.2,4.2,4.71238898038469
corridor_2,3,6.437037037037038,4.151851851851852,-1.3089969389957472,0.00352105034722221,0.0081080132378472,1.0,5.2,4.2,4.71238898038469
corridor_2,3,3.364814814814815,1.7481481481481482,1.8325957145940457,0.003583984374999983,0.0081080132378472,1.0,5.2,4.2,4.71238898038469
corridor_2,3,5.120370370370371,4.37037037037037,-1.5707963267948966,0.0035986328124999797,0.0081080132378472,1.0,5.2,4.2,4.71238898038469
corridor_2,3,2.0481481481481483,1.8574074074074074,2.094395102393195,0.0037093098958333242,0.0081080132378472,1.0,5.2,4.2,4.71238898038469
corridor_2,3,3.364814814814815,1.4203703703703705,1.8325957145940457,0.003734809027777765,0.0081080132378472,1.0,5.2,4.2,4.71238898038469
corridor_2,3,5.2666666666666675,1.638888888888889,1.8325957145940457,0.003741319444444431,0.0081080132378472,1.0,5.2,4.2,4.71238898038469
corridor_2,3,2.9259259259259265,4.261111111111111,-1.3089969389957472,0.003830295138888875,0.0081080132378472,1.0,5.2,4.2,4.71238898038469
corridor_2,3,1.3166666666666669,4.261111111111111,-1.3089969389957472,0.003831922743055536,0.0081080132378472,1.0,5.2,4.2,4.71238898038469
corridor_2,3,1.7555555555555558,1.638888888888889,1.8325957145940457,0.0038704427083333212,0.0081080132378472,1.0,5.2,4.2,4.71238898038469
corridor_2,3,3.0722222222222224,4.479629629629629,-1.3089969389957472,0.003879123263888875,0.0081080132378472,1.0,5.2,4.2,4.71238898038469
corridor_2,3,3.0722222222222224,4.37037037037037,-1.3089969389957472,0.003917643229166648,0.0081080132378472,1.0,5.2,4.2,4.71238898038469
corridor_2,3,4.974074074074075,1.8574074074074074,1.5707963267948966,0.003932291666666653,0.0081080132378472,1.0,5.2,4.2,4.71238898038469
corridor_2,3,5.120370370370371,1.5296296296296297,1.8325957145940457,0.003958875868055536,0.0081080132378472,1.0,5.2,4.2,4.71238898038469
corridor_2,3,1.4629629629629632,1.7481481481481482,1.5707963267948966,0.003978407118055545,0.0081080132378472,1.0,5.2,4.2,4.71238898038469
corridor_2,3,1.7555555555555558,1.5296296296296297,1.8325957145940457,0.00401692708333332,0.0081080132378472,1.0,5.2,4.2,4.71238898038469
corridor_2,3,5.120370370370371,4.042592592592593,-1.5707963267948966,0.004017469618055543,0.0081080132378472,1.0,5.2,4.2,4.71238898038469
corridor_2,3,1.0240740740740741,4.042592592592593,-1.0471975511965979,0.004035915798611098,0.0081080132378472,1.0,5.2,4.2,4.71238898038469
corridor_2,3,2.77962962962963,4.261111111111111,-1.3089969389957472,0.004048394097222217,0.0081080132378472,1.0,5.2,4.2,4.71238898038469
corridor_2,3,5.55925925925926,1.638888888888889,2.094395102393195,0.004079861111111098,0.0081080132378472,1.0,5.2,4.2,4.71238898038469
corridor_2,3,6.144444444444445,4.042592592592593,-1.0471975511965979,0.004099392361111102,0.0081080132378472,1.0,5.2,4.2,4.71238898038469
corridor_2,3,1.1703703703703705,4.261111111111111,-1.3089969389957472,0.004116210937499978,0.0081080132378472,1.0,5.2,4.2,4.71238898038469
corridor_2,3,3.8037037037037043,1.638888888888889,2.094395102393195,0.004120008680555545,0.0081080132378472,1.0,5.2,4.2,4.71238898038469
corridor_2,3,4.681481481481482,1.9666666666666668,1.3089969389957465,0.004132486979166645,0.0081080132378472,1.0,5.2,4.2,4.71238898038469
corridor_2,3,5.412962962962964,1.638888888888889,1.8325957145940457,0.0041341145833333265,0.0081080132378472,1.0,5.2,4.2,4.71238898038469
corridor_2,3,2.6333333333333337,4.261111111111111,-1.0471975511965979,0.00413899739583332,0.0081080132378472,1.0,5.2,4.2,4.71238898038469
corridor_2,3,5.2666666666666675,4.042592592592593,-1.5707963267948966,0.004147135416666644,0.0081080132378472,1.0,5.2,4.2,4.71238898038469
corridor_2,3,2.1944444444444446,1.7481481481481482,2.094395102393195,0.004175347222222215,0.0081080132378472,1.0,5.2,4.2,4.71238898038469
corridor_2,3,4.681481481481482,1.8574074074074074,1.3089969389957465,0.004191623263888867,0.0081080132378472,1.0,5.2,4.2,4.71238898038469
corridor_2,3,6.437037037037038,4.261111111111111,-1.3089969389957472,0.004199218749999987,0.0081080132378472,1.0,5.2,4.2,4.71238898038469
corridor_2,3,1.1703703703703705,4.37037037037037,-1.3089969389957472,0.004205186631944423,0.0081080132378472,1.0,5.2,4.2,4.71238898038469
corridor_2,3,5.120370370370371,1.4203703703703705,1.8325957145940457,0.0042116970486110955,0.0081080132378472,1.0,5.2,4.2,4.71238898038469
corridor_2,3,3.218518518518519,4.37037037037037,-1.5707963267948966,0.004222005208333311,0.0081080132378472,1.0,5.2,4.2,4.71238898038469
corridor_2,3,2.0481481481481483,1.7481481481481482,2.094395102393195,0.004224175347222211,0.0081080132378472,1.0,5.2,4.2,4.71238898038469
corridor_2,3,6.72962962962963,4.042592592592593,-1.5707963267948966,0.004243164062499989,0.0081080132378472,1.0,5.2,4.2,4.71238898038469
corridor_2,3,4.974074074074075,4.151851851851852,-1.5707963267948966,0.004258355034722213,0.0081080132378472,1.0,5.2,4.2,4.71238898038469
corridor_2,3,0.8777777777777779,4.151851851851852,-1.0471975511965979,0.00427571614583332,0.0081080132378472,1.0,5.2,4.2,4.71238898038469
corridor_2,3,1.7555555555555558,1.8574074074074074,1.8325957145940457,0.0042887369791666475,0.0081080132378472,1.0,5.2,4.2,4.71238898038469
corridor_2,3,3.9500000000000006,1.5296296296296297,2.094395102393195,0.004288736979166662,0.0081080132378472,1.0,5.2,4.2,4.71238898038469
corridor_2,3,3.218518518518519,4.042592592592593,-1.5707963267948966,0.004303927951388874,0.0081080132378472,1.0,5.2,4.2,4.71238898038469
corridor_2,3,3.5111111111111115,1.4203703703703705,1.8325957145940457,0.004336480034722206,0.0081080132378472,1.0,5.2,4.2,4.71238898038469
corridor_2,3,3.8037037037037043,1.5296296296296297,2.094395102393195,0.004361436631944432,0.0081080132378472,1.0,5.2,4.2,4.71238898038469
corridor_2,3,0.8777777777777779,4.37037037037037,-1.0471975511965979,0.0043793402777777615,0.0081080132378472,1.0,5.2,4.2,4.71238898038469
corridor_2,3,6.437037037037038,4.042592592592593,-1.3089969389957472,0.004405924479166648,0.0081080132378472,1.0,5.2,4.2,4.71238898038469
corridor_2,3,1.0240740740740741,4.151851851851852,-1.0471975511965979,0.004408637152777762,0.0081080132378472,1.0,5.2,4.2,4.71238898038469
corridor_2,3,3.218518518518519,1.8574074074074074,1.5707963267948966,0.004427625868055541,0.0081080132378472,1.0,5.2,4.2,4.71238898038469
corridor_2,3,1.3166666666666669,3.9333333333333336,-1.3089969389957472,0.004456380208333318,0.0081080132378472,1.0,5.2,4.2,4.71238898038469
corridor_2,3,1.4629629629629632,3.8240740740740744,-1.3089969389957472,0.004458007812499988,0.0081080132378472,1.0,5.2,4.2,4.71238898038469
corridor_2,3,6.144444444444445,4.151851851851852,-1.0471975511965979,0.00446289062499999,0.0081080132378472,1.0,5.2,4.2,4.71238898038469
corridor_2,3,1.6092592592592594,1.7481481481481482,1.5707963267948966,0.0044672309027777544,0.0081080132378472,1.0,5.2,4.2,4.71238898038469
corridor_2,3,4.827777777777778,4.151851851851852,-1.3089969389957472,0.0044807942708333165,0.0081080132378472,1.0,5.2,4.2,4.71238898038469
corridor_2,3,4.974074074074075,4.479629629629629,-1.3089969389957472,0.00448187934027776,0.0081080132378472,1.0,5.2,4.2,4.71238898038469
corridor_2,3,3.5111111111111115,3.9333333333333336,-1.8325957145940461,0.004488932291666642,0.0081080132378472,1.0,5.2,4.2,4.71238898038469
corridor_2,3,4.535185185185186,4.37037037037037,-1.0471975511965979,0.00450086805555554,0.0081080132378472,1.0,5.2,4.2,4.71238898038469
corridor_2,3,1.4629629629629632,3.9333333333333336,-1.3089969389957472,0.004529079861111098,0.0081080132378472,1.0,5.2,4.2,4.71238898038469
corridor_2,3,1.6092592592592594,1.638888888888889,1.5707963267948966,0.004538302951388867,0.0081080132378472,1.0,5.2,4.2,4.71238898038469
corridor_2,3,3.5111111111111115,4.042592592592593,-1.8325957145940461,0.0045518663194444205,0.0081080132378472,1.0,5.2,4.2,4.71238898038469
corridor_2,3,5.55925925925926,1.5296296296296297,2.094395102393195,0.004561631944444429,0.0081080132378472,1.0,5.2,4.2,4.71238898038469
corridor_2,3,3.5111111111111115,3.714814814814815,-1.8325957145940461,0.004562717013888872,0.0081080132378472,1.0,5.2,4.2,4.71238898038469
corridor_2,3,3.8037037037037043,1.4203703703703705,2.094395102393195,0.004583875868055543,0.0081080132378472,1.0,5.2,4.2,4.71238898038469
corridor_2,3,2.4870370370370374,4.37037037037037,-1.0471975511965979,0.004587131076388879,0.0081080132378472,1.0,5.2,4.2,4.71238898038469
corridor_2,3,4.535185185185186,4.151851851851852,-1.0471975511965979,0.004589843749999985,0.0081080132378472,1.0,5.2,4.2,4.71238898038469
corridor_2,3,4.388888888888889,4.479629629629629,-1.0471975511965979,0.0045974392361111,0.0081080132378472,1.0,5.2,4.2,4.71238898038469
corridor_2,3,1.0240740740740741,4.37037037037037,-1.0471975511965979,0.004600151909722203,0.0081080132378472,1.0,5.2,4.2,4.71238898038469
corridor_2,3,0.8777777777777779,4.261111111111111,-1.0471975511965979,0.004603949652777762,0.0081080132378472,1.0,5.2,4.2,4.71238898038469
corridor_2,3,5.2666666666666675,1.7481481481481482,1.8325957145940457,0.004621853298611094,0.0081080132378472,1.0,5.2,4.2,4.71238898038469
corridor_2,3,1.9018518518518521,1.7481481481481482,1.8325957145940457,0.00462999131944443,0.0081080132378472,1.0,5.2,4.2,4.71238898038469
corridor_2,3,2.6333333333333337,4.37037037037037,-1.0471975511965979,0.004631076388888874,0.0081080132378472,1.0,5.2,4.2,4.71238898038469
corridor_2,3,3.0722222222222224,1.5296296296296297,1.5707963267948966,0.004639756944444422,0.0081080132378472,1.0,5.2,4.2,4.71238898038469
corridor_2,3,5.120370370370371,1.7481481481481482,1.8325957145940457,0.004650607638888866,0.0081080132378472,1.0,5.2,4.2,4.71238898038469
corridor_2,3,2.1944444444444446,1.638888888888889,2.094395102393195,0.004653862847222214,0.0081080132378472,1.0,5.2,4.2,4.71238898038469
corridor_2,3,4.535185185185186,4.261111111111111,-1.0471975511965979,0.00465983072916665,0.0081080132378472,1.0,5.2,4.2,4.71238898038469
corridor_2,3,4.681481481481482,4.479629629629629,-1.3089969389957472,0.0046695963541666516,0.0081080132378472,1.0,5.2,4.2,4.71238898038469
corridor_2,3,1.4629629629629632,4.151851851851852,-1.5707963267948966,0.004684787326388858,0.0081080132378472,1.0,5.2,4.2,4.71238898038469
corridor_2,3,5.120370370370371,1.638888888888889,1.8325957145940457,0.004696723090277754,0.0081080132378472,1.0,5.2,4.2,4.71238898038469
corridor_2,3,1.6092592592592594,3.8240740740740744,-1.5707963267948966,0.004697808159722201,0.0081080132378472,1.0,5.2,4.2,4.71238898038469
corridor_2,3,5.412962962962964,1.7481481481481482,2.094395102393195,0.004703776041666648,0.0081080132378472,1.0,5.2,4.2,4.71238898038469
corridor_2,3,5.412962962962964,4.042592592592593,-1.8325957145940461,0.004726562499999973,0.0081080132378472,1.0,5.2,4.2,4.71238898038469
corridor_2,3,1.0240740740740741,4.261111111111111,-1.0471975511965979,0.004727105034722204,0.0081080132378472,1.0,5.2,4.2,4.71238898038469
corridor_2,3,5.412962962962964,4.151851851851852,-1.8325957145940461,0.004730902777777752,0.0081080132378472,1.0,5.2,4.2,4.71238898038469
corridor_2,3,1.4629629629629632,4.261111111111111,-1.5707963267948966,0.004734700520833302,0.0081080132378472,1.0,5.2,4.2,4.71238898038469
corridor_2,3,6.583333333333334,3.9333333333333336,-1.5707963267948966,0.004735785590277767,0.0081080132378472,1.0,5.2,4.2,4.71238898038469
corridor_2,3,4.388888888888889,4.37037037037037,-1.0471975511965979,0.004741753472222209,0.0081080132378472,1.0,5.2,4.2,4.71238898038469
corridor_2,3,5.120370370370371,4.479629629629629,-1.5707963267948966,0.004755316840277758,0.0081080132378472,1.0,5.2,4.2,4.71238898038469
corridor_2,3,2.0481481481481483,1.638888888888889,2.094395102393195,0.004762369791666654,0.0081080132378472,1.0,5.2,4.2,4.71238898038469
corridor_2,3,2.9259259259259265,1.638888888888889,1.5707963267948966,0.004772135416666657,0.0081080132378472,1.0,5.2,4.2,4.71238898038469
corridor_2,3,1.3166666666666669,4.37037037037037,-1.3089969389957472,0.00479817708333331,0.0081080132378472,1.0,5.2,4.2,4.71238898038469
corridor_2,3,4.827777777777778,1.5296296296296297,1.5707963267948966,0.004827473958333314,0.0081080132378472,1.0,5.2,4.2,4.71238898038469
corridor_2,3,6.72962962962963,3.9333333333333336,-1.5707963267948966,0.004833441840277761,0.0081080132378472,1.0,5.2,4.2,4.71238898038469
corridor_2,3,2.77962962962963,4.37037037037037,-1.0471975511965979,0.004842664930555537,0.0081080132378472,1.0,5.2,4.2,4.71238898038469
corridor_2,3,5.412962962962964,1.5296296296296297,2.094395102393195,0.004844835069444426,0.0081080132378472,1.0,5.2,4.2,4.71238898038469
corridor_2,3,5.705555555555557,1.5296296296296297,2.094395102393195,0.004851888020833323,0.0081080132378472,1.0,5.2,4.2,4.71238898038469
corridor_2,3,3.5111111111111115,4.151851851851852,-1.8325957145940461,0.0048621961805555315,0.0081080132378472,1.0,5.2,4.2,4.71238898038469
corridor_2,3,4.681481481481482,2.2944444444444447,1.3089969389957465,0.004872504340277762,0.0081080132378472,1.0,5.2,4.2,4.71238898038469
corridor_2,3,3.218518518518519,4.261111111111111,-1.5707963267948966,0.004889322916666643,0.0081080132378472,1.0,5.2,4.2,4.71238898038469
corridor_2,3,6.144444444444445,4.261111111111111,-1.0471975511965979,0.0048914930555555465,0.0081080132378472,1.0,5.2,4.2,4.71238898038469
corridor_2,3,4.974074074074075,4.261111111111111,-1.3089969389957472,0.0048942057291666416,0.0081080132378472,1.0,5.2,4.2,4.71238898038469
corridor_2,3,6.144444444444445,4.37037037037037,-1.0471975511965979,0.004895833333333323,0.0081080132378472,1.0,5.2,4.2,4.71238898038469
corridor_2,3,4.974074074074075,1.4203703703703705,1.5707963267948966,0.004898003472222203,0.0081080132378472,1.0,5.2,4.2,4.71238898038469
corridor_2,3,1.1703703703703705,3.9333333333333336,-1.0471975511965979,0.004900173611111096,0.0081080132378472,1.0,5.2,4.2,4.71238898038469
corridor_2,3,1.9018518518518521,1.638888888888889,1.8325957145940457,0.004903428819444426,0.0081080132378472,1.0,5.2,4.2,4.71238898038469
corridor_2,3,6.290740740740741,3.9333333333333336,-1.0471975511965979,0.004922417534722206,0.0081080132378472,1.0,5.2,4.2,4.71238898038469
corridor_2,3,1.4629629629629632,1.9666666666666668,1.5707963267948966,0.004924045138888871,0.0081080132378472,1.0,5.2,4.2,4.71238898038469
corridor_2,3,3.657407407407408,1.638888888888889,2.094395102393195,0.004943033854166648,0.0081080132378472,1.0,5.2,4.2,4.71238898038469
corridor_2,3,3.0722222222222224,4.261111111111111,-1.3089969389957472,0.004951171874999975,0.0081080132378472,1.0,5.2,4.2,4.71238898038469
corridor_2,3,4.827777777777778,2.075925925925926,1.5707963267948966,0.004970703124999982,0.0081080132378472,1.0,5.2,4.2,4.71238898038469
corridor_2,3,4.974074074074075,4.37037037037037,-1.3089969389957472,0.004977213541666641,0.0081080132378472,1.0,5.2,4.2,4.71238898038469
corridor_2,3,3.657407407407408,1.638888888888889,1.8325957145940457,0.004991861979166657,0.0081080132378472,1.0,5.2,4.2,4.71238898038469
corridor_2,3,4.535185185185186,4.479629629629629,-1.0471975511965979,0.0050217013888888724,0.0081080132378472,1.0,5.2,4.2,4.71238898038469
corridor_2,3,2.9259259259259265,4.151851851851852,-1.3089969389957472,0.005035807291666647,0.0081080132378472,1.0,5.2,4.2,4.71238898038469
corridor_2,3,3.364814814814815,1.8574074074074074,1.8325957145940457,0.005040147569444426,0.0081080132378472,1.0,5.2,4.2,4.71238898038469
corridor_2,3,1.1703703703703705,4.151851851851852,-1.3089969389957472,0.005040690104166645,0.0081080132378472,1.0,5.2,4.2,4.71238898038469
corridor_2,3,5.412962962962964,1.638888888888889,2.094395102393195,0.0050412326388888686,0.0081080132378472,1.0,5.2,4.2,4.71238898038469
corridor_2,3,2.0481481481481483,1.9666666666666668,2.094395102393195,0.005052625868055544,0.0081080132378472,1.0,5.2,4.2,4.71238898038469
corridor_2,3,6.144444444444445,3.9333333333333336,-1.0471975511965979,0.005061306423611102,0.0081080132378472,1.0,5.2,4.2,4.71238898038469
corridor_2,3,1.4629629629629632,4.042592592592593,-1.3089969389957472,0.0050661892361110955,0.0081080132378472,1.0,5.2,4.2,4.71238898038469
corridor_2,3,2.9259259259259265,1.7481481481481482,1.3089969389957465,0.0050781249999999716,0.0081080132378472,1.0,5.2,4.2,4.71238898038469
corridor_2,3,5.2666666666666675,3.9333333333333336,-1.5707963267948966,0.005105251736111083,0.0081080132378472,1.0,5.2,4.2,4.71238898038469
corridor_2,3,3.364814814814815,3.8240740740740744,-1.5707963267948966,0.005136176215277758,0.0081080132378472,1.0,5.2,4.2,4.71238898038469
corridor_2,3,3.657407407407408,1.4203703703703705,2.094395102393195,0.005143771701388871,0.0081080132378472,1.0,5.2,4.2,4.71238898038469
corridor_2,3,4.974074074074075,1.9666666666666668,1.5707963267948966,0.005150282118055542,0.0081080132378472,1.0,5.2,4.2,4.71238898038469
corridor_2,3,3.218518518518519,1.638888888888889,1.5707963267948966,0.0051622178819444205,0.0081080132378472,1.0,5.2,4.2,4.71238898038469
corridor_2,3,0.8777777777777779,4.479629629629629,-1.0471975511965979,0.005162760416666648,0.0081080132378472,1.0,5.2,4.2,4.71238898038469
corridor_2,3,3.5111111111111115,1.7481481481481482,1.8325957145940457,0.0051627604166666514,0.0081080132378472,1.0,5.2,4.2,4.71238898038469
corridor_2,3,6.875925925925927,1.8574074074074074,1.8325957145940457,0.005190429687499976,0.0081080132378472,1.0,5.2,4.2,4.71238898038469
corridor_2,3,2.9259259259259265,1.5296296296296297,1.5707963267948966,0.00519259982638888,0.0081080132378472,1.0,5.2,4.2,4.71238898038469
corridor_2,3,1.1703703703703705,4.042592592592593,-1.0471975511965979,0.005199110243055537,0.0081080132378472,1.0,5.2,4.2,4.71238898038469
corridor_2,3,5.412962962962964,1.4203703703703705,1.8325957145940457,0.00521375868055554,0.0081080132378472,1.0,5.2,4.2,4.71238898038469
corridor_2,3,2.0481481481481483,1.5296296296296297,2.094395102393195,0.005214843749999986,0.0081080132378472,1.0,5.2,4.2,4.71238898038469
corridor_2,3,3.657407407407408,1.5296296296296297,2.094395102393195,0.0052175564236110914,0.0081080132378472,1.0,5.2,4.2,4.71238898038469
corridor_2,3,2.1944444444444446,1.8574074074074074,2.094395102393195,0.005221896701388882,0.0081080132378472,1.0,5.2,4.2,4.71238898038469
corridor_2,3,1.9018518518518521,1.8574074074074074,2.094395102393195,0.005233832465277761,0.0081080132378472,1.0,5.2,4.2,4.71238898038469
corridor_2,3,2.77962962962963,4.479629629629629,-1.0471975511965979,0.005235460069444424,0.0081080132378472,1.0,5.2,4.2,4.71238898038469
corridor_2,3,5.412962962962964,1.4203703703703705,2.094395102393195,0.0052376302083333125,0.0081080132378472,1.0,5.2,4.2,4.71238898038469
corridor_2,3,6.583333333333334,4.151851851851852,-1.5707963267948966,0.005238172743055529,0.0081080132378472,1.0,5.2,4.2,4.71238898038469
corridor_2,3,6.290740740740741,4.042592592592593,-1.3089969389957472,0.005244683159722211,0.0081080132378472,1.0,5.2,4.2,4.71238898038469
corridor_2,3,1.6092592592592594,4.042592592592593,-1.5707963267948966,0.005247938368055529,0.0081080132378472,1.0,5.2,4.2,4.71238898038469
corridor_2,3,1.6092592592592594,1.638888888888889,1.8325957145940457,0.005260959201388873,0.0081080132378472,1.0,5.2,4.2,4.71238898038469
corridor_2,3,2.77962962962963,4.479629629629629,-1.3089969389957472,0.005271809895833317,0.0081080132378472,1.0,5.2,4.2,4.71238898038469
corridor_2,3,3.0722222222222224,1.9666666666666668,1.5707963267948966,0.005279947916666643,0.0081080132378472,1.0,5.2,4.2,4.71238898038469
corridor_2,3,3.218518518518519,1.4203703703703705,1.5707963267948966,0.0053043619791666476,0.0081080132378472,1.0,5.2,4.2,4.71238898038469
corridor_2,3,3.657407407407408,1.7481481481481482,2.094395102393195,0.005308159722222202,0.0081080132378472,1.0,5.2,4.2,4.71238898038469
corridor_2,3,3.0722222222222224,4.042592592592593,-1.3089969389957472,0.005312499999999978,0.0081080132378472,1.0,5.2,4.2,4.71238898038469
corridor_2,3,5.120370370370371,1.8574074074074074,1.8325957145940457,0.005321723090277756,0.0081080132378472,1.0,5.2,4.2,4.71238898038469
corridor_2,3,3.218518518518519,1.7481481481481482,1.8325957145940457,0.005325520833333309,0.0081080132378472,1.0,5.2,4.2,4.71238898038469
corridor_2,3,3.364814814814815,4.37037037037037,-1.5707963267948966,0.0053407118055555335,0.0081080132378472,1.0,5.2,4.2,4.71238898038469
corridor_2,3,6.583333333333334,4.261111111111111,-1.5707963267948966,0.005366210937499975,0.0081080132378472,1.0,5.2,4.2,4.71238898038469
corridor_2,3,6.290740740740741,4.042592592592593,-1.0471975511965979,0.0053672960069444265,0.0081080132378472,1.0,5.2,4.2,4.71238898038469
corridor_2,3,1.3166666666666669,4.479629629629629,-1.3089969389957472,0.0053808593749999755,0.0081080132378472,1.0,5.2,4.2,4.71238898038469
corridor_2,3,4.681481481481482,4.479629629629629,-1.0471975511965979,0.005396050347222201,0.0081080132378472,1.0,5.2,4.2,4.71238898038469
corridor_2,3,6.72962962962963,2.075925925925926,1.8325957145940457,0.005408528645833314,0.0081080132378472,1.0,5.2,4.2,4.71238898038469
corridor_2,3,1.4629629629629632,4.261111111111111,-1.3089969389957472,0.005426432291666648,0.0081080132378472,1.0,5.2,4.2,4.71238898038469
corridor_2,3,4.681481481481482,4.37037037037037,-1.0471975511965979,0.0054324001736110895,0.0081080132378472,1.0,5.2,4.2,4.71238898038469
corridor_2,3,5.55925925925926,1.4203703703703705,2.094395102393195,0.005434027777777759,0.0081080132378472,1.0,5.2,4.2,4.71238898038469
corridor_2,3,1.4629629629629632,4.37037037037037,-1.3089969389957472,0.005435112847222204,0.0081080132378472,1.0,5.2,4.2,4.71238898038469
corridor_2,3,5.120370370370371,1.7481481481481482,1.5707963267948966,0.00545301649305554,0.0081080132378472,1.0,5.2,4.2,4.71238898038469
corridor_2,3,2.6333333333333337,4.479629629629629,-1.0471975511965979,0.005469292534722203,0.0081080132378472,1.0,5.2,4.2,4.71238898038469
corridor_2,3,1.0240740740740741,4.479629629629629,-1.0471975511965979,0.005477430555555534,0.0081080132378472,1.0,5.2,4.2,4.71238898038469
corridor_2,3,2.77962962962963,4.151851851851852,-1.0471975511965979,0.005477973090277755,0.0081080132378472,1.0,5.2,4.2,4.71238898038469
corridor_2,3,1.1703703703703705,4.151851851851852,-1.0471975511965979,0.005481228298611091,0.0081080132378472,1.0,5.2,4.2,4.71238898038469
corridor_2,3,3.218518518518519,1.4203703703703705,1.8325957145940457,0.005492621527777758,0.0081080132378472,1.0,5.2,4.2,4.71238898038469
corridor_2,3,2.9259259259259265,1.9666666666666668,1.3089969389957465,0.005495876736111084,0.0081080132378472,1.0,5.2,4.2,4.71238898038469
corridor_2,3,3.218518518518519,4.479629629629629,-1.5707963267948966,0.005507812499999976,0.0081080132378472,1.0,5.2,4.2,4.71238898038469
corridor_2,3,5.55925925925926,1.7481481481481482,2.094395102393195,0.005509982638888871,0.0081080132378472,1.0,5.2,4.2,4.71238898038469
corridor_2,3,3.0722222222222224,4.151851851851852,-1.3089969389957472,0.0055322265624999705,0.0081080132378472,1.0,5.2,4.2,4.71238898038469
corridor_2,3,2.9259259259259265,1.8574074074074074,1.3089969389957465,0.005563151041666639,0.0081080132378472,1.0,5.2,4.2,4.71238898038469
corridor_2,3,3.218518518518519,4.261111111111111,-1.3089969389957472,0.005568576388888864,0.0081080132378472,1.0,5.2,4.2,4.71238898038469
corridor_2,3,5.9981481481481485,4.042592592592593,-1.0471975511965979,0.0055756293402777725,0.0081080132378472,1.0,5.2,4.2,4.71238898038469
corridor_2,3,6.290740740740741,4.261111111111111,-1.3089969389957472,0.005584309895833315,0.0081080132378472,1.0,5.2,4.2,4.71238898038469
corridor_2,3,3.5111111111111115,4.261111111111111,-1.8325957145940461,0.0055902777777777505,0.0081080132378472,1.0,5.2,4.2,4.71238898038469
corridor_2,3,6.875925925925927,2.075925925925926,2.094395102393195,0.005594075520833314,0.0081080132378472,1.0,5.2,4.2,4.71238898038469
corridor_2,3,5.412962962962964,1.5296296296296297,1.8325957145940457,0.005609809027777762,0.0081080132378472,1.0,5.2,4.2,4.71238898038469
corridor_2,3,6.72962962962963,1.9666666666666668,1.8325957145940457,0.005619032118055535,0.0081080132378472,1.0,5.2,4.2,4.71238898038469
corridor_2,3,1.6092592592592594,3.9333333333333336,-1.5707963267948966,0.005626085069444418,0.0081080132378472,1.0,5.2,4.2,4.71238898038469
corridor_2,3,2.77962962962963,4.37037037037037,-1.3089969389957472,0.0056542968749999836,0.0081080132378472,1.0,5.2,4.2,4.71238898038469
corridor_2,3,1.4629629629629632,4.151851851851852,-1.3089969389957472,0.005660264756944426,0.0081080132378472,1.0,5.2,4.2,4.71238898038469
corridor_2,3,6.583333333333334,3.9333333333333336,-1.3089969389957472,0.005696614583333311,0.0081080132378472,1.0,5.2,4.2,4.71238898038469
corridor_2,3,6.583333333333334,4.261111111111111,-1.3089969389957472,0.005725911458333315,0.0081080132378472,1.0,5.2,4.2,4.71238898038469
corridor_2,3,1.9018518518518521,1.8574074074074074,1.8325957145940457,0.0057411024305555405,0.0081080132378472,1.0,5.2,4.2,4.71238898038469
corridor_2,3,1.1703703703703705,4.37037037037037,-1.0471975511965979,0.00574327256944442,0.0081080132378472,1.0,5.2,4.2,4.71238898038469
corridor_2,3,2.9259259259259265,1.638888888888889,1.3089969389957465,0.00574707031249997,0.0081080132378472,1.0,5.2,4.2,4.71238898038469
corridor_2,3,4.681481481481482,1.7481481481481482,1.3089969389957465,0.005766059027777752,0.0081080132378472,1.0,5.2,4.2,4.71238898038469
corridor_2,3,0.7314814814814816,4.261111111111111,-1.0471975511965979,0.005766601562499984,0.0081080132378472,1.0,5.2,4.2,4.71238898038469
corridor_2,3,7.022222222222223,1.9666666666666668,2.094395102393195,0.005772026909722202,0.0081080132378472,1.0,5.2,4.2,4.71238898038469
corridor_2,3,3.218518518518519,1.5296296296296297,1.5707963267948966,0.005782877604166642,0.0081080132378472,1.0,5.2,4.2,4.71238898038469
corridor_2,3,3.0722222222222224,4.151851851851852,-1.5707963267948966,0.005788302951388871,0.0081080132378472,1.0,5.2,4.2,4.71238898038469
corridor_2,3,1.3166666666666669,3.8240740740740744,-1.0471975511965979,0.005794270833333317,0.0081080132378472,1.0,5.2,4.2,4.71238898038469
corridor_2,3,4.681481481481482,4.261111111111111,-1.3089969389957472,0.005799153645833315,0.0081080132378472,1.0,5.2,4.2,4.71238898038469
corridor_2,3,1.9018518518518521,1.5296296296296297,1.8325957145940457,0.0058105468749999785,0.0081080132378472,1.0,5.2,4.2,4.71238898038469
corridor_2,3,3.218518518518519,3.9333333333333336,-1.5707963267948966,0.005813259548611093,0.0081080132378472,1.0,5.2,4.2,4.71238898038469
corridor_2,3,1.1703703703703705,4.261111111111111,-1.0471975511965979,0.005843098958333311,0.0081080132378472,1.0,5.2,4.2,4.71238898038469
corridor_2,3,6.875925925925927,1.638888888888889,1.8325957145940457,0.0058463541666666395,0.0081080132378472,1.0,5.2,4.2,4.71238898038469
corridor_2,3,1.4629629629629632,1.8574074074074074,1.5707963267948966,0.005859374999999979,0.0081080132378472,1.0,5.2,4.2,4.71238898038469
corridor_2,3,4.974074074074075,4.151851851851852,-1.3089969389957472,0.005863172743055524,0.0081080132378472,1.0,5.2,4.2,4.71238898038469
corridor_2,3,1.1703703703703705,4.479629629629629,-1.3089969389957472,0.005865342881944416,0.0081080132378472,1.0,5.2,4.2,4.71238898038469
corridor_2,3,2.77962962962963,4.261111111111111,-1.0471975511965979,0.005879448784722197,0.0081080132378472,1.0,5.2,4.2,4.71238898038469
corridor_2,3,1.9018518518518521,1.7481481481481482,2.094395102393195,0.005882161458333313,0.0081080132378472,1.0,5.2,4.2,4.71238898038469
corridor_2,3,5.2666666666666675,1.638888888888889,2.094395102393195,0.005913085937499976,0.0081080132378472,1.0,5.2,4.2,4.71238898038469
corridor_2,3,4.827777777777778,4.042592592592593,-1.3089969389957472,0.0059130859374999815,0.0081080132378472,1.0,5.2,4.2,4.71238898038469
corridor_2,3,1.1703703703703705,4.042592592592593,-1.3089969389957472,0.005938042534722203,0.0081080132378472,1.0,5.2,4.2,4.71238898038469
corridor_2,3,6.875925925925927,1.7481481481481482,1.8325957145940457,0.005941297743055529,0.0081080132378472,1.0,5.2,4.2,4.71238898038469
corridor_2,3,6.875925925925927,1.9666666666666668,1.8325957145940457,0.005941840277777756,0.0081080132378472,1.0,5.2,4.2,4.71238898038469
corridor_2,3,6.290740740740741,4.151851851851852,-1.0471975511965979,0.005945638020833312,0.0081080132378472,1.0,5.2,4.2,4.71238898038469
corridor_2,3,2.0481481481481483,1.4203703703703705,2.094395102393195,0.005949978298611093,0.0081080132378472,1.0,5.2,4.2,4.71238898038469
corridor_2,3,7.753703703703705,3.6055555555555556,-1.8325957145940461,0.005969509548611102,0.0081080132378472,1.0,5.2,4.2,4.71238898038469
corridor_2,3,6.72962962962963,3.8240740740740744,-1.5707963267948966,0.005977105034722195,0.0081080132378472,1.0,5.2,4.2,4.71238898038469
corridor_2,3,3.218518518518519,1.638888888888889,1.8325957145940457,0.005979275173611084,0.0081080132378472,1.0,5.2,4.2,4.71238898038469
corridor_2,3,4.974074074074075,4.042592592592593,-1.5707963267948966,0.006000976562499986,0.0081080132378472,1.0,5.2,4.2,4.71238898038469
corridor_2,3,0.7314814814814816,4.37037037037037,-1.0471975511965979,0.006059027777777757,0.0081080132378472,1.0,5.2,4.2,4.71238898038469
corridor_2,3,3.218518518518519,1.5296296296296297,1.8325957145940457,0.006061740451388861,0.0081080132378472,1.0,5.2,4.2,4.71238898038469
corridor_2,3,6.437037037037038,4.37037037037037,-1.3089969389957472,0.006063368055555535,0.0081080132378472,1.0,5.2,4.2,4.71238898038469
corridor_2,3,6.583333333333334,4.37037037037037,-1.3089969389957472,0.006068793402777762,0.0081080132378472,1.0,5.2,4.2,4.71238898038469
corridor_2,3,7.168518518518519,1.7481481481481482,2.094395102393195,0.006076388888888871,0.0081080132378472,1.0,5.2,4.2,4.71238898038469
corridor_2,3,1.4629629629629632,4.042592592592593,-1.5707963267948966,0.0060774739583333,0.0081080132378472,1.0,5.2,4.2,4.71238898038469
corridor_2,3,4.681481481481482,1.638888888888889,1.3089969389957465,0.006078016493055531,0.0081080132378472,1.0,5.2,4.2,4.71238898038469
corridor_2,3,5.120370370370371,1.8574074074074074,1.5707963267948966,0.006083984374999986,0.0081080132378472,1.0,5.2,4.2,4.71238898038469
corridor_2,3,3.5111111111111115,4.261111111111111,-1.5707963267948966,0.006086697048611099,0.0081080132378472,1.0,5.2,4.2,4.71238898038469
corridor_2,3,7.168518518518519,1.8574074074074074,2.094395102393195,0.006094292534722204,0.0081080132378472,1.0,5.2,4.2,4.71238898038469
corridor_2,3,1.4629629629629632,4.37037037037037,-1.5707963267948966,0.006095377604166633,0.0081080132378472,1.0,5.2,4.2,4.71238898038469
corridor_2,3,7.022222222222223,1.8574074074074074,2.094395102393195,0.006097005208333311,0.0081080132378472,1.0,5.2,4.2,4.71238898038469
corridor_2,3,0.1462962962962963,2.185185185185185,1.3089969389957465,0.006121961805555542,0.0081080132378472,1.0,5.2,4.2,4.71238898038469
corridor_2,3,6.290740740740741,3.9333333333333336,-1.3089969389957472,0.006139322916666657,0.0081080132378472,1.0,5.2,4.2,4.71238898038469
corridor_2,3,1.4629629629629632,2.075925925925926,1.5707963267948966,0.006142035590277748,0.0081080132378472,1.0,5.2,4.2,4.71238898038469
corridor_2,3,3.657407407407408,1.5296296296296297,1.8325957145940457,0.006190863715277762,0.0081080132378472,1.0,5.2,4.2,4.71238898038469
corridor_2,3,3.657407407407408,1.7481481481481482,1.8325957145940457,0.006201171874999988,0.0081080132378472,1.0,5.2,4.2,4.71238898038469
corridor_2,3,3.5111111111111115,1.638888888888889,2.094395102393195,0.006212565104166641,0.0081080132378472,1.0,5.2,4.2,4.71238898038469
corridor_2,3,6.72962962962963,1.8574074074074074,1.8325957145940457,0.006214735243055533,0.0081080132378472,1.0,5.2,4.2,4.71238898038469
corridor_2,3,3.364814814814815,1.8574074074074074,1.5707963267948966,0.006273328993055543,0.0081080132378472,1.0,5.2,4.2,4.71238898038469
corridor_2,3,1.9018518518518521,1.638888888888889,2.094395102393195,0.006314561631944422,0.0081080132378472,1.0,5.2,4.2,4.71238898038469
corridor_2,3,0.7314814814814816,4.37037037037037,-0.7853981633974483,0.006328124999999974,0.0081080132378472,1.0,5.2,4.2,4.71238898038469
corridor_2,3,1.6092592592592594,1.5296296296296297,1.5707963267948966,0.006340603298611084,0.0081080132378472,1.0,5.2,4.2,4.71238898038469
corridor_2,3,0.7314814814814816,4.479629629629629,-1.0471975511965979,0.006356879340277756,0.0081080132378472,1.0,5.2,4.2,4.71238898038469
corridor_2,3,2.9259259259259265,1.7481481481481482,1.5707963267948966,0.006361219618055537,0.0081080132378472,1.0,5.2,4.2,4.71238898038469
corridor_2,3,0.8777777777777779,4.151851851851852,-0.7853981633974483,0.006365559895833313,0.0081080132378472,1.0,5.2,4.2,4.71238898038469
corridor_2,3,2.1944444444444446,1.9666666666666668,2.094395102393195,0.006368272569444435,0.0081080132378472,1.0,5.2,4.2,4.71238898038469
corridor_2,3,3.5111111111111115,3.6055555555555556,-1.8325957145940461,0.00636990017361109,0.0081080132378472,1.0,5.2,4.2,4.71238898038469
corridor_2,3,4.827777777777778,1.638888888888889,1.3089969389957465,0.006373697916666639,0.0081080132378472,1.0,5.2,4.2,4.71238898038469
corridor_2,3,7.022222222222223,1.7481481481481482,2.094395102393195,0.006378580729166642,0.0081080132378472,1.0,5.2,4.2,4.71238898038469
corridor_2,3,4.974074074074075,1.9666666666666668,1.8325957145940457,0.006381293402777749,0.0081080132378472,1.0,5.2,4.2,4.71238898038469
corridor_2,3,4.827777777777778,1.8574074074074074,1.3089969389957465,0.006387261284722194,0.0081080132378472,1.0,5.2,4.2,4.71238898038469
corridor_2,3,1.6092592592592594,1.9666666666666668,1.5707963267948966,0.006389973958333311,0.0081080132378472,1.0,5.2,4.2,4.71238898038469
corridor_2,3,4.827777777777778,2.075925925925926,1.3089969389957465,0.006396484374999982,0.0081080132378472,1.0,5.2,4.2,4.71238898038469
corridor_2,3,7.168518518518519,1.5296296296296297,2.094395102393195,0.0064002821180555326,0.0081080132378472,1.0,5.2,4.2,4.71238898038469
corridor_2,3,3.5111111111111115,1.4203703703703705,2.094395102393195,0.006412760416666641,0.0081080132378472,1.0,5.2,4.2,4.71238898038469
corridor_2,3,4.827777777777778,4.261111111111111,-1.0471975511965979,0.00642035590277775,0.0081080132378472,1.0,5.2,4.2,4.71238898038469
corridor_2,3,1.9018518518518521,1.9666666666666668,2.094395102393195,0.006428493923611086,0.0081080132378472,1.0,5.2,4.2,4.71238898038469
corridor_2,3,4.974074074074075,1.8574074074074074,1.8325957145940457,0.006438259548611083,0.0081080132378472,1.0,5.2,4.2,4.71238898038469
corridor_2,3,5.2666666666666675,4.042592592592593,-1.8325957145940461,0.006445855034722192,0.0081080132378472,1.0,5.2,4.2,4.71238898038469
corridor_2,3,1.6092592592592594,1.4203703703703705,1.8325957145940457,0.006446940104166649,0.0081080132378472,1.0,5.2,4.2,4.71238898038469
corridor_2,3,7.168518518518519,1.638888888888889,2.094395102393195,0.0064512803819444225,0.0081080132378472,1.0,5.2,4.2,4.71238898038469
corridor_2,3,4.974074074074075,4.042592592592593,-1.3089969389957472,0.006455620659722193,0.0081080132378472,1.0,5.2,4.2,4.71238898038469
corridor_2,3,4.974074074074075,4.261111111111111,-1.5707963267948966,0.00645670572916664,0.0081080132378472,1.0,5.2,4.2,4.71238898038469
corridor_2,3,6.290740740740741,4.151851851851852,-1.3089969389957472,0.006465386284722203,0.0081080132378472,1.0,5.2,4.2,4.71238898038469
corridor_2,3,6.583333333333334,4.042592592592593,-1.3089969389957472,0.006473524305555531,0.0081080132378472,1.0,5.2,4.2,4.71238898038469
corridor_2,3,5.2666666666666675,1.8574074074074074,1.8325957145940457,0.006483289930555534,0.0081080132378472,1.0,5.2,4.2,4.71238898038469
corridor_2,3,4.827777777777778,1.7481481481481482,1.3089969389957465,0.006495225694444416,0.0081080132378472,1.0,5.2,4.2,4.71238898038469
corridor_2,3,5.2666666666666675,3.8240740740740744,-1.8325957145940461,0.006497395833333314,0.0081080132378472,1.0,5.2,4.2,4.71238898038469
corridor_2,3,3.5111111111111115,1.5296296296296297,2.094395102393195,0.00649793836805553,0.0081080132378472,1.0,5.2,4.2,4.71238898038469
corridor_2,3,6.290740740740741,4.261111111111111,-1.0471975511965979,0.006497938368055535,0.0081080132378472,1.0,5.2,4.2,4.71238898038469
corridor_2,3,3.364814814814815,3.8240740740740744,-1.8325957145940461,0.006499023437499983,0.0081080132378472,1.0,5.2,4.2,4.71238898038469
corridor_2,3,5.9981481481481485,3.9333333333333336,-1.0471975511965979,0.006523980034722216,0.0081080132378472,1.0,5.2,4.2,4.71238898038469
corridor_2,3,4.827777777777778,1.4203703703703705,1.5707963267948966,0.006529947916666643,0.0081080132378472,1.0,5.2,4.2,4.71238898038469
corridor_2,3,3.0722222222222224,4.042592592592593,-1.5707963267948966,0.006535373263888872,0.0081080132378472,1.0,5.2,4.2,4.71238898038469
corridor_2,3,5.412962962962964,3.714814814814815,-1.8325957145940461,0.006535915798611081,0.0081080132378472,1.0,5.2,4.2,4.71238898038469
corridor_2,3,1.3166666666666669,4.042592592592593,-1.0471975511965979,0.006541883680555535,0.0081080132378472,1.0,5.2,4.2,4.71238898038469
corridor_2,3,3.0722222222222224,1.4203703703703705,1.5707963267948966,0.006558159722222198,0.0081080132378472,1.0,5.2,4.2,4.71238898038469
corridor_2,3,0.7314814814814816,4.261111111111111,-0.7853981633974483,0.006561414930555531,0.0081080132378472,1.0,5.2,4.2,4.71238898038469
corridor_2,3,4.974074074074075,1.7481481481481482,1.8325957145940457,0.0065804036458333055,0.0081080132378472,1.0,5.2,4.2,4.71238898038469
corridor_2,3,6.583333333333334,2.075925925925926,1.5707963267948966,0.0066015624999999694,0.0081080132378472,1.0,5.2,4.2,4.71238898038469
corridor_2,3,0.8777777777777779,4.261111111111111,-0.7853981633974483,0.006602647569444422,0.0081080132378472,1.0,5.2,4.2,4.71238898038469
corridor_2,3,4.974074074074075,2.075925925925926,1.5707963267948966,0.00660536024305554,0.0081080132378472,1.0,5.2,4.2,4.71238898038469
corridor_2,3,4.681481481481482,4.151851851851852,-1.0471975511965979,0.006610785590277748,0.0081080132378472,1.0,5.2,4.2,4.71238898038469
corridor_2,3,4.974074074074075,1.638888888888889,1.8325957145940457,0.0066107855902777495,0.0081080132378472,1.0,5.2,4.2,4.71238898038469
corridor_2,3,0.7314814814814816,4.479629629629629,-0.7853981633974483,0.00661078559027775,0.0081080132378472,1.0,5.2,4.2,4.71238898038469
corridor_2,3,5.2666666666666675,1.5296296296296297,2.094395102393195,0.006636827256944416,0.0081080132378472,1.0,5.2,4.2,4.71238898038469
corridor_2,3,2.9259259259259265,1.5296296296296297,1.3089969389957465,0.006637912326388859,0.0081080132378472,1.0,5.2,4.2,4.71238898038469
corridor_2,3,1.0240740740740741,4.479629629629629,-1.3089969389957472,0.006674262152777747,0.0081080132378472,1.0,5.2,4.2,4.71238898038469
corridor_2,3,7.022222222222223,1.638888888888889,1.8325957145940457,0.006674262152777749,0.0081080132378472,1.0,5.2,4.2,4.71238898038469
corridor_2,3,6.72962962962963,1.638888888888889,1.8325957145940457,0.006685655381944419,0.0081080132378472,1.0,5.2,4.2,4.71238898038469
corridor_2,3,5.120370370370371,3.9333333333333336,-1.5707963267948966,0.006692708333333309,0.0081080132378472,1.0,5.2,4.2,4.71238898038469
corridor_2,3,5.412962962962964,4.261111111111111,-1.8325957145940461,0.006695963541666634,0.0081080132378472,1.0,5.2,4.2,4.71238898038469
corridor_2,3,3.5111111111111115,4.151851851851852,-1.5707963267948966,0.0066970486111110955,0.0081080132378472,1.0,5.2,4.2,4.71238898038469
corridor_2,3,5.120370370370371,1.638888888888889,1.5707963267948966,0.006702473958333308,0.0081080132378472,1.0,5.2,4.2,4.71238898038469
corridor_2,3,1.7555555555555558,1.4203703703703705,1.8325957145940457,0.006703016493055533,0.0081080132378472,1.0,5.2,4.2,4.71238898038469
corridor_2,3,3.218518518518519,3.9333333333333336,-1.3089969389957472,0.0067116970486110795,0.0081080132378472,1.0,5.2,4.2,4.71238898038469
corridor_2,3,7.022222222222223,1.5296296296296297,1.8325957145940457,0.006714409722222193,0.0081080132378472,1.0,5.2,4.2,4.71238898038469
corridor_2,3,6.583333333333334,4.042592592592593,-1.5707963267948966,0.006744249131944415,0.0081080132378472,1.0,5.2,4.2,4.71238898038469
corridor_2,3,6.437037037037038,3.9333333333333336,-1.3089969389957472,0.0067583550347221945,0.0081080132378472,1.0,5.2,4.2,4.71238898038469
corridor_2,3,0.8777777777777779,4.37037037037037,-0.7853981633974483,0.006766493055555527,0.0081080132378472,1.0,5.2,4.2,4.71238898038469
corridor_2,3,2.9259259259259265,4.042592592592593,-1.3089969389957472,0.006773546006944421,0.0081080132378472,1.0,5.2,4.2,4.71238898038469
corridor_2,3,4.681481481481482,4.261111111111111,-1.0471975511965979,0.006776258680555525,0.0081080132378472,1.0,5.2,4.2,4.71238898038469
corridor_2,3,2.4870370370370374,4.37037037037037,-0.7853981633974483,0.0067773437499999735,0.0081080132378472,1.0,5.2,4.2,4.71238898038469
corridor_2,3,1.4629629629629632,1.8574074074074074,1.3089969389957465,0.006788194444444413,0.0081080132378472,1.0,5.2,4.2,4.71238898038469
corridor_2,3,0.7314814814814816,4.042592592592593,-0.7853981633974483,0.0067919921874999775,0.0081080132378472,1.0,5.2,4.2,4.71238898038469
corridor_2,3,2.9259259259259265,4.261111111111111,-1.0471975511965979,0.006792534722222192,0.0081080132378472,1.0,5.2,4.2,4.71238898038469
corridor_2,3,3.364814814814815,4.479629629629629,-1.5707963267948966,0.006793077256944419,0.0081080132378472,1.0,5.2,4.2,4.71238898038469
corridor_2,3,5.2666666666666675,4.479629629629629,-1.5707963267948966,0.006800130208333308,0.0081080132378472,1.0,5.2,4.2,4.71238898038469
corridor_2,3,6.72962962962963,1.638888888888889,1.5707963267948966,0.006802300347222185,0.0081080132378472,1.0,5.2,4.2,4.71238898038469
corridor_2,3,7.6074074074074085,3.6055555555555556,-1.8325957145940461,0.006807183159722217,0.0081080132378472,1.0,5.2,4.2,4.71238898038469
corridor_2,3,7.022222222222223,1.5296296296296297,2.094395102393195,0.006812065972222194,0.0081080132378472,1.0,5.2,4.2,4.71238898038469
corridor_2,3,6.875925925925927,1.5296296296296297,1.8325957145940457,0.006819118923611081,0.0081080132378472,1.0,5.2,4.2,4.71238898038469
corridor_2,3,3.364814814814815,4.151851851851852,-1.8325957145940461,0.006827256944444415,0.0081080132378472,1.0,5.2,4.2,4.71238898038469
corridor_2,3,5.2666666666666675,1.7481481481481482,2.094395102393195,0.006855468749999973,0.0081080132378472,1.0,5.2,4.2,4.71238898038469
corridor_2,3,2.4870370370370374,4.479629629629629,-1.0471975511965979,0.006860351562499981,0.0081080132378472,1.0,5.2,4.2,4.71238898038469
corridor_2,3,1.6092592592592594,3.714814814814815,-1.5707963267948966,0.0068749999999999775,0.0081080132378472,1.0,5.2,4.2,4.71238898038469
corridor_2,3,0.5851851851851853,4.37037037037037,-0.7853981633974483,0.006879882812499973,0.0081080132378472,1.0,5.2,4.2,4.71238898038469
corridor_2,3,6.72962962962963,1.7481481481481482,1.5707963267948966,0.006890733506944407,0.0081080132378472,1.0,5.2,4.2,4.71238898038469
corridor_2,3,0.5851851851851853,4.479629629629629,-0.7853981633974483,0.006895073784722194,0.0081080132378472,1.0,5.2,4.2,4.71238898038469
corridor_2,3,1.0240740740740741,4.261111111111111,-0.7853981633974483,0.006896701388888866,0.0081080132378472,1.0,5.2,4.2,4.71238898038469
corridor_2,3,4.681481481481482,2.185185185185185,1.0471975511965974,0.006899414062499976,0.0081080132378472,1.0,5.2,4.2,4.71238898038469
corridor_2,3,2.9259259259259265,2.185185185185185,1.3089969389957465,0.006900499131944416,0.0081080132378472,1.0,5.2,4.2,4.71238898038469
corridor_2,3,1.0240740740740741,4.261111111111111,-1.3089969389957472,0.006901041666666639,0.0081080132378472,1.0,5.2,4.2,4.71238898038469
corridor_2,3,5.120370370370371,1.9666666666666668,1.8325957145940457,0.006905381944444421,0.0081080132378472,1.0,5.2,4.2,4.71238898038469
corridor_2,3,1.3166666666666669,4.151851851851852,-1.0471975511965979,0.0069091796874999785,0.0081080132378472,1.0,5.2,4.2,4.71238898038469
corridor_2,3,6.72962962962963,1.7481481481481482,1.8325957145940457,0.006911349826388864,0.0081080132378472,1.0,5.2,4.2,4.71238898038469
corridor_2,3,7.022222222222223,1.638888888888889,2.094395102393195,0.00691351996527775,0.0081080132378472,1.0,5.2,4.2,4.71238898038469
corridor_2,3,0.8777777777777779,4.042592592592593,-0.7853981633974483,0.006916232638888868,0.0081080132378472,1.0,5.2,4.2,4.71238898038469
corridor_2,3,3.218518518518519,4.479629629629629,-1.3089969389957472,0.006916775173611083,0.0081080132378472,1.0,5.2,4.2,4.71238898038469
corridor_2,3,5.120370370370371,4.261111111111111,-1.3089969389957472,0.006918945312499967,0.0081080132378472,1.0,5.2,4.2,4.71238898038469
corridor_2,3,1.1703703703703705,4.479629629629629,-1.0471975511965979,0.0069281684027777506,0.0081080132378472,1.0,5.2,4.2,4.71238898038469
corridor_2,3,1.9018518518518521,1.5296296296296297,2.094395102393195,0.00694173177083331,0.0081080132378472,1.0,5.2,4.2,4.71238898038469
corridor_2,3,5.55925925925926,1.7481481481481482,1.8325957145940457,0.006941731770833324,0.0081080132378472,1.0,5.2,4.2,4.71238898038469
corridor_2,3,1.4629629629629632,4.479629629629629,-1.3089969389957472,0.006956922743055532,0.0081080132378472,1.0,5.2,4.2,4.71238898038469
corridor_2,3,1.6092592592592594,4.151851851851852,-1.8325957145940461,0.006965603298611073,0.0081080132378472,1.0,5.2,4.2,4.71238898038469
corridor_2,3,1.9018518518518521,1.4203703703703705,1.8325957145940457,0.006979166666666641,0.0081080132378472,1.0,5.2,4.2,4.71238898038469
corridor_2,3,1.0240740740740741,4.37037037037037,-1.3089969389957472,0.00698730468749997,0.0081080132378472,1.0,5.2,4.2,4.71238898038469
corridor_2,3,1.6092592592592594,4.261111111111111,-1.5707963267948966,0.0069921874999999654,0.0081080132378472,1.0,5.2,4.2,4.71238898038469
corridor_2,3,1.6092592592592594,4.151851851851852,-1.5707963267948966,0.006992730034722188,0.0081080132378472,1.0,5.2,4.2,4.71238898038469
corridor_2,3,6.290740740740741,4.37037037037037,-1.0471975511965979,0.007011718749999977,0.0081080132378472,1.0,5.2,4.2,4.71238898038469
corridor_2,3,2.6333333333333337,4.151851851851852,-1.3089969389957472,0.0070117187499999884,0.0081080132378472,1.0,5.2,4.2,4.71238898038469
corridor_2,3,5.120370370370371,4.151851851851852,-1.3089969389957472,0.007026367187499969,0.0081080132378472,1.0,5.2,4.2,4.71238898038469
corridor_2,3,6.290740740740741,4.479629629629629,-1.0471975511965979,0.007029079861111089,0.0081080132378472,1.0,5.2,4.2,4.71238898038469
corridor_2,3,1.3166666666666669,3.9333333333333336,-1.0471975511965979,0.007029079861111093,0.0081080132378472,1.0,5.2,4.2,4.71238898038469
corridor_2,3,4.974074074074075,4.479629629629629,-1.5707963267948966,0.0070475260416666425,0.0081080132378472,1.0,5.2,4.2,4.71238898038469
corridor_2,3,6.875925925925927,1.9666666666666668,2.094395102393195,0.007051323784722199,0.0081080132378472,1.0,5.2,4.2,4.71238898038469
corridor_2,3,4.974074074074075,4.37037037037037,-1.5707963267948966,0.007053493923611083,0.0081080132378472,1.0,5.2,4.2,4.71238898038469
corridor_2,3,6.72962962962963,4.151851851851852,-1.5707963267948966,0.007068684895833306,0.0081080132378472,1.0,5.2,4.2,4.71238898038469
corridor_2,3,0.5851851851851853,4.151851851851852,-0.7853981633974483,0.007070855034722202,0.0081080132378472,1.0,5.2,4.2,4.71238898038469
corridor_2,3,5.851851851851853,1.4203703703703705,2.356194490192345,0.007075195312499977,0.0081080132378472,1.0,5.2,4.2,4.71238898038469
corridor_2,3,0.7314814814814816,4.151851851851852,-0.7853981633974483,0.007077365451388863,0.0081080132378472,1.0,5.2,4.2,4.71238898038469
corridor_2,3,1.9018518518518521,1.4203703703703705,2.094395102393195,0.007082248263888865,0.0081080132378472,1.0,5.2,4.2,4.71238898038469
corridor_2,3,5.2666666666666675,4.151851851851852,-1.8325957145940461,0.0070827907986110794,0.0081080132378472,1.0,5.2,4.2,4.71238898038469
corridor_2,3,0.7314814814814816,3.9333333333333336,-0.7853981633974483,0.00708496093749998,0.0081080132378472,1.0,5.2,4.2,4.71238898038469
corridor_2,3,1.4629629629629632,1.638888888888889,1.5707963267948966,0.007097439236111083,0.0081080132378472,1.0,5.2,4.2,4.71238898038469
corridor_2,3,4.681481481481482,1.7481481481481482,1.5707963267948966,0.007097439236111092,0.0081080132378472,1.0,5.2,4.2,4.71238898038469
corridor_2,3,0.5851851851851853,1.8574074074074074,1.8325957145940457,0.00709852430555554,0.0081080132378472,1.0,5.2,4.2,4.71238898038469
corridor_2,3,3.0722222222222224,3.9333333333333336,-1.3089969389957472,0.007103949652777753,0.0081080132378472,1.0,5.2,4.2,4.71238898038469
corridor_2,3,6.72962962962963,4.261111111111111,-1.5707963267948966,0.007105577256944418,0.0081080132378472,1.0,5.2,4.2,4.71238898038469
corridor_2,3,1.1703703703703705,3.9333333333333336,-1.3089969389957472,0.0071131727430555364,0.0081080132378472,1.0,5.2,4.2,4.71238898038469
corridor_2,3,1.7555555555555558,1.9666666666666668,1.8325957145940457,0.007114257812499972,0.0081080132378472,1.0,5.2,4.2,4.71238898038469
corridor_2,3,0.8777777777777779,3.8240740740740744,-0.7853981633974483,0.007115342881944425,0.0081080132378472,1.0,5.2,4.2,4.71238898038469
corridor_2,3,3.8037037037037043,3.714814814814815,0.26179938779914913,0.007128363715277754,0.0081080132378472,1.0,5.2,4.2,4.71238898038469
corridor_2,3,4.827777777777778,1.9666666666666668,1.3089969389957465,0.007131076388888861,0.0081080132378472,1.0,5.2,4.2,4.71238898038469
corridor_2,3,1.7555555555555558,1.638888888888889,1.5707963267948966,0.007135416666666638,0.0081080132378472,1.0,5.2,4.2,4.71238898038469
corridor_2,3,6.72962962962963,2.185185185185185,2.094395102393195,0.007136501736111086,0.0081080132378472,1.0,5.2,4.2,4.71238898038469
corridor_2,3,5.412962962962964,4.37037037037037,-1.5707963267948966,0.007144097222222209,0.0081080132378472,1.0,5.2,4.2,4.71238898038469
corridor_2,3,2.340740740740741,4.479629629629629,-0.7853981633974483,0.007147352430555531,0.0081080132378472,1.0,5.2,4.2,4.71238898038469
corridor_2,3,0.8777777777777779,3.9333333333333336,-0.7853981633974483,0.007147352430555536,0.0081080132378472,1.0,5.2,4.2,4.71238898038469
corridor_2,3,3.0722222222222224,4.261111111111111,-1.5707963267948966,0.007160915798611082,0.0081080132378472,1.0,5.2,4.2,4.71238898038469
corridor_2,3,4.974074074074075,1.4203703703703705,1.8325957145940457,0.007162000868055526,0.0081080132378472,1.0,5.2,4.2,4.71238898038469
corridor_2,3,3.5111111111111115,1.7481481481481482,2.094395102393195,0.0071625434027777456,0.0081080132378472,1.0,5.2,4.2,4.71238898038469
corridor_2,3,2.6333333333333337,4.261111111111111,-0.7853981633974483,0.007167426215277751,0.0081080132378472,1.0,5.2,4.2,4.71238898038469
corridor_2,3,1.4629629629629632,4.479629629629629,-1.5707963267948966,0.007167968749999966,0.0081080132378472,1.0,5.2,4.2,4.71238898038469
corridor_2,3,1.0240740740740741,4.042592592592593,-0.7853981633974483,0.0071793619791666475,0.0081080132378472,1.0,5.2,4.2,4.71238898038469
corridor_2,3,2.4870370370370374,4.261111111111111,-0.7853981633974483,0.007193467881944415,0.0081080132378472,1.0,5.2,4.2,4.71238898038469
corridor_2,3,5.55925925925926,1.638888888888889,2.356194490192345,0.007209743923611083,0.0081080132378472,1.0,5.2,4.2,4.71238898038469
corridor_2,3,3.9500000000000006,4.151851851851852,0.0,0.007211914062499967,0.0081080132378472,1.0,5.2,4.2,4.71238898038469
corridor_2,3,6.583333333333334,4.37037037037037,-1.5707963267948966,0.007226562499999972,0.0081080132378472,1.0,5.2,4.2,4.71238898038469
corridor_2,3,0.5851851851851853,4.261111111111111,-0.7853981633974483,0.0072439236111110855,0.0081080132378472,1.0,5.2,4.2,4.71238898038469
corridor_2,3,7.168518518518519,1.4203703703703705,2.094395102393195,0.007250434027777751,0.0081080132378472,1.0,5.2,4.2,4.71238898038469
corridor_2,3,3.9500000000000006,1.4203703703703705,2.094395102393195,0.007255859374999981,0.0081080132378472,1.0,5.2,4.2,4.71238898038469
corridor_2,3,5.705555555555557,1.5296296296296297,2.356194490192345,0.007257486979166636,0.0081080132378472,1.0,5.2,4.2,4.71238898038469
corridor_2,3,7.314814814814816,1.5296296296296297,2.094395102393195,0.0072786458333333115,0.0081080132378472,1.0,5.2,4.2,4.71238898038469
corridor_2,3,3.657407407407408,1.4203703703703705,1.8325957145940457,0.0072824435763888685,0.0081080132378472,1.0,5.2,4.2,4.71238898038469
corridor_2,3,6.144444444444445,3.8240740740740744,-1.0471975511965979,0.007283528645833315,0.0081080132378472,1.0,5.2,4.2,4.71238898038469
corridor_2,3,4.388888888888889,4.261111111111111,-1.0471975511965979,0.007284071180555535,0.0081080132378472,1.0,5.2,4.2,4.71238898038469
corridor_2,3,4.681481481481482,1.5296296296296297,1.3089969389957465,0.007286783854166639,0.0081080132378472,1.0,5.2,4.2,4.71238898038469
corridor_2,3,3.364814814814815,1.9666666666666668,1.8325957145940457,0.007287326388888864,0.0081080132378472,1.0,5.2,4.2,4.71238898038469
corridor_2,3,6.290740740740741,4.37037037037037,-1.3089969389957472,0.007292751736111087,0.0081080132378472,1.0,5.2,4.2,4.71238898038469
corridor_2,3,7.022222222222223,1.7481481481481482,1.8325957145940457,0.007299804687499973,0.0081080132378472,1.0,5.2,4.2,4.71238898038469
corridor_2,3,7.168518518518519,2.075925925925926,2.356194490192345,0.007300347222222199,0.0081080132378472,1.0,5.2,4.2,4.71238898038469
corridor_2,3,2.340740740740741,1.9666666666666668,2.356194490192345,0.007301974826388869,0.0081080132378472,1.0,5.2,4.2,4.71238898038469
corridor_2,3,3.8037037037037043,4.151851851851852,0.0,0.007310655381944418,0.0081080132378472,1.0,5.2,4.2,4.71238898038469
corridor_2,3,1.4629629629629632,3.9333333333333336,-1.5707963267948966,0.0073128255208333,0.0081080132378472,1.0,5.2,4.2,4.71238898038469
corridor_2,3,2.4870370370370374,4.479629629629629,-0.7853981633974483,0.007312825520833304,0.0081080132378472,1.0,5.2,4.2,4.71238898038469
corridor_2,3,3.218518518518519,4.151851851851852,-1.3089969389957472,0.007314995659722189,0.0081080132378472,1.0,5.2,4.2,4.71238898038469
corridor_2,3,1.4629629629629632,1.7481481481481482,1.3089969389957465,0.007317708333333301,0.0081080132378472,1.0,5.2,4.2,4.71238898038469
corridor_2,3,4.0962962962962965,1.4203703703703705,2.356194490192345,0.00731770833333331,0.0081080132378472,1.0,5.2,4.2,4.71238898038469
corridor_2,3,3.364814814814815,1.638888888888889,1.5707963267948966,0.007323676215277749,0.0081080132378472,1.0,5.2,4.2,4.71238898038469
corridor_2,3,2.1944444444444446,1.5296296296296297,2.094395102393195,0.007332899305555537,0.0081080132378472,1.0,5.2,4.2,4.71238898038469
corridor_2,3,1.0240740740740741,4.37037037037037,-0.7853981633974483,0.007339409722222196,0.0081080132378472,1.0,5.2,4.2,4.71238898038469
corridor_2,3,1.3166666666666669,4.261111111111111,-1.0471975511965979,0.007339409722222198,0.0081080132378472,1.0,5.2,4.2,4.71238898038469
corridor_2,3,1.6092592592592594,4.261111111111111,-1.8325957145940461,0.007345377604166629,0.0081080132378472,1.0,5.2,4.2,4.71238898038469
corridor_2,3,3.5111111111111115,4.37037037037037,-1.8325957145940461,0.007347005208333303,0.0081080132378472,1.0,5.2,4.2,4.71238898038469
corridor_2,3,2.340740740740741,4.151851851851852,-0.7853981633974483,0.007350260416666643,0.0081080132378472,1.0,5.2,4.2,4.71238898038469
corridor_2,3,3.5111111111111115,4.37037037037037,-1.5707963267948966,0.007351888020833318,0.0081080132378472,1.0,5.2,4.2,4.71238898038469
corridor_2,3,7.168518518518519,1.638888888888889,2.356194490192345,0.007359483506944419,0.0081080132378472,1.0,5.2,4.2,4.71238898038469
corridor_2,3,3.364814814814815,3.9333333333333336,-1.8325957145940461,0.007364366319444414,0.0081080132378472,1.0,5.2,4.2,4.71238898038469
corridor_2,3,5.9981481481481485,4.151851851851852,-1.0471975511965979,0.00736436631944443,0.0081080132378472,1.0,5.2,4.2,4.71238898038469
corridor_2,3,3.8037037037037043,3.8240740740740744,0.26179938779914913,0.0073687065972221945,0.0081080132378472,1.0,5.2,4.2,4.71238898038469
corridor_2,3,1.0240740740740741,4.151851851851852,-0.7853981633974483,0.007369249131944422,0.0081080132378472,1.0,5.2,4.2,4.71238898038469
corridor_2,3,4.827777777777778,4.042592592592593,-1.5707963267948966,0.007374131944444431,0.0081080132378472,1.0,5.2,4.2,4.71238898038469
corridor_2,3,3.218518518518519,1.9666666666666668,1.5707963267948966,0.007382812499999973,0.0081080132378472,1.0,5.2,4.2,4.71238898038469
corridor_2,3,6.875925925925927,1.4203703703703705,1.8325957145940457,0.007403971354166636,0.0081080132378472,1.0,5.2,4.2,4.71238898038469
corridor_2,3,5.120370370370371,1.9666666666666668,1.5707963267948966,0.007407226562499984,0.0081080132378472,1.0,5.2,4.2,4.71238898038469
corridor_2,3,1.6092592592592594,4.37037037037037,-1.5707963267948966,0.007419704861111077,0.0081080132378472,1.0,5.2,4.2,4.71238898038469
corridor_2,3,2.1944444444444446,1.9666666666666668,2.356194490192345,0.007424045138888863,0.0081080132378472,1.0,5.2,4.2,4.71238898038469
corridor_2,3,5.2666666666666675,1.9666666666666668,1.8325957145940457,0.007427842881944424,0.0081080132378472,1.0,5.2,4.2,4.71238898038469
corridor_2,3,2.0481481481481483,1.5296296296296297,1.8325957145940457,0.007429470486111088,0.0081080132378472,1.0,5.2,4.2,4.71238898038469
corridor_2,3,7.022222222222223,2.185185185185185,2.356194490192345,0.007435438368055535,0.0081080132378472,1.0,5.2,4.2,4.71238898038469
corridor_2,3,1.6092592592592594,1.7481481481481482,1.8325957145940457,0.007440321180555527,0.0081080132378472,1.0,5.2,4.2,4.71238898038469
corridor_2,3,5.2666666666666675,3.9333333333333336,-1.8325957145940461,0.007457139756944413,0.0081080132378472,1.0,5.2,4.2,4.71238898038469
corridor_2,3,3.218518518518519,3.8240740740740744,-1.5707963267948966,0.007458224826388869,0.0081080132378472,1.0,5.2,4.2,4.71238898038469
corridor_2,3,4.535185185185186,4.37037037037037,-1.3089969389957472,0.007478298611111093,0.0081080132378472,1.0,5.2,4.2,4.71238898038469
corridor_2,3,2.6333333333333337,4.37037037037037,-0.7853981633974483,0.0074831814236110804,0.0081080132378472,1.0,5.2,4.2,4.71238898038469
corridor_2,3,5.705555555555557,1.4203703703703705,2.094395102393195,0.007485894097222199,0.0081080132378472,1.0,5.2,4.2,4.71238898038469
corridor_2,3,6.875925925925927,1.8574074074074074,2.094395102393195,0.007495659722222197,0.0081080132378472,1.0,5.2,4.2,4.71238898038469
corridor_2,3,4.974074074074075,1.5296296296296297,1.8325957145940457,0.007496744791666633,0.0081080132378472,1.0,5.2,4.2,4.71238898038469
corridor_2,3,3.218518518518519,4.042592592592593,-1.3089969389957472,0.007499999999999967,0.0081080132378472,1.0,5.2,4.2,4.71238898038469
corridor_2,3,3.5111111111111115,3.8240740740740744,-2.0943951023931957,0.007503255208333306,0.0081080132378472,1.0,5.2,4.2,4.71238898038469
corridor_2,3,0.8777777777777779,4.479629629629629,-0.7853981633974483,0.007505967881944413,0.0081080132378472,1.0,5.2,4.2,4.71238898038469
corridor_2,3,1.0240740740740741,3.9333333333333336,-1.0471975511965979,0.007505967881944419,0.0081080132378472,1.0,5.2,4.2,4.71238898038469
corridor_2,3,2.340740740740741,4.37037037037037,-0.7853981633974483,0.007515733506944417,0.0081080132378472,1.0,5.2,4.2,4.71238898038469
corridor_2,3,6.72962962962963,4.042592592592593,-1.8325957145940461,0.007517361111111079,0.0081080132378472,1.0,5.2,4.2,4.71238898038469
corridor_2,3,5.55925925925926,1.5296296296296297,2.356194490192345,0.007517361111111081,0.0081080132378472,1.0,5.2,4.2,4.71238898038469
corridor_2,3,4.681481481481482,2.075925925925926,1.0471975511965974,0.0075249565972221955,0.0081080132378472,1.0,5.2,4.2,4.71238898038469
corridor_2,3,2.9259259259259265,4.37037037037037,-1.0471975511965979,0.007529839409722188,0.0081080132378472,1.0,5.2,4.2,4.71238898038469
corridor_2,3,3.5111111111111115,1.8574074074074074,2.094395102393195,0.0075325520833333,0.0081080132378472,1.0,5.2,4.2,4.71238898038469
corridor_2,3,1.6092592592592594,1.9666666666666668,1.8325957145940457,0.0075374348958333,0.0081080132378472,1.0,5.2,4.2,4.71238898038469
corridor_2,3,3.9500000000000006,1.5296296296296297,2.356194490192345,0.007544487847222193,0.0081080132378472,1.0,5.2,4.2,4.71238898038469
corridor_2,3,6.72962962962963,4.37037037037037,-1.5707963267948966,0.0075640190972221955,0.0081080132378472,1.0,5.2,4.2,4.71238898038469
corridor_2,3,4.681481481481482,1.638888888888889,1.5707963267948966,0.007565646701388871,0.0081080132378472,1.0,5.2,4.2,4.71238898038469
corridor_2,3,4.827777777777778,4.479629629629629,-1.0471975511965979,0.007568359374999969,0.0081080132378472,1.0,5.2,4.2,4.71238898038469
corridor_2,3,5.9981481481481485,3.8240740740740744,-1.0471975511965979,0.0075683593749999905,0.0081080132378472,1.0,5.2,4.2,4.71238898038469
corridor_2,3,5.412962962962964,4.37037037037037,-1.8325957145940461,0.007574869791666635,0.0081080132378472,1.0,5.2,4.2,4.71238898038469
corridor_2,3,6.144444444444445,1.7481481481481482,-3.141592653589793,0.0075748697916666365,0.0081080132378472,1.0,5.2,4.2,4.71238898038469
corridor_2,3,6.583333333333334,1.9666666666666668,1.5707963267948966,0.007575412326388854,0.0081080132378472,1.0,5.2,4.2,4.71238898038469
corridor_2,3,2.9259259259259265,1.8574074074074074,1.5707963267948966,0.007575412326388858,0.0081080132378472,1.0,5.2,4.2,4.71238898038469
corridor_2,3,6.72962962962963,1.5296296296296297,1.8325957145940457,0.007583550347222194,0.0081080132378472,1.0,5.2,4.2,4.71238898038469
corridor_2,3,1.0240740740740741,3.8240740740740744,-0.7853981633974483,0.007590603298611091,0.0081080132378472,1.0,5.2,4.2,4.71238898038469
corridor_2,3,5.851851851851853,1.5296296296296297,2.356194490192345,0.00760199652777775,0.0081080132378472,1.0,5.2,4.2,4.71238898038469
corridor_2,3,3.218518518518519,1.8574074074074074,1.8325957145940457,0.007604709201388855,0.0081080132378472,1.0,5.2,4.2,4.71238898038469
corridor_2,3,1.6092592592592594,3.9333333333333336,-1.8325957145940461,0.007606879340277741,0.0081080132378472,1.0,5.2,4.2,4.71238898038469
corridor_2,3,0.5851851851851853,4.042592592592593,-0.7853981633974483,0.007620985243055535,0.0081080132378472,1.0,5.2,4.2,4.71238898038469
corridor_2,3,4.0962962962962965,4.37037037037037,-0.7853981633974483,0.0076242404513888655,0.0081080132378472,1.0,5.2,4.2,4.71238898038469
corridor_2,3,4.242592592592593,4.37037037037037,-0.7853981633974483,0.007630750868055525,0.0081080132378472,1.0,5.2,4.2,4.71238898038469
corridor_2,3,2.9259259259259265,3.9333333333333336,-1.3089969389957472,0.007634548611111091,0.0081080132378472,1.0,5.2,4.2,4.71238898038469
corridor_2,3,1.6092592592592594,4.042592592592593,-1.8325957145940461,0.007641601562499963,0.0081080132378472,1.0,5.2,4.2,4.71238898038469
corridor_2,3,2.340740740740741,1.8574074074074074,2.356194490192345,0.007650824652777755,0.0081080132378472,1.0,5.2,4.2,4.71238898038469
corridor_2,3,5.705555555555557,1.8574074074074074,2.356194490192345,0.007652994791666639,0.0081080132378472,1.0,5.2,4.2,4.71238898038469
corridor_2,3,3.364814814814815,1.7481481481481482,1.5707963267948966,0.007655707465277752,0.0081080132378472,1.0,5.2,4.2,4.71238898038469
corridor_2,3,3.364814814814815,1.638888888888889,2.094395102393195,0.007656792534722191,0.0081080132378472,1.0,5.2,4.2,4.71238898038469
corridor_2,3,4.681481481481482,1.5296296296296297,1.5707963267948966,0.007658962673611097,0.0081080132378472,1.0,5.2,4.2,4.71238898038469
corridor_2,3,5.120370370370371,1.4203703703703705,1.5707963267948966,0.007660047743055527,0.0081080132378472,1.0,5.2,4.2,4.71238898038469
corridor_2,3,2.340740740740741,4.261111111111111,-0.7853981633974483,0.007660047743055531,0.0081080132378472,1.0,5.2,4.2,4.71238898038469
corridor_2,3,5.2666666666666675,1.8574074074074074,2.094395102393195,0.007662760416666635,0.0081080132378472,1.0,5.2,4.2,4.71238898038469
corridor_2,3,3.218518518518519,4.37037037037037,-1.3089969389957472,0.0076654730902777435,0.0081080132378472,1.0,5.2,4.2,4.71238898038469
corridor_2,3,4.388888888888889,4.151851851851852,-1.0471975511965979,0.007673068576388868,0.0081080132378472,1.0,5.2,4.2,4.71238898038469
corridor_2,3,7.314814814814816,1.638888888888889,2.094395102393195,0.007674696180555536,0.0081080132378472,1.0,5.2,4.2,4.71238898038469
corridor_2,3,2.6333333333333337,4.479629629629629,-0.7853981633974483,0.007677408854166635,0.0081080132378472,1.0,5.2,4.2,4.71238898038469
corridor_2,3,5.2666666666666675,1.4203703703703705,2.094395102393195,0.007679578993055525,0.0081080132378472,1.0,5.2,4.2,4.71238898038469
corridor_2,3,5.120370370370371,1.5296296296296297,1.5707963267948966,0.007683919270833304,0.0081080132378472,1.0,5.2,4.2,4.71238898038469
corridor_2,3,7.022222222222223,2.075925925925926,2.356194490192345,0.007683919270833308,0.0081080132378472,1.0,5.2,4.2,4.71238898038469
corridor_2,3,5.2666666666666675,4.37037037037037,-1.8325957145940461,0.007688802083333301,0.0081080132378472,1.0,5.2,4.2,4.71238898038469
corridor_2,3,7.168518518518519,1.8574074074074074,2.356194490192345,0.0076888020833333105,0.0081080132378472,1.0,5.2,4.2,4.71238898038469
corridor_2,3,5.120370370370371,4.37037037037037,-1.3089969389957472,0.007695855034722187,0.0081080132378472,1.0,5.2,4.2,4.71238898038469
corridor_2,3,7.314814814814816,1.7481481481481482,2.094395102393195,0.007700737847222204,0.0081080132378472,1.0,5.2,4.2,4.71238898038469
corridor_2,3,0.43888888888888894,2.075925925925926,1.5707963267948966,0.007703450520833318,0.0081080132378472,1.0,5.2,4.2,4.71238898038469
corridor_2,3,6.583333333333334,2.2944444444444447,1.8325957145940457,0.007713216145833309,0.0081080132378472,1.0,5.2,4.2,4.71238898038469
corridor_2,3,4.535185185185186,4.479629629629629,-1.3089969389957472,0.007715928819444422,0.0081080132378472,1.0,5.2,4.2,4.71238898038469
corridor_2,3,5.705555555555557,1.638888888888889,2.356194490192345,0.007721354166666635,0.0081080132378472,1.0,5.2,4.2,4.71238898038469
corridor_2,3,7.168518518518519,1.7481481481481482,2.356194490192345,0.007731662326388864,0.0081080132378472,1.0,5.2,4.2,4.71238898038469
corridor_2,3,2.4870370370370374,1.8574074074074074,2.356194490192345,0.007734374999999988,0.0081080132378472,1.0,5.2,4.2,4.71238898038469
corridor_2,3,3.364814814814815,4.261111111111111,-1.8325957145940461,0.007736002604166636,0.0081080132378472,1.0,5.2,4.2,4.71238898038469
corridor_2,3,0.1462962962962963,2.075925925925926,1.3089969389957465,0.007739257812499979,0.0081080132378472,1.0,5.2,4.2,4.71238898038469
corridor_2,3,2.4870370370370374,4.042592592592593,-0.7853981633974483,0.007739800347222194,0.0081080132378472,1.0,5.2,4.2,4.71238898038469
corridor_2,3,5.705555555555557,1.4203703703703705,2.356194490192345,0.007742513020833302,0.0081080132378472,1.0,5.2,4.2,4.71238898038469
corridor_2,3,6.875925925925927,1.638888888888889,2.094395102393195,0.007743598090277751,0.0081080132378472,1.0,5.2,4.2,4.71238898038469
corridor_2,3,1.0240740740740741,4.151851851851852,-1.3089969389957472,0.007759874131944418,0.0081080132378472,1.0,5.2,4.2,4.71238898038469
corridor_2,3,1.6092592592592594,1.5296296296296297,1.8325957145940457,0.007768012152777749,0.0081080132378472,1.0,5.2,4.2,4.71238898038469
corridor_2,3,1.6092592592592594,1.4203703703703705,1.5707963267948966,0.007770724826388859,0.0081080132378472,1.0,5.2,4.2,4.71238898038469
corridor_2,3,4.0962962962962965,4.479629629629629,-0.7853981633974483,0.007778320312499976,0.0081080132378472,1.0,5.2,4.2,4.71238898038469
corridor_2,3,5.9981481481481485,4.261111111111111,-1.0471975511965979,0.007781032986111095,0.0081080132378472,1.0,5.2,4.2,4.71238898038469
corridor_2,3,3.218518518518519,1.9666666666666668,1.8325957145940457,0.0077826605902777445,0.0081080132378472,1.0,5.2,4.2,4.71238898038469
corridor_2,3,6.583333333333334,4.151851851851852,-1.3089969389957472,0.007785915798611081,0.0081080132378472,1.0,5.2,4.2,4.71238898038469
corridor_2,3,6.437037037037038,4.479629629629629,-1.3089969389957472,0.0077951388888888645,0.0081080132378472,1.0,5.2,4.2,4.71238898038469
corridor_2,3,3.9500000000000006,1.4203703703703705,2.356194490192345,0.007796766493055524,0.0081080132378472,1.0,5.2,4.2,4.71238898038469
corridor_2,3,4.0962962962962965,1.5296296296296297,2.356194490192345,0.007803819444444419,0.0081080132378472,1.0,5.2,4.2,4.71238898038469
corridor_2,3,1.3166666666666669,3.8240740740740744,-1.3089969389957472,0.007808702256944423,0.0081080132378472,1.0,5.2,4.2,4.71238898038469
corridor_2,3,1.6092592592592594,3.6055555555555556,-1.3089969389957472,0.007814670138888872,0.0081080132378472,1.0,5.2,4.2,4.71238898038469
corridor_2,3,4.388888888888889,2.185185185185185,-2.8797932657906435,0.007817925347222194,0.0081080132378472,1.0,5.2,4.2,4.71238898038469
corridor_2,3,7.168518518518519,1.9666666666666668,2.356194490192345,0.0078228081597222,0.0081080132378472,1.0,5.2,4.2,4.71238898038469
corridor_2,3,7.168518518518519,1.5296296296296297,2.356194490192345,0.007823350694444417,0.0081080132378472,1.0,5.2,4.2,4.71238898038469
corridor_2,3,6.437037037037038,4.042592592592593,-1.0471975511965979,0.007829861111111084,0.0081080132378472,1.0,5.2,4.2,4.71238898038469
corridor_2,3,4.681481481481482,2.2944444444444447,1.0471975511965974,0.007839084201388867,0.0081080132378472,1.0,5.2,4.2,4.71238898038469
corridor_2,3,4.974074074074075,2.075925925925926,1.8325957145940457,0.007864040798611081,0.0081080132378472,1.0,5.2,4.2,4.71238898038469
corridor_2,3,5.851851851851853,1.7481481481481482,2.356194490192345,0.00786783854166664,0.0081080132378472,1.0,5.2,4.2,4.71238898038469
corridor_2,3,6.72962962962963,3.9333333333333336,-1.8325957145940461,0.007879231770833302,0.0081080132378472,1.0,5.2,4.2,4.71238898038469
corridor_2,3,7.022222222222223,1.4203703703703705,2.094395102393195,0.007884657118055523,0.0081080132378472,1.0,5.2,4.2,4.71238898038469
corridor_2,3,3.364814814814815,4.042592592592593,-1.8325957145940461,0.007885199652777746,0.0081080132378472,1.0,5.2,4.2,4.71238898038469
corridor_2,3,4.827777777777778,1.5296296296296297,1.3089969389957465,0.007890624999999965,0.0081080132378472,1.0,5.2,4.2,4.71238898038469
corridor_2,3,5.9981481481481485,1.638888888888889,2.356194490192345,0.007896592881944426,0.0081080132378472,1.0,5.2,4.2,4.71238898038469
corridor_2,3,3.364814814814815,4.37037037037037,-1.8325957145940461,0.007912326388888856,0.0081080132378472,1.0,5.2,4.2,4.71238898038469
corridor_2,3,2.4870370370370374,1.7481481481481482,2.356194490192345,0.007912868923611097,0.0081080132378472,1.0,5.2,4.2,4.71238898038469
corridor_2,3,5.9981481481481485,3.9333333333333336,-0.7853981633974483,0.007914496527777752,0.0081080132378472,1.0,5.2,4.2,4.71238898038469
corridor_2,3,2.6333333333333337,2.2944444444444447,-2.8797932657906435,0.007920464409722201,0.0081080132378472,1.0,5.2,4.2,4.71238898038469
corridor_2,3,2.6333333333333337,2.185185185185185,-2.8797932657906435,0.007925889756944422,0.0081080132378472,1.0,5.2,4.2,4.71238898038469
corridor_2,3,3.5111111111111115,4.042592592592593,-1.5707963267948966,0.007926974826388867,0.0081080132378472,1.0,5.2,4.2,4.71238898038469
corridor_2,3,7.314814814814816,1.4203703703703705,2.094395102393195,0.007927517361111087,0.0081080132378472,1.0,5.2,4.2,4.71238898038469
corridor_2,3,2.1944444444444446,1.8574074074074074,2.356194490192345,0.007928059895833306,0.0081080132378472,1.0,5.2,4.2,4.71238898038469
corridor_2,3,5.412962962962964,4.151851851851852,-1.5707963267948966,0.007936197916666643,0.0081080132378472,1.0,5.2,4.2,4.71238898038469
corridor_2,3,5.120370370370371,4.042592592592593,-1.3089969389957472,0.007937825520833296,0.0081080132378472,1.0,5.2,4.2,4.71238898038469
corridor_2,3,5.412962962962964,4.261111111111111,-1.5707963267948966,0.007939453124999975,0.0081080132378472,1.0,5.2,4.2,4.71238898038469
corridor_2,3,2.0481481481481483,4.151851851851852,0.0,0.007945421006944411,0.0081080132378472,1.0,5.2,4.2,4.71238898038469
corridor_2,3,7.314814814814816,1.5296296296296297,2.356194490192345,0.007945963541666635,0.0081080132378472,1.0,5.2,4.2,4.71238898038469
corridor_2,3,3.364814814814815,1.5296296296296297,1.5707963267948966,0.007949761284722193,0.0081080132378472,1.0,5.2,4.2,4.71238898038469
corridor_2,3,4.242592592592593,4.261111111111111,-1.0471975511965979,0.007964952256944428,0.0081080132378472,1.0,5.2,4.2,4.71238898038469
corridor_2,3,2.9259259259259265,4.479629629629629,-1.0471975511965979,0.007975802951388855,0.0081080132378472,1.0,5.2,4.2,4.71238898038469
corridor_2,3,6.583333333333334,1.8574074074074074,1.3089969389957465,0.007976888020833295,0.0081080132378472,1.0,5.2,4.2,4.71238898038469
corridor_2,3,1.6092592592592594,3.714814814814815,-1.3089969389957472,0.007977430555555536,0.0081080132378472,1.0,5.2,4.2,4.71238898038469
corridor_2,3,2.1944444444444446,1.4203703703703705,2.094395102393195,0.007985568576388867,0.0081080132378472,1.0,5.2,4.2,4.71238898038469
corridor_2,3,4.535185185185186,4.151851851851852,-1.3089969389957472,0.007988281249999979,0.0081080132378472,1.0,5.2,4.2,4.71238898038469
corridor_2,3,5.2666666666666675,4.261111111111111,-1.8325957145940461,0.00798936631944441,0.0081080132378472,1.0,5.2,4.2,4.71238898038469
corridor_2,3,3.0722222222222224,4.479629629629629,-1.5707963267948966,0.007990993923611082,0.0081080132378472,1.0,5.2,4.2,4.71238898038469
corridor_2,3,6.72962962962963,1.5296296296296297,1.5707963267948966,0.007992621527777737,0.0081080132378472,1.0,5.2,4.2,4.71238898038469
corridor_2,3,3.0722222222222224,4.37037037037037,-1.5707963267948966,0.007996419270833301,0.0081080132378472,1.0,5.2,4.2,4.71238898038469
corridor_2,3,3.8037037037037043,4.042592592592593,0.0,0.007999131944444411,0.0081080132378472,1.0,5.2,4.2,4.71238898038469
corridor_2,3,0.43888888888888894,1.7481481481481482,1.8325957145940457,0.008000759548611094,0.0081080132378472,1.0,5.2,4.2,4.71238898038469
corridor_2,3,4.242592592592593,1.7481481481481482,-3.141592653589793,0.008007812499999965,0.0081080132378472,1.0,5.2,4.2,4.71238898038469
corridor_2,3,2.4870370370370374,1.9666666666666668,2.356194490192345,0.008008355034722211,0.0081080132378472,1.0,5.2,4.2,4.71238898038469
corridor_2,3,1.4629629629629632,1.9666666666666668,1.3089969389957465,0.008012152777777745,0.0081080132378472,1.0,5.2,4.2,4.71238898038469
corridor_2,3,3.0722222222222224,3.9333333333333336,-1.5707963267948966,0.008017035590277758,0.0081080132378472,1.0,5.2,4.2,4.71238898038469
corridor_2,3,0.8777777777777779,1.4203703703703705,2.356194490192345,0.008021918402777764,0.0081080132378472,1.0,5.2,4.2,4.71238898038469
corridor_2,3,2.340740740740741,4.042592592592593,-0.7853981633974483,0.008023546006944418,0.0081080132378472,1.0,5.2,4.2,4.71238898038469
corridor_2,3,6.875925925925927,1.7481481481481482,2.094395102393195,0.008024631076388861,0.0081080132378472,1.0,5.2,4.2,4.71238898038469
corridor_2,3,5.120370370370371,2.075925925925926,1.8325957145940457,0.008033311631944422,0.0081080132378472,1.0,5.2,4.2,4.71238898038469
corridor_2,3,6.583333333333334,2.185185185185185,1.8325957145940457,0.008034396701388865,0.0081080132378472,1.0,5.2,4.2,4.71238898038469
corridor_2,3,2.340740740740741,1.7481481481481482,2.356194490192345,0.008039279513888864,0.0081080132378472,1.0,5.2,4.2,4.71238898038469
corridor_2,3,3.0722222222222224,3.8240740740740744,-1.3089969389957472,0.008039822048611086,0.0081080132378472,1.0,5.2,4.2,4.71238898038469
corridor_2,3,1.3166666666666669,4.37037037037037,-1.0471975511965979,0.008049045138888862,0.0081080132378472,1.0,5.2,4.2,4.71238898038469
corridor_2,3,0.2925925925925926,1.9666666666666668,1.5707963267948966,0.00805284288194443,0.0081080132378472,1.0,5.2,4.2,4.71238898038469
corridor_2,3,7.022222222222223,1.9666666666666668,2.356194490192345,0.008055555555555535,0.0081080132378472,1.0,5.2,4.2,4.71238898038469
corridor_2,3,1.0240740740740741,4.479629629629629,-0.7853981633974483,0.008062065972222192,0.0081080132378472,1.0,5.2,4.2,4.71238898038469
corridor_2,3,6.437037037037038,3.8240740740740744,-1.3089969389957472,0.008065863715277753,0.0081080132378472,1.0,5.2,4.2,4.71238898038469
corridor_2,3,1.4629629629629632,1.5296296296296297,1.5707963267948966,0.008071289062499973,0.0081080132378472,1.0,5.2,4.2,4.71238898038469
corridor_2,3,3.5111111111111115,3.714814814814815,-2.0943951023931957,0.008071831597222197,0.0081080132378472,1.0,5.2,4.2,4.71238898038469
corridor_2,3,2.340740740740741,1.638888888888889,2.356194490192345,0.008074544270833308,0.0081080132378472,1.0,5.2,4.2,4.71238898038469
corridor_2,3,2.9259259259259265,4.151851851851852,-1.0471975511965979,0.00807508680555552,0.0081080132378472,1.0,5.2,4.2,4.71238898038469
corridor_2,3,1.4629629629629632,3.714814814814815,-1.0471975511965979,0.008081597222222202,0.0081080132378472,1.0,5.2,4.2,4.71238898038469
corridor_2,3,0.5851851851851853,4.37037037037037,-1.0471975511965979,0.008082139756944422,0.0081080132378472,1.0,5.2,4.2,4.71238898038469
corridor_2,3,3.0722222222222224,2.075925925925926,1.3089969389957465,0.008090277777777759,0.0081080132378472,1.0,5.2,4.2,4.71238898038469
corridor_2,3,6.583333333333334,4.479629629629629,-1.3089969389957472,0.008092990451388865,0.0081080132378472,1.0,5.2,4.2,4.71238898038469
corridor_2,3,4.242592592592593,4.479629629629629,-1.0471975511965979,0.008095160590277756,0.0081080132378472,1.0,5.2,4.2,4.71238898038469
corridor_2,3,1.6092592592592594,4.37037037037037,-1.8325957145940461,0.008095703124999964,0.0081080132378472,1.0,5.2,4.2,4.71238898038469
corridor_2,3,5.851851851851853,1.638888888888889,2.356194490192345,0.008097330729166637,0.0081080132378472,1.0,5.2,4.2,4.71238898038469
corridor_2,3,0.8777777777777779,1.5296296296296297,2.356194490192345,0.008099500868055541,0.0081080132378472,1.0,5.2,4.2,4.71238898038469
corridor_2,3,5.851851851851853,1.8574074074074074,2.356194490192345,0.008101128472222196,0.0081080132378472,1.0,5.2,4.2,4.71238898038469
corridor_2,3,4.242592592592593,4.37037037037037,-1.0471975511965979,0.008103298611111092,0.0081080132378472,1.0,5.2,4.2,4.71238898038469
corridor_2,3,4.681481481481482,1.8574074074074074,1.5707963267948966,0.008107638888888867,0.0081080132378472,1.0,5.2,4.2,4.71238898038469
corridor_2,4,5.9981481481481485,1.7481481481481482,2.356194490192345,3.96050347222222e-05,0.008792480468749964,1.0,6.0,1.8,2.356194490192345
corridor_2,4,2.1944444444444446,4.151851851851852,-0.7853981633974483,9.711371527777762e-05,0.008792480468749964,1.0,6.0,1.8,2.356194490192345
corridor_2,4,5.9981481481481485,1.8574074074074074,2.356194490192345,0.0005273437500000003,0.008792480468749964,1.0,6.0,1.8,2.356194490192345
corridor_2,4,4.242592592592593,1.8574074074074074,2.356194490192345,0.0005300564236111085,0.008792480468749964,1.0,6.0,1.8,2.356194490192345
corridor_2,4,2.1944444444444446,4.042592592592593,-0.7853981633974483,0.0005859375000000002,0.008792480468749964,1.0,6.0,1.8,2.356194490192345
corridor_2,4,4.242592592592593,1.7481481481481482,2.356194490192345,0.001055772569444442,0.008792480468749964,1.0,6.0,1.8,2.356194490192345
corridor_2,4,3.9500000000000006,4.151851851851852,-0.7853981633974483,0.0014301215277777739,0.008792480468749964,1.0,6.0,1.8,2.356194490192345
corridor_2,4,4.0962962962962965,4.151851851851852,-0.7853981633974483,0.001496310763888885,0.008792480468749964,1.0,6.0,1.8,2.356194490192345
corridor_2,4,2.340740740740741,4.042592592592593,-0.7853981633974483,0.0019981553819444445,0.008792480468749964,1.0,6.0,1.8,2.356194490192345
corridor_2,4,3.9500000000000006,4.042592592592593,-0.7853981633974483,0.002214626736111099,0.008792480468749964,1.0,6.0,1.8,2.356194490192345
corridor_2,4,4.0962962962962965,4.042592592592593,-0.7853981633974483,0.002285698784722218,0.008792480468749964,1.0,6.0,1.8,2.356194490192345
corridor_2,4,4.0962962962962965,1.8574074074074074,2.356194490192345,0.002467990451388885,0.008792480468749964,1.0,6.0,1.8,2.356194490192345
corridor_2,4,2.4870370370370374,1.9666666666666668,2.356194490192345,0.0025656467013888745,0.008792480468749964,1.0,6.0,1.8,2.356194490192345
corridor_2,4,5.851851851851853,1.8574074074074074,2.356194490192345,0.002570529513888886,0.008792480468749964,1.0,6.0,1.8,2.356194490192345
corridor_2,4,4.388888888888889,4.37037037037037,-1.0471975511965979,0.0027376302083333215,0.008792480468749964,1.0,6.0,1.8,2.356194490192345
corridor_2,4,3.8037037037037043,3.714814814814815,-0.5235987755982991,0.0027940538194444367,0.008792480468749964,1.0,6.0,1.8,2.356194490192345
corridor_2,4,6.144444444444445,1.7481481481481482,2.356194490192345,0.002876519097222218,0.008792480468749964,1.0,6.0,1.8,2.356194490192345
corridor_2,4,2.1944444444444446,4.261111111111111,-0.7853981633974483,0.003196072048611097,0.008792480468749964,1.0,6.0,1.8,2.356194490192345
corridor_2,4,3.9500000000000006,4.261111111111111,-0.7853981633974483,0.0032492404513888742,0.008792480468749964,1.0,6.0,1.8,2.356194490192345
corridor_2,4,0.5851851851851853,4.042592592592593,-0.7853981633974483,0.003268771701388882,0.008792480468749964,1.0,6.0,1.8,2.356194490192345
corridor_2,4,4.242592592592593,1.638888888888889,2.356194490192345,0.0032975260416666526,0.008792480468749964,1.0,6.0,1.8,2.356194490192345
corridor_2,4,2.6333333333333337,2.185185185185185,2.617993877991494,0.0033192274305555406,0.008792480468749964,1.0,6.0,1.8,2.356194490192345
corridor_2,4,2.4870370370370374,1.8574074074074074,2.356194490192345,0.0034027777777777624,0.008792480468749964,1.0,6.0,1.8,2.356194490192345
corridor_2,4,0.7314814814814816,3.9333333333333336,-0.7853981633974483,0.003403320312499999,0.008792480468749964,1.0,6.0,1.8,2.356194490192345
corridor_2,4,5.9981481481481485,1.9666666666666668,2.356194490192345,0.0034380425347222054,0.008792480468749964,1.0,6.0,1.8,2.356194490192345
corridor_2,4,2.1944444444444446,1.7481481481481482,2.094395102393195,0.003460286458333316,0.008792480468749964,1.0,6.0,1.8,2.356194490192345
corridor_2,4,5.9981481481481485,1.638888888888889,2.356194490192345,0.0035053168402777615,0.008792480468749964,1.0,6.0,1.8,2.356194490192345
corridor_2,4,4.388888888888889,2.185185185185185,2.617993877991494,0.0036284722222222126,0.008792480468749964,1.0,6.0,1.8,2.356194490192345
corridor_2,4,4.0962962962962965,1.7481481481481482,2.356194490192345,0.0036349826388888734,0.008792480468749964,1.0,6.0,1.8,2.356194490192345
corridor_2,4,5.705555555555557,1.5296296296296297,2.094395102393195,0.0036496310763888726,0.008792480468749964,1.0,6.0,1.8,2.356194490192345
corridor_2,4,2.1944444444444446,1.8574074074074074,2.094395102393195,0.00365397135416665,0.008792480468749964,1.0,6.0,1.8,2.356194490192345
corridor_2,4,7.461111111111112,1.9666666666666668,2.356194490192345,0.003723415798611107,0.008792480468749964,1.0,6.0,1.8,2.356194490192345
corridor_2,4,0.43888888888888894,4.042592592592593,-0.7853981633974483,0.003875868055555547,0.008792480468749964,1.0,6.0,1.8,2.356194490192345
corridor_2,4,2.1944444444444446,3.9333333333333336,-0.7853981633974483,0.0038807508680555373,0.008792480468749964,1.0,6.0,1.8,2.356194490192345
corridor_2,4,3.9500000000000006,1.5296296296296297,2.094395102393195,0.003915473090277758,0.008792480468749964,1.0,6.0,1.8,2.356194490192345
corridor_2,4,2.6333333333333337,2.2944444444444447,2.617993877991494,0.003932834201388872,0.008792480468749964,1.0,6.0,1.8,2.356194490192345
corridor_2,4,2.6333333333333337,4.261111111111111,-1.0471975511965979,0.003932834201388874,0.008792480468749964,1.0,6.0,1.8,2.356194490192345
corridor_2,4,5.55925925925926,1.638888888888889,2.094395102393195,0.003977864583333319,0.008792480468749964,1.0,6.0,1.8,2.356194490192345
corridor_2,4,2.4870370370370374,4.37037037037037,-1.0471975511965979,0.003992513020833315,0.008792480468749964,1.0,6.0,1.8,2.356194490192345
corridor_2,4,2.340740740740741,4.151851851851852,-0.7853981633974483,0.0040679253472222085,0.008792480468749964,1.0,6.0,1.8,2.356194490192345
corridor_2,4,5.851851851851853,3.9333333333333336,-0.7853981633974483,0.004123806423611091,0.008792480468749964,1.0,6.0,1.8,2.356194490192345
corridor_2,4,7.314814814814816,2.075925925925926,2.356194490192345,0.004142795138888882,0.008792480468749964,1.0,6.0,1.8,2.356194490192345
corridor_2,4,5.9981481481481485,3.9333333333333336,-1.0471975511965979,0.004168294270833314,0.008792480468749964,1.0,6.0,1.8,2.356194490192345
corridor_2,4,2.340740740740741,3.9333333333333336,-0.7853981633974483,0.004204644097222213,0.008792480468749964,1.0,6.0,1.8,2.356194490192345
corridor_2,4,5.851851851851853,4.042592592592593,-0.7853981633974483,0.004306098090277755,0.008792480468749964,1.0,6.0,1.8,2.356194490192345
corridor_2,4,3.8037037037037043,1.638888888888889,2.094395102393195,0.0043196614583333156,0.008792480468749964,1.0,6.0,1.8,2.356194490192345
corridor_2,4,3.9500000000000006,3.9333333333333336,-0.7853981633974483,0.004334852430555536,0.008792480468749964,1.0,6.0,1.8,2.356194490192345
corridor_2,4,5.851851851851853,1.7481481481481482,2.356194490192345,0.004351128472222207,0.008792480468749964,1.0,6.0,1.8,2.356194490192345
corridor_2,4,2.340740740740741,1.9666666666666668,2.094395102393195,0.004361436631944424,0.008792480468749964,1.0,6.0,1.8,2.356194490192345
corridor_2,4,3.8037037037037043,3.9333333333333336,-0.5235987755982991,0.004413519965277753,0.008792480468749964,1.0,6.0,1.8,2.356194490192345
corridor_2,4,2.0481481481481483,3.714814814814815,-0.5235987755982991,0.004436848958333322,0.008792480468749964,1.0,6.0,1.8,2.356194490192345
corridor_2,4,2.0481481481481483,4.151851851851852,-0.7853981633974483,0.004459635416666657,0.008792480468749964,1.0,6.0,1.8,2.356194490192345
corridor_2,4,6.290740740740741,4.042592592592593,-1.3089969389957472,0.00455674913194443,0.008792480468749964,1.0,6.0,1.8,2.356194490192345
corridor_2,4,4.0962962962962965,3.9333333333333336,-0.7853981633974483,0.004574652777777765,0.008792480468749964,1.0,6.0,1.8,2.356194490192345
corridor_2,4,2.4870370370370374,2.075925925925926,2.356194490192345,0.004651692708333314,0.008792480468749964,1.0,6.0,1.8,2.356194490192345
corridor_2,4,2.340740740740741,1.8574074074074074,2.094395102393195,0.0047021484374999796,0.008792480468749964,1.0,6.0,1.8,2.356194490192345
corridor_2,4,4.242592592592593,1.9666666666666668,2.356194490192345,0.004714626736111088,0.008792480468749964,1.0,6.0,1.8,2.356194490192345
corridor_2,4,5.9981481481481485,4.042592592592593,-1.0471975511965979,0.0047357855902777565,0.008792480468749964,1.0,6.0,1.8,2.356194490192345
corridor_2,4,4.535185185185186,4.261111111111111,-1.0471975511965979,0.00473687065972221,0.008792480468749964,1.0,6.0,1.8,2.356194490192345
corridor_2,4,3.5111111111111115,1.638888888888889,1.8325957145940457,0.00473795572916665,0.008792480468749964,1.0,6.0,1.8,2.356194490192345
corridor_2,4,5.851851851851853,1.9666666666666668,2.356194490192345,0.004752061631944433,0.008792480468749964,1.0,6.0,1.8,2.356194490192345
corridor_2,4,1.9018518518518521,1.7481481481481482,1.8325957145940457,0.004767795138888876,0.008792480468749964,1.0,6.0,1.8,2.356194490192345
corridor_2,4,4.242592592592593,4.479629629629629,-1.0471975511965979,0.00480414496527776,0.008792480468749964,1.0,6.0,1.8,2.356194490192345
corridor_2,4,4.681481481481482,4.37037037037037,-1.3089969389957472,0.0048231336805555376,0.008792480468749964,1.0,6.0,1.8,2.356194490192345
corridor_2,4,4.388888888888889,1.9666666666666668,2.617993877991494,0.004858398437499974,0.008792480468749964,1.0,6.0,1.8,2.356194490192345
corridor_2,4,5.412962962962964,1.638888888888889,1.8325957145940457,0.004869791666666649,0.008792480468749964,1.0,6.0,1.8,2.356194490192345
corridor_2,4,0.2925925925925926,3.714814814814815,-0.5235987755982991,0.004872504340277765,0.008792480468749964,1.0,6.0,1.8,2.356194490192345
corridor_2,4,2.340740740740741,1.9666666666666668,2.356194490192345,0.0048746744791666515,0.008792480468749964,1.0,6.0,1.8,2.356194490192345
corridor_2,4,1.9018518518518521,1.638888888888889,1.8325957145940457,0.004907769097222209,0.008792480468749964,1.0,6.0,1.8,2.356194490192345
corridor_2,4,3.5111111111111115,1.5296296296296297,1.8325957145940457,0.004954427083333317,0.008792480468749964,1.0,6.0,1.8,2.356194490192345
corridor_2,4,6.290740740740741,3.9333333333333336,-1.3089969389957472,0.0049663628472222075,0.008792480468749964,1.0,6.0,1.8,2.356194490192345
corridor_2,4,2.77962962962963,4.37037037037037,-1.3089969389957472,0.004967447916666649,0.008792480468749964,1.0,6.0,1.8,2.356194490192345
corridor_2,4,2.4870370370370374,1.7481481481481482,2.356194490192345,0.004972330729166644,0.008792480468749964,1.0,6.0,1.8,2.356194490192345
corridor_2,4,3.657407407407408,1.7481481481481482,1.8325957145940457,0.004984809027777757,0.008792480468749964,1.0,6.0,1.8,2.356194490192345
corridor_2,4,4.0962962962962965,4.261111111111111,-0.7853981633974483,0.004985894097222198,0.008792480468749964,1.0,6.0,1.8,2.356194490192345
corridor_2,4,2.77962962962963,4.261111111111111,-1.3089969389957472,0.00499457465277776,0.008792480468749964,1.0,6.0,1.8,2.356194490192345
corridor_2,4,7.6074074074074085,1.8574074074074074,2.356194490192345,0.005002170138888878,0.008792480468749964,1.0,6.0,1.8,2.356194490192345
corridor_2,4,5.412962962962964,1.5296296296296297,1.8325957145940457,0.0050075954861110925,0.008792480468749964,1.0,6.0,1.8,2.356194490192345
corridor_2,4,5.2666666666666675,1.638888888888889,1.8325957145940457,0.00501627604166665,0.008792480468749964,1.0,6.0,1.8,2.356194490192345
corridor_2,4,2.340740740740741,1.8574074074074074,2.356194490192345,0.005023871527777756,0.008792480468749964,1.0,6.0,1.8,2.356194490192345
corridor_2,4,0.5851851851851853,3.9333333333333336,-0.7853981633974483,0.005026041666666651,0.008792480468749964,1.0,6.0,1.8,2.356194490192345
corridor_2,4,2.77962962962963,4.479629629629629,-1.3089969389957472,0.005038519965277761,0.008792480468749964,1.0,6.0,1.8,2.356194490192345
corridor_2,4,3.657407407407408,1.5296296296296297,1.8325957145940457,0.005055881076388869,0.008792480468749964,1.0,6.0,1.8,2.356194490192345
corridor_2,4,3.657407407407408,1.638888888888889,1.8325957145940457,0.005073242187499979,0.008792480468749964,1.0,6.0,1.8,2.356194490192345
corridor_2,4,5.412962962962964,1.4203703703703705,1.8325957145940457,0.005083550347222205,0.008792480468749964,1.0,6.0,1.8,2.356194490192345
corridor_2,4,6.144444444444445,1.9666666666666668,2.356194490192345,0.005105794270833313,0.008792480468749964,1.0,6.0,1.8,2.356194490192345
corridor_2,4,4.242592592592593,4.042592592592593,-0.7853981633974483,0.0051220703124999906,0.008792480468749964,1.0,6.0,1.8,2.356194490192345
corridor_2,4,6.144444444444445,4.042592592592593,-1.0471975511965979,0.005123697916666646,0.008792480468749964,1.0,6.0,1.8,2.356194490192345
corridor_2,4,0.5851851851851853,4.151851851851852,-0.7853981633974483,0.005142686631944424,0.008792480468749964,1.0,6.0,1.8,2.356194490192345
corridor_2,4,0.8777777777777779,3.8240740740740744,-0.7853981633974483,0.005149197048611111,0.008792480468749964,1.0,6.0,1.8,2.356194490192345
corridor_2,4,2.1944444444444446,1.9666666666666668,2.094395102393195,0.005168185763888872,0.008792480468749964,1.0,6.0,1.8,2.356194490192345
corridor_2,4,4.535185185185186,4.37037037037037,-1.3089969389957472,0.0051953124999999795,0.008792480468749964,1.0,6.0,1.8,2.356194490192345
corridor_2,4,0.2925925925925926,4.151851851851852,-0.7853981633974483,0.005204535590277764,0.008792480468749964,1.0,6.0,1.8,2.356194490192345
corridor_2,4,2.6333333333333337,4.151851851851852,-1.3089969389957472,0.005221354166666646,0.008792480468749964,1.0,6.0,1.8,2.356194490192345
corridor_2,4,4.0962962962962965,1.9666666666666668,2.356194490192345,0.005222981770833318,0.008792480468749964,1.0,6.0,1.8,2.356194490192345
corridor_2,4,3.8037037037037043,3.8240740740740744,-0.5235987755982991,0.005239257812499976,0.008792480468749964,1.0,6.0,1.8,2.356194490192345
corridor_2,4,4.681481481481482,4.261111111111111,-1.3089969389957472,0.005244683159722201,0.008792480468749964,1.0,6.0,1.8,2.356194490192345
corridor_2,4,2.340740740740741,1.7481481481481482,2.094395102393195,0.0052642144097222,0.008792480468749964,1.0,6.0,1.8,2.356194490192345
corridor_2,4,5.705555555555557,1.638888888888889,2.094395102393195,0.005266927083333303,0.008792480468749964,1.0,6.0,1.8,2.356194490192345
corridor_2,4,2.6333333333333337,4.37037037037037,-1.0471975511965979,0.005268012152777756,0.008792480468749964,1.0,6.0,1.8,2.356194490192345
corridor_2,4,5.2666666666666675,1.5296296296296297,1.8325957145940457,0.005285915798611094,0.008792480468749964,1.0,6.0,1.8,2.356194490192345
corridor_2,4,1.9018518518518521,1.8574074074074074,1.8325957145940457,0.005288628472222206,0.008792480468749964,1.0,6.0,1.8,2.356194490192345
corridor_2,4,4.388888888888889,1.7481481481481482,2.356194490192345,0.005289713541666656,0.008792480468749964,1.0,6.0,1.8,2.356194490192345
corridor_2,4,2.0481481481481483,1.5296296296296297,1.8325957145940457,0.005296223958333316,0.008792480468749964,1.0,6.0,1.8,2.356194490192345
corridor_2,4,3.8037037037037043,1.5296296296296297,2.094395102393195,0.005317382812499976,0.008792480468749964,1.0,6.0,1.8,2.356194490192345
corridor_2,4,5.55925925925926,1.5296296296296297,2.094395102393195,0.005323350694444422,0.008792480468749964,1.0,6.0,1.8,2.356194490192345
corridor_2,4,7.6074074074074085,1.9666666666666668,2.356194490192345,0.005347222222222212,0.008792480468749964,1.0,6.0,1.8,2.356194490192345
corridor_2,4,0.7314814814814816,4.37037037037037,-1.0471975511965979,0.005350477430555532,0.008792480468749964,1.0,6.0,1.8,2.356194490192345
corridor_2,4,5.55925925925926,1.7481481481481482,2.094395102393195,0.005376519097222205,0.008792480468749964,1.0,6.0,1.8,2.356194490192345
corridor_2,4,0.8777777777777779,2.2944444444444447,1.5707963267948966,0.005378689236111096,0.008792480468749964,1.0,6.0,1.8,2.356194490192345
corridor_2,4,4.535185185185186,4.151851851851852,-1.3089969389957472,0.005379774305555533,0.008792480468749964,1.0,6.0,1.8,2.356194490192345
corridor_2,4,6.144444444444445,3.9333333333333336,-1.3089969389957472,0.005379774305555537,0.008792480468749964,1.0,6.0,1.8,2.356194490192345
corridor_2,4,2.9259259259259265,4.261111111111111,-1.3089969389957472,0.005445963541666646,0.008792480468749964,1.0,6.0,1.8,2.356194490192345
corridor_2,4,3.8037037037037043,4.151851851851852,-0.7853981633974483,0.005461697048611101,0.008792480468749964,1.0,6.0,1.8,2.356194490192345
corridor_2,4,2.0481481481481483,1.8574074074074074,2.094395102393195,0.005468207465277762,0.008792480468749964,1.0,6.0,1.8,2.356194490192345
corridor_2,4,5.55925925925926,1.7481481481481482,1.8325957145940457,0.005480143229166645,0.008792480468749964,1.0,6.0,1.8,2.356194490192345
corridor_2,4,4.681481481481482,4.479629629629629,-1.3089969389957472,0.0055007595486110915,0.008792480468749964,1.0,6.0,1.8,2.356194490192345
corridor_2,4,4.827777777777778,4.37037037037037,-1.3089969389957472,0.005504557291666649,0.008792480468749964,1.0,6.0,1.8,2.356194490192345
corridor_2,4,6.144444444444445,2.185185185185185,2.617993877991494,0.005515950520833319,0.008792480468749964,1.0,6.0,1.8,2.356194490192345
corridor_2,4,0.7314814814814816,3.8240740740740744,-0.7853981633974483,0.005525716145833322,0.008792480468749964,1.0,6.0,1.8,2.356194490192345
corridor_2,4,0.7314814814814816,4.042592592592593,-0.7853981633974483,0.005527886284722208,0.008792480468749964,1.0,6.0,1.8,2.356194490192345
corridor_2,4,2.4870370370370374,4.261111111111111,-1.0471975511965979,0.0055620659722221905,0.008792480468749964,1.0,6.0,1.8,2.356194490192345
corridor_2,4,4.827777777777778,4.261111111111111,-1.3089969389957472,0.005563151041666649,0.008792480468749964,1.0,6.0,1.8,2.356194490192345
corridor_2,4,7.753703703703705,2.185185185185185,2.617993877991494,0.00560709635416665,0.008792480468749964,1.0,6.0,1.8,2.356194490192345
corridor_2,4,5.9981481481481485,4.151851851851852,-1.0471975511965979,0.005607638888888865,0.008792480468749964,1.0,6.0,1.8,2.356194490192345
corridor_2,4,0.43888888888888894,3.714814814814815,-0.5235987755982991,0.00562608506944443,0.008792480468749964,1.0,6.0,1.8,2.356194490192345
corridor_2,4,4.535185185185186,4.151851851851852,-1.0471975511965979,0.005633680555555538,0.008792480468749964,1.0,6.0,1.8,2.356194490192345
corridor_2,4,0.43888888888888894,4.261111111111111,-0.7853981633974483,0.005645073784722202,0.008792480468749964,1.0,6.0,1.8,2.356194490192345
corridor_2,4,3.8037037037037043,4.261111111111111,-0.7853981633974483,0.0056711154513888785,0.008792480468749964,1.0,6.0,1.8,2.356194490192345
corridor_2,4,4.388888888888889,2.075925925925926,2.617993877991494,0.005673828124999973,0.008792480468749964,1.0,6.0,1.8,2.356194490192345
corridor_2,4,5.851851851851853,3.8240740740740744,-0.7853981633974483,0.0056846788194444215,0.008792480468749964,1.0,6.0,1.8,2.356194490192345
corridor_2,4,3.9500000000000006,4.37037037037037,-0.7853981633974483,0.005703124999999977,0.008792480468749964,1.0,6.0,1.8,2.356194490192345
corridor_2,4,2.9259259259259265,4.37037037037037,-1.3089969389957472,0.005706922743055535,0.008792480468749964,1.0,6.0,1.8,2.356194490192345
corridor_2,4,4.388888888888889,4.261111111111111,-1.0471975511965979,0.005761718749999972,0.008792480468749964,1.0,6.0,1.8,2.356194490192345
corridor_2,4,2.340740740740741,1.638888888888889,2.094395102393195,0.005780707465277755,0.008792480468749964,1.0,6.0,1.8,2.356194490192345
corridor_2,4,7.168518518518519,2.075925925925926,2.356194490192345,0.005788845486111101,0.008792480468749964,1.0,6.0,1.8,2.356194490192345
corridor_2,4,5.55925925925926,1.5296296296296297,1.8325957145940457,0.005794270833333311,0.008792480468749964,1.0,6.0,1.8,2.356194490192345
corridor_2,4,2.6333333333333337,4.37037037037037,-1.3089969389957472,0.005799153645833311,0.008792480468749964,1.0,6.0,1.8,2.356194490192345
corridor_2,4,6.290740740740741,4.261111111111111,-1.3089969389957472,0.0058078342013888696,0.008792480468749964,1.0,6.0,1.8,2.356194490192345
corridor_2,4,0.43888888888888894,4.151851851851852,-0.7853981633974483,0.005814887152777755,0.008792480468749964,1.0,6.0,1.8,2.356194490192345
corridor_2,4,6.144444444444445,4.042592592592593,-1.3089969389957472,0.005815429687499981,0.008792480468749964,1.0,6.0,1.8,2.356194490192345
corridor_2,4,4.535185185185186,4.479629629629629,-1.3089969389957472,0.0058257378472222005,0.008792480468749964,1.0,6.0,1.8,2.356194490192345
corridor_2,4,5.705555555555557,3.6055555555555556,-0.7853981633974483,0.005842556423611088,0.008792480468749964,1.0,6.0,1.8,2.356194490192345
corridor_2,4,2.6333333333333337,4.479629629629629,-1.3089969389957472,0.005849609374999979,0.008792480468749964,1.0,6.0,1.8,2.356194490192345
corridor_2,4,4.242592592592593,4.37037037037037,-1.0471975511965979,0.0058539496527777474,0.008792480468749964,1.0,6.0,1.8,2.356194490192345
corridor_2,4,5.55925925925926,1.4203703703703705,1.8325957145940457,0.005853949652777756,0.008792480468749964,1.0,6.0,1.8,2.356194490192345
corridor_2,4,7.6074074074074085,2.2944444444444447,2.617993877991494,0.005862087673611095,0.008792480468749964,1.0,6.0,1.8,2.356194490192345
corridor_2,4,6.144444444444445,1.638888888888889,2.356194490192345,0.005869140624999981,0.008792480468749964,1.0,6.0,1.8,2.356194490192345
corridor_2,4,3.5111111111111115,1.4203703703703705,1.8325957145940457,0.005878363715277757,0.008792480468749964,1.0,6.0,1.8,2.356194490192345
corridor_2,4,3.9500000000000006,1.7481481481481482,2.094395102393195,0.005881618923611077,0.008792480468749964,1.0,6.0,1.8,2.356194490192345
corridor_2,4,2.4870370370370374,2.185185185185185,2.356194490192345,0.0059147135416666476,0.008792480468749964,1.0,6.0,1.8,2.356194490192345
corridor_2,4,4.388888888888889,4.151851851851852,-1.0471975511965979,0.005923936631944416,0.008792480468749964,1.0,6.0,1.8,2.356194490192345
corridor_2,4,6.144444444444445,1.8574074074074074,2.356194490192345,0.0059271918402777546,0.008792480468749964,1.0,6.0,1.8,2.356194490192345
corridor_2,4,2.6333333333333337,2.075925925925926,2.617993877991494,0.00594075520833331,0.008792480468749964,1.0,6.0,1.8,2.356194490192345
corridor_2,4,0.7314814814814816,4.261111111111111,-1.0471975511965979,0.005953233506944416,0.008792480468749964,1.0,6.0,1.8,2.356194490192345
corridor_2,4,5.705555555555557,1.8574074074074074,2.094395102393195,0.005955946180555529,0.008792480468749964,1.0,6.0,1.8,2.356194490192345
corridor_2,4,4.242592592592593,4.261111111111111,-1.0471975511965979,0.005961914062499968,0.008792480468749964,1.0,6.0,1.8,2.356194490192345
corridor_2,4,3.657407407407408,1.4203703703703705,1.8325957145940457,0.0059901258680555335,0.008792480468749964,1.0,6.0,1.8,2.356194490192345
corridor_2,4,6.290740740740741,4.151851851851852,-1.3089969389957472,0.005990125868055535,0.008792480468749964,1.0,6.0,1.8,2.356194490192345
corridor_2,4,5.851851851851853,1.4203703703703705,2.094395102393195,0.005996636284722201,0.008792480468749964,1.0,6.0,1.8,2.356194490192345
corridor_2,4,3.8037037037037043,3.6055555555555556,-0.5235987755982991,0.0059982638888888724,0.008792480468749964,1.0,6.0,1.8,2.356194490192345
corridor_2,4,2.0481481481481483,1.9666666666666668,1.8325957145940457,0.006003146701388865,0.008792480468749964,1.0,6.0,1.8,2.356194490192345
corridor_2,4,0.1462962962962963,3.714814814814815,-0.5235987755982991,0.006016167534722204,0.008792480468749964,1.0,6.0,1.8,2.356194490192345
corridor_2,4,2.0481481481481483,1.8574074074074074,1.8325957145940457,0.006019965277777755,0.008792480468749964,1.0,6.0,1.8,2.356194490192345
corridor_2,4,6.144444444444445,3.9333333333333336,-1.0471975511965979,0.006023763020833313,0.008792480468749964,1.0,6.0,1.8,2.356194490192345
corridor_2,4,7.461111111111112,2.075925925925926,2.356194490192345,0.00603895399305554,0.008792480468749964,1.0,6.0,1.8,2.356194490192345
corridor_2,4,0.8777777777777779,4.151851851851852,-1.0471975511965979,0.006056315104166644,0.008792480468749964,1.0,6.0,1.8,2.356194490192345
corridor_2,4,4.388888888888889,4.479629629629629,-1.0471975511965979,0.006078559027777753,0.008792480468749964,1.0,6.0,1.8,2.356194490192345
corridor_2,4,6.144444444444445,4.151851851851852,-1.0471975511965979,0.00609049479166664,0.008792480468749964,1.0,6.0,1.8,2.356194490192345
corridor_2,4,2.340740740740741,4.479629629629629,-1.0471975511965979,0.006099717881944422,0.008792480468749964,1.0,6.0,1.8,2.356194490192345
corridor_2,4,2.340740740740741,2.075925925925926,2.094395102393195,0.006121961805555531,0.008792480468749964,1.0,6.0,1.8,2.356194490192345
corridor_2,4,2.0481481481481483,1.7481481481481482,1.8325957145940457,0.006124674479166644,0.008792480468749964,1.0,6.0,1.8,2.356194490192345
corridor_2,4,3.8037037037037043,1.638888888888889,1.8325957145940457,0.006192491319444419,0.008792480468749964,1.0,6.0,1.8,2.356194490192345
corridor_2,4,2.1944444444444446,1.638888888888889,2.094395102393195,0.00619791666666664,0.008792480468749964,1.0,6.0,1.8,2.356194490192345
corridor_2,4,5.412962962962964,1.7481481481481482,1.8325957145940457,0.0061995442708333084,0.008792480468749964,1.0,6.0,1.8,2.356194490192345
corridor_2,4,3.9500000000000006,1.638888888888889,2.094395102393195,0.006208767361111077,0.008792480468749964,1.0,6.0,1.8,2.356194490192345
corridor_2,4,2.0481481481481483,4.042592592592593,-0.7853981633974483,0.006217447916666643,0.008792480468749964,1.0,6.0,1.8,2.356194490192345
corridor_2,4,2.340740740740741,2.075925925925926,2.356194490192345,0.006219075520833316,0.008792480468749964,1.0,6.0,1.8,2.356194490192345
corridor_2,4,5.9981481481481485,3.8240740740740744,-1.0471975511965979,0.006222873263888867,0.008792480468749964,1.0,6.0,1.8,2.356194490192345
corridor_2,4,2.340740740740741,4.151851851851852,-1.0471975511965979,0.006243489583333301,0.008792480468749964,1.0,6.0,1.8,2.356194490192345
corridor_2,4,2.0481481481481483,1.638888888888889,1.8325957145940457,0.006266276041666644,0.008792480468749964,1.0,6.0,1.8,2.356194490192345
corridor_2,4,4.0962962962962965,4.479629629629629,-1.0471975511965979,0.006295030381944422,0.008792480468749964,1.0,6.0,1.8,2.356194490192345
corridor_2,4,4.0962962962962965,1.4203703703703705,2.094395102393195,0.006295572916666645,0.008792480468749964,1.0,6.0,1.8,2.356194490192345
corridor_2,4,3.8037037037037043,1.4203703703703705,2.094395102393195,0.006303710937499975,0.008792480468749964,1.0,6.0,1.8,2.356194490192345
corridor_2,4,2.77962962962963,4.151851851851852,-1.3089969389957472,0.006320529513888863,0.008792480468749964,1.0,6.0,1.8,2.356194490192345
corridor_2,4,5.705555555555557,1.4203703703703705,2.094395102393195,0.006324869791666642,0.008792480468749964,1.0,6.0,1.8,2.356194490192345
corridor_2,4,3.9500000000000006,1.9666666666666668,2.356194490192345,0.0063324652777777685,0.008792480468749964,1.0,6.0,1.8,2.356194490192345
corridor_2,4,0.1462962962962963,3.8240740740740744,-0.5235987755982991,0.006334092881944424,0.008792480468749964,1.0,6.0,1.8,2.356194490192345
corridor_2,4,6.144444444444445,4.151851851851852,-1.3089969389957472,0.006348741319444424,0.008792480468749964,1.0,6.0,1.8,2.356194490192345
corridor_2,4,5.412962962962964,1.7481481481481482,2.094395102393195,0.00636827256944443,0.008792480468749964,1.0,6.0,1.8,2.356194490192345
corridor_2,4,3.8037037037037043,1.5296296296296297,1.8325957145940457,0.006435546874999974,0.008792480468749964,1.0,6.0,1.8,2.356194490192345
corridor_2,4,2.0481481481481483,1.4203703703703705,1.8325957145940457,0.006436631944444425,0.008792480468749964,1.0,6.0,1.8,2.356194490192345
corridor_2,4,5.851851851851853,3.714814814814815,-1.0471975511965979,0.006446940104166642,0.008792480468749964,1.0,6.0,1.8,2.356194490192345
corridor_2,4,2.0481481481481483,4.261111111111111,-0.7853981633974483,0.0064605034722222,0.008792480468749964,1.0,6.0,1.8,2.356194490192345
corridor_2,4,5.851851851851853,1.7481481481481482,2.094395102393195,0.006513129340277745,0.008792480468749964,1.0,6.0,1.8,2.356194490192345
corridor_2,4,2.4870370370370374,4.042592592592593,-1.0471975511965979,0.00652126736111108,0.008792480468749964,1.0,6.0,1.8,2.356194490192345
corridor_2,4,3.8037037037037043,4.042592592592593,-0.5235987755982991,0.006526150173611074,0.008792480468749964,1.0,6.0,1.8,2.356194490192345
corridor_2,4,7.461111111111112,1.8574074074074074,2.356194490192345,0.006527235243055534,0.008792480468749964,1.0,6.0,1.8,2.356194490192345
corridor_2,4,6.144444444444445,1.5296296296296297,2.356194490192345,0.00653537326388887,0.008792480468749964,1.0,6.0,1.8,2.356194490192345
corridor_2,4,7.168518518518519,1.8574074074074074,2.094395102393195,0.006539171006944424,0.008792480468749964,1.0,6.0,1.8,2.356194490192345
corridor_2,4,4.0962962962962965,4.37037037037037,-0.7853981633974483,0.006555447048611077,0.008792480468749964,1.0,6.0,1.8,2.356194490192345
corridor_2,4,2.77962962962963,4.151851851851852,-1.0471975511965979,0.00655870225694443,0.008792480468749964,1.0,6.0,1.8,2.356194490192345
corridor_2,4,4.535185185185186,4.37037037037037,-1.0471975511965979,0.0065744357638888645,0.008792480468749964,1.0,6.0,1.8,2.356194490192345
corridor_2,4,5.851851851851853,3.8240740740740744,-1.0471975511965979,0.006611328124999974,0.008792480468749964,1.0,6.0,1.8,2.356194490192345
corridor_2,4,2.0481481481481483,1.9666666666666668,2.094395102393195,0.006611870659722205,0.008792480468749964,1.0,6.0,1.8,2.356194490192345
corridor_2,4,2.340740740740741,1.638888888888889,2.356194490192345,0.006614040798611081,0.008792480468749964,1.0,6.0,1.8,2.356194490192345
corridor_2,4,2.0481481481481483,3.8240740740740744,-0.5235987755982991,0.006617296006944415,0.008792480468749964,1.0,6.0,1.8,2.356194490192345
corridor_2,4,5.2666666666666675,1.7481481481481482,1.8325957145940457,0.006629231770833314,0.008792480468749964,1.0,6.0,1.8,2.356194490192345
corridor_2,4,4.535185185185186,4.261111111111111,-1.3089969389957472,0.00665039062499997,0.008792480468749964,1.0,6.0,1.8,2.356194490192345
corridor_2,4,5.851851851851853,3.9333333333333336,-1.0471975511965979,0.006665039062499976,0.008792480468749964,1.0,6.0,1.8,2.356194490192345
corridor_2,4,0.2925925925925926,3.8240740740740744,-0.5235987755982991,0.006726888020833307,0.008792480468749964,1.0,6.0,1.8,2.356194490192345
corridor_2,4,3.8037037037037043,1.7481481481481482,2.094395102393195,0.006732313368055524,0.008792480468749964,1.0,6.0,1.8,2.356194490192345
corridor_2,4,6.875925925925927,1.4203703703703705,1.5707963267948966,0.006745876736111093,0.008792480468749964,1.0,6.0,1.8,2.356194490192345
corridor_2,4,5.851851851851853,1.638888888888889,2.094395102393195,0.006752387152777744,0.008792480468749964,1.0,6.0,1.8,2.356194490192345
corridor_2,4,3.9500000000000006,1.8574074074074074,2.094395102393195,0.006774631076388857,0.008792480468749964,1.0,6.0,1.8,2.356194490192345
corridor_2,4,5.851851851851853,4.151851851851852,-0.7853981633974483,0.0067800564236110816,0.008792480468749964,1.0,6.0,1.8,2.356194490192345
corridor_2,4,0.43888888888888894,3.9333333333333336,-0.7853981633974483,0.006780056423611087,0.008792480468749964,1.0,6.0,1.8,2.356194490192345
corridor_2,4,3.657407407407408,1.7481481481481482,2.094395102393195,0.006812065972222204,0.008792480468749964,1.0,6.0,1.8,2.356194490192345
corridor_2,4,2.4870370370370374,4.042592592592593,-0.7853981633974483,0.006817491319444427,0.008792480468749964,1.0,6.0,1.8,2.356194490192345
corridor_2,4,0.5851851851851853,4.37037037037037,-1.0471975511965979,0.006818033854166635,0.008792480468749964,1.0,6.0,1.8,2.356194490192345
corridor_2,4,0.8777777777777779,4.37037037037037,-1.3089969389957472,0.0068245442708333055,0.008792480468749964,1.0,6.0,1.8,2.356194490192345
corridor_2,4,2.340740740740741,4.261111111111111,-1.0471975511965979,0.006829427083333299,0.008792480468749964,1.0,6.0,1.8,2.356194490192345
corridor_2,4,1.1703703703703705,4.479629629629629,-1.5707963267948966,0.006835937499999977,0.008792480468749964,1.0,6.0,1.8,2.356194490192345
corridor_2,4,2.0481481481481483,1.7481481481481482,2.094395102393195,0.006844618055555531,0.008792480468749964,1.0,6.0,1.8,2.356194490192345
corridor_2,4,4.388888888888889,4.479629629629629,-1.3089969389957472,0.006850043402777752,0.008792480468749964,1.0,6.0,1.8,2.356194490192345
corridor_2,4,5.705555555555557,3.714814814814815,-0.5235987755982991,0.006876085069444414,0.008792480468749964,1.0,6.0,1.8,2.356194490192345
corridor_2,4,3.9500000000000006,1.4203703703703705,2.094395102393195,0.006879340277777749,0.008792480468749964,1.0,6.0,1.8,2.356194490192345
corridor_2,4,6.144444444444445,4.261111111111111,-1.3089969389957472,0.006882595486111089,0.008792480468749964,1.0,6.0,1.8,2.356194490192345
corridor_2,4,2.4870370370370374,4.479629629629629,-1.0471975511965979,0.006899414062499973,0.008792480468749964,1.0,6.0,1.8,2.356194490192345
corridor_2,4,5.705555555555557,1.7481481481481482,2.094395102393195,0.006908637152777744,0.008792480468749964,1.0,6.0,1.8,2.356194490192345
corridor_2,4,1.1703703703703705,4.37037037037037,-1.3089969389957472,0.006916775173611088,0.008792480468749964,1.0,6.0,1.8,2.356194490192345
corridor_2,4,2.0481481481481483,3.9333333333333336,-0.7853981633974483,0.006935763888888861,0.008792480468749964,1.0,6.0,1.8,2.356194490192345
corridor_2,4,0.5851851851851853,3.8240740740740744,-0.7853981633974483,0.006946614583333306,0.008792480468749964,1.0,6.0,1.8,2.356194490192345
corridor_2,4,1.0240740740740741,4.479629629629629,-1.3089969389957472,0.006968315972222194,0.008792480468749964,1.0,6.0,1.8,2.356194490192345
corridor_2,4,1.3166666666666669,4.479629629629629,-1.5707963267948966,0.006972113715277756,0.008792480468749964,1.0,6.0,1.8,2.356194490192345
corridor_2,4,7.022222222222223,1.9666666666666668,2.094395102393195,0.0069731987847222055,0.008792480468749964,1.0,6.0,1.8,2.356194490192345
corridor_2,4,3.8037037037037043,1.4203703703703705,1.8325957145940457,0.006990017361111085,0.008792480468749964,1.0,6.0,1.8,2.356194490192345
corridor_2,4,2.6333333333333337,2.403703703703704,2.617993877991494,0.006995442708333315,0.008792480468749964,1.0,6.0,1.8,2.356194490192345
corridor_2,4,4.681481481481482,2.185185185185185,0.5235987755982987,0.007000868055555535,0.008792480468749964,1.0,6.0,1.8,2.356194490192345
corridor_2,4,1.1703703703703705,4.261111111111111,-1.3089969389957472,0.0070111762152777575,0.008792480468749964,1.0,6.0,1.8,2.356194490192345
corridor_2,4,3.9500000000000006,3.8240740740740744,-0.7853981633974483,0.007018229166666636,0.008792480468749964,1.0,6.0,1.8,2.356194490192345
corridor_2,4,1.3166666666666669,4.37037037037037,-1.5707963267948966,0.007019856770833311,0.008792480468749964,1.0,6.0,1.8,2.356194490192345
corridor_2,4,2.340740740740741,1.7481481481481482,2.356194490192345,0.007039930555555526,0.008792480468749964,1.0,6.0,1.8,2.356194490192345
corridor_2,4,2.0481481481481483,4.37037037037037,-0.7853981633974483,0.007047526041666645,0.008792480468749964,1.0,6.0,1.8,2.356194490192345
corridor_2,4,2.1944444444444446,4.37037037037037,-0.7853981633974483,0.007048611111111077,0.008792480468749964,1.0,6.0,1.8,2.356194490192345
corridor_2,4,5.705555555555557,3.6055555555555556,-0.5235987755982991,0.007049696180555529,0.008792480468749964,1.0,6.0,1.8,2.356194490192345
corridor_2,4,4.242592592592593,4.151851851851852,-1.0471975511965979,0.007054036458333294,0.008792480468749964,1.0,6.0,1.8,2.356194490192345
corridor_2,4,4.681481481481482,2.2944444444444447,0.5235987755982987,0.0070605468749999805,0.008792480468749964,1.0,6.0,1.8,2.356194490192345
corridor_2,4,6.144444444444445,4.37037037037037,-1.3089969389957472,0.007067599826388866,0.008792480468749964,1.0,6.0,1.8,2.356194490192345
corridor_2,4,4.242592592592593,3.9333333333333336,-0.7853981633974483,0.007068684895833316,0.008792480468749964,1.0,6.0,1.8,2.356194490192345
corridor_2,4,1.4629629629629632,4.37037037037037,-1.8325957145940461,0.007107204861111089,0.008792480468749964,1.0,6.0,1.8,2.356194490192345
corridor_2,4,5.851851851851853,1.5296296296296297,2.094395102393195,0.0071110026041666325,0.008792480468749964,1.0,6.0,1.8,2.356194490192345
corridor_2,4,0.8777777777777779,4.261111111111111,-1.3089969389957472,0.007142469618055526,0.008792480468749964,1.0,6.0,1.8,2.356194490192345
corridor_2,4,2.6333333333333337,4.261111111111111,-1.3089969389957472,0.00714355468749997,0.008792480468749964,1.0,6.0,1.8,2.356194490192345
corridor_2,4,2.340740740740741,4.261111111111111,-0.7853981633974483,0.007146809895833297,0.008792480468749964,1.0,6.0,1.8,2.356194490192345
corridor_2,4,1.0240740740740741,4.37037037037037,-1.3089969389957472,0.007148980034722193,0.008792480468749964,1.0,6.0,1.8,2.356194490192345
corridor_2,4,4.388888888888889,1.8574074074074074,2.617993877991494,0.007161458333333291,0.008792480468749964,1.0,6.0,1.8,2.356194490192345
corridor_2,4,5.120370370370371,1.4203703703703705,1.5707963267948966,0.007176106770833308,0.008792480468749964,1.0,6.0,1.8,2.356194490192345
corridor_2,4,0.8777777777777779,4.479629629629629,-1.3089969389957472,0.007203233506944416,0.008792480468749964,1.0,6.0,1.8,2.356194490192345
corridor_2,4,7.314814814814816,1.9666666666666668,2.356194490192345,0.007219509548611088,0.008792480468749964,1.0,6.0,1.8,2.356194490192345
corridor_2,4,5.851851851851853,3.714814814814815,-0.7853981633974483,0.007225477430555534,0.008792480468749964,1.0,6.0,1.8,2.356194490192345
corridor_2,4,0.1462962962962963,3.9333333333333336,-0.5235987755982991,0.007226562499999972,0.008792480468749964,1.0,6.0,1.8,2.356194490192345
corridor_2,4,7.753703703703705,2.075925925925926,2.617993877991494,0.007230902777777752,0.008792480468749964,1.0,6.0,1.8,2.356194490192345
corridor_2,4,7.314814814814816,1.7481481481481482,2.094395102393195,0.007237413194444415,0.008792480468749964,1.0,6.0,1.8,2.356194490192345
corridor_2,4,4.0962962962962965,1.5296296296296297,2.356194490192345,0.007238498263888851,0.008792480468749964,1.0,6.0,1.8,2.356194490192345
corridor_2,4,5.705555555555557,1.4203703703703705,1.8325957145940457,0.0072390407986110865,0.008792480468749964,1.0,6.0,1.8,2.356194490192345
corridor_2,4,6.144444444444445,2.075925925925926,2.617993877991494,0.007247178819444412,0.008792480468749964,1.0,6.0,1.8,2.356194490192345
corridor_2,4,0.7314814814814816,4.479629629629629,-1.3089969389957472,0.007251519097222196,0.008792480468749964,1.0,6.0,1.8,2.356194490192345
corridor_2,4,4.388888888888889,1.638888888888889,2.356194490192345,0.007255859374999977,0.008792480468749964,1.0,6.0,1.8,2.356194490192345
corridor_2,4,4.0962962962962965,1.638888888888889,2.094395102393195,0.007275390624999965,0.008792480468749964,1.0,6.0,1.8,2.356194490192345
corridor_2,4,1.4629629629629632,4.479629629629629,-1.8325957145940461,0.00727864583333331,0.008792480468749964,1.0,6.0,1.8,2.356194490192345
corridor_2,4,3.0722222222222224,4.479629629629629,-1.5707963267948966,0.007279188368055529,0.008792480468749964,1.0,6.0,1.8,2.356194490192345
corridor_2,4,5.9981481481481485,4.261111111111111,-1.0471975511965979,0.007284071180555526,0.008792480468749964,1.0,6.0,1.8,2.356194490192345
corridor_2,4,7.168518518518519,2.185185185185185,2.356194490192345,0.007297092013888875,0.008792480468749964,1.0,6.0,1.8,2.356194490192345
corridor_2,4,0.5851851851851853,4.479629629629629,-1.0471975511965979,0.00730523003472219,0.008792480468749964,1.0,6.0,1.8,2.356194490192345
corridor_2,4,4.388888888888889,2.2944444444444447,2.617993877991494,0.007312282986111091,0.008792480468749964,1.0,6.0,1.8,2.356194490192345
corridor_2,4,7.168518518518519,1.5296296296296297,1.8325957145940457,0.0073231336805555285,0.008792480468749964,1.0,6.0,1.8,2.356194490192345
corridor_2,4,2.340740740740741,4.37037037037037,-0.7853981633974483,0.007323676215277741,0.008792480468749964,1.0,6.0,1.8,2.356194490192345
corridor_2,4,5.705555555555557,3.8240740740740744,-0.7853981633974483,0.007326931423611087,0.008792480468749964,1.0,6.0,1.8,2.356194490192345
corridor_2,4,1.1703703703703705,4.37037037037037,-1.5707963267948966,0.007330729166666641,0.008792480468749964,1.0,6.0,1.8,2.356194490192345
corridor_2,4,7.168518518518519,1.638888888888889,1.8325957145940457,0.007354058159722195,0.008792480468749964,1.0,6.0,1.8,2.356194490192345
corridor_2,4,7.6074074074074085,2.075925925925926,2.356194490192345,0.00735622829861109,0.008792480468749964,1.0,6.0,1.8,2.356194490192345
corridor_2,4,4.974074074074075,1.5296296296296297,1.5707963267948966,0.007363281249999978,0.008792480468749964,1.0,6.0,1.8,2.356194490192345
corridor_2,4,5.705555555555557,4.042592592592593,-0.7853981633974483,0.007367621527777753,0.008792480468749964,1.0,6.0,1.8,2.356194490192345
corridor_2,4,5.120370370370371,1.638888888888889,1.5707963267948966,0.007375217013888864,0.008792480468749964,1.0,6.0,1.8,2.356194490192345
corridor_2,4,5.705555555555557,1.8574074074074074,2.356194490192345,0.007375217013888869,0.008792480468749964,1.0,6.0,1.8,2.356194490192345
corridor_2,4,5.851851851851853,4.042592592592593,-1.0471975511965979,0.007379557291666641,0.008792480468749964,1.0,6.0,1.8,2.356194490192345
corridor_2,4,5.851851851851853,1.638888888888889,2.356194490192345,0.0073866102430555185,0.008792480468749964,1.0,6.0,1.8,2.356194490192345
corridor_2,4,4.974074074074075,1.638888888888889,1.5707963267948966,0.007386610243055536,0.008792480468749964,1.0,6.0,1.8,2.356194490192345
corridor_2,4,1.0240740740740741,4.261111111111111,-1.3089969389957472,0.007389322916666637,0.008792480468749964,1.0,6.0,1.8,2.356194490192345
corridor_2,4,7.168518518518519,1.4203703703703705,1.8325957145940457,0.0073947482638888635,0.008792480468749964,1.0,6.0,1.8,2.356194490192345
corridor_2,4,7.022222222222223,1.5296296296296297,1.8325957145940457,0.007395833333333306,0.008792480468749964,1.0,6.0,1.8,2.356194490192345
corridor_2,4,4.242592592592593,4.151851851851852,-0.7853981633974483,0.0074028862847221955,0.008792480468749964,1.0,6.0,1.8,2.356194490192345
corridor_2,4,7.461111111111112,2.2944444444444447,2.617993877991494,0.007403428819444425,0.008792480468749964,1.0,6.0,1.8,2.356194490192345
corridor_2,4,3.218518518518519,1.4203703703703705,1.5707963267948966,0.0074072265624999765,0.008792480468749964,1.0,6.0,1.8,2.356194490192345
corridor_2,4,1.6092592592592594,4.479629629629629,-1.8325957145940461,0.00740939670138887,0.008792480468749964,1.0,6.0,1.8,2.356194490192345
corridor_2,4,3.9500000000000006,3.714814814814815,-0.5235987755982991,0.0074224175347222116,0.008792480468749964,1.0,6.0,1.8,2.356194490192345
corridor_2,4,3.8037037037037043,4.151851851851852,-0.5235987755982991,0.007430013020833293,0.008792480468749964,1.0,6.0,1.8,2.356194490192345
corridor_2,4,6.875925925925927,1.5296296296296297,1.5707963267948966,0.007432183159722198,0.008792480468749964,1.0,6.0,1.8,2.356194490192345
corridor_2,4,2.4870370370370374,4.37037037037037,-1.3089969389957472,0.0074381510416666385,0.008792480468749964,1.0,6.0,1.8,2.356194490192345
corridor_2,4,4.242592592592593,1.5296296296296297,2.356194490192345,0.007441948784722186,0.008792480468749964,1.0,6.0,1.8,2.356194490192345
corridor_2,4,0.2925925925925926,4.261111111111111,-0.7853981633974483,0.007456054687499973,0.008792480468749964,1.0,6.0,1.8,2.356194490192345
corridor_2,4,4.974074074074075,4.479629629629629,-1.5707963267948966,0.007460937499999973,0.008792480468749964,1.0,6.0,1.8,2.356194490192345
corridor_2,4,4.974074074074075,1.4203703703703705,1.5707963267948966,0.007460937499999979,0.008792480468749964,1.0,6.0,1.8,2.356194490192345
corridor_2,4,5.55925925925926,1.638888888888889,1.8325957145940457,0.007472873263888856,0.008792480468749964,1.0,6.0,1.8,2.356194490192345
corridor_2,4,5.55925925925926,1.8574074074074074,1.8325957145940457,0.007481553819444411,0.008792480468749964,1.0,6.0,1.8,2.356194490192345
corridor_2,4,1.9018518518518521,1.5296296296296297,1.8325957145940457,0.007481553819444419,0.008792480468749964,1.0,6.0,1.8,2.356194490192345
corridor_2,4,5.9981481481481485,1.5296296296296297,2.356194490192345,0.007504882812499962,0.008792480468749964,1.0,6.0,1.8,2.356194490192345
corridor_2,4,0.43888888888888894,3.8240740740740744,-0.5235987755982991,0.0075151909722221966,0.008792480468749964,1.0,6.0,1.8,2.356194490192345
corridor_2,4,7.753703703703705,1.8574074074074074,2.356194490192345,0.0075151909722222104,0.008792480468749964,1.0,6.0,1.8,2.356194490192345
corridor_2,4,5.120370370370371,1.5296296296296297,1.5707963267948966,0.007516818576388862,0.008792480468749964,1.0,6.0,1.8,2.356194490192345
corridor_2,4,1.0240740740740741,4.042592592592593,-1.0471975511965979,0.007522243923611088,0.008792480468749964,1.0,6.0,1.8,2.356194490192345
corridor_2,4,2.9259259259259265,4.151851851851852,-1.3089969389957472,0.00752821180555553,0.008792480468749964,1.0,6.0,1.8,2.356194490192345
corridor_2,4,5.851851851851853,4.261111111111111,-0.7853981633974483,0.007535264756944413,0.008792480468749964,1.0,6.0,1.8,2.356194490192345
corridor_2,4,0.8777777777777779,4.261111111111111,-1.0471975511965979,0.007540147569444415,0.008792480468749964,1.0,6.0,1.8,2.356194490192345
corridor_2,4,0.8777777777777779,3.9333333333333336,-0.7853981633974483,0.007541232638888877,0.008792480468749964,1.0,6.0,1.8,2.356194490192345
corridor_2,4,2.6333333333333337,4.479629629629629,-1.0471975511965979,0.007542860243055526,0.008792480468749964,1.0,6.0,1.8,2.356194490192345
corridor_2,4,6.583333333333334,4.261111111111111,-1.5707963267948966,0.007548285590277759,0.008792480468749964,1.0,6.0,1.8,2.356194490192345
corridor_2,4,4.827777777777778,4.37037037037037,-1.5707963267948966,0.007554253472222192,0.008792480468749964,1.0,6.0,1.8,2.356194490192345
corridor_2,4,3.218518518518519,4.479629629629629,-1.5707963267948966,0.007555338541666645,0.008792480468749964,1.0,6.0,1.8,2.356194490192345
corridor_2,4,5.9981481481481485,3.8240740740740744,-1.3089969389957472,0.007562391493055527,0.008792480468749964,1.0,6.0,1.8,2.356194490192345
corridor_2,4,5.120370370370371,1.7481481481481482,1.5707963267948966,0.007563476562499973,0.008792480468749964,1.0,6.0,1.8,2.356194490192345
corridor_2,4,3.364814814814815,1.5296296296296297,1.5707963267948966,0.007572157118055526,0.008792480468749964,1.0,6.0,1.8,2.356194490192345
corridor_2,4,5.705555555555557,3.9333333333333336,-0.7853981633974483,0.007572699652777754,0.008792480468749964,1.0,6.0,1.8,2.356194490192345
corridor_2,4,5.9981481481481485,1.4203703703703705,2.094395102393195,0.007584092881944421,0.008792480468749964,1.0,6.0,1.8,2.356194490192345
corridor_2,4,3.5111111111111115,3.714814814814815,-2.6179938779914944,0.007596571180555531,0.008792480468749964,1.0,6.0,1.8,2.356194490192345
corridor_2,4,1.1703703703703705,4.261111111111111,-1.5707963267948966,0.007598198784722195,0.008792480468749964,1.0,6.0,1.8,2.356194490192345
corridor_2,4,1.1703703703703705,4.151851851851852,-1.3089969389957472,0.007598198784722201,0.008792480468749964,1.0,6.0,1.8,2.356194490192345
corridor_2,4,3.218518518518519,4.37037037037037,-1.5707963267948966,0.007607421874999977,0.008792480468749964,1.0,6.0,1.8,2.356194490192345
corridor_2,4,7.022222222222223,1.638888888888889,1.8325957145940457,0.007612847222222195,0.008792480468749964,1.0,6.0,1.8,2.356194490192345
corridor_2,4,6.290740740740741,3.9333333333333336,-1.0471975511965979,0.007626410590277757,0.008792480468749964,1.0,6.0,1.8,2.356194490192345
corridor_2,4,5.2666666666666675,1.4203703703703705,1.8325957145940457,0.007635633680555528,0.008792480468749964,1.0,6.0,1.8,2.356194490192345
corridor_2,4,3.0722222222222224,4.37037037037037,-1.5707963267948966,0.007638346354166639,0.008792480468749964,1.0,6.0,1.8,2.356194490192345
corridor_2,4,1.7555555555555558,1.4203703703703705,1.5707963267948966,0.007639973958333312,0.008792480468749964,1.0,6.0,1.8,2.356194490192345
corridor_2,4,4.242592592592593,4.042592592592593,-1.0471975511965979,0.007645399305555519,0.008792480468749964,1.0,6.0,1.8,2.356194490192345
corridor_2,4,2.0481481481481483,3.9333333333333336,-0.5235987755982991,0.007656792534722182,0.008792480468749964,1.0,6.0,1.8,2.356194490192345
corridor_2,4,3.364814814814815,1.4203703703703705,1.5707963267948966,0.007664388020833305,0.008792480468749964,1.0,6.0,1.8,2.356194490192345
corridor_2,4,5.55925925925926,1.4203703703703705,2.094395102393195,0.007672526041666637,0.008792480468749964,1.0,6.0,1.8,2.356194490192345
corridor_2,4,5.2666666666666675,1.4203703703703705,1.5707963267948966,0.0076768663194444154,0.008792480468749964,1.0,6.0,1.8,2.356194490192345
corridor_2,4,5.2666666666666675,4.042592592592593,-2.356194490192345,0.007684461805555524,0.008792480468749964,1.0,6.0,1.8,2.356194490192345
corridor_2,4,2.4870370370370374,1.638888888888889,2.356194490192345,0.007698567708333302,0.008792480468749964,1.0,6.0,1.8,2.356194490192345
corridor_2,4,4.0962962962962965,1.7481481481481482,2.094395102393195,0.007702907986111075,0.008792480468749964,1.0,6.0,1.8,2.356194490192345
corridor_2,4,7.6074074074074085,2.185185185185185,2.617993877991494,0.007705620659722196,0.008792480468749964,1.0,6.0,1.8,2.356194490192345
corridor_2,4,3.9500000000000006,1.5296296296296297,1.8325957145940457,0.00772189670138886,0.008792480468749964,1.0,6.0,1.8,2.356194490192345
corridor_2,4,3.5111111111111115,3.6055555555555556,-2.6179938779914944,0.007732747395833312,0.008792480468749964,1.0,6.0,1.8,2.356194490192345
corridor_2,4,6.72962962962963,1.638888888888889,1.5707963267948966,0.0077408854166666485,0.008792480468749964,1.0,6.0,1.8,2.356194490192345
corridor_2,4,5.2666666666666675,1.7481481481481482,1.5707963267948966,0.007741970486111081,0.008792480468749964,1.0,6.0,1.8,2.356194490192345
corridor_2,4,2.9259259259259265,4.479629629629629,-1.3089969389957472,0.007742513020833304,0.008792480468749964,1.0,6.0,1.8,2.356194490192345
corridor_2,4,3.364814814814815,4.151851851851852,-2.356194490192345,0.007745768229166638,0.008792480468749964,1.0,6.0,1.8,2.356194490192345
corridor_2,4,1.6092592592592594,4.37037037037037,-1.8325957145940461,0.007752821180555536,0.008792480468749964,1.0,6.0,1.8,2.356194490192345
corridor_2,4,1.7555555555555558,1.5296296296296297,1.5707963267948966,0.007762044270833308,0.008792480468749964,1.0,6.0,1.8,2.356194490192345
corridor_2,4,2.4870370370370374,4.151851851851852,-1.0471975511965979,0.007776150173611073,0.008792480468749964,1.0,6.0,1.8,2.356194490192345
corridor_2,4,1.0240740740740741,4.479629629629629,-1.5707963267948966,0.007777235243055526,0.008792480468749964,1.0,6.0,1.8,2.356194490192345
corridor_2,4,1.3166666666666669,4.261111111111111,-1.5707963267948966,0.007778320312499976,0.008792480468749964,1.0,6.0,1.8,2.356194490192345
corridor_2,4,3.364814814814815,1.638888888888889,1.5707963267948966,0.007779405381944413,0.008792480468749964,1.0,6.0,1.8,2.356194490192345
corridor_2,4,4.0962962962962965,4.37037037037037,-1.0471975511965979,0.007779947916666631,0.008792480468749964,1.0,6.0,1.8,2.356194490192345
corridor_2,4,2.340740740740741,1.5296296296296297,2.094395102393195,0.00778808593749997,0.008792480468749964,1.0,6.0,1.8,2.356194490192345
corridor_2,4,0.8777777777777779,4.151851851851852,-1.3089969389957472,0.00779296874999997,0.008792480468749964,1.0,6.0,1.8,2.356194490192345
corridor_2,4,4.827777777777778,4.479629629629629,-1.5707963267948966,0.007796223958333302,0.008792480468749964,1.0,6.0,1.8,2.356194490192345
corridor_2,4,5.705555555555557,1.5296296296296297,1.8325957145940457,0.0077989366319444154,0.008792480468749964,1.0,6.0,1.8,2.356194490192345
corridor_2,4,7.022222222222223,1.4203703703703705,1.5707963267948966,0.007802191840277754,0.008792480468749964,1.0,6.0,1.8,2.356194490192345
corridor_2,4,1.7555555555555558,1.7481481481481482,1.8325957145940457,0.007804361979166648,0.008792480468749964,1.0,6.0,1.8,2.356194490192345
corridor_2,4,4.827777777777778,4.261111111111111,-1.5707963267948966,0.007811957465277747,0.008792480468749964,1.0,6.0,1.8,2.356194490192345
corridor_2,4,3.364814814814815,4.042592592592593,-2.356194490192345,0.00781412760416664,0.008792480468749964,1.0,6.0,1.8,2.356194490192345
corridor_2,4,2.4870370370370374,2.185185185185185,2.094395102393195,0.007824435763888863,0.008792480468749964,1.0,6.0,1.8,2.356194490192345
corridor_2,4,7.6074074074074085,1.7481481481481482,2.356194490192345,0.007834743923611082,0.008792480468749964,1.0,6.0,1.8,2.356194490192345
corridor_2,4,4.0962962962962965,1.4203703703703705,2.356194490192345,0.007840711805555524,0.008792480468749964,1.0,6.0,1.8,2.356194490192345
corridor_2,4,0.8777777777777779,2.185185185185185,1.8325957145940457,0.007843967013888854,0.008792480468749964,1.0,6.0,1.8,2.356194490192345
corridor_2,4,5.851851851851853,1.8574074074074074,2.094395102393195,0.007847222222222179,0.008792480468749964,1.0,6.0,1.8,2.356194490192345
corridor_2,4,4.827777777777778,1.7481481481481482,0.7853981633974478,0.007849934895833304,0.008792480468749964,1.0,6.0,1.8,2.356194490192345
corridor_2,4,4.0962962962962965,1.638888888888889,2.356194490192345,0.007855360243055515,0.008792480468749964,1.0,6.0,1.8,2.356194490192345
corridor_2,4,5.705555555555557,3.714814814814815,-0.7853981633974483,0.007857530381944419,0.008792480468749964,1.0,6.0,1.8,2.356194490192345
corridor_2,4,3.8037037037037043,4.37037037037037,-0.7853981633974483,0.007857530381944422,0.008792480468749964,1.0,6.0,1.8,2.356194490192345
corridor_2,4,5.2666666666666675,1.638888888888889,1.5707963267948966,0.007862413194444414,0.008792480468749964,1.0,6.0,1.8,2.356194490192345
corridor_2,4,4.242592592592593,2.075925925925926,2.356194490192345,0.007866753472222189,0.008792480468749964,1.0,6.0,1.8,2.356194490192345
corridor_2,4,4.388888888888889,1.5296296296296297,2.356194490192345,0.007871093749999978,0.008792480468749964,1.0,6.0,1.8,2.356194490192345
corridor_2,4,0.7314814814814816,4.479629629629629,-1.0471975511965979,0.007880316840277743,0.008792480468749964,1.0,6.0,1.8,2.356194490192345
corridor_2,4,2.6333333333333337,4.042592592592593,-1.3089969389957472,0.00788519965277774,0.008792480468749964,1.0,6.0,1.8,2.356194490192345
corridor_2,4,1.7555555555555558,1.638888888888889,1.5707963267948966,0.007886284722222196,0.008792480468749964,1.0,6.0,1.8,2.356194490192345
corridor_2,4,2.6333333333333337,1.9666666666666668,2.617993877991494,0.0078889973958333,0.008792480468749964,1.0,6.0,1.8,2.356194490192345
corridor_2,4,2.0481481481481483,4.151851851851852,-0.5235987755982991,0.007889539930555512,0.008792480468749964,1.0,6.0,1.8,2.356194490192345
corridor_2,4,5.705555555555557,1.9666666666666668,2.356194490192345,0.007892252604166655,0.008792480468749964,1.0,6.0,1.8,2.356194490192345
corridor_2,4,2.1944444444444446,1.7481481481481482,1.8325957145940457,0.007893880208333303,0.008792480468749964,1.0,6.0,1.8,2.356194490192345
corridor_2,4,7.168518518518519,1.7481481481481482,1.8325957145940457,0.007897677951388862,0.008792480468749964,1.0,6.0,1.8,2.356194490192345
corridor_2,4,6.437037037037038,4.151851851851852,-1.3089969389957472,0.007902560763888865,0.008792480468749964,1.0,6.0,1.8,2.356194490192345
corridor_2,4,7.022222222222223,1.7481481481481482,1.8325957145940457,0.007910698784722194,0.008792480468749964,1.0,6.0,1.8,2.356194490192345
corridor_2,4,0.7314814814814816,2.2944444444444447,1.5707963267948966,0.007916124131944417,0.008792480468749964,1.0,6.0,1.8,2.356194490192345
corridor_2,4,4.0962962962962965,4.479629629629629,-0.7853981633974483,0.007919379340277742,0.008792480468749964,1.0,6.0,1.8,2.356194490192345
corridor_2,4,2.1944444444444446,1.9666666666666668,1.8325957145940457,0.007924804687499966,0.008792480468749964,1.0,6.0,1.8,2.356194490192345
corridor_2,4,1.4629629629629632,4.261111111111111,-1.5707963267948966,0.007928059895833315,0.008792480468749964,1.0,6.0,1.8,2.356194490192345
corridor_2,4,4.827777777777778,4.479629629629629,-1.3089969389957472,0.007930772569444418,0.008792480468749964,1.0,6.0,1.8,2.356194490192345
corridor_2,4,2.4870370370370374,4.479629629629629,-1.3089969389957472,0.007932942708333305,0.008792480468749964,1.0,6.0,1.8,2.356194490192345
corridor_2,4,1.4629629629629632,4.261111111111111,-1.8325957145940461,0.007935655381944419,0.008792480468749964,1.0,6.0,1.8,2.356194490192345
corridor_2,4,3.218518518518519,4.261111111111111,-1.5707963267948966,0.007939453124999976,0.008792480468749964,1.0,6.0,1.8,2.356194490192345
corridor_2,4,4.827777777777778,1.8574074074074074,0.7853981633974478,0.007942165798611083,0.008792480468749964,1.0,6.0,1.8,2.356194490192345
corridor_2,4,0.7314814814814816,4.261111111111111,-1.3089969389957472,0.007945421006944413,0.008792480468749964,1.0,6.0,1.8,2.356194490192345
corridor_2,4,3.657407407407408,1.638888888888889,2.094395102393195,0.007948676215277749,0.008792480468749964,1.0,6.0,1.8,2.356194490192345
corridor_2,4,4.242592592592593,2.185185185185185,2.617993877991494,0.007949761284722209,0.008792480468749964,1.0,6.0,1.8,2.356194490192345
corridor_2,4,4.974074074074075,4.151851851851852,-1.5707963267948966,0.007954101562499974,0.008792480468749964,1.0,6.0,1.8,2.356194490192345
corridor_2,4,2.340740740740741,4.37037037037037,-1.0471975511965979,0.007955729166666628,0.008792480468749964,1.0,6.0,1.8,2.356194490192345
corridor_2,4,1.0240740740740741,4.151851851851852,-1.3089969389957472,0.00796603732638886,0.008792480468749964,1.0,6.0,1.8,2.356194490192345
corridor_2,4,5.851851851851853,4.261111111111111,-1.0471975511965979,0.007971462673611082,0.008792480468749964,1.0,6.0,1.8,2.356194490192345
corridor_2,4,1.6092592592592594,1.638888888888889,1.5707963267948966,0.007976888020833312,0.008792480468749964,1.0,6.0,1.8,2.356194490192345
corridor_2,4,3.364814814814815,3.9333333333333336,-2.356194490192345,0.007983940972222194,0.008792480468749964,1.0,6.0,1.8,2.356194490192345
corridor_2,4,4.974074074074075,4.37037037037037,-1.5707963267948966,0.007995334201388858,0.008792480468749964,1.0,6.0,1.8,2.356194490192345
corridor_2,4,6.583333333333334,4.151851851851852,-1.5707963267948966,0.007999674479166644,0.008792480468749964,1.0,6.0,1.8,2.356194490192345
corridor_2,4,2.9259259259259265,1.8574074074074074,0.7853981633974478,0.008000217013888863,0.008792480468749964,1.0,6.0,1.8,2.356194490192345
corridor_2,4,5.2666666666666675,1.5296296296296297,1.5707963267948966,0.008001844618055524,0.008792480468749964,1.0,6.0,1.8,2.356194490192345
corridor_2,4,3.8037037037037043,4.261111111111111,-0.5235987755982991,0.008002387152777736,0.008792480468749964,1.0,6.0,1.8,2.356194490192345
corridor_2,4,3.0722222222222224,1.8574074074074074,0.7853981633974478,0.008004014756944414,0.008792480468749964,1.0,6.0,1.8,2.356194490192345
corridor_2,4,4.388888888888889,4.261111111111111,-1.3089969389957472,0.00800726996527774,0.008792480468749964,1.0,6.0,1.8,2.356194490192345
corridor_2,4,7.022222222222223,1.5296296296296297,1.5707963267948966,0.008007269965277751,0.008792480468749964,1.0,6.0,1.8,2.356194490192345
corridor_2,4,6.875925925925927,1.638888888888889,1.5707963267948966,0.008007812499999975,0.008792480468749964,1.0,6.0,1.8,2.356194490192345
corridor_2,4,3.364814814814815,1.5296296296296297,1.8325957145940457,0.008011610243055531,0.008792480468749964,1.0,6.0,1.8,2.356194490192345
corridor_2,4,4.974074074074075,1.7481481481481482,1.5707963267948966,0.008014865451388867,0.008792480468749964,1.0,6.0,1.8,2.356194490192345
corridor_2,4,2.340740740740741,4.042592592592593,-1.0471975511965979,0.008019748263888845,0.008792480468749964,1.0,6.0,1.8,2.356194490192345
corridor_2,4,3.5111111111111115,1.7481481481481482,1.8325957145940457,0.008019748263888862,0.008792480468749964,1.0,6.0,1.8,2.356194490192345
corridor_2,4,0.1462962962962963,4.151851851851852,-0.7853981633974483,0.008035481770833318,0.008792480468749964,1.0,6.0,1.8,2.356194490192345
corridor_2,4,7.314814814814816,1.4203703703703705,1.8325957145940457,0.008043077256944416,0.008792480468749964,1.0,6.0,1.8,2.356194490192345
corridor_2,4,5.120370370370371,1.5296296296296297,1.8325957145940457,0.008043077256944422,0.008792480468749964,1.0,6.0,1.8,2.356194490192345
corridor_2,4,0.2925925925925926,4.37037037037037,-0.7853981633974483,0.008045247395833307,0.008792480468749964,1.0,6.0,1.8,2.356194490192345
corridor_2,4,3.0722222222222224,4.261111111111111,-1.5707963267948966,0.00804958767361108,0.008792480468749964,1.0,6.0,1.8,2.356194490192345
corridor_2,4,4.974074074074075,1.638888888888889,1.3089969389957465,0.008055013020833304,0.008792480468749964,1.0,6.0,1.8,2.356194490192345
corridor_2,4,2.340740740740741,4.479629629629629,-0.7853981633974483,0.008056640624999967,0.008792480468749964,1.0,6.0,1.8,2.356194490192345
corridor_2,4,0.8777777777777779,4.37037037037037,-1.0471975511965979,0.00806749131944441,0.008792480468749964,1.0,6.0,1.8,2.356194490192345
corridor_2,4,4.535185185185186,4.479629629629629,-1.0471975511965979,0.008087022569444414,0.008792480468749964,1.0,6.0,1.8,2.356194490192345
corridor_2,4,4.974074074074075,4.261111111111111,-1.5707963267948966,0.008087565104166635,0.008792480468749964,1.0,6.0,1.8,2.356194490192345
corridor_2,4,3.5111111111111115,1.638888888888889,1.5707963267948966,0.00808865017361108,0.008792480468749964,1.0,6.0,1.8,2.356194490192345
corridor_2,4,4.535185185185186,4.042592592592593,-1.0471975511965979,0.008091362847222195,0.008792480468749964,1.0,6.0,1.8,2.356194490192345
corridor_2,4,4.0962962962962965,4.042592592592593,-1.0471975511965979,0.008091905381944405,0.008792480468749964,1.0,6.0,1.8,2.356194490192345
corridor_2,4,1.0240740740740741,4.37037037037037,-1.5707963267948966,0.00809353298611108,0.008792480468749964,1.0,6.0,1.8,2.356194490192345
corridor_2,4,2.9259259259259265,1.7481481481481482,0.7853981633974478,0.008103298611111084,0.008792480468749964,1.0,6.0,1.8,2.356194490192345
corridor_2,4,6.583333333333334,1.4203703703703705,1.3089969389957465,0.008111436631944424,0.008792480468749964,1.0,6.0,1.8,2.356194490192345
corridor_2,4,5.851851851851853,4.151851851851852,-1.0471975511965979,0.008130425347222194,0.008792480468749964,1.0,6.0,1.8,2.356194490192345
corridor_2,4,4.388888888888889,1.7481481481481482,2.617993877991494,0.008138563368055511,0.008792480468749964,1.0,6.0,1.8,2.356194490192345
corridor_2,4,2.1944444444444446,1.638888888888889,1.8325957145940457,0.008140733506944414,0.008792480468749964,1.0,6.0,1.8,2.356194490192345
corridor_2,4,3.9500000000000006,1.8574074074074074,2.356194490192345,0.008150499131944421,0.008792480468749964,1.0,6.0,1.8,2.356194490192345
corridor_2,4,3.364814814814815,4.37037037037037,-1.8325957145940461,0.00816297743055553,0.008792480468749964,1.0,6.0,1.8,2.356194490192345
corridor_2,4,4.681481481481482,2.075925925925926,0.5235987755982987,0.008163519965277751,0.008792480468749964,1.0,6.0,1.8,2.356194490192345
corridor_2,4,4.388888888888889,4.151851851851852,-1.3089969389957472,0.008165147569444411,0.008792480468749964,1.0,6.0,1.8,2.356194490192345
corridor_2,4,7.168518518518519,3.4962962962962965,-1.5707963267948966,0.008167860243055528,0.008792480468749964,1.0,6.0,1.8,2.356194490192345
corridor_2,4,4.827777777777778,4.151851851851852,-1.5707963267948966,0.008172200520833303,0.008792480468749964,1.0,6.0,1.8,2.356194490192345
corridor_2,4,2.4870370370370374,1.9666666666666668,2.094395102393195,0.008185763888888864,0.008792480468749964,1.0,6.0,1.8,2.356194490192345
corridor_2,4,5.2666666666666675,1.8574074074074074,1.8325957145940457,0.00818684895833331,0.008792480468749964,1.0,6.0,1.8,2.356194490192345
corridor_2,4,5.120370370370371,4.37037037037037,-1.5707963267948966,0.00818739149305553,0.008792480468749964,1.0,6.0,1.8,2.356194490192345
corridor_2,4,0.8777777777777779,2.185185185185185,1.5707963267948966,0.008189019097222201,0.008792480468749964,1.0,6.0,1.8,2.356194490192345
corridor_2,4,3.218518518518519,4.261111111111111,-1.8325957145940461,0.00819064670138886,0.008792480468749964,1.0,6.0,1.8,2.356194490192345
corridor_2,4,5.120370370370371,4.479629629629629,-1.5707963267948966,0.008197157118055527,0.008792480468749964,1.0,6.0,1.8,2.356194490192345
corridor_2,4,5.705555555555557,3.9333333333333336,-0.5235987755982991,0.00821723090277774,0.008792480468749964,1.0,6.0,1.8,2.356194490192345
corridor_2,4,2.6333333333333337,4.151851851851852,-1.0471975511965979,0.008218315972222189,0.008792480468749964,1.0,6.0,1.8,2.356194490192345
corridor_2,4,5.2666666666666675,1.8574074074074074,1.5707963267948966,0.00822536892361108,0.008792480468749964,1.0,6.0,1.8,2.356194490192345
corridor_2,4,2.0481481481481483,4.042592592592593,-0.5235987755982991,0.0082286241319444,0.008792480468749964,1.0,6.0,1.8,2.356194490192345
corridor_2,4,0.7314814814814816,2.185185185185185,1.5707963267948966,0.00822862413194442,0.008792480468749964,1.0,6.0,1.8,2.356194490192345
corridor_2,4,7.314814814814816,1.5296296296296297,1.8325957145940457,0.008232964409722193,0.008792480468749964,1.0,6.0,1.8,2.356194490192345
corridor_2,4,1.0240740740740741,4.261111111111111,-1.5707963267948966,0.008234049479166637,0.008792480468749964,1.0,6.0,1.8,2.356194490192345
corridor_2,4,4.681481481481482,4.151851851851852,-1.5707963267948966,0.008235677083333299,0.008792480468749964,1.0,6.0,1.8,2.356194490192345
corridor_2,4,2.1944444444444446,1.5296296296296297,1.8325957145940457,0.008242187499999972,0.008792480468749964,1.0,6.0,1.8,2.356194490192345
corridor_2,4,5.2666666666666675,4.151851851851852,-2.356194490192345,0.008245442708333299,0.008792480468749964,1.0,6.0,1.8,2.356194490192345
corridor_2,4,5.120370370370371,4.261111111111111,-1.5707963267948966,0.008245442708333307,0.008792480468749964,1.0,6.0,1.8,2.356194490192345
corridor_2,4,6.144444444444445,1.638888888888889,2.617993877991494,0.00825249565972218,0.008792480468749964,1.0,6.0,1.8,2.356194490192345
corridor_2,4,5.705555555555557,3.8240740740740744,-0.5235987755982991,0.008256293402777743,0.008792480468749964,1.0,6.0,1.8,2.356194490192345
corridor_2,4,2.6333333333333337,2.403703703703704,2.356194490192345,0.008257378472222193,0.008792480468749964,1.0,6.0,1.8,2.356194490192345
corridor_2,4,3.9500000000000006,1.4203703703703705,1.8325957145940457,0.008261718749999971,0.008792480468749964,1.0,6.0,1.8,2.356194490192345
corridor_2,4,1.6092592592592594,4.261111111111111,-1.8325957145940461,0.00827094184027776,0.008792480468749964,1.0,6.0,1.8,2.356194490192345
corridor_2,4,1.4629629629629632,4.151851851851852,-1.8325957145940461,0.008271484374999978,0.008792480468749964,1.0,6.0,1.8,2.356194490192345
corridor_2,4,3.218518518518519,1.5296296296296297,1.5707963267948966,0.008274197048611081,0.008792480468749964,1.0,6.0,1.8,2.356194490192345
corridor_2,4,3.364814814814815,1.7481481481481482,1.5707963267948966,0.008279622395833304,0.008792480468749964,1.0,6.0,1.8,2.356194490192345
corridor_2,4,0.7314814814814816,4.151851851851852,-1.0471975511965979,0.008288845486111073,0.008792480468749964,1.0,6.0,1.8,2.356194490192345
corridor_2,4,1.1703703703703705,4.042592592592593,-1.3089969389957472,0.008289388020833309,0.008792480468749964,1.0,6.0,1.8,2.356194490192345
corridor_2,4,0.2925925925925926,4.042592592592593,-0.7853981633974483,0.008291558159722191,0.008792480468749964,1.0,6.0,1.8,2.356194490192345
corridor_2,4,0.5851851851851853,4.37037037037037,-0.7853981633974483,0.008294813368055522,0.008792480468749964,1.0,6.0,1.8,2.356194490192345
corridor_2,4,1.4629629629629632,4.37037037037037,-2.0943951023931957,0.008296440972222187,0.008792480468749964,1.0,6.0,1.8,2.356194490192345
corridor_2,4,4.0962962962962965,3.8240740740740744,-0.7853981633974483,0.008296440972222199,0.008792480468749964,1.0,6.0,1.8,2.356194490192345
corridor_2,4,2.9259259259259265,4.479629629629629,-1.5707963267948966,0.008296983506944411,0.008792480468749964,1.0,6.0,1.8,2.356194490192345
corridor_2,4,4.827777777777778,1.5296296296296297,1.3089969389957465,0.008304036458333308,0.008792480468749964,1.0,6.0,1.8,2.356194490192345
corridor_2,4,3.5111111111111115,1.5296296296296297,1.5707963267948966,0.008305121527777744,0.008792480468749964,1.0,6.0,1.8,2.356194490192345
corridor_2,4,0.7314814814814816,2.075925925925926,1.5707963267948966,0.008313259548611084,0.008792480468749964,1.0,6.0,1.8,2.356194490192345
corridor_2,4,6.144444444444445,3.8240740740740744,-1.3089969389957472,0.0083138020833333,0.008792480468749964,1.0,6.0,1.8,2.356194490192345
corridor_2,4,2.0481481481481483,4.261111111111111,-0.5235987755982991,0.008318142361111067,0.008792480468749964,1.0,6.0,1.8,2.356194490192345
corridor_2,4,5.705555555555557,4.042592592592593,-0.5235987755982991,0.008333875868055516,0.008792480468749964,1.0,6.0,1.8,2.356194490192345
corridor_2,4,4.681481481481482,4.37037037037037,-1.5707963267948966,0.008334418402777743,0.008792480468749964,1.0,6.0,1.8,2.356194490192345
corridor_2,4,7.022222222222223,1.638888888888889,1.5707963267948966,0.008336046006944419,0.008792480468749964,1.0,6.0,1.8,2.356194490192345
corridor_2,4,6.144444444444445,1.8574074074074074,2.617993877991494,0.008340386284722178,0.008792480468749964,1.0,6.0,1.8,2.356194490192345
corridor_2,4,3.218518518518519,1.7481481481481482,1.5707963267948966,0.008340386284722195,0.008792480468749964,1.0,6.0,1.8,2.356194490192345
corridor_2,4,7.461111111111112,1.5296296296296297,2.094395102393195,0.008341471354166637,0.008792480468749964,1.0,6.0,1.8,2.356194490192345
corridor_2,4,0.1462962962962963,4.261111111111111,-0.7853981633974483,0.008344184027777762,0.008792480468749964,1.0,6.0,1.8,2.356194490192345
corridor_2,4,3.8037037037037043,4.042592592592593,-0.7853981633974483,0.008346354166666639,0.008792480468749964,1.0,6.0,1.8,2.356194490192345
corridor_2,4,2.4870370370370374,2.075925925925926,2.094395102393195,0.00835123697916664,0.008792480468749964,1.0,6.0,1.8,2.356194490192345
corridor_2,4,4.0962962962962965,1.5296296296296297,2.094395102393195,0.008351779513888848,0.008792480468749964,1.0,6.0,1.8,2.356194490192345
corridor_2,4,1.0240740740740741,2.403703703703704,1.5707963267948966,0.008355034722222194,0.008792480468749964,1.0,6.0,1.8,2.356194490192345
corridor_2,4,6.72962962962963,1.5296296296296297,1.3089969389957465,0.008359917534722197,0.008792480468749964,1.0,6.0,1.8,2.356194490192345
corridor_2,4,5.9981481481481485,4.37037037037037,-1.0471975511965979,0.0083626302083333,0.008792480468749964,1.0,6.0,1.8,2.356194490192345
corridor_2,4,4.827777777777778,1.638888888888889,0.7853981633974478,0.008362630208333301,0.008792480468749964,1.0,6.0,1.8,2.356194490192345
corridor_2,4,3.218518518518519,1.638888888888889,1.5707963267948966,0.00836642795138886,0.008792480468749964,1.0,6.0,1.8,2.356194490192345
corridor_2,4,5.9981481481481485,3.8240740740740744,-0.7853981633974483,0.008366427951388863,0.008792480468749964,1.0,6.0,1.8,2.356194490192345
corridor_2,4,2.1944444444444446,1.4203703703703705,1.8325957145940457,0.008379448784722196,0.008792480468749964,1.0,6.0,1.8,2.356194490192345
corridor_2,4,1.0240740740740741,3.8240740740740744,-0.7853981633974483,0.008384874131944439,0.008792480468749964,1.0,6.0,1.8,2.356194490192345
corridor_2,4,2.4870370370370374,3.9333333333333336,-0.7853981633974483,0.008393012152777763,0.008792480468749964,1.0,6.0,1.8,2.356194490192345
corridor_2,4,5.2666666666666675,4.261111111111111,-2.356194490192345,0.008396267361111077,0.008792480468749964,1.0,6.0,1.8,2.356194490192345
corridor_2,4,3.0722222222222224,4.151851851851852,-1.5707963267948966,0.00839898003472219,0.008792480468749964,1.0,6.0,1.8,2.356194490192345
corridor_2,4,0.5851851851851853,3.6055555555555556,-0.5235987755982991,0.008400065104166651,0.008792480468749964,1.0,6.0,1.8,2.356194490192345
corridor_2,4,5.9981481481481485,3.9333333333333336,-1.3089969389957472,0.008407118055555529,0.008792480468749964,1.0,6.0,1.8,2.356194490192345
corridor_2,4,3.5111111111111115,4.151851851851852,-2.356194490192345,0.008412000868055528,0.008792480468749964,1.0,6.0,1.8,2.356194490192345
corridor_2,4,6.144444444444445,4.479629629629629,-1.3089969389957472,0.008416341145833305,0.008792480468749964,1.0,6.0,1.8,2.356194490192345
corridor_2,4,4.388888888888889,1.638888888888889,2.617993877991494,0.008416883680555513,0.008792480468749964,1.0,6.0,1.8,2.356194490192345
corridor_2,4,1.1703703703703705,4.151851851851852,-1.5707963267948966,0.008425021701388861,0.008792480468749964,1.0,6.0,1.8,2.356194490192345
corridor_2,4,3.9500000000000006,1.7481481481481482,2.356194490192345,0.00842773437499997,0.008792480468749964,1.0,6.0,1.8,2.356194490192345
corridor_2,4,6.72962962962963,1.7481481481481482,1.5707963267948966,0.008432617187499979,0.008792480468749964,1.0,6.0,1.8,2.356194490192345
corridor_2,4,4.974074074074075,1.8574074074074074,1.5707963267948966,0.008438585069444421,0.008792480468749964,1.0,6.0,1.8,2.356194490192345
corridor_2,4,0.5851851851851853,4.261111111111111,-0.7853981633974483,0.008439670138888848,0.008792480468749964,1.0,6.0,1.8,2.356194490192345
corridor_2,4,2.9259259259259265,2.185185185185185,0.5235987755982987,0.008440212673611083,0.008792480468749964,1.0,6.0,1.8,2.356194490192345
corridor_2,4,7.314814814814816,1.638888888888889,1.8325957145940457,0.008440755208333305,0.008792480468749964,1.0,6.0,1.8,2.356194490192345
corridor_2,4,6.437037037037038,4.261111111111111,-1.5707963267948966,0.00844672309027775,0.008792480468749964,1.0,6.0,1.8,2.356194490192345
corridor_2,4,5.120370370370371,1.8574074074074074,1.5707963267948966,0.00844726562499997,0.008792480468749964,1.0,6.0,1.8,2.356194490192345
corridor_2,4,2.9259259259259265,4.042592592592593,-1.5707963267948966,0.008451605902777744,0.008792480468749964,1.0,6.0,1.8,2.356194490192345
corridor_2,4,5.2666666666666675,1.9666666666666668,1.5707963267948966,0.008458116319444414,0.008792480468749964,1.0,6.0,1.8,2.356194490192345
corridor_2,4,0.7314814814814816,2.075925925925926,1.8325957145940457,0.008463541666666631,0.008792480468749964,1.0,6.0,1.8,2.356194490192345
corridor_2,4,2.0481481481481483,1.638888888888889,2.094395102393195,0.008463541666666633,0.008792480468749964,1.0,6.0,1.8,2.356194490192345
corridor_2,4,1.3166666666666669,4.151851851851852,-1.5707963267948966,0.008464084201388864,0.008792480468749964,1.0,6.0,1.8,2.356194490192345
corridor_2,4,6.875925925925927,1.7481481481481482,1.5707963267948966,0.00847819010416664,0.008792480468749964,1.0,6.0,1.8,2.356194490192345
corridor_2,4,1.6092592592592594,1.4203703703703705,1.3089969389957465,0.008479275173611085,0.008792480468749964,1.0,6.0,1.8,2.356194490192345
corridor_2,4,2.77962962962963,4.151851851851852,-1.5707963267948966,0.0084798177083333,0.008792480468749964,1.0,6.0,1.8,2.356194490192345
corridor_2,4,4.388888888888889,3.9333333333333336,-0.7853981633974483,0.008484700520833317,0.008792480468749964,1.0,6.0,1.8,2.356194490192345
corridor_2,4,2.77962962962963,4.479629629629629,-1.5707963267948966,0.008487413194444413,0.008792480468749964,1.0,6.0,1.8,2.356194490192345
corridor_2,4,4.827777777777778,1.638888888888889,1.3089969389957465,0.008492838541666641,0.008792480468749964,1.0,6.0,1.8,2.356194490192345
corridor_2,4,1.9018518518518521,1.4203703703703705,1.8325957145940457,0.00849826388888886,0.008792480468749964,1.0,6.0,1.8,2.356194490192345
corridor_2,4,3.218518518518519,4.151851851851852,-1.5707963267948966,0.00849989149305553,0.008792480468749964,1.0,6.0,1.8,2.356194490192345
corridor_2,4,2.1944444444444446,4.479629629629629,-0.7853981633974483,0.008502061631944408,0.008792480468749964,1.0,6.0,1.8,2.356194490192345
corridor_2,4,6.437037037037038,4.479629629629629,-1.5707963267948966,0.008505316840277753,0.008792480468749964,1.0,6.0,1.8,2.356194490192345
corridor_2,4,2.9259259259259265,4.151851851851852,-1.5707963267948966,0.008508572048611076,0.008792480468749964,1.0,6.0,1.8,2.356194490192345
corridor_2,4,2.6333333333333337,1.8574074074074074,2.617993877991494,0.00850965711805552,0.008792480468749964,1.0,6.0,1.8,2.356194490192345
corridor_2,4,5.412962962962964,1.4203703703703705,1.5707963267948966,0.00851128472222219,0.008792480468749964,1.0,6.0,1.8,2.356194490192345
corridor_2,4,0.5851851851851853,2.185185185185185,1.5707963267948966,0.008511284722222193,0.008792480468749964,1.0,6.0,1.8,2.356194490192345
corridor_2,4,3.5111111111111115,3.8240740740740744,-2.6179938779914944,0.008516167534722193,0.008792480468749964,1.0,6.0,1.8,2.356194490192345
corridor_2,4,2.9259259259259265,3.9333333333333336,-1.5707963267948966,0.00851833767361108,0.008792480468749964,1.0,6.0,1.8,2.356194490192345
corridor_2,4,4.681481481481482,1.9666666666666668,0.5235987755982987,0.008518337673611083,0.008792480468749964,1.0,6.0,1.8,2.356194490192345
corridor_2,4,2.9259259259259265,4.261111111111111,-1.5707963267948966,0.008525933159722186,0.008792480468749964,1.0,6.0,1.8,2.356194490192345
corridor_2,4,0.8777777777777779,4.042592592592593,-1.0471975511965979,0.008529730902777744,0.008792480468749964,1.0,6.0,1.8,2.356194490192345
corridor_2,4,6.72962962962963,1.4203703703703705,1.3089969389957465,0.008538411458333305,0.008792480468749964,1.0,6.0,1.8,2.356194490192345
corridor_2,4,0.5851851851851853,4.37037037037037,-1.3089969389957472,0.008549262152777749,0.008792480468749964,1.0,6.0,1.8,2.356194490192345
corridor_2,4,4.827777777777778,4.151851851851852,-1.3089969389957472,0.008550889756944418,0.008792480468749964,1.0,6.0,1.8,2.356194490192345
corridor_2,4,4.388888888888889,1.8574074074074074,2.356194490192345,0.008555772569444415,0.008792480468749964,1.0,6.0,1.8,2.356194490192345
corridor_2,4,1.7555555555555558,1.8574074074074074,1.8325957145940457,0.008558485243055532,0.008792480468749964,1.0,6.0,1.8,2.356194490192345
corridor_2,4,2.1944444444444446,1.8574074074074074,1.8325957145940457,0.008562825520833301,0.008792480468749964,1.0,6.0,1.8,2.356194490192345
corridor_2,4,3.5111111111111115,4.261111111111111,-2.356194490192345,0.008574218749999973,0.008792480468749964,1.0,6.0,1.8,2.356194490192345
corridor_2,4,2.4870370370370374,1.5296296296296297,2.094395102393195,0.008589409722222198,0.008792480468749964,1.0,6.0,1.8,2.356194490192345
corridor_2,4,7.022222222222223,1.8574074074074074,1.8325957145940457,0.008595920138888859,0.008792480468749964,1.0,6.0,1.8,2.356194490192345
corridor_2,4,3.0722222222222224,1.9666666666666668,0.7853981633974478,0.008603515624999968,0.008792480468749964,1.0,6.0,1.8,2.356194490192345
corridor_2,4,5.412962962962964,3.714814814814815,-2.6179938779914944,0.008604600694444412,0.008792480468749964,1.0,6.0,1.8,2.356194490192345
corridor_2,4,4.827777777777778,4.042592592592593,-1.5707963267948966,0.008607855902777746,0.008792480468749964,1.0,6.0,1.8,2.356194490192345
corridor_2,4,2.1944444444444446,3.714814814814815,-0.5235987755982991,0.00860785590277776,0.008792480468749964,1.0,6.0,1.8,2.356194490192345
corridor_2,4,2.340740740740741,1.5296296296296297,2.356194490192345,0.008609483506944408,0.008792480468749964,1.0,6.0,1.8,2.356194490192345
corridor_2,4,1.4629629629629632,4.151851851851852,-1.5707963267948966,0.008618164062499982,0.008792480468749964,1.0,6.0,1.8,2.356194490192345
corridor_2,4,1.4629629629629632,4.479629629629629,-2.0943951023931957,0.00861979166666663,0.008792480468749964,1.0,6.0,1.8,2.356194490192345
corridor_2,4,1.0240740740740741,4.042592592592593,-1.3089969389957472,0.008624131944444415,0.008792480468749964,1.0,6.0,1.8,2.356194490192345
corridor_2,4,4.681481481481482,4.479629629629629,-1.5707963267948966,0.008630099826388855,0.008792480468749964,1.0,6.0,1.8,2.356194490192345
corridor_2,4,1.7555555555555558,1.7481481481481482,1.5707963267948966,0.008636067708333302,0.008792480468749964,1.0,6.0,1.8,2.356194490192345
corridor_2,4,2.1944444444444446,2.075925925925926,1.8325957145940457,0.008636610243055518,0.008792480468749964,1.0,6.0,1.8,2.356194490192345
corridor_2,4,1.6092592592592594,1.7481481481481482,1.5707963267948966,0.008646918402777752,0.008792480468749964,1.0,6.0,1.8,2.356194490192345
corridor_2,4,5.851851851851853,1.5296296296296297,2.356194490192345,0.008656684027777738,0.008792480468749964,1.0,6.0,1.8,2.356194490192345
corridor_2,4,4.0962962962962965,4.261111111111111,-1.0471975511965979,0.008657769097222177,0.008792480468749964,1.0,6.0,1.8,2.356194490192345
corridor_2,4,5.9981481481481485,3.9333333333333336,-0.7853981633974483,0.008661024305555525,0.008792480468749964,1.0,6.0,1.8,2.356194490192345
corridor_2,4,2.1944444444444446,2.075925925925926,2.094395102393195,0.008663736979166638,0.008792480468749964,1.0,6.0,1.8,2.356194490192345
corridor_2,4,4.388888888888889,4.37037037037037,-1.3089969389957472,0.008664822048611073,0.008792480468749964,1.0,6.0,1.8,2.356194490192345
corridor_2,4,6.583333333333334,4.37037037037037,-1.8325957145940461,0.008667534722222196,0.008792480468749964,1.0,6.0,1.8,2.356194490192345
corridor_2,4,3.8037037037037043,1.7481481481481482,1.8325957145940457,0.00867187499999996,0.008792480468749964,1.0,6.0,1.8,2.356194490192345
corridor_2,4,5.9981481481481485,2.185185185185185,2.617993877991494,0.00867621527777776,0.008792480468749964,1.0,6.0,1.8,2.356194490192345
corridor_2,4,0.1462962962962963,4.151851851851852,-0.5235987755982991,0.00867784288194441,0.008792480468749964,1.0,6.0,1.8,2.356194490192345
corridor_2,4,5.412962962962964,1.638888888888889,1.5707963267948966,0.0086800130208333,0.008792480468749964,1.0,6.0,1.8,2.356194490192345
corridor_2,4,5.412962962962964,1.8574074074074074,1.8325957145940457,0.0086800130208333,0.008792480468749964,1.0,6.0,1.8,2.356194490192345
corridor_2,4,5.120370370370371,1.7481481481481482,1.3089969389957465,0.008681098090277747,0.008792480468749964,1.0,6.0,1.8,2.356194490192345
corridor_2,4,5.851851851851853,1.4203703703703705,2.356194490192345,0.008682183159722186,0.008792480468749964,1.0,6.0,1.8,2.356194490192345
corridor_2,4,6.583333333333334,4.479629629629629,-1.8325957145940461,0.008686523437499975,0.008792480468749964,1.0,6.0,1.8,2.356194490192345
corridor_2,4,6.437037037037038,4.151851851851852,-1.5707963267948966,0.00869411892361108,0.008792480468749964,1.0,6.0,1.8,2.356194490192345
corridor_2,4,5.412962962962964,1.5296296296296297,1.5707963267948966,0.008699544270833299,0.008792480468749964,1.0,6.0,1.8,2.356194490192345
corridor_2,4,2.9259259259259265,4.37037037037037,-1.5707963267948966,0.008700629340277741,0.008792480468749964,1.0,6.0,1.8,2.356194490192345
corridor_2,4,5.412962962962964,3.8240740740740744,-2.6179938779914944,0.008700629340277745,0.008792480468749964,1.0,6.0,1.8,2.356194490192345
corridor_2,4,2.77962962962963,4.37037037037037,-1.5707963267948966,0.00870713975694441,0.008792480468749964,1.0,6.0,1.8,2.356194490192345
corridor_2,4,5.9981481481481485,4.261111111111111,-1.3089969389957472,0.008712022569444417,0.008792480468749964,1.0,6.0,1.8,2.356194490192345
corridor_2,4,4.681481481481482,4.261111111111111,-1.5707963267948966,0.008712565104166629,0.008792480468749964,1.0,6.0,1.8,2.356194490192345
corridor_2,4,5.412962962962964,1.638888888888889,2.094395102393195,0.008713107638888861,0.008792480468749964,1.0,6.0,1.8,2.356194490192345
corridor_2,4,6.290740740740741,4.37037037037037,-1.3089969389957472,0.008716362847222192,0.008792480468749964,1.0,6.0,1.8,2.356194490192345
corridor_2,4,3.0722222222222224,4.37037037037037,-1.3089969389957472,0.008716905381944418,0.008792480468749964,1.0,6.0,1.8,2.356194490192345
corridor_2,4,3.0722222222222224,4.042592592592593,-1.5707963267948966,0.00871853298611108,0.008792480468749964,1.0,6.0,1.8,2.356194490192345
corridor_2,4,6.583333333333334,1.5296296296296297,1.3089969389957465,0.008722330729166644,0.008792480468749964,1.0,6.0,1.8,2.356194490192345
corridor_2,4,0.2925925925925926,3.9333333333333336,-0.7853981633974483,0.008724500868055525,0.008792480468749964,1.0,6.0,1.8,2.356194490192345
corridor_2,4,3.0722222222222224,1.5296296296296297,1.3089969389957465,0.008725043402777747,0.008792480468749964,1.0,6.0,1.8,2.356194490192345
corridor_2,4,5.120370370370371,4.151851851851852,-1.5707963267948966,0.008725585937499974,0.008792480468749964,1.0,6.0,1.8,2.356194490192345
corridor_2,4,5.120370370370371,1.9666666666666668,1.5707963267948966,0.008735351562499973,0.008792480468749964,1.0,6.0,1.8,2.356194490192345
corridor_2,4,3.364814814814815,1.8574074074074074,1.5707963267948966,0.008740776909722189,0.008792480468749964,1.0,6.0,1.8,2.356194490192345
corridor_2,4,0.2925925925925926,4.042592592592593,-0.5235987755982991,0.008749999999999961,0.008792480468749964,1.0,6.0,1.8,2.356194490192345
corridor_2,4,0.7314814814814816,4.042592592592593,-1.0471975511965979,0.008750542534722187,0.008792480468749964,1.0,6.0,1.8,2.356194490192345
corridor_2,4,0.7314814814814816,4.261111111111111,-0.7853981633974483,0.008756510416666634,0.008792480468749964,1.0,6.0,1.8,2.356194490192345
corridor_2,4,7.022222222222223,2.185185185185185,2.356194490192345,0.008757052951388879,0.008792480468749964,1.0,6.0,1.8,2.356194490192345
corridor_2,4,3.8037037037037043,4.37037037037037,-0.5235987755982991,0.00876030815972218,0.008792480468749964,1.0,6.0,1.8,2.356194490192345
corridor_2,4,6.72962962962963,4.479629629629629,-1.8325957145940461,0.008762478298611091,0.008792480468749964,1.0,6.0,1.8,2.356194490192345
corridor_2,4,7.168518518518519,1.7481481481481482,2.094395102393195,0.008767361111111078,0.008792480468749964,1.0,6.0,1.8,2.356194490192345
corridor_2,4,2.4870370370370374,1.5296296296296297,2.356194490192345,0.0087727864583333,0.008792480468749964,1.0,6.0,1.8,2.356194490192345
corridor_2,4,3.218518518518519,1.4203703703703705,1.3089969389957465,0.008775499131944411,0.008792480468749964,1.0,6.0,1.8,2.356194490192345
corridor_2,4,0.1462962962962963,4.042592592592593,-0.5235987755982991,0.008778754340277741,0.008792480468749964,1.0,6.0,1.8,2.356194490192345
corridor_2,4,6.144444444444445,4.261111111111111,-1.0471975511965979,0.008791232638888853,0.008792480468749964,1.0,6.0,1.8,2.356194490192345
complex_room,0,1.0240740740740741,1.638888888888889,0.0,3.7434895833333236e-05,0.009373670789930528,1.0,1.0,1.6,0.0
complex_room,0,0.8777777777777779,1.5296296296296297,0.0,0.000974392361111112,0.009373670789930528,1.0,1.0,1.6,0.0
complex_room,0,1.1703703703703705,1.638888888888889,0.0,0.0015364583333333333,0.009373670789930528,1.0,1.0,1.6,0.0
complex_room,0,1.0240740740740741,1.5296296296296297,0.0,0.0017903645833333257,0.009373670789930528,1.0,1.0,1.6,0.0
complex_room,0,1.0240740740740741,1.7481481481481482,0.0,0.0021853298611111006,0.009373670789930528,1.0,1.0,1.6,0.0
complex_room,0,1.1703703703703705,1.7481481481481482,0.0,0.002358398437499993,0.009373670789930528,1.0,1.0,1.6,0.0
complex_room,0,0.8777777777777779,1.4203703703703705,0.0,0.0025103081597222148,0.009373670789930528,1.0,1.0,1.6,0.0
complex_room,0,0.7314814814814816,1.5296296296296297,0.0,0.002754448784722222,0.009373670789930528,1.0,1.0,1.6,0.0
complex_room,0,0.7314814814814816,1.4203703703703705,0.0,0.002833116319444445,0.009373670789930528,1.0,1.0,1.6,0.0
complex_room,0,1.0240740740740741,1.4203703703703705,0.0,0.002883572048611103,0.009373670789930528,1.0,1.0,1.6,0.0
complex_room,0,0.8777777777777779,1.638888888888889,0.0,0.0029079861111111008,0.009373670789930528,1.0,1.0,1.6,0.0
complex_room,0,1.3166666666666669,1.7481481481481482,0.0,0.00300509982638889,0.009373670789930528,1.0,1.0,1.6,0.0
complex_room,0,1.1703703703703705,1.5296296296296297,0.0,0.003374565972222217,0.009373670789930528,1.0,1.0,1.6,0.0
complex_room,0,1.1703703703703705,1.8574074074074074,0.0,0.003424479166666657,0.009373670789930528,1.0,1.0,1.6,0.0
complex_room,0,1.0240740740740741,1.8574074074074074,0.0,0.003793402777777763,0.009373670789930528,1.0,1.0,1.6,0.0
complex_room,0,0.8777777777777779,1.7481481481481482,0.0,0.003954535590277763,0.009373670789930528,1.0,1.0,1.6,0.0
complex_room,0,1.3166666666666669,1.8574074074074074,0.0,0.004029405381944438,0.009373670789930528,1.0,1.0,1.6,0.0
complex_room,0,1.3166666666666669,1.638888888888889,0.0,0.004200846354166662,0.009373670789930528,1.0,1.0,1.6,0.0
complex_room,0,1.3166666666666669,1.9666666666666668,0.0,0.004372287326388881,0.009373670789930528,1.0,1.0,1.6,0.0
complex_room,0,1.4629629629629632,1.8574074074074074,0.0,0.004846462673611111,0.009373670789930528,1.0,1.0,1.6,0.0
complex_room,0,0.7314814814814816,1.638888888888889,0.0,0.005102539062499986,0.009373670789930528,1.0,1.0,1.6,0.0
complex_room,0,1.4629629629629632,1.7481481481481482,0.0,0.005228407118055552,0.009373670789930528,1.0,1.0,1.6,0.0
complex_room,0,1.1703703703703705,1.9666666666666668,0.0,0.0053038194444444305,0.009373670789930528,1.0,1.0,1.6,0.0
complex_room,0,0.7314814814814816,1.3111111111111111,0.0,0.005311414930555546,0.009373670789930528,1.0,1.0,1.6,0.0
complex_room,0,0.5851851851851853,1.4203703703703705,0.0,0.005347222222222223,0.009373670789930528,1.0,1.0,1.6,0.0
complex_room,0,0.7314814814814816,1.7481481481481482,0.0,0.005467122395833319,0.009373670789930528,1.0,1.0,1.6,0.0
complex_room,0,0.8777777777777779,1.8574074074074074,0.0,0.005481228298611091,0.009373670789930528,1.0,1.0,1.6,0.0
complex_room,0,1.4629629629629632,1.638888888888889,0.0,0.0055371093749999965,0.009373670789930528,1.0,1.0,1.6,0.0
complex_room,0,6.583333333333334,4.261111111111111,-1.8325957145940461,0.005569661458333319,0.009373670789930528,1.0,1.0,1.6,0.0
complex_room,0,0.8777777777777779,1.3111111111111111,0.0,0.005583224826388868,0.009373670789930528,1.0,1.0,1.6,0.0
complex_room,0,6.583333333333334,4.151851851851852,-1.8325957145940461,0.005661349826388872,0.009373670789930528,1.0,1.0,1.6,0.0
complex_room,0,5.120370370370371,2.840740740740741,1.5707963267948966,0.0056976996527777456,0.009373670789930528,1.0,1.0,1.6,0.0
complex_room,0,6.437037037037038,4.151851851851852,-1.5707963267948966,0.005710720486111095,0.009373670789930528,1.0,1.0,1.6,0.0
complex_room,0,6.437037037037038,4.261111111111111,-1.5707963267948966,0.0058143446180555424,0.009373670789930528,1.0,1.0,1.6,0.0
complex_room,0,6.72962962962963,4.261111111111111,-1.8325957145940461,0.005818684895833319,0.009373670789930528,1.0,1.0,1.6,0.0
complex_room,0,6.72962962962963,4.151851851851852,-1.8325957145940461,0.005824110243055538,0.009373670789930528,1.0,1.0,1.6,0.0
complex_room,0,6.437037037037038,4.042592592592593,-1.5707963267948966,0.0058675130208333155,0.009373670789930528,1.0,1.0,1.6,0.0
complex_room,0,1.0240740740740741,1.9666666666666668,-0.2617993877991496,0.005885416666666647,0.009373670789930528,1.0,1.0,1.6,0.0
complex_room,0,1.4629629629629632,1.9666666666666668,0.0,0.005912543402777772,0.009373670789930528,1.0,1.0,1.6,0.0
complex_room,0,6.583333333333334,4.37037037037037,-1.8325957145940461,0.005949978298611098,0.009373670789930528,1.0,1.0,1.6,0.0
complex_room,0,6.437037037037038,4.37037037037037,-1.5707963267948966,0.005961371527777768,0.009373670789930528,1.0,1.0,1.6,0.0
complex_room,0,6.583333333333334,4.042592592592593,-1.8325957145940461,0.0060736762152777575,0.009373670789930528,1.0,1.0,1.6,0.0
complex_room,0,6.72962962962963,4.37037037037037,-1.8325957145940461,0.0060742187499999885,0.009373670789930528,1.0,1.0,1.6,0.0
complex_room,0,6.290740740740741,4.261111111111111,-1.5707963267948966,0.006093207465277768,0.009373670789930528,1.0,1.0,1.6,0.0
complex_room,0,6.290740740740741,4.151851851851852,-1.5707963267948966,0.006105143229166654,0.009373670789930528,1.0,1.0,1.6,0.0
complex_room,0,0.5851851851851853,1.3111111111111111,0.0,0.006138237847222221,0.009373670789930528,1.0,1.0,1.6,0.0
complex_room,0,6.72962962962963,4.042592592592593,-1.8325957145940461,0.0061599392361110904,0.009373670789930528,1.0,1.0,1.6,0.0
complex_room,0,6.583333333333334,4.151851851851852,-1.5707963267948966,0.006214735243055537,0.009373670789930528,1.0,1.0,1.6,0.0
complex_room,0,6.583333333333334,4.042592592592593,-1.5707963267948966,0.006269531249999981,0.009373670789930528,1.0,1.0,1.6,0.0
complex_room,0,5.412962962962964,2.7314814814814814,1.8325957145940457,0.006317816840277755,0.009373670789930528,1.0,1.0,1.6,0.0
complex_room,0,6.290740740740741,4.042592592592593,-1.5707963267948966,0.0063275824652777625,0.009373670789930528,1.0,1.0,1.6,0.0
complex_room,0,7.022222222222223,2.6222222222222222,1.3089969389957465,0.006363389756944423,0.009373670789930528,1.0,1.0,1.6,0.0
complex_room,0,6.583333333333334,4.261111111111111,-1.5707963267948966,0.0063986545138888734,0.009373670789930528,1.0,1.0,1.6,0.0
complex_room,0,6.437037037037038,4.261111111111111,-1.8325957145940461,0.006404079861111094,0.009373670789930528,1.0,1.0,1.6,0.0
complex_room,0,6.290740740740741,4.37037037037037,-1.5707963267948966,0.00642035590277777,0.009373670789930528,1.0,1.0,1.6,0.0
complex_room,0,1.0240740740740741,2.075925925925926,-0.2617993877991496,0.006431206597222204,0.009373670789930528,1.0,1.0,1.6,0.0
complex_room,0,4.974074074074075,2.840740740740741,1.5707963267948966,0.006438259548611081,0.009373670789930528,1.0,1.0,1.6,0.0
complex_room,0,6.583333333333334,4.37037037037037,-1.5707963267948966,0.006442057291666654,0.009373670789930528,1.0,1.0,1.6,0.0
complex_room,0,6.437037037037038,3.9333333333333336,-1.5707963267948966,0.006472981770833313,0.009373670789930528,1.0,1.0,1.6,0.0
complex_room,0,6.583333333333334,4.479629629629629,-1.8325957145940461,0.006475151909722212,0.009373670789930528,1.0,1.0,1.6,0.0
complex_room,0,6.583333333333334,3.9333333333333336,-1.8325957145940461,0.006477322048611086,0.009373670789930528,1.0,1.0,1.6,0.0
complex_room,0,7.022222222222223,2.7314814814814814,1.3089969389957465,0.00648546006944442,0.009373670789930528,1.0,1.0,1.6,0.0
complex_room,0,0.7314814814814816,2.512962962962963,-2.0943951023931957,0.0064952256944444155,0.009373670789930528,1.0,1.0,1.6,0.0
complex_room,0,4.974074074074075,2.95,1.5707963267948966,0.006521267361111079,0.009373670789930528,1.0,1.0,1.6,0.0
complex_room,0,0.8777777777777779,1.8574074074074074,-0.2617993877991496,0.0065250651041666476,0.009373670789930528,1.0,1.0,1.6,0.0
complex_room,0,6.437037037037038,4.151851851851852,-1.8325957145940461,0.0065554470486110916,0.009373670789930528,1.0,1.0,1.6,0.0
complex_room,0,0.8777777777777779,1.3111111111111111,0.26179938779914913,0.006560329861111081,0.009373670789930528,1.0,1.0,1.6,0.0
complex_room,0,7.168518518518519,2.7314814814814814,1.3089969389957465,0.006560329861111085,0.009373670789930528,1.0,1.0,1.6,0.0
complex_room,0,7.168518518518519,2.6222222222222222,1.3089969389957465,0.006572808159722198,0.009373670789930528,1.0,1.0,1.6,0.0
complex_room,0,1.6092592592592594,1.7481481481481482,0.0,0.00657552083333333,0.009373670789930528,1.0,1.0,1.6,0.0
complex_room,0,6.437037037037038,4.479629629629629,-1.5707963267948966,0.006579861111111103,0.009373670789930528,1.0,1.0,1.6,0.0
complex_room,0,5.55925925925926,2.7314814814814814,1.8325957145940457,0.006580946180555527,0.009373670789930528,1.0,1.0,1.6,0.0
complex_room,0,1.1703703703703705,2.075925925925926,-0.2617993877991496,0.006586371527777759,0.009373670789930528,1.0,1.0,1.6,0.0
complex_room,0,0.8777777777777779,1.9666666666666668,-0.2617993877991496,0.006601019965277759,0.009373670789930528,1.0,1.0,1.6,0.0
complex_room,0,1.4629629629629632,2.075925925925926,0.0,0.006606445312499993,0.009373670789930528,1.0,1.0,1.6,0.0
complex_room,0,1.0240740740740741,1.3111111111111111,0.0,0.006608615451388868,0.009373670789930528,1.0,1.0,1.6,0.0
complex_room,0,7.314814814814816,2.7314814814814814,1.5707963267948966,0.006613498263888864,0.009373670789930528,1.0,1.0,1.6,0.0
complex_room,0,6.72962962962963,4.479629629629629,-1.8325957145940461,0.0066563585069444355,0.009373670789930528,1.0,1.0,1.6,0.0
complex_room,0,1.3166666666666669,1.5296296296296297,0.0,0.006695963541666649,0.009373670789930528,1.0,1.0,1.6,0.0
complex_room,0,6.437037037037038,4.37037037037037,-1.8325957145940461,0.006708441840277763,0.009373670789930528,1.0,1.0,1.6,0.0
complex_room,0,1.6092592592592594,1.8574074074074074,0.0,0.006718749999999997,0.009373670789930528,1.0,1.0,1.6,0.0
complex_room,0,1.0240740740740741,2.7314814814814814,-2.356194490192345,0.006727973090277759,0.009373670789930528,1.0,1.0,1.6,0.0
complex_room,0,1.1703703703703705,1.4203703703703705,0.0,0.006732313368055538,0.009373670789930528,1.0,1.0,1.6,0.0
complex_room,0,6.290740740740741,3.9333333333333336,-1.5707963267948966,0.0067507595486110935,0.009373670789930528,1.0,1.0,1.6,0.0
complex_room,0,7.168518518518519,2.7314814814814814,1.5707963267948966,0.006788736979166639,0.009373670789930528,1.0,1.0,1.6,0.0
complex_room,0,6.72962962962963,3.9333333333333336,-1.8325957145940461,0.006789279513888864,0.009373670789930528,1.0,1.0,1.6,0.0
complex_room,0,5.2666666666666675,2.840740740740741,1.8325957145940457,0.006789822048611092,0.009373670789930528,1.0,1.0,1.6,0.0
complex_room,0,1.0240740740740741,2.6222222222222222,-2.356194490192345,0.006811523437499977,0.009373670789930528,1.0,1.0,1.6,0.0
complex_room,0,7.168518518518519,2.840740740740741,1.5707963267948966,0.006832139756944418,0.009373670789930528,1.0,1.0,1.6,0.0
complex_room,0,6.875925925925927,4.261111111111111,-1.8325957145940461,0.006840820312499986,0.009373670789930528,1.0,1.0,1.6,0.0
complex_room,0,5.2666666666666675,2.95,1.8325957145940457,0.006842447916666647,0.009373670789930528,1.0,1.0,1.6,0.0
complex_room,0,2.6333333333333337,4.151851851851852,-0.2617993877991496,0.006847873263888875,0.009373670789930528,1.0,1.0,1.6,0.0
complex_room,0,1.0240740740740741,2.185185185185185,-0.2617993877991496,0.00685221354166666,0.009373670789930528,1.0,1.0,1.6,0.0
complex_room,0,7.168518518518519,2.95,1.5707963267948966,0.0068619791666666395,0.009373670789930528,1.0,1.0,1.6,0.0
complex_room,0,6.583333333333334,3.9333333333333336,-1.5707963267948966,0.006869032118055533,0.009373670789930528,1.0,1.0,1.6,0.0
complex_room,0,0.7314814814814816,2.403703703703704,-2.0943951023931957,0.006879340277777747,0.009373670789930528,1.0,1.0,1.6,0.0
complex_room,0,0.8777777777777779,2.7314814814814814,-2.356194490192345,0.0069297960069444236,0.009373670789930528,1.0,1.0,1.6,0.0
complex_room,0,7.022222222222223,2.840740740740741,1.3089969389957465,0.006943359374999973,0.009373670789930528,1.0,1.0,1.6,0.0
complex_room,0,0.7314814814814816,2.6222222222222222,-2.0943951023931957,0.00694769965277775,0.009373670789930528,1.0,1.0,1.6,0.0
complex_room,0,6.437037037037038,4.042592592592593,-1.8325957145940461,0.006952582465277755,0.009373670789930528,1.0,1.0,1.6,0.0
complex_room,0,6.437037037037038,3.8240740740740744,-1.5707963267948966,0.006964518229166645,0.009373670789930528,1.0,1.0,1.6,0.0
complex_room,0,7.022222222222223,0.9833333333333334,2.879793265790643,0.006965060763888882,0.009373670789930528,1.0,1.0,1.6,0.0
complex_room,0,5.412962962962964,2.840740740740741,1.8325957145940457,0.006990559895833313,0.009373670789930528,1.0,1.0,1.6,0.0
complex_room,0,6.290740740740741,4.479629629629629,-1.5707963267948966,0.00699327256944444,0.009373670789930528,1.0,1.0,1.6,0.0
complex_room,0,0.8777777777777779,1.201851851851852,0.26179938779914913,0.006999782986111082,0.009373670789930528,1.0,1.0,1.6,0.0
complex_room,0,1.0240740740740741,2.512962962962963,-2.356194490192345,0.0070203993055555315,0.009373670789930528,1.0,1.0,1.6,0.0
complex_room,0,0.8777777777777779,2.512962962962963,-2.0943951023931957,0.007031792534722192,0.009373670789930528,1.0,1.0,1.6,0.0
complex_room,0,6.875925925925927,4.151851851851852,-1.8325957145940461,0.007033962673611094,0.009373670789930528,1.0,1.0,1.6,0.0
complex_room,0,7.168518518518519,0.9833333333333334,2.879793265790643,0.007041015624999992,0.009373670789930528,1.0,1.0,1.6,0.0
complex_room,0,7.168518518518519,2.840740740740741,1.3089969389957465,0.007043728298611083,0.009373670789930528,1.0,1.0,1.6,0.0
complex_room,0,2.4870370370370374,4.261111111111111,-0.2617993877991496,0.0070480685763888735,0.009373670789930528,1.0,1.0,1.6,0.0
complex_room,0,0.8777777777777779,2.6222222222222222,-2.0943951023931957,0.0070491536458333025,0.009373670789930528,1.0,1.0,1.6,0.0
complex_room,0,6.72962962962963,4.151851851851852,-2.0943951023931957,0.007050238715277756,0.009373670789930528,1.0,1.0,1.6,0.0
complex_room,0,6.875925925925927,2.7314814814814814,1.3089969389957465,0.007075195312499977,0.009373670789930528,1.0,1.0,1.6,0.0
complex_room,0,5.120370370370371,3.0592592592592593,1.8325957145940457,0.007086046006944426,0.009373670789930528,1.0,1.0,1.6,0.0
complex_room,0,6.437037037037038,3.9333333333333336,-1.8325957145940461,0.007088758680555531,0.009373670789930528,1.0,1.0,1.6,0.0
complex_room,0,7.314814814814816,2.6222222222222222,1.5707963267948966,0.007092013888888863,0.009373670789930528,1.0,1.0,1.6,0.0
complex_room,0,7.314814814814816,2.840740740740741,1.5707963267948966,0.0071001519097221915,0.009373670789930528,1.0,1.0,1.6,0.0
complex_room,0,6.583333333333334,3.8240740740740744,-1.8325957145940461,0.007100151909722195,0.009373670789930528,1.0,1.0,1.6,0.0
complex_room,0,6.437037037037038,4.479629629629629,-1.8325957145940461,0.007108832465277764,0.009373670789930528,1.0,1.0,1.6,0.0
complex_room,0,0.8777777777777779,2.6222222222222222,-2.356194490192345,0.007109917534722198,0.009373670789930528,1.0,1.0,1.6,0.0
complex_room,0,1.3166666666666669,2.075925925925926,-0.2617993877991496,0.007114800347222202,0.009373670789930528,1.0,1.0,1.6,0.0
complex_room,0,7.314814814814816,2.95,1.5707963267948966,0.007138129340277748,0.009373670789930528,1.0,1.0,1.6,0.0
complex_room,0,1.3166666666666669,1.5296296296296297,0.26179938779914913,0.007146809895833316,0.009373670789930528,1.0,1.0,1.6,0.0
complex_room,0,7.168518518518519,2.6222222222222222,1.5707963267948966,0.00715006510416664,0.009373670789930528,1.0,1.0,1.6,0.0
complex_room,0,1.1703703703703705,2.6222222222222222,-2.356194490192345,0.007154405381944425,0.009373670789930528,1.0,1.0,1.6,0.0
complex_room,0,6.72962962962963,3.9333333333333336,-2.0943951023931957,0.007167968749999972,0.009373670789930528,1.0,1.0,1.6,0.0
complex_room,0,5.2666666666666675,2.7314814814814814,1.8325957145940457,0.007167968749999976,0.009373670789930528,1.0,1.0,1.6,0.0
complex_room,0,6.875925925925927,4.37037037037037,-1.8325957145940461,0.007177734374999988,0.009373670789930528,1.0,1.0,1.6,0.0
complex_room,0,5.2666666666666675,2.7314814814814814,1.5707963267948966,0.007182074652777743,0.009373670789930528,1.0,1.0,1.6,0.0
complex_room,0,1.1703703703703705,1.9666666666666668,-0.2617993877991496,0.0072222222222221915,0.009373670789930528,1.0,1.0,1.6,0.0
complex_room,0,6.72962962962963,4.042592592592593,-2.0943951023931957,0.007226019965277753,0.009373670789930528,1.0,1.0,1.6,0.0
complex_room,0,0.5851851851851853,1.5296296296296297,0.0,0.007226562499999986,0.009373670789930528,1.0,1.0,1.6,0.0
complex_room,0,5.412962962962964,2.95,1.8325957145940457,0.0072417534722222015,0.009373670789930528,1.0,1.0,1.6,0.0
complex_room,0,2.4870370370370374,4.151851851851852,-0.2617993877991496,0.0072471788194444315,0.009373670789930528,1.0,1.0,1.6,0.0
complex_room,0,6.875925925925927,4.042592592592593,-1.8325957145940461,0.00725097656249998,0.009373670789930528,1.0,1.0,1.6,0.0
complex_room,0,0.7314814814814816,2.7314814814814814,-2.0943951023931957,0.007252604166666639,0.009373670789930528,1.0,1.0,1.6,0.0
complex_room,0,7.461111111111112,2.7314814814814814,1.5707963267948966,0.0072688802083333065,0.009373670789930528,1.0,1.0,1.6,0.0
complex_room,0,6.583333333333334,3.8240740740740744,-1.5707963267948966,0.007279188368055532,0.009373670789930528,1.0,1.0,1.6,0.0
complex_room,0,0.8777777777777779,2.403703703703704,-2.0943951023931957,0.007292209201388856,0.009373670789930528,1.0,1.0,1.6,0.0
complex_room,0,0.8777777777777779,2.2944444444444447,-2.0943951023931957,0.0072927517361110784,0.009373670789930528,1.0,1.0,1.6,0.0
complex_room,0,1.0240740740740741,1.8574074074074074,-0.2617993877991496,0.007296006944444415,0.009373670789930528,1.0,1.0,1.6,0.0
complex_room,0,6.583333333333334,4.5888888888888895,-1.8325957145940461,0.007341037326388883,0.009373670789930528,1.0,1.0,1.6,0.0
complex_room,0,7.314814814814816,0.9833333333333334,2.879793265790643,0.007345377604166661,0.009373670789930528,1.0,1.0,1.6,0.0
complex_room,0,6.583333333333334,4.479629629629629,-1.5707963267948966,0.007356770833333321,0.009373670789930528,1.0,1.0,1.6,0.0
complex_room,0,1.1703703703703705,2.512962962962963,-2.356194490192345,0.007359483506944421,0.009373670789930528,1.0,1.0,1.6,0.0
complex_room,0,0.5851851851851853,1.638888888888889,0.0,0.007360568576388875,0.009373670789930528,1.0,1.0,1.6,0.0
complex_room,0,2.6333333333333337,4.261111111111111,-0.2617993877991496,0.007367078993055538,0.009373670789930528,1.0,1.0,1.6,0.0
complex_room,0,6.875925925925927,4.151851851851852,-2.0943951023931957,0.00737033420138887,0.009373670789930528,1.0,1.0,1.6,0.0
complex_room,0,0.8777777777777779,2.512962962962963,-2.356194490192345,0.007372504340277751,0.009373670789930528,1.0,1.0,1.6,0.0
complex_room,0,6.72962962962963,3.8240740740740744,-1.8325957145940461,0.007373046874999971,0.009373670789930528,1.0,1.0,1.6,0.0
complex_room,0,1.3166666666666669,1.4203703703703705,0.26179938779914913,0.007387152777777761,0.009373670789930528,1.0,1.0,1.6,0.0
complex_room,0,5.120370370370371,2.95,1.8325957145940457,0.007393120659722204,0.009373670789930528,1.0,1.0,1.6,0.0
complex_room,0,7.461111111111112,1.0925925925925926,2.879793265790643,0.007396375868055551,0.009373670789930528,1.0,1.0,1.6,0.0
complex_room,0,6.290740740740741,3.8240740740740744,-1.5707963267948966,0.007396918402777756,0.009373670789930528,1.0,1.0,1.6,0.0
complex_room,0,6.72962962962963,4.261111111111111,-2.0943951023931957,0.007402886284722203,0.009373670789930528,1.0,1.0,1.6,0.0
complex_room,0,5.412962962962964,2.6222222222222222,1.8325957145940457,0.007446289062499976,0.009373670789930528,1.0,1.0,1.6,0.0
complex_room,0,1.1703703703703705,1.8574074074074074,-0.2617993877991496,0.007447916666666634,0.009373670789930528,1.0,1.0,1.6,0.0
complex_room,0,1.3166666666666669,2.185185185185185,-0.2617993877991496,0.007451714409722203,0.009373670789930528,1.0,1.0,1.6,0.0
complex_room,0,6.583333333333334,4.151851851851852,-2.0943951023931957,0.007457139756944421,0.009373670789930528,1.0,1.0,1.6,0.0
complex_room,0,0.7314814814814816,1.8574074074074074,-0.2617993877991496,0.007457139756944425,0.009373670789930528,1.0,1.0,1.6,0.0
complex_room,0,0.8777777777777779,2.840740740740741,-2.356194490192345,0.007469075520833313,0.009373670789930528,1.0,1.0,1.6,0.0
complex_room,0,7.314814814814816,3.0592592592592593,1.5707963267948966,0.0074717881944444155,0.009373670789930528,1.0,1.0,1.6,0.0
complex_room,0,6.72962962962963,4.042592592592593,-1.5707963267948966,0.007472873263888868,0.009373670789930528,1.0,1.0,1.6,0.0
complex_room,0,7.314814814814816,2.7314814814814814,1.3089969389957465,0.007487521701388861,0.009373670789930528,1.0,1.0,1.6,0.0
complex_room,0,2.4870370370370374,4.37037037037037,-0.5235987755982991,0.007494032118055546,0.009373670789930528,1.0,1.0,1.6,0.0
complex_room,0,6.875925925925927,3.9333333333333336,-2.0943951023931957,0.007495659722222197,0.009373670789930528,1.0,1.0,1.6,0.0
complex_room,0,1.0240740740740741,2.403703703703704,-2.356194490192345,0.007498914930555529,0.009373670789930528,1.0,1.0,1.6,0.0
complex_room,0,6.875925925925927,4.042592592592593,-2.0943951023931957,0.007502170138888867,0.009373670789930528,1.0,1.0,1.6,0.0
complex_room,0,1.0240740740740741,2.840740740740741,-2.356194490192345,0.007503255208333317,0.009373670789930528,1.0,1.0,1.6,0.0
complex_room,0,1.4629629629629632,1.5296296296296297,0.26179938779914913,0.007507052951388872,0.009373670789930528,1.0,1.0,1.6,0.0
complex_room,0,1.1703703703703705,2.7314814814814814,-2.356194490192345,0.007524414062499981,0.009373670789930528,1.0,1.0,1.6,0.0
complex_room,0,0.7314814814814816,1.7481481481481482,-0.2617993877991496,0.0075265842013888685,0.009373670789930528,1.0,1.0,1.6,0.0
complex_room,0,6.72962962962963,3.8240740740740744,-2.0943951023931957,0.007547200520833305,0.009373670789930528,1.0,1.0,1.6,0.0
complex_room,0,7.022222222222223,2.95,1.3089969389957465,0.007568901909722194,0.009373670789930528,1.0,1.0,1.6,0.0
complex_room,0,7.168518518518519,2.95,1.3089969389957465,0.0075732421874999695,0.009373670789930528,1.0,1.0,1.6,0.0
complex_room,0,7.314814814814816,2.6222222222222222,1.3089969389957465,0.00757758246527775,0.009373670789930528,1.0,1.0,1.6,0.0
complex_room,0,6.72962962962963,4.5888888888888895,-1.8325957145940461,0.007577582465277772,0.009373670789930528,1.0,1.0,1.6,0.0
complex_room,0,6.583333333333334,3.9333333333333336,-2.0943951023931957,0.0075802951388888595,0.009373670789930528,1.0,1.0,1.6,0.0
complex_room,0,0.8777777777777779,1.5296296296296297,0.26179938779914913,0.007590060763888852,0.009373670789930528,1.0,1.0,1.6,0.0
complex_room,0,6.875925925925927,2.840740740740741,1.3089969389957465,0.007600368923611087,0.009373670789930528,1.0,1.0,1.6,0.0
complex_room,0,5.2666666666666675,2.840740740740741,1.5707963267948966,0.007600911458333288,0.009373670789930528,1.0,1.0,1.6,0.0
complex_room,0,6.72962962962963,4.261111111111111,-1.5707963267948966,0.007603081597222203,0.009373670789930528,1.0,1.0,1.6,0.0
complex_room,0,6.72962962962963,4.151851851851852,-1.5707963267948966,0.007608506944444423,0.009373670789930528,1.0,1.0,1.6,0.0
complex_room,0,1.6092592592592594,1.9666666666666668,0.0,0.007610134548611107,0.009373670789930528,1.0,1.0,1.6,0.0
complex_room,0,6.583333333333334,4.042592592592593,-2.0943951023931957,0.007611219618055529,0.009373670789930528,1.0,1.0,1.6,0.0
complex_room,0,0.5851851851851853,2.512962962962963,-2.0943951023931957,0.007613389756944416,0.009373670789930528,1.0,1.0,1.6,0.0
complex_room,0,6.583333333333334,4.261111111111111,-2.0943951023931957,0.0076161024305555335,0.009373670789930528,1.0,1.0,1.6,0.0
complex_room,0,0.8777777777777779,2.185185185185185,-0.2617993877991496,0.007624240451388881,0.009373670789930528,1.0,1.0,1.6,0.0
complex_room,0,0.8777777777777779,2.7314814814814814,-2.0943951023931957,0.007626953124999973,0.009373670789930528,1.0,1.0,1.6,0.0
complex_room,0,2.6333333333333337,4.261111111111111,-0.5235987755982991,0.007628038194444433,0.009373670789930528,1.0,1.0,1.6,0.0
complex_room,0,7.168518518518519,3.0592592592592593,1.5707963267948966,0.00763454861111108,0.009373670789930528,1.0,1.0,1.6,0.0
complex_room,0,7.022222222222223,2.840740740740741,1.5707963267948966,0.0076416015624999716,0.009373670789930528,1.0,1.0,1.6,0.0
complex_room,0,1.1703703703703705,1.7481481481481482,-0.2617993877991496,0.00764322916666663,0.009373670789930528,1.0,1.0,1.6,0.0
complex_room,0,4.974074074074075,2.7314814814814814,1.5707963267948966,0.007645399305555527,0.009373670789930528,1.0,1.0,1.6,0.0
complex_room,0,6.437037037037038,3.714814814814815,-1.5707963267948966,0.007646484374999975,0.009373670789930528,1.0,1.0,1.6,0.0
complex_room,0,0.8777777777777779,0.9833333333333334,1.3089969389957465,0.007648654513888876,0.009373670789930528,1.0,1.0,1.6,0.0
complex_room,0,5.55925925925926,2.6222222222222222,1.8325957145940457,0.007658962673611089,0.009373670789930528,1.0,1.0,1.6,0.0
complex_room,0,2.4870370370370374,4.261111111111111,-0.5235987755982991,0.007662760416666658,0.009373670789930528,1.0,1.0,1.6,0.0
complex_room,0,7.022222222222223,2.95,1.5707963267948966,0.007683919270833305,0.009373670789930528,1.0,1.0,1.6,0.0
complex_room,0,6.290740740740741,3.9333333333333336,-1.3089969389957472,0.0076866319444444265,0.009373670789930528,1.0,1.0,1.6,0.0
complex_room,0,1.7555555555555558,1.8574074074074074,0.0,0.007718641493055551,0.009373670789930528,1.0,1.0,1.6,0.0
complex_room,0,6.875925925925927,4.261111111111111,-2.0943951023931957,0.00773111979166665,0.009373670789930528,1.0,1.0,1.6,0.0
complex_room,0,6.437037037037038,4.5888888888888895,-1.5707963267948966,0.007732204861111104,0.009373670789930528,1.0,1.0,1.6,0.0
complex_room,0,0.7314814814814816,2.840740740740741,-2.0943951023931957,0.007733289930555529,0.009373670789930528,1.0,1.0,1.6,0.0
complex_room,0,6.437037037037038,3.8240740740740744,-1.8325957145940461,0.0077349175347221945,0.009373670789930528,1.0,1.0,1.6,0.0
complex_room,0,1.1703703703703705,1.4203703703703705,0.26179938779914913,0.007774522569444424,0.009373670789930528,1.0,1.0,1.6,0.0
complex_room,0,6.72962962962963,3.714814814814815,-2.0943951023931957,0.007783745659722193,0.009373670789930528,1.0,1.0,1.6,0.0
complex_room,0,7.022222222222223,2.7314814814814814,1.5707963267948966,0.0077891710069444165,0.009373670789930528,1.0,1.0,1.6,0.0
complex_room,0,7.461111111111112,2.6222222222222222,1.5707963267948966,0.0077918836805555315,0.009373670789930528,1.0,1.0,1.6,0.0
complex_room,0,2.340740740740741,4.37037037037037,-0.5235987755982991,0.007812499999999992,0.009373670789930528,1.0,1.0,1.6,0.0
complex_room,0,5.120370370370371,2.7314814814814814,1.5707963267948966,0.007814127604166632,0.009373670789930528,1.0,1.0,1.6,0.0
complex_room,0,7.461111111111112,2.840740740740741,1.5707963267948966,0.00781467013888886,0.009373670789930528,1.0,1.0,1.6,0.0
complex_room,0,6.72962962962963,4.37037037037037,-2.0943951023931957,0.007820638020833316,0.009373670789930528,1.0,1.0,1.6,0.0
complex_room,0,7.461111111111112,2.95,1.5707963267948966,0.007826605902777749,0.009373670789930528,1.0,1.0,1.6,0.0
complex_room,0,1.1703703703703705,1.638888888888889,-0.2617993877991496,0.007835828993055521,0.009373670789930528,1.0,1.0,1.6,0.0
complex_room,0,2.340740740740741,4.479629629629629,-0.5235987755982991,0.007852105034722215,0.009373670789930528,1.0,1.0,1.6,0.0
complex_room,0,6.875925925925927,4.479629629629629,-1.8325957145940461,0.00786078559027777,0.009373670789930528,1.0,1.0,1.6,0.0
complex_room,0,6.290740740740741,4.042592592592593,-1.3089969389957472,0.007862955729166649,0.009373670789930528,1.0,1.0,1.6,0.0
complex_room,0,2.9259259259259265,4.261111111111111,-0.2617993877991496,0.00786404079861109,0.009373670789930528,1.0,1.0,1.6,0.0
complex_room,0,1.0240740740740741,1.3111111111111111,0.26179938779914913,0.00786458333333331,0.009373670789930528,1.0,1.0,1.6,0.0
complex_room,0,0.8777777777777779,1.7481481481481482,-0.2617993877991496,0.007865125868055524,0.009373670789930528,1.0,1.0,1.6,0.0
complex_room,0,6.144444444444445,4.151851851851852,-1.5707963267948966,0.007872721354166655,0.009373670789930528,1.0,1.0,1.6,0.0
complex_room,0,0.8777777777777779,2.403703703703704,-2.356194490192345,0.007877604166666639,0.009373670789930528,1.0,1.0,1.6,0.0
complex_room,0,6.437037037037038,4.5888888888888895,-1.8325957145940461,0.007879774305555547,0.009373670789930528,1.0,1.0,1.6,0.0
complex_room,0,6.875925925925927,3.8240740740740744,-2.0943951023931957,0.007881401909722195,0.009373670789930528,1.0,1.0,1.6,0.0
complex_room,0,2.77962962962963,4.261111111111111,-0.2617993877991496,0.007886827256944423,0.009373670789930528,1.0,1.0,1.6,0.0
complex_room,0,2.9259259259259265,4.151851851851852,-0.2617993877991496,0.007887912326388871,0.009373670789930528,1.0,1.0,1.6,0.0
complex_room,0,2.340740740740741,4.151851851851852,-0.2617993877991496,0.007890082465277764,0.009373670789930528,1.0,1.0,1.6,0.0
complex_room,0,4.0962962962962965,2.840740740740741,-0.7853981633974483,0.007893337673611096,0.009373670789930528,1.0,1.0,1.6,0.0
complex_room,0,4.827777777777778,3.0592592592592593,1.5707963267948966,0.007894965277777746,0.009373670789930528,1.0,1.0,1.6,0.0
complex_room,0,6.583333333333334,3.714814814814815,-1.8325957145940461,0.007897135416666638,0.009373670789930528,1.0,1.0,1.6,0.0
complex_room,0,1.0240740740740741,1.7481481481481482,-0.2617993877991496,0.007902018229166634,0.009373670789930528,1.0,1.0,1.6,0.0
complex_room,0,0.5851851851851853,2.6222222222222222,-2.0943951023931957,0.007916666666666636,0.009373670789930528,1.0,1.0,1.6,0.0
complex_room,0,2.77962962962963,4.151851851851852,-0.2617993877991496,0.007932400173611093,0.009373670789930528,1.0,1.0,1.6,0.0
complex_room,0,6.290740740740741,3.8240740740740744,-1.3089969389957472,0.007943793402777757,0.009373670789930528,1.0,1.0,1.6,0.0
complex_room,0,6.875925925925927,3.9333333333333336,-1.8325957145940461,0.00795572916666664,0.009373670789930528,1.0,1.0,1.6,0.0
complex_room,0,6.583333333333334,3.8240740740740744,-2.0943951023931957,0.007957899305555526,0.009373670789930528,1.0,1.0,1.6,0.0
complex_room,0,0.8777777777777779,1.201851851851852,0.0,0.007961154513888867,0.009373670789930528,1.0,1.0,1.6,0.0
complex_room,0,0.8777777777777779,2.075925925925926,-0.2617993877991496,0.00796386718749998,0.009373670789930528,1.0,1.0,1.6,0.0
complex_room,0,4.242592592592593,2.840740740740741,-0.7853981633974483,0.007964409722222206,0.009373670789930528,1.0,1.0,1.6,0.0
complex_room,0,1.0240740740740741,1.638888888888889,-0.2617993877991496,0.0080110677083333,0.009373670789930528,1.0,1.0,1.6,0.0
complex_room,0,7.461111111111112,3.0592592592592593,1.5707963267948966,0.008018120659722192,0.009373670789930528,1.0,1.0,1.6,0.0
complex_room,0,7.314814814814816,3.1685185185185185,1.5707963267948966,0.008024631076388858,0.009373670789930528,1.0,1.0,1.6,0.0
complex_room,0,6.437037037037038,3.9333333333333336,-1.3089969389957472,0.008032226562499975,0.009373670789930528,1.0,1.0,1.6,0.0
complex_room,0,6.290740740740741,4.5888888888888895,-1.5707963267948966,0.008038194444444442,0.009373670789930528,1.0,1.0,1.6,0.0
complex_room,0,5.120370370370371,2.95,1.5707963267948966,0.00803873697916662,0.009373670789930528,1.0,1.0,1.6,0.0
complex_room,0,1.3166666666666669,2.6222222222222222,-2.6179938779914944,0.008040364583333313,0.009373670789930528,1.0,1.0,1.6,0.0
complex_room,0,1.3166666666666669,2.7314814814814814,-2.6179938779914944,0.00804904513888887,0.009373670789930528,1.0,1.0,1.6,0.0
complex_room,0,4.388888888888889,2.6222222222222222,-0.5235987755982991,0.008049587673611094,0.009373670789930528,1.0,1.0,1.6,0.0
complex_room,0,0.5851851851851853,2.7314814814814814,-2.0943951023931957,0.008060438368055527,0.009373670789930528,1.0,1.0,1.6,0.0
complex_room,0,0.8777777777777779,2.840740740740741,-2.0943951023931957,0.008065863715277753,0.009373670789930528,1.0,1.0,1.6,0.0
complex_room,0,6.290740740740741,3.714814814814815,-1.3089969389957472,0.008074544270833312,0.009373670789930528,1.0,1.0,1.6,0.0
complex_room,0,6.144444444444445,3.9333333333333336,-1.3089969389957472,0.008081054687499985,0.009373670789930528,1.0,1.0,1.6,0.0
complex_room,0,2.4870370370370374,4.042592592592593,-0.2617993877991496,0.008084309895833324,0.009373670789930528,1.0,1.0,1.6,0.0
complex_room,0,6.144444444444445,3.8240740740740744,-1.3089969389957472,0.008088650173611094,0.009373670789930528,1.0,1.0,1.6,0.0
complex_room,0,6.875925925925927,4.37037037037037,-2.0943951023931957,0.00808919270833332,0.009373670789930528,1.0,1.0,1.6,0.0
complex_room,0,6.144444444444445,4.261111111111111,-1.5707963267948966,0.008096788194444435,0.009373670789930528,1.0,1.0,1.6,0.0
complex_room,0,5.2666666666666675,1.201851851851852,2.879793265790643,0.008096788194444439,0.009373670789930528,1.0,1.0,1.6,0.0
complex_room,0,1.0240740740740741,2.95,-2.356194490192345,0.00811414930555554,0.009373670789930528,1.0,1.0,1.6,0.0
complex_room,0,6.72962962962963,3.9333333333333336,-1.5707963267948966,0.008124999999999976,0.009373670789930528,1.0,1.0,1.6,0.0
complex_room,0,6.144444444444445,4.042592592592593,-1.5707963267948966,0.008124999999999986,0.009373670789930528,1.0,1.0,1.6,0.0
complex_room,0,0.5851851851851853,2.403703703703704,-2.0943951023931957,0.008133138020833302,0.009373670789930528,1.0,1.0,1.6,0.0
complex_room,0,0.7314814814814816,2.95,-2.0943951023931957,0.008136393229166644,0.009373670789930528,1.0,1.0,1.6,0.0
complex_room,0,4.974074074074075,3.0592592592592593,1.8325957145940457,0.008142903645833317,0.009373670789930528,1.0,1.0,1.6,0.0
complex_room,0,6.875925925925927,3.9333333333333336,-2.356194490192345,0.008148871527777752,0.009373670789930528,1.0,1.0,1.6,0.0
complex_room,0,7.022222222222223,2.6222222222222222,1.5707963267948966,0.008152126736111083,0.009373670789930528,1.0,1.0,1.6,0.0
complex_room,0,6.290740740740741,3.714814814814815,-1.5707963267948966,0.008164062499999977,0.009373670789930528,1.0,1.0,1.6,0.0
complex_room,0,6.72962962962963,3.9333333333333336,-2.356194490192345,0.008169487847222195,0.009373670789930528,1.0,1.0,1.6,0.0
complex_room,0,6.583333333333334,4.37037037037037,-2.0943951023931957,0.008172743055555536,0.009373670789930528,1.0,1.0,1.6,0.0
complex_room,0,6.72962962962963,4.37037037037037,-1.5707963267948966,0.008178710937499981,0.009373670789930528,1.0,1.0,1.6,0.0
complex_room,0,1.0240740740740741,1.9666666666666668,0.0,0.0081868489583333,0.009373670789930528,1.0,1.0,1.6,0.0
complex_room,0,0.5851851851851853,1.7481481481481482,-0.2617993877991496,0.008190104166666653,0.009373670789930528,1.0,1.0,1.6,0.0
complex_room,0,6.583333333333334,3.714814814814815,-2.0943951023931957,0.008192274305555526,0.009373670789930528,1.0,1.0,1.6,0.0
complex_room,0,1.4629629629629632,1.5296296296296297,0.0,0.008203124999999983,0.009373670789930528,1.0,1.0,1.6,0.0
complex_room,0,7.022222222222223,4.151851851851852,-2.0943951023931957,0.00820963541666665,0.009373670789930528,1.0,1.0,1.6,0.0
complex_room,0,6.144444444444445,4.042592592592593,-1.3089969389957472,0.008213433159722207,0.009373670789930528,1.0,1.0,1.6,0.0
complex_room,0,6.583333333333334,3.714814814814815,-1.5707963267948966,0.008219943576388862,0.009373670789930528,1.0,1.0,1.6,0.0
complex_room,0,7.022222222222223,3.0592592592592593,1.5707963267948966,0.00822482638888886,0.009373670789930528,1.0,1.0,1.6,0.0
complex_room,0,5.2666666666666675,1.0925925925925926,2.879793265790643,0.00822591145833332,0.009373670789930528,1.0,1.0,1.6,0.0
complex_room,0,7.168518518518519,3.1685185185185185,1.5707963267948966,0.008228624131944412,0.009373670789930528,1.0,1.0,1.6,0.0
complex_room,0,6.290740740740741,4.261111111111111,-1.8325957145940461,0.008236219618055537,0.009373670789930528,1.0,1.0,1.6,0.0
complex_room,0,6.875925925925927,4.151851851851852,-2.356194490192345,0.008238389756944424,0.009373670789930528,1.0,1.0,1.6,0.0
complex_room,0,1.1703703703703705,1.3111111111111111,0.26179938779914913,0.008244900173611094,0.009373670789930528,1.0,1.0,1.6,0.0
complex_room,0,6.437037037037038,4.042592592592593,-1.3089969389957472,0.008245442708333309,0.009373670789930528,1.0,1.0,1.6,0.0
complex_room,0,2.77962962962963,2.185185185185185,2.879793265790643,0.008259548611111098,0.009373670789930528,1.0,1.0,1.6,0.0
complex_room,0,0.8777777777777779,2.95,-2.356194490192345,0.008264973958333316,0.009373670789930528,1.0,1.0,1.6,0.0
complex_room,0,6.875925925925927,4.042592592592593,-2.356194490192345,0.008269314236111087,0.009373670789930528,1.0,1.0,1.6,0.0
complex_room,0,2.340740740740741,4.261111111111111,-0.5235987755982991,0.008269856770833325,0.009373670789930528,1.0,1.0,1.6,0.0
complex_room,0,4.242592592592593,2.512962962962963,-0.5235987755982991,0.008272026909722209,0.009373670789930528,1.0,1.0,1.6,0.0
complex_room,0,6.437037037037038,3.8240740740740744,-1.3089969389957472,0.008272569444444421,0.009373670789930528,1.0,1.0,1.6,0.0
complex_room,0,1.3166666666666669,2.6222222222222222,-2.356194490192345,0.008276909722222201,0.009373670789930528,1.0,1.0,1.6,0.0
complex_room,0,2.6333333333333337,4.042592592592593,-0.2617993877991496,0.008279079861111099,0.009373670789930528,1.0,1.0,1.6,0.0
complex_room,0,4.388888888888889,2.512962962962963,-0.5235987755982991,0.00828233506944443,0.009373670789930528,1.0,1.0,1.6,0.0
complex_room,0,1.3166666666666669,2.2944444444444447,-0.2617993877991496,0.008288302951388882,0.009373670789930528,1.0,1.0,1.6,0.0
complex_room,0,6.290740740740741,4.151851851851852,-1.3089969389957472,0.008292100694444426,0.009373670789930528,1.0,1.0,1.6,0.0
complex_room,0,7.314814814814816,2.840740740740741,1.3089969389957465,0.008293728298611075,0.009373670789930528,1.0,1.0,1.6,0.0
complex_room,0,4.242592592592593,2.6222222222222222,-0.5235987755982991,0.008293728298611096,0.009373670789930528,1.0,1.0,1.6,0.0
complex_room,0,1.1703703703703705,2.2944444444444447,-0.2617993877991496,0.008296983506944437,0.009373670789930528,1.0,1.0,1.6,0.0
complex_room,0,0.5851851851851853,2.512962962962963,-1.8325957145940461,0.008302951388888856,0.009373670789930528,1.0,1.0,1.6,0.0
complex_room,0,6.72962962962963,3.714814814814815,-1.8325957145940461,0.008306206597222192,0.009373670789930528,1.0,1.0,1.6,0.0
complex_room,0,1.3166666666666669,1.9666666666666668,-0.2617993877991496,0.008307834201388857,0.009373670789930528,1.0,1.0,1.6,0.0
complex_room,0,6.875925925925927,3.8240740740740744,-2.356194490192345,0.008311631944444418,0.009373670789930528,1.0,1.0,1.6,0.0
complex_room,0,2.340740740740741,4.261111111111111,-0.2617993877991496,0.00831488715277776,0.009373670789930528,1.0,1.0,1.6,0.0
complex_room,0,7.022222222222223,1.3111111111111111,-3.141592653589793,0.008324110243055535,0.009373670789930528,1.0,1.0,1.6,0.0
complex_room,0,4.535185185185186,2.512962962962963,-0.5235987755982991,0.008326280381944428,0.009373670789930528,1.0,1.0,1.6,0.0
complex_room,0,3.5111111111111115,5.135185185185185,2.617993877991494,0.008327907986111101,0.009373670789930528,1.0,1.0,1.6,0.0
complex_room,0,5.705555555555557,2.7314814814814814,1.8325957145940457,0.008331163194444411,0.009373670789930528,1.0,1.0,1.6,0.0
complex_room,0,6.290740740740741,4.151851851851852,-1.8325957145940461,0.008331163194444425,0.009373670789930528,1.0,1.0,1.6,0.0
complex_room,0,1.6092592592592594,1.638888888888889,0.26179938779914913,0.008333333333333316,0.009373670789930528,1.0,1.0,1.6,0.0
complex_room,0,1.6092592592592594,2.075925925925926,0.0,0.008338216145833329,0.009373670789930528,1.0,1.0,1.6,0.0
complex_room,0,2.6333333333333337,2.2944444444444447,-3.141592653589793,0.008342013888888866,0.009373670789930528,1.0,1.0,1.6,0.0
complex_room,0,6.290740740740741,3.6055555555555556,-1.3089969389957472,0.008342556423611088,0.009373670789930528,1.0,1.0,1.6,0.0
complex_room,0,2.6333333333333337,4.479629629629629,-0.5235987755982991,0.008344184027777762,0.009373670789930528,1.0,1.0,1.6,0.0
complex_room,0,7.022222222222223,4.042592592592593,-2.0943951023931957,0.008346354166666646,0.009373670789930528,1.0,1.0,1.6,0.0
complex_room,0,6.72962962962963,3.6055555555555556,-2.0943951023931957,0.008349066840277745,0.009373670789930528,1.0,1.0,1.6,0.0
complex_room,0,1.7555555555555558,1.9666666666666668,0.0,0.00835015190972222,0.009373670789930528,1.0,1.0,1.6,0.0
complex_room,0,1.1703703703703705,2.185185185185185,-0.2617993877991496,0.008355577256944424,0.009373670789930528,1.0,1.0,1.6,0.0
complex_room,0,2.4870370370370374,4.479629629629629,-0.5235987755982991,0.008358289930555542,0.009373670789930528,1.0,1.0,1.6,0.0
complex_room,0,6.875925925925927,2.95,1.3089969389957465,0.008359917534722195,0.009373670789930528,1.0,1.0,1.6,0.0
complex_room,0,6.72962962962963,4.151851851851852,-2.356194490192345,0.008361545138888865,0.009373670789930528,1.0,1.0,1.6,0.0
complex_room,0,6.72962962962963,4.042592592592593,-2.356194490192345,0.008363715277777753,0.009373670789930528,1.0,1.0,1.6,0.0
complex_room,0,6.144444444444445,4.37037037037037,-1.5707963267948966,0.00836425781249999,0.009373670789930528,1.0,1.0,1.6,0.0
complex_room,0,5.120370370370371,2.840740740740741,1.8325957145940457,0.008369683159722198,0.009373670789930528,1.0,1.0,1.6,0.0
complex_room,0,6.875925925925927,3.714814814814815,-2.0943951023931957,0.008370225694444417,0.009373670789930528,1.0,1.0,1.6,0.0
complex_room,0,6.437037037037038,3.714814814814815,-1.3089969389957472,0.008372395833333308,0.009373670789930528,1.0,1.0,1.6,0.0
complex_room,0,6.72962962962963,3.8240740740740744,-2.356194490192345,0.00837402343749997,0.009373670789930528,1.0,1.0,1.6,0.0
complex_room,0,5.2666666666666675,2.6222222222222222,1.5707963267948966,0.008375108506944414,0.009373670789930528,1.0,1.0,1.6,0.0
complex_room,0,1.3166666666666669,1.8574074074074074,-0.2617993877991496,0.008379991319444412,0.009373670789930528,1.0,1.0,1.6,0.0
complex_room,0,6.875925925925927,3.8240740740740744,-1.8325957145940461,0.008384874131944418,0.009373670789930528,1.0,1.0,1.6,0.0
complex_room,0,6.72962962962963,3.8240740740740744,-1.5707963267948966,0.008385959201388864,0.009373670789930528,1.0,1.0,1.6,0.0
complex_room,0,6.144444444444445,3.714814814814815,-1.3089969389957472,0.008390842013888872,0.009373670789930528,1.0,1.0,1.6,0.0
complex_room,0,5.120370370370371,1.201851851851852,2.879793265790643,0.008401150173611103,0.009373670789930528,1.0,1.0,1.6,0.0
complex_room,0,1.3166666666666669,1.4203703703703705,0.0,0.008413628472222203,0.009373670789930528,1.0,1.0,1.6,0.0
complex_room,0,0.5851851851851853,2.840740740740741,-2.0943951023931957,0.008414171006944419,0.009373670789930528,1.0,1.0,1.6,0.0
complex_room,0,1.0240740740740741,1.638888888888889,0.26179938779914913,0.008415256076388856,0.009373670789930528,1.0,1.0,1.6,0.0
complex_room,0,1.7555555555555558,1.3111111111111111,0.26179938779914913,0.008420138888888885,0.009373670789930528,1.0,1.0,1.6,0.0
complex_room,0,7.022222222222223,2.512962962962963,1.3089969389957465,0.008422851562499965,0.009373670789930528,1.0,1.0,1.6,0.0
complex_room,0,2.6333333333333337,4.37037037037037,-0.2617993877991496,0.008426106770833308,0.009373670789930528,1.0,1.0,1.6,0.0
complex_room,0,1.3166666666666669,2.512962962962963,-2.356194490192345,0.008429904513888866,0.009373670789930528,1.0,1.0,1.6,0.0
complex_room,0,1.4629629629629632,2.6222222222222222,-2.6179938779914944,0.008429904513888874,0.009373670789930528,1.0,1.0,1.6,0.0
complex_room,0,6.875925925925927,3.714814814814815,-2.356194490192345,0.00843207465277775,0.009373670789930528,1.0,1.0,1.6,0.0
complex_room,0,7.461111111111112,0.9833333333333334,2.879793265790643,0.008434244791666662,0.009373670789930528,1.0,1.0,1.6,0.0
complex_room,0,1.0240740740740741,2.512962962962963,-2.0943951023931957,0.008455403645833297,0.009373670789930528,1.0,1.0,1.6,0.0
complex_room,0,7.461111111111112,3.1685185185185185,1.5707963267948966,0.008460828993055527,0.009373670789930528,1.0,1.0,1.6,0.0
complex_room,0,6.437037037037038,3.714814814814815,-1.8325957145940461,0.008462456597222192,0.009373670789930528,1.0,1.0,1.6,0.0
complex_room,0,5.120370370370371,1.0925925925925926,2.879793265790643,0.008466796874999984,0.009373670789930528,1.0,1.0,1.6,0.0
complex_room,0,6.72962962962963,3.714814814814815,-2.356194490192345,0.008472222222222194,0.009373670789930528,1.0,1.0,1.6,0.0
complex_room,0,1.4629629629629632,1.638888888888889,0.26179938779914913,0.00847384982638886,0.009373670789930528,1.0,1.0,1.6,0.0
complex_room,0,1.1703703703703705,2.840740740740741,-2.356194490192345,0.008479275173611097,0.009373670789930528,1.0,1.0,1.6,0.0
complex_room,0,4.388888888888889,2.840740740740741,-0.7853981633974483,0.008479817708333316,0.009373670789930528,1.0,1.0,1.6,0.0
complex_room,0,7.168518518518519,1.3111111111111111,-3.141592653589793,0.008487955729166644,0.009373670789930528,1.0,1.0,1.6,0.0
complex_room,0,1.9018518518518521,1.4203703703703705,0.26179938779914913,0.00849663628472222,0.009373670789930528,1.0,1.0,1.6,0.0
complex_room,0,7.461111111111112,3.277777777777778,1.8325957145940457,0.00849989149305553,0.009373670789930528,1.0,1.0,1.6,0.0
complex_room,0,0.7314814814814816,1.9666666666666668,-0.2617993877991496,0.008499891493055536,0.009373670789930528,1.0,1.0,1.6,0.0
complex_room,0,1.3166666666666669,1.7481481481481482,-0.2617993877991496,0.008504774305555523,0.009373670789930528,1.0,1.0,1.6,0.0
complex_room,0,7.022222222222223,4.261111111111111,-2.0943951023931957,0.008505316840277765,0.009373670789930528,1.0,1.0,1.6,0.0
complex_room,0,7.022222222222223,3.9333333333333336,-2.6179938779914944,0.008513997395833313,0.009373670789930528,1.0,1.0,1.6,0.0
complex_room,0,1.3166666666666669,2.512962962962963,-2.6179938779914944,0.008514539930555535,0.009373670789930528,1.0,1.0,1.6,0.0
complex_room,0,6.72962962962963,4.479629629629629,-2.0943951023931957,0.00851453993055554,0.009373670789930528,1.0,1.0,1.6,0.0
complex_room,0,6.290740740740741,4.37037037037037,-1.8325957145940461,0.008519965277777762,0.009373670789930528,1.0,1.0,1.6,0.0
complex_room,0,2.77962962962963,2.403703703703704,-3.141592653589793,0.008523220486111087,0.009373670789930528,1.0,1.0,1.6,0.0
complex_room,0,7.022222222222223,3.0592592592592593,1.3089969389957465,0.008540039062499968,0.009373670789930528,1.0,1.0,1.6,0.0
complex_room,0,4.242592592592593,3.3870370370370373,-3.141592653589793,0.008543836805555543,0.009373670789930528,1.0,1.0,1.6,0.0
complex_room,0,6.290740740740741,4.261111111111111,-1.3089969389957472,0.008549804687499983,0.009373670789930528,1.0,1.0,1.6,0.0
complex_room,0,7.022222222222223,4.151851851851852,-2.6179938779914944,0.008552517361111091,0.009373670789930528,1.0,1.0,1.6,0.0
complex_room,0,4.827777777777778,2.840740740740741,1.5707963267948966,0.008556315104166635,0.009373670789930528,1.0,1.0,1.6,0.0
complex_room,0,6.144444444444445,4.151851851851852,-1.3089969389957472,0.008557400173611097,0.009373670789930528,1.0,1.0,1.6,0.0
complex_room,0,0.8777777777777779,2.95,-2.0943951023931957,0.008559027777777756,0.009373670789930528,1.0,1.0,1.6,0.0
complex_room,0,0.7314814814814816,2.075925925925926,-0.2617993877991496,0.008564453124999986,0.009373670789930528,1.0,1.0,1.6,0.0
complex_room,0,7.022222222222223,4.042592592592593,-2.6179938779914944,0.00857910156249998,0.009373670789930528,1.0,1.0,1.6,0.0
complex_room,0,1.0240740740740741,2.6222222222222222,-2.0943951023931957,0.008581271701388855,0.009373670789930528,1.0,1.0,1.6,0.0
complex_room,0,6.875925925925927,3.6055555555555556,-2.356194490192345,0.008581271701388858,0.009373670789930528,1.0,1.0,1.6,0.0
complex_room,0,6.144444444444445,3.9333333333333336,-1.5707963267948966,0.008581814236111093,0.009373670789930528,1.0,1.0,1.6,0.0
complex_room,0,6.72962962962963,4.261111111111111,-2.356194490192345,0.008583984374999978,0.009373670789930528,1.0,1.0,1.6,0.0
complex_room,0,7.022222222222223,3.9333333333333336,-2.0943951023931957,0.008586154513888868,0.009373670789930528,1.0,1.0,1.6,0.0
complex_room,0,6.875925925925927,4.261111111111111,-2.356194490192345,0.008595377604166647,0.009373670789930528,1.0,1.0,1.6,0.0
complex_room,0,2.9259259259259265,2.185185185185185,2.879793265790643,0.008597547743055545,0.009373670789930528,1.0,1.0,1.6,0.0
complex_room,0,0.5851851851851853,2.403703703703704,-1.8325957145940461,0.008600260416666632,0.009373670789930528,1.0,1.0,1.6,0.0
complex_room,0,6.72962962962963,3.6055555555555556,-2.356194490192345,0.008600260416666635,0.009373670789930528,1.0,1.0,1.6,0.0
complex_room,0,7.022222222222223,4.151851851851852,-1.8325957145940461,0.008605143229166648,0.009373670789930528,1.0,1.0,1.6,0.0
complex_room,0,6.437037037037038,4.151851851851852,-2.0943951023931957,0.008611111111111087,0.009373670789930528,1.0,1.0,1.6,0.0
complex_room,0,1.1703703703703705,2.95,-2.356194490192345,0.008617621527777767,0.009373670789930528,1.0,1.0,1.6,0.0
complex_room,0,2.6333333333333337,2.075925925925926,2.879793265790643,0.008619791666666652,0.009373670789930528,1.0,1.0,1.6,0.0
complex_room,0,7.461111111111112,3.1685185185185185,1.8325957145940457,0.008630642361111081,0.009373670789930528,1.0,1.0,1.6,0.0
complex_room,0,7.168518518518519,3.8240740740740744,-2.8797932657906435,0.008647460937499983,0.009373670789930528,1.0,1.0,1.6,0.0
complex_room,0,7.314814814814816,2.95,1.3089969389957465,0.008648003472222186,0.009373670789930528,1.0,1.0,1.6,0.0
complex_room,0,7.022222222222223,1.201851851851852,-3.141592653589793,0.008654513888888866,0.009373670789930528,1.0,1.0,1.6,0.0
complex_room,0,6.875925925925927,4.479629629629629,-2.0943951023931957,0.0086599392361111,0.009373670789930528,1.0,1.0,1.6,0.0
complex_room,0,6.437037037037038,3.6055555555555556,-1.5707963267948966,0.008665364583333307,0.009373670789930528,1.0,1.0,1.6,0.0
complex_room,0,6.875925925925927,2.6222222222222222,1.3089969389957465,0.008666449652777743,0.009373670789930528,1.0,1.0,1.6,0.0
complex_room,0,7.314814814814816,1.3111111111111111,-3.141592653589793,0.008667534722222203,0.009373670789930528,1.0,1.0,1.6,0.0
complex_room,0,7.022222222222223,4.151851851851852,-2.356194490192345,0.008668077256944426,0.009373670789930528,1.0,1.0,1.6,0.0
complex_room,0,0.7314814814814816,1.4203703703703705,0.26179938779914913,0.008669704861111075,0.009373670789930528,1.0,1.0,1.6,0.0
complex_room,0,4.242592592592593,2.403703703703704,-0.5235987755982991,0.008670789930555542,0.009373670789930528,1.0,1.0,1.6,0.0
complex_room,0,0.43888888888888894,1.4203703703703705,0.0,0.00867730034722222,0.009373670789930528,1.0,1.0,1.6,0.0
complex_room,0,1.3166666666666669,2.840740740740741,-2.6179938779914944,0.008677842881944429,0.009373670789930528,1.0,1.0,1.6,0.0
complex_room,0,6.875925925925927,3.9333333333333336,-2.6179938779914944,0.008678927951388866,0.009373670789930528,1.0,1.0,1.6,0.0
complex_room,0,5.55925925925926,2.840740740740741,1.8325957145940457,0.008683268229166638,0.009373670789930528,1.0,1.0,1.6,0.0
complex_room,0,7.314814814814816,3.277777777777778,1.5707963267948966,0.008695203993055524,0.009373670789930528,1.0,1.0,1.6,0.0
complex_room,0,6.437037037037038,4.261111111111111,-2.0943951023931957,0.0087017144097222,0.009373670789930528,1.0,1.0,1.6,0.0
complex_room,0,6.875925925925927,4.5888888888888895,-1.8325957145940461,0.008705512152777772,0.009373670789930528,1.0,1.0,1.6,0.0
complex_room,0,1.6092592592592594,1.638888888888889,0.0,0.008707682291666645,0.009373670789930528,1.0,1.0,1.6,0.0
complex_room,0,2.4870370370370374,4.37037037037037,-0.2617993877991496,0.008712022569444419,0.009373670789930528,1.0,1.0,1.6,0.0
complex_room,0,7.314814814814816,4.042592592592593,-2.8797932657906435,0.008715277777777766,0.009373670789930528,1.0,1.0,1.6,0.0
complex_room,0,2.0481481481481483,4.916666666666667,-0.7853981633974483,0.008719075520833314,0.009373670789930528,1.0,1.0,1.6,0.0
complex_room,0,6.290740740740741,4.042592592592593,-1.8325957145940461,0.008729926215277755,0.009373670789930528,1.0,1.0,1.6,0.0
complex_room,0,0.7314814814814816,1.201851851851852,0.26179938779914913,0.008733723958333304,0.009373670789930528,1.0,1.0,1.6,0.0
complex_room,0,7.022222222222223,4.042592592592593,-2.356194490192345,0.008734809027777755,0.009373670789930528,1.0,1.0,1.6,0.0
complex_room,0,6.583333333333334,4.5888888888888895,-1.5707963267948966,0.008739691840277765,0.009373670789930528,1.0,1.0,1.6,0.0
complex_room,0,5.120370370370371,2.7314814814814814,1.8325957145940457,0.008743489583333307,0.009373670789930528,1.0,1.0,1.6,0.0
complex_room,0,7.022222222222223,3.8240740740740744,-2.6179938779914944,0.0087456597222222,0.009373670789930528,1.0,1.0,1.6,0.0
complex_room,0,6.437037037037038,3.9333333333333336,-2.0943951023931957,0.00874728732638886,0.009373670789930528,1.0,1.0,1.6,0.0
complex_room,0,6.437037037037038,4.151851851851852,-1.3089969389957472,0.00874837239583331,0.009373670789930528,1.0,1.0,1.6,0.0
complex_room,0,2.77962962962963,4.37037037037037,-0.2617993877991496,0.008748914930555528,0.009373670789930528,1.0,1.0,1.6,0.0
complex_room,0,7.461111111111112,3.0592592592592593,1.8325957145940457,0.008755425347222191,0.009373670789930528,1.0,1.0,1.6,0.0
complex_room,0,7.022222222222223,3.714814814814815,-2.8797932657906435,0.008758138020833313,0.009373670789930528,1.0,1.0,1.6,0.0
complex_room,0,7.022222222222223,3.1685185185185185,1.5707963267948966,0.008760850694444416,0.009373670789930528,1.0,1.0,1.6,0.0
complex_room,0,6.875925925925927,1.3111111111111111,2.617993877991494,0.008766818576388873,0.009373670789930528,1.0,1.0,1.6,0.0
complex_room,0,7.168518518518519,2.512962962962963,1.3089969389957465,0.008767903645833295,0.009373670789930528,1.0,1.0,1.6,0.0
complex_room,0,2.9259259259259265,4.37037037037037,-0.2617993877991496,0.008774956597222196,0.009373670789930528,1.0,1.0,1.6,0.0
complex_room,0,7.168518518518519,1.201851851851852,-3.141592653589793,0.008777669270833309,0.009373670789930528,1.0,1.0,1.6,0.0
complex_room,0,2.6333333333333337,4.37037037037037,-0.5235987755982991,0.008782009548611096,0.009373670789930528,1.0,1.0,1.6,0.0
complex_room,0,7.168518518518519,3.0592592592592593,1.3089969389957465,0.008796657986111074,0.009373670789930528,1.0,1.0,1.6,0.0
complex_room,0,7.022222222222223,4.261111111111111,-1.8325957145940461,0.00879774305555554,0.009373670789930528,1.0,1.0,1.6,0.0
complex_room,0,6.583333333333334,4.698148148148149,-1.8325957145940461,0.008799370659722217,0.009373670789930528,1.0,1.0,1.6,0.0
complex_room,0,1.4629629629629632,2.512962962962963,-2.6179938779914944,0.00881998697916665,0.009373670789930528,1.0,1.0,1.6,0.0
complex_room,0,1.1703703703703705,2.7314814814814814,-2.6179938779914944,0.008820529513888863,0.009373670789930528,1.0,1.0,1.6,0.0
complex_room,0,6.437037037037038,4.042592592592593,-2.0943951023931957,0.008824327256944417,0.009373670789930528,1.0,1.0,1.6,0.0
complex_room,0,7.022222222222223,3.8240740740740744,-2.356194490192345,0.00882432725694442,0.009373670789930528,1.0,1.0,1.6,0.0
complex_room,0,0.7314814814814816,2.185185185185185,-0.2617993877991496,0.008828124999999992,0.009373670789930528,1.0,1.0,1.6,0.0
complex_room,0,6.290740740740741,4.479629629629629,-1.8325957145940461,0.008830837673611097,0.009373670789930528,1.0,1.0,1.6,0.0
complex_room,0,4.974074074074075,3.0592592592592593,1.5707963267948966,0.00883572048611107,0.009373670789930528,1.0,1.0,1.6,0.0
complex_room,0,6.144444444444445,4.261111111111111,-1.3089969389957472,0.008836263020833322,0.009373670789930528,1.0,1.0,1.6,0.0
complex_room,0,4.535185185185186,2.403703703703704,-0.2617993877991496,0.008837890624999976,0.009373670789930528,1.0,1.0,1.6,0.0
complex_room,0,4.388888888888889,2.7314814814814814,-0.5235987755982991,0.008839518229166645,0.009373670789930528,1.0,1.0,1.6,0.0
complex_room,0,6.583333333333334,4.479629629629629,-2.0943951023931957,0.008841145833333315,0.009373670789930528,1.0,1.0,1.6,0.0
complex_room,0,7.022222222222223,1.3111111111111111,2.617993877991494,0.008843858506944429,0.009373670789930528,1.0,1.0,1.6,0.0
complex_room,0,7.022222222222223,4.37037037037037,-2.0943951023931957,0.008849283854166655,0.009373670789930528,1.0,1.0,1.6,0.0
complex_room,0,0.7314814814814816,3.0592592592592593,-2.0943951023931957,0.008850911458333314,0.009373670789930528,1.0,1.0,1.6,0.0
complex_room,0,7.314814814814816,3.277777777777778,1.8325957145940457,0.008855794270833304,0.009373670789930528,1.0,1.0,1.6,0.0
complex_room,0,7.168518518518519,1.3111111111111111,2.617993877991494,0.008857964409722207,0.009373670789930528,1.0,1.0,1.6,0.0
complex_room,0,6.875925925925927,3.8240740740740744,-2.6179938779914944,0.008860134548611086,0.009373670789930528,1.0,1.0,1.6,0.0
complex_room,0,6.144444444444445,4.479629629629629,-1.5707963267948966,0.008860677083333327,0.009373670789930528,1.0,1.0,1.6,0.0
complex_room,0,0.5851851851851853,2.95,-2.0943951023931957,0.008865017361111088,0.009373670789930528,1.0,1.0,1.6,0.0
complex_room,0,1.6092592592592594,1.4203703703703705,0.26179938779914913,0.008865017361111095,0.009373670789930528,1.0,1.0,1.6,0.0
complex_room,0,6.875925925925927,4.042592592592593,-2.6179938779914944,0.00886555989583331,0.009373670789930528,1.0,1.0,1.6,0.0
complex_room,0,0.8777777777777779,1.638888888888889,-0.2617993877991496,0.008868815104166629,0.009373670789930528,1.0,1.0,1.6,0.0
complex_room,0,1.1703703703703705,1.5296296296296297,0.26179938779914913,0.00887261284722219,0.009373670789930528,1.0,1.0,1.6,0.0
complex_room,0,0.5851851851851853,2.075925925925926,-0.2617993877991496,0.008877495659722217,0.009373670789930528,1.0,1.0,1.6,0.0
complex_room,0,7.022222222222223,3.9333333333333336,-2.356194490192345,0.00888020833333331,0.009373670789930528,1.0,1.0,1.6,0.0
complex_room,0,4.242592592592593,3.0592592592592593,-0.7853981633974483,0.008881835937499968,0.009373670789930528,1.0,1.0,1.6,0.0
complex_room,0,6.583333333333334,3.6055555555555556,-1.5707963267948966,0.00888346354166664,0.009373670789930528,1.0,1.0,1.6,0.0
complex_room,0,2.9259259259259265,2.075925925925926,2.879793265790643,0.008884548611111107,0.009373670789930528,1.0,1.0,1.6,0.0
complex_room,0,2.9259259259259265,4.042592592592593,-0.2617993877991496,0.008888346354166653,0.009373670789930528,1.0,1.0,1.6,0.0
complex_room,0,1.0240740740740741,3.0592592592592593,-2.356194490192345,0.008891059027777766,0.009373670789930528,1.0,1.0,1.6,0.0
complex_room,0,6.437037037037038,3.6055555555555556,-1.3089969389957472,0.008891601562499974,0.009373670789930528,1.0,1.0,1.6,0.0
complex_room,0,0.8777777777777779,1.4203703703703705,0.26179938779914913,0.008901367187499953,0.009373670789930528,1.0,1.0,1.6,0.0
complex_room,0,6.583333333333334,3.6055555555555556,-1.8325957145940461,0.008905707465277747,0.009373670789930528,1.0,1.0,1.6,0.0
complex_room,0,6.875925925925927,4.151851851851852,-2.6179938779914944,0.00890624999999998,0.009373670789930528,1.0,1.0,1.6,0.0
complex_room,0,2.77962962962963,4.042592592592593,-0.2617993877991496,0.008907877604166652,0.009373670789930528,1.0,1.0,1.6,0.0
complex_room,0,6.583333333333334,3.6055555555555556,-2.0943951023931957,0.008909505208333302,0.009373670789930528,1.0,1.0,1.6,0.0
complex_room,0,1.4629629629629632,1.7481481481481482,0.26179938779914913,0.008917100694444416,0.009373670789930528,1.0,1.0,1.6,0.0
complex_room,0,2.1944444444444446,4.37037037037037,-0.5235987755982991,0.008919270833333324,0.009373670789930528,1.0,1.0,1.6,0.0
complex_room,0,7.6074074074074085,3.1685185185185185,1.8325957145940457,0.00892415364583331,0.009373670789930528,1.0,1.0,1.6,0.0
complex_room,0,2.1944444444444446,4.479629629629629,-0.5235987755982991,0.008927408854166659,0.009373670789930528,1.0,1.0,1.6,0.0
complex_room,0,7.022222222222223,3.6055555555555556,-2.8797932657906435,0.0089360894097222,0.009373670789930528,1.0,1.0,1.6,0.0
complex_room,0,7.022222222222223,3.714814814814815,-2.6179938779914944,0.008943142361111087,0.009373670789930528,1.0,1.0,1.6,0.0
complex_room,0,7.022222222222223,4.261111111111111,-2.356194490192345,0.008943684895833316,0.009373670789930528,1.0,1.0,1.6,0.0
complex_room,0,6.875925925925927,4.37037037037037,-2.356194490192345,0.008948567708333315,0.009373670789930528,1.0,1.0,1.6,0.0
complex_room,0,4.535185185185186,2.840740740740741,-0.7853981633974483,0.008949110243055537,0.009373670789930528,1.0,1.0,1.6,0.0
complex_room,0,3.0722222222222224,2.2944444444444447,2.879793265790643,0.008950195312499989,0.009373670789930528,1.0,1.0,1.6,0.0
complex_room,0,6.875925925925927,3.714814814814815,-2.6179938779914944,0.00895453559027775,0.009373670789930528,1.0,1.0,1.6,0.0
complex_room,0,4.0962962962962965,2.6222222222222222,-0.5235987755982991,0.008958875868055542,0.009373670789930528,1.0,1.0,1.6,0.0
complex_room,0,7.022222222222223,4.261111111111111,-2.6179938779914944,0.008963216145833315,0.009373670789930528,1.0,1.0,1.6,0.0
complex_room,0,0.8777777777777779,2.2944444444444447,-2.356194490192345,0.008963758680555524,0.009373670789930528,1.0,1.0,1.6,0.0
complex_room,0,6.583333333333334,3.9333333333333336,-2.356194490192345,0.008965928819444417,0.009373670789930528,1.0,1.0,1.6,0.0
complex_room,0,7.022222222222223,3.8240740740740744,-2.0943951023931957,0.008967013888888863,0.009373670789930528,1.0,1.0,1.6,0.0
complex_room,0,7.314814814814816,3.9333333333333336,-2.8797932657906435,0.00896809895833332,0.009373670789930528,1.0,1.0,1.6,0.0
complex_room,0,7.314814814814816,3.1685185185185185,1.8325957145940457,0.008977322048611078,0.009373670789930528,1.0,1.0,1.6,0.0
complex_room,0,7.168518518518519,3.277777777777778,1.5707963267948966,0.008978407118055523,0.009373670789930528,1.0,1.0,1.6,0.0
complex_room,0,0.43888888888888894,1.3111111111111111,0.0,0.008990342881944445,0.009373670789930528,1.0,1.0,1.6,0.0
complex_room,0,7.314814814814816,3.0592592592592593,1.8325957145940457,0.008997395833333298,0.009373670789930528,1.0,1.0,1.6,0.0
complex_room,0,4.974074074074075,1.0925925925925926,2.879793265790643,0.008999023437499986,0.009373670789930528,1.0,1.0,1.6,0.0
complex_room,0,2.340740740740741,4.042592592592593,-0.2617993877991496,0.0090017361111111,0.009373670789930528,1.0,1.0,1.6,0.0
complex_room,0,4.242592592592593,2.7314814814814814,-0.5235987755982991,0.009006076388888869,0.009373670789930528,1.0,1.0,1.6,0.0
complex_room,0,4.535185185185186,2.2944444444444447,-0.2617993877991496,0.009014214409722202,0.009373670789930528,1.0,1.0,1.6,0.0
complex_room,0,2.0481481481481483,1.5296296296296297,0.26179938779914913,0.009015299479166659,0.009373670789930528,1.0,1.0,1.6,0.0
complex_room,0,0.7314814814814816,2.6222222222222222,-2.356194490192345,0.009015842013888857,0.009373670789930528,1.0,1.0,1.6,0.0
complex_room,0,4.388888888888889,2.403703703703704,-0.5235987755982991,0.009016384548611096,0.009373670789930528,1.0,1.0,1.6,0.0
complex_room,0,4.0962962962962965,2.512962962962963,-0.5235987755982991,0.009020724826388875,0.009373670789930528,1.0,1.0,1.6,0.0
complex_room,0,0.7314814814814816,1.201851851851852,0.0,0.009023437499999978,0.009373670789930528,1.0,1.0,1.6,0.0
complex_room,0,0.5851851851851853,1.7481481481481482,0.0,0.009028320312499977,0.009373670789930528,1.0,1.0,1.6,0.0
complex_room,0,7.168518518518519,4.042592592592593,-2.6179938779914944,0.009028862847222206,0.009373670789930528,1.0,1.0,1.6,0.0
complex_room,0,0.5851851851851853,1.201851851851852,0.0,0.009029947916666654,0.009373670789930528,1.0,1.0,1.6,0.0
complex_room,0,6.290740740740741,3.6055555555555556,-1.5707963267948966,0.009031575520833307,0.009373670789930528,1.0,1.0,1.6,0.0
complex_room,0,7.022222222222223,3.714814814814815,-2.356194490192345,0.009031575520833307,0.009373670789930528,1.0,1.0,1.6,0.0
complex_room,0,4.681481481481482,4.37037037037037,2.879793265790643,0.009034288194444405,0.009373670789930528,1.0,1.0,1.6,0.0
complex_room,0,6.875925925925927,3.6055555555555556,-2.6179938779914944,0.009035915798611084,0.009373670789930528,1.0,1.0,1.6,0.0
complex_room,0,0.7314814814814816,2.7314814814814814,-2.356194490192345,0.009039171006944414,0.009373670789930528,1.0,1.0,1.6,0.0
complex_room,0,0.7314814814814816,2.512962962962963,-1.8325957145940461,0.009040256076388852,0.009373670789930528,1.0,1.0,1.6,0.0
complex_room,0,6.144444444444445,3.6055555555555556,-1.3089969389957472,0.00904025607638887,0.009373670789930528,1.0,1.0,1.6,0.0
complex_room,0,6.72962962962963,2.840740740740741,1.3089969389957465,0.00904134114583331,0.009373670789930528,1.0,1.0,1.6,0.0
complex_room,0,1.1703703703703705,2.6222222222222222,-2.6179938779914944,0.009055447048611083,0.009373670789930528,1.0,1.0,1.6,0.0
complex_room,0,0.7314814814814816,2.7314814814814814,-1.8325957145940461,0.009066297743055519,0.009373670789930528,1.0,1.0,1.6,0.0
complex_room,0,1.0240740740740741,1.5296296296296297,-0.2617993877991496,0.009076063368055517,0.009373670789930528,1.0,1.0,1.6,0.0
complex_room,0,4.535185185185186,2.6222222222222222,-0.5235987755982991,0.00908528645833331,0.009373670789930528,1.0,1.0,1.6,0.0
complex_room,0,7.461111111111112,3.277777777777778,1.5707963267948966,0.00908691406249997,0.009373670789930528,1.0,1.0,1.6,0.0
complex_room,0,0.7314814814814816,2.6222222222222222,-1.8325957145940461,0.009097222222222184,0.009373670789930528,1.0,1.0,1.6,0.0
complex_room,0,1.1703703703703705,2.840740740740741,-2.6179938779914944,0.00909776475694442,0.009373670789930528,1.0,1.0,1.6,0.0
complex_room,0,2.77962962962963,4.479629629629629,-0.5235987755982991,0.009105902777777758,0.009373670789930528,1.0,1.0,1.6,0.0
complex_room,0,7.168518518518519,4.151851851851852,-2.6179938779914944,0.00910807291666665,0.009373670789930528,1.0,1.0,1.6,0.0
complex_room,0,6.72962962962963,4.698148148148149,-1.8325957145940461,0.009108072916666663,0.009373670789930528,1.0,1.0,1.6,0.0
complex_room,0,1.0240740740740741,1.5296296296296297,0.26179938779914913,0.009120551215277738,0.009373670789930528,1.0,1.0,1.6,0.0
complex_room,0,2.77962962962963,2.185185185185185,-3.141592653589793,0.009122178819444422,0.009373670789930528,1.0,1.0,1.6,0.0
complex_room,0,2.9259259259259265,1.638888888888889,1.3089969389957465,0.009123806423611068,0.009373670789930528,1.0,1.0,1.6,0.0
complex_room,0,7.6074074074074085,2.7314814814814814,1.5707963267948966,0.009130859374999974,0.009373670789930528,1.0,1.0,1.6,0.0
complex_room,0,7.168518518518519,3.714814814814815,-2.8797932657906435,0.009132486979166647,0.009373670789930528,1.0,1.0,1.6,0.0
complex_room,0,2.9259259259259265,1.7481481481481482,1.3089969389957465,0.00913465711805551,0.009373670789930528,1.0,1.0,1.6,0.0
complex_room,0,1.4629629629629632,1.3111111111111111,0.26179938779914913,0.009134657118055538,0.009373670789930528,1.0,1.0,1.6,0.0
complex_room,0,4.681481481481482,2.403703703703704,-0.2617993877991496,0.009138454861111086,0.009373670789930528,1.0,1.0,1.6,0.0
complex_room,0,7.314814814814816,3.3870370370370373,1.8325957145940457,0.009138997395833305,0.009373670789930528,1.0,1.0,1.6,0.0
complex_room,0,1.3166666666666669,1.7481481481481482,0.26179938779914913,0.00913953993055553,0.009373670789930528,1.0,1.0,1.6,0.0
complex_room,0,2.4870370370370374,4.151851851851852,-0.5235987755982991,0.0091433376736111,0.009373670789930528,1.0,1.0,1.6,0.0
complex_room,0,7.022222222222223,4.042592592592593,-1.8325957145940461,0.0091460503472222,0.009373670789930528,1.0,1.0,1.6,0.0
complex_room,0,3.0722222222222224,2.2944444444444447,-3.141592653589793,0.009146050347222207,0.009373670789930528,1.0,1.0,1.6,0.0
complex_room,0,1.1703703703703705,2.512962962962963,-2.0943951023931957,0.009150390624999966,0.009373670789930528,1.0,1.0,1.6,0.0
complex_room,0,7.461111111111112,2.95,1.8325957145940457,0.009151475694444411,0.009373670789930528,1.0,1.0,1.6,0.0
complex_room,0,7.022222222222223,3.1685185185185185,1.3089969389957465,0.009157443576388858,0.009373670789930528,1.0,1.0,1.6,0.0
complex_room,0,5.120370370370371,2.6222222222222222,1.5707963267948966,0.009158528645833304,0.009373670789930528,1.0,1.0,1.6,0.0
complex_room,0,7.022222222222223,4.37037037037037,-2.6179938779914944,0.009161783854166649,0.009373670789930528,1.0,1.0,1.6,0.0
complex_room,0,6.72962962962963,4.479629629629629,-1.5707963267948966,0.009167751736111092,0.009373670789930528,1.0,1.0,1.6,0.0
complex_room,0,4.974074074074075,1.201851851851852,2.879793265790643,0.009169379340277768,0.009373670789930528,1.0,1.0,1.6,0.0
complex_room,0,6.290740740740741,3.4962962962962965,-1.3089969389957472,0.009173719618055532,0.009373670789930528,1.0,1.0,1.6,0.0
complex_room,0,2.6333333333333337,4.151851851851852,-0.5235987755982991,0.009174262152777767,0.009373670789930528,1.0,1.0,1.6,0.0
complex_room,0,1.3166666666666669,1.638888888888889,0.26179938779914913,0.009179687499999969,0.009373670789930528,1.0,1.0,1.6,0.0
complex_room,0,6.437037037037038,3.8240740740740744,-2.0943951023931957,0.009180230034722191,0.009373670789930528,1.0,1.0,1.6,0.0
complex_room,0,7.6074074074074085,3.0592592592592593,1.8325957145940457,0.009187282986111081,0.009373670789930528,1.0,1.0,1.6,0.0
complex_room,0,5.2666666666666675,2.6222222222222222,1.8325957145940457,0.009194878472222192,0.009373670789930528,1.0,1.0,1.6,0.0
complex_room,0,6.290740740740741,3.9333333333333336,-1.8325957145940461,0.009194878472222195,0.009373670789930528,1.0,1.0,1.6,0.0
complex_room,0,6.583333333333334,3.8240740740740744,-2.356194490192345,0.009196506076388859,0.009373670789930528,1.0,1.0,1.6,0.0
complex_room,0,6.583333333333334,4.042592592592593,-2.356194490192345,0.00919867621527775,0.009373670789930528,1.0,1.0,1.6,0.0
complex_room,0,6.72962962962963,4.37037037037037,-2.356194490192345,0.009204101562499978,0.009373670789930528,1.0,1.0,1.6,0.0
complex_room,0,3.9500000000000006,2.840740740740741,-0.7853981633974483,0.009206271701388866,0.009373670789930528,1.0,1.0,1.6,0.0
complex_room,0,6.144444444444445,3.8240740740740744,-1.5707963267948966,0.009207356770833312,0.009373670789930528,1.0,1.0,1.6,0.0
complex_room,0,0.8777777777777779,1.9666666666666668,0.0,0.009209526909722189,0.009373670789930528,1.0,1.0,1.6,0.0
complex_room,0,1.3166666666666669,2.075925925925926,0.0,0.009211697048611085,0.009373670789930528,1.0,1.0,1.6,0.0
complex_room,0,2.0481481481481483,1.4203703703703705,0.26179938779914913,0.009214409722222214,0.009373670789930528,1.0,1.0,1.6,0.0
complex_room,0,6.437037037037038,4.37037037037037,-2.0943951023931957,0.009217122395833312,0.009373670789930528,1.0,1.0,1.6,0.0
complex_room,0,7.168518518518519,4.261111111111111,-2.6179938779914944,0.009220377604166653,0.009373670789930528,1.0,1.0,1.6,0.0
complex_room,0,6.583333333333334,4.151851851851852,-2.356194490192345,0.009222005208333307,0.009373670789930528,1.0,1.0,1.6,0.0
complex_room,0,1.4629629629629632,1.4203703703703705,0.26179938779914913,0.009224175347222197,0.009373670789930528,1.0,1.0,1.6,0.0
complex_room,0,2.9259259259259265,4.042592592592593,0.0,0.009227430555555527,0.009373670789930528,1.0,1.0,1.6,0.0
complex_room,0,2.77962962962963,1.638888888888889,1.3089969389957465,0.009235568576388846,0.009373670789930528,1.0,1.0,1.6,0.0
complex_room,0,7.022222222222223,4.37037037037037,-1.8325957145940461,0.00923719618055554,0.009373670789930528,1.0,1.0,1.6,0.0
complex_room,0,0.8777777777777779,2.403703703703704,-1.8325957145940461,0.009237738715277742,0.009373670789930528,1.0,1.0,1.6,0.0
complex_room,0,6.875925925925927,2.840740740740741,1.5707963267948966,0.00923882378472219,0.009373670789930528,1.0,1.0,1.6,0.0
complex_room,0,0.7314814814814816,2.403703703703704,-1.8325957145940461,0.009239366319444407,0.009373670789930528,1.0,1.0,1.6,0.0
complex_room,0,0.8777777777777779,3.0592592592592593,-2.356194490192345,0.00924262152777776,0.009373670789930528,1.0,1.0,1.6,0.0
complex_room,0,2.9259259259259265,2.185185185185185,-3.141592653589793,0.00925184461805554,0.009373670789930528,1.0,1.0,1.6,0.0
complex_room,0,1.9018518518518521,1.3111111111111111,0.26179938779914913,0.009254014756944437,0.009373670789930528,1.0,1.0,1.6,0.0
complex_room,0,2.77962962962963,1.8574074074074074,1.3089969389957465,0.009254557291666623,0.009373670789930528,1.0,1.0,1.6,0.0
complex_room,0,6.437037037037038,3.6055555555555556,-1.8325957145940461,0.009254557291666635,0.009373670789930528,1.0,1.0,1.6,0.0
complex_room,0,6.875925925925927,3.6055555555555556,-2.0943951023931957,0.009262152777777748,0.009373670789930528,1.0,1.0,1.6,0.0
complex_room,0,6.437037037037038,4.698148148148149,-1.8325957145940461,0.00926215277777777,0.009373670789930528,1.0,1.0,1.6,0.0
complex_room,0,7.168518518518519,3.9333333333333336,-2.6179938779914944,0.009264322916666647,0.009373670789930528,1.0,1.0,1.6,0.0
complex_room,0,1.0240740740740741,1.4203703703703705,0.26179938779914913,0.009269205729166627,0.009373670789930528,1.0,1.0,1.6,0.0
complex_room,0,1.4629629629629632,1.8574074074074074,0.26179938779914913,0.009269205729166643,0.009373670789930528,1.0,1.0,1.6,0.0
complex_room,0,1.0240740740740741,2.2944444444444447,-0.2617993877991496,0.009271375868055546,0.009373670789930528,1.0,1.0,1.6,0.0
complex_room,0,0.8777777777777779,2.6222222222222222,-1.8325957145940461,0.009272460937499965,0.009373670789930528,1.0,1.0,1.6,0.0
complex_room,0,0.7314814814814816,2.512962962962963,-2.356194490192345,0.009272460937499966,0.009373670789930528,1.0,1.0,1.6,0.0
complex_room,0,4.388888888888889,2.7314814814814814,-0.7853981633974483,0.009274631076388868,0.009373670789930528,1.0,1.0,1.6,0.0
complex_room,0,6.72962962962963,3.6055555555555556,-1.8325957145940461,0.009275716145833302,0.009373670789930528,1.0,1.0,1.6,0.0
complex_room,0,7.314814814814816,1.201851851851852,-3.141592653589793,0.00927571614583331,0.009373670789930528,1.0,1.0,1.6,0.0
complex_room,0,4.0962962962962965,3.277777777777778,-3.141592653589793,0.009277343749999981,0.009373670789930528,1.0,1.0,1.6,0.0
complex_room,0,6.72962962962963,3.714814814814815,-1.5707963267948966,0.009279513888888861,0.009373670789930528,1.0,1.0,1.6,0.0
complex_room,0,7.461111111111112,2.7314814814814814,1.3089969389957465,0.009283311631944412,0.009373670789930528,1.0,1.0,1.6,0.0
complex_room,0,2.4870370370370374,2.403703703703704,-3.141592653589793,0.00928602430555553,0.009373670789930528,1.0,1.0,1.6,0.0
complex_room,0,7.022222222222223,4.37037037037037,-2.356194490192345,0.00928602430555554,0.009373670789930528,1.0,1.0,1.6,0.0
complex_room,0,7.022222222222223,1.4203703703703705,2.617993877991494,0.00929253472222221,0.009373670789930528,1.0,1.0,1.6,0.0
complex_room,0,0.7314814814814816,2.840740740740741,-1.8325957145940461,0.009293077256944409,0.009373670789930528,1.0,1.0,1.6,0.0
complex_room,0,6.875925925925927,3.4962962962962965,-2.356194490192345,0.009298502604166637,0.009373670789930528,1.0,1.0,1.6,0.0
complex_room,0,6.583333333333334,3.714814814814815,-2.356194490192345,0.009307725694444414,0.009373670789930528,1.0,1.0,1.6,0.0
complex_room,0,2.77962962962963,4.5888888888888895,-0.5235987755982991,0.009310438368055535,0.009373670789930528,1.0,1.0,1.6,0.0
complex_room,0,6.875925925925927,1.0925925925925926,2.356194490192345,0.009310980902777755,0.009373670789930528,1.0,1.0,1.6,0.0
complex_room,0,4.535185185185186,2.403703703703704,-0.5235987755982991,0.009312065972222207,0.009373670789930528,1.0,1.0,1.6,0.0
complex_room,0,7.314814814814816,2.95,1.8325957145940457,0.009316406249999964,0.009373670789930528,1.0,1.0,1.6,0.0
complex_room,0,2.1944444444444446,4.916666666666667,-0.7853981633974483,0.00931640624999998,0.009373670789930528,1.0,1.0,1.6,0.0
complex_room,0,6.72962962962963,3.4962962962962965,-2.356194490192345,0.009316948784722189,0.009373670789930528,1.0,1.0,1.6,0.0
complex_room,0,0.43888888888888894,2.512962962962963,-1.8325957145940461,0.00931911892361108,0.009373670789930528,1.0,1.0,1.6,0.0
complex_room,0,6.72962962962963,3.4962962962962965,-2.0943951023931957,0.00931911892361108,0.009373670789930528,1.0,1.0,1.6,0.0
complex_room,0,1.1703703703703705,3.0592592592592593,-2.356194490192345,0.009321289062499995,0.009373670789930528,1.0,1.0,1.6,0.0
complex_room,0,4.242592592592593,2.7314814814814814,-0.7853981633974483,0.009322374131944425,0.009373670789930528,1.0,1.0,1.6,0.0
complex_room,0,4.681481481481482,2.2944444444444447,-0.2617993877991496,0.009322374131944425,0.009373670789930528,1.0,1.0,1.6,0.0
complex_room,0,5.120370370370371,4.479629629629629,2.879793265790643,0.009335394965277737,0.009373670789930528,1.0,1.0,1.6,0.0
complex_room,0,2.6333333333333337,4.5888888888888895,-0.5235987755982991,0.009336480034722204,0.009373670789930528,1.0,1.0,1.6,0.0
complex_room,0,7.314814814814816,2.840740740740741,1.8325957145940457,0.009341362847222189,0.009373670789930528,1.0,1.0,1.6,0.0
complex_room,0,7.022222222222223,3.9333333333333336,-1.8325957145940461,0.00934190538194442,0.009373670789930528,1.0,1.0,1.6,0.0
complex_room,0,7.168518518518519,4.37037037037037,-2.6179938779914944,0.009342990451388875,0.009373670789930528,1.0,1.0,1.6,0.0
complex_room,0,6.72962962962963,4.5888888888888895,-2.0943951023931957,0.009345160590277764,0.009373670789930528,1.0,1.0,1.6,0.0
complex_room,0,2.6333333333333337,1.7481481481481482,1.3089969389957465,0.009345703124999959,0.009373670789930528,1.0,1.0,1.6,0.0
complex_room,0,6.290740740740741,4.37037037037037,-1.3089969389957472,0.009350043402777761,0.009373670789930528,1.0,1.0,1.6,0.0
complex_room,0,1.7555555555555558,2.075925925925926,0.0,0.009352213541666661,0.009373670789930528,1.0,1.0,1.6,0.0
complex_room,0,1.4629629629629632,2.2944444444444447,-0.2617993877991496,0.009358723958333327,0.009373670789930528,1.0,1.0,1.6,0.0
complex_room,0,1.4629629629629632,2.7314814814814814,-2.6179938779914944,0.009359809027777766,0.009373670789930528,1.0,1.0,1.6,0.0
complex_room,0,7.168518518518519,3.8240740740740744,-2.6179938779914944,0.009361979166666649,0.009373670789930528,1.0,1.0,1.6,0.0
complex_room,0,0.8777777777777779,3.0592592592592593,-2.0943951023931957,0.00936306423611109,0.009373670789930528,1.0,1.0,1.6,0.0
complex_room,0,1.0240740740740741,2.7314814814814814,-2.0943951023931957,0.009365234374999969,0.009373670789930528,1.0,1.0,1.6,0.0
complex_room,0,6.290740740740741,3.8240740740740744,-1.8325957145940461,0.009366319444444417,0.009373670789930528,1.0,1.0,1.6,0.0
complex_room,0,6.437037037037038,3.714814814814815,-2.0943951023931957,0.009373372395833305,0.009373670789930528,1.0,1.0,1.6,0.0
complex_room,1,2.340740740740741,2.840740740740741,1.0471975511965974,0.0031277126736111013,0.013033848741319387,1.0,2.8,3.0,0.9
complex_room,1,2.9259259259259265,3.0592592592592593,0.7853981633974478,0.0035536024305555356,0.013033848741319387,1.0,2.8,3.0,0.9
complex_room,1,3.0722222222222224,3.0592592592592593,0.7853981633974478,0.004181857638888871,0.013033848741319387,1.0,2.8,3.0,0.9
complex_room,1,2.4870370370370374,2.840740740740741,1.0471975511965974,0.004328884548611095,0.013033848741319387,1.0,2.8,3.0,0.9
complex_room,1,3.0722222222222224,3.1685185185185185,0.7853981633974478,0.004673936631944427,0.013033848741319387,1.0,2.8,3.0,0.9
complex_room,1,2.340740740740741,2.95,1.0471975511965974,0.004867078993055541,0.013033848741319387,1.0,2.8,3.0,0.9
complex_room,1,2.6333333333333337,2.840740740740741,1.0471975511965974,0.005155707465277756,0.013033848741319387,1.0,2.8,3.0,0.9
complex_room,1,6.72962962962963,2.6222222222222222,-2.0943951023931957,0.005235460069444416,0.013033848741319387,1.0,2.8,3.0,0.9
complex_room,1,6.875925925925927,2.6222222222222222,-2.0943951023931957,0.005540364583333305,0.013033848741319387,1.0,2.8,3.0,0.9
complex_room,1,6.437037037037038,2.512962962962963,-2.356194490192345,0.005544704861111084,0.013033848741319387,1.0,2.8,3.0,0.9
complex_room,1,6.583333333333334,2.403703703703704,-2.356194490192345,0.005740559895833303,0.013033848741319387,1.0,2.8,3.0,0.9
complex_room,1,3.218518518518519,3.0592592592592593,0.7853981633974478,0.0059722222222222026,0.013033848741319387,1.0,2.8,3.0,0.9
complex_room,1,7.022222222222223,2.95,-1.8325957145940461,0.005997721354166638,0.013033848741319387,1.0,2.8,3.0,0.9
complex_room,1,4.827777777777778,1.5296296296296297,0.7853981633974478,0.00611111111111109,0.013033848741319387,1.0,2.8,3.0,0.9
complex_room,1,2.9259259259259265,3.1685185185185185,0.7853981633974478,0.006153428819444416,0.013033848741319387,1.0,2.8,3.0,0.9
complex_room,1,4.974074074074075,1.5296296296296297,0.7853981633974478,0.006188693576388866,0.013033848741319387,1.0,2.8,3.0,0.9
complex_room,1,2.77962962962963,2.840740740740741,1.0471975511965974,0.006325412326388863,0.013033848741319387,1.0,2.8,3.0,0.9
complex_room,1,7.022222222222223,2.6222222222222222,-2.0943951023931957,0.0063986545138888596,0.013033848741319387,1.0,2.8,3.0,0.9
complex_room,1,6.437037037037038,2.403703703703704,-2.356194490192345,0.006432834201388858,0.013033848741319387,1.0,2.8,3.0,0.9
complex_room,1,6.72962962962963,2.403703703703704,-2.356194490192345,0.006442599826388857,0.013033848741319387,1.0,2.8,3.0,0.9
complex_room,1,7.168518518518519,2.95,-1.8325957145940461,0.00648925781249997,0.013033848741319387,1.0,2.8,3.0,0.9
complex_room,1,3.218518518518519,3.1685185185185185,0.7853981633974478,0.006505533854166648,0.013033848741319387,1.0,2.8,3.0,0.9
complex_room,1,6.290740740740741,2.512962962962963,-2.356194490192345,0.006531032986111085,0.013033848741319387,1.0,2.8,3.0,0.9
complex_room,1,5.120370370370371,1.5296296296296297,0.7853981633974478,0.006832139756944419,0.013033848741319387,1.0,2.8,3.0,0.9
complex_room,1,3.218518518518519,2.95,0.7853981633974478,0.006835394965277755,0.013033848741319387,1.0,2.8,3.0,0.9
complex_room,1,3.218518518518519,3.277777777777778,0.7853981633974478,0.006907009548611093,0.013033848741319387,1.0,2.8,3.0,0.9
complex_room,1,5.412962962962964,1.5296296296296297,0.5235987755982987,0.006950412326388862,0.013033848741319387,1.0,2.8,3.0,0.9
complex_room,1,5.120370370370371,1.4203703703703705,0.7853981633974478,0.007122938368055526,0.013033848741319387,1.0,2.8,3.0,0.9
complex_room,1,2.9259259259259265,2.95,0.7853981633974478,0.0071332465277777445,0.013033848741319387,1.0,2.8,3.0,0.9
complex_room,1,3.364814814814815,3.1685185185185185,0.7853981633974478,0.007154405381944429,0.013033848741319387,1.0,2.8,3.0,0.9
complex_room,1,2.1944444444444446,2.7314814814814814,1.0471975511965974,0.007255859374999975,0.013033848741319387,1.0,2.8,3.0,0.9
complex_room,1,6.875925925925927,2.840740740740741,-1.8325957145940461,0.007384982638888857,0.013033848741319387,1.0,2.8,3.0,0.9
complex_room,1,4.827777777777778,1.4203703703703705,0.7853981633974478,0.007504882812499968,0.013033848741319387,1.0,2.8,3.0,0.9
complex_room,1,6.72962962962963,2.2944444444444447,-2.356194490192345,0.007515190972222189,0.013033848741319387,1.0,2.8,3.0,0.9
complex_room,1,2.9259259259259265,2.840740740740741,1.0471975511965974,0.007515190972222193,0.013033848741319387,1.0,2.8,3.0,0.9
complex_room,1,4.974074074074075,1.4203703703703705,0.7853981633974478,0.007562391493055524,0.013033848741319387,1.0,2.8,3.0,0.9
complex_room,1,2.77962962962963,4.261111111111111,-3.141592653589793,0.00764105902777774,0.013033848741319387,1.0,2.8,3.0,0.9
complex_room,1,7.022222222222223,2.840740740740741,-1.8325957145940461,0.007683919270833296,0.013033848741319387,1.0,2.8,3.0,0.9
complex_room,1,7.314814814814816,2.95,-1.8325957145940461,0.0077001953124999694,0.013033848741319387,1.0,2.8,3.0,0.9
complex_room,1,6.583333333333334,2.2944444444444447,-2.356194490192345,0.0077132161458333005,0.013033848741319387,1.0,2.8,3.0,0.9
complex_room,1,2.9259259259259265,2.2944444444444447,-2.0943951023931957,0.007726779513888867,0.013033848741319387,1.0,2.8,3.0,0.9
complex_room,1,7.168518518518519,2.6222222222222222,-2.0943951023931957,0.007743055555555525,0.013033848741319387,1.0,2.8,3.0,0.9
complex_room,1,6.72962962962963,2.840740740740741,-1.8325957145940461,0.007777235243055524,0.013033848741319387,1.0,2.8,3.0,0.9
complex_room,1,2.4870370370370374,2.95,1.0471975511965974,0.0077864583333332954,0.013033848741319387,1.0,2.8,3.0,0.9
complex_room,1,3.364814814814815,5.025925925925926,0.0,0.007958441840277747,0.013033848741319387,1.0,2.8,3.0,0.9
complex_room,1,2.6333333333333337,4.37037037037037,-3.141592653589793,0.007966037326388847,0.013033848741319387,1.0,2.8,3.0,0.9
complex_room,1,6.583333333333334,2.840740740740741,-1.8325957145940461,0.008035481770833307,0.013033848741319387,1.0,2.8,3.0,0.9
complex_room,1,6.144444444444445,2.512962962962963,-2.356194490192345,0.008078342013888865,0.013033848741319387,1.0,2.8,3.0,0.9
complex_room,1,5.2666666666666675,1.4203703703703705,0.7853981633974478,0.008101671006944413,0.013033848741319387,1.0,2.8,3.0,0.9
complex_room,1,3.0722222222222224,3.277777777777778,0.7853981633974478,0.008110894097222189,0.013033848741319387,1.0,2.8,3.0,0.9
complex_room,1,2.77962962962963,3.1685185185185185,0.7853981633974478,0.00812879774305552,0.013033848741319387,1.0,2.8,3.0,0.9
complex_room,1,7.314814814814816,3.3870370370370373,-1.5707963267948966,0.008135850694444412,0.013033848741319387,1.0,2.8,3.0,0.9
complex_room,1,5.2666666666666675,1.638888888888889,0.5235987755982987,0.008139648437499968,0.013033848741319387,1.0,2.8,3.0,0.9
complex_room,1,6.144444444444445,2.6222222222222222,-2.356194490192345,0.008143988715277752,0.013033848741319387,1.0,2.8,3.0,0.9
complex_room,1,3.0722222222222224,2.403703703703704,-2.0943951023931957,0.00819010416666665,0.013033848741319387,1.0,2.8,3.0,0.9
complex_room,1,6.875925925925927,2.2944444444444447,-2.356194490192345,0.008282877604166631,0.013033848741319387,1.0,2.8,3.0,0.9
complex_room,1,3.364814814814815,3.277777777777778,0.7853981633974478,0.008312174479166648,0.013033848741319387,1.0,2.8,3.0,0.9
complex_room,1,7.168518518518519,3.277777777777778,-1.5707963267948966,0.008339843749999961,0.013033848741319387,1.0,2.8,3.0,0.9
complex_room,1,2.6333333333333337,2.95,1.0471975511965974,0.00836968315972218,0.013033848741319387,1.0,2.8,3.0,0.9
complex_room,1,3.5111111111111115,3.1685185185185185,0.7853981633974478,0.008370768229166655,0.013033848741319387,1.0,2.8,3.0,0.9
complex_room,1,3.657407407407408,4.807407407407408,0.0,0.008380533854166646,0.013033848741319387,1.0,2.8,3.0,0.9
complex_room,1,7.168518518518519,2.840740740740741,-1.8325957145940461,0.00842230902777774,0.013033848741319387,1.0,2.8,3.0,0.9
complex_room,1,2.77962962962963,2.185185185185185,-2.0943951023931957,0.008427191840277749,0.013033848741319387,1.0,2.8,3.0,0.9
complex_room,1,3.0722222222222224,5.025925925925926,0.26179938779914913,0.0084890407986111,0.013033848741319387,1.0,2.8,3.0,0.9
complex_room,1,6.583333333333334,0.6555555555555556,-2.0943951023931957,0.008544921874999972,0.013033848741319387,1.0,2.8,3.0,0.9
complex_room,1,6.583333333333334,2.6222222222222222,-2.0943951023931957,0.008573133680555515,0.013033848741319387,1.0,2.8,3.0,0.9
complex_room,1,6.72962962962963,0.6555555555555556,-2.0943951023931957,0.008581814236111082,0.013033848741319387,1.0,2.8,3.0,0.9
complex_room,1,2.77962962962963,4.37037037037037,-3.141592653589793,0.008590494791666623,0.013033848741319387,1.0,2.8,3.0,0.9
complex_room,1,2.9259259259259265,4.261111111111111,-3.141592653589793,0.008645290798611073,0.013033848741319387,1.0,2.8,3.0,0.9
complex_room,1,5.2666666666666675,1.5296296296296297,0.7853981633974478,0.00867675781249997,0.013033848741319387,1.0,2.8,3.0,0.9
complex_room,1,2.9259259259259265,2.185185185185185,-2.0943951023931957,0.008690321180555525,0.013033848741319387,1.0,2.8,3.0,0.9
complex_room,1,3.657407407407408,4.698148148148149,0.0,0.008734266493055538,0.013033848741319387,1.0,2.8,3.0,0.9
complex_room,1,2.340740740740741,2.7314814814814814,1.0471975511965974,0.008810763888888854,0.013033848741319387,1.0,2.8,3.0,0.9
complex_room,1,6.290740740740741,2.403703703703704,-2.6179938779914944,0.008813476562499957,0.013033848741319387,1.0,2.8,3.0,0.9
complex_room,1,2.9259259259259265,4.151851851851852,-3.141592653589793,0.008830837673611073,0.013033848741319387,1.0,2.8,3.0,0.9
complex_room,1,7.461111111111112,3.4962962962962965,-1.5707963267948966,0.008840060763888859,0.013033848741319387,1.0,2.8,3.0,0.9
complex_room,1,7.461111111111112,3.3870370370370373,-1.5707963267948966,0.008883463541666633,0.013033848741319387,1.0,2.8,3.0,0.9
complex_room,1,5.55925925925926,1.4203703703703705,0.5235987755982987,0.00888671874999997,0.013033848741319387,1.0,2.8,3.0,0.9
complex_room,1,6.583333333333334,0.5462962962962963,-2.0943951023931957,0.008889973958333302,0.013033848741319387,1.0,2.8,3.0,0.9
complex_room,1,7.022222222222223,3.0592592592592593,-1.8325957145940461,0.008893229166666627,0.013033848741319387,1.0,2.8,3.0,0.9
complex_room,1,6.437037037037038,0.6555555555555556,-2.0943951023931957,0.008933919270833306,0.013033848741319387,1.0,2.8,3.0,0.9
complex_room,1,2.6333333333333337,2.075925925925926,-2.0943951023931957,0.008947482638888855,0.013033848741319387,1.0,2.8,3.0,0.9
complex_room,1,2.4870370370370374,4.479629629629629,-3.141592653589793,0.00894911024305551,0.013033848741319387,1.0,2.8,3.0,0.9
complex_room,1,7.022222222222223,3.277777777777778,-1.5707963267948966,0.00899088541666663,0.013033848741319387,1.0,2.8,3.0,0.9
complex_room,1,2.6333333333333337,3.1685185185185185,0.7853981633974478,0.009012044270833295,0.013033848741319387,1.0,2.8,3.0,0.9
complex_room,1,5.55925925925926,1.5296296296296297,0.5235987755982987,0.009018554687499972,0.013033848741319387,1.0,2.8,3.0,0.9
complex_room,1,6.72962962962963,2.7314814814814814,-2.0943951023931957,0.009027235243055511,0.013033848741319387,1.0,2.8,3.0,0.9
complex_room,1,4.0962962962962965,1.0925925925925926,0.7853981633974478,0.009027235243055534,0.013033848741319387,1.0,2.8,3.0,0.9
complex_room,1,6.875925925925927,2.7314814814814814,-2.0943951023931957,0.009032660590277733,0.013033848741319387,1.0,2.8,3.0,0.9
complex_room,1,6.583333333333334,2.512962962962963,-2.356194490192345,0.009044053819444401,0.013033848741319387,1.0,2.8,3.0,0.9
complex_room,1,6.875925925925927,2.95,-1.8325957145940461,0.009052734374999961,0.013033848741319387,1.0,2.8,3.0,0.9
complex_room,1,6.437037037037038,0.5462962962962963,-2.0943951023931957,0.00906195746527775,0.013033848741319387,1.0,2.8,3.0,0.9
complex_room,1,3.8037037037037043,4.698148148148149,0.0,0.00907172309027776,0.013033848741319387,1.0,2.8,3.0,0.9
complex_room,1,7.168518518518519,3.0592592592592593,-1.8325957145940461,0.009078776041666625,0.013033848741319387,1.0,2.8,3.0,0.9
complex_room,1,3.218518518518519,5.025925925925926,0.26179938779914913,0.009079861111111094,0.013033848741319387,1.0,2.8,3.0,0.9
complex_room,1,2.9259259259259265,3.277777777777778,0.7853981633974478,0.009090711805555521,0.013033848741319387,1.0,2.8,3.0,0.9
complex_room,1,3.218518518518519,4.916666666666667,0.26179938779914913,0.009101019965277759,0.013033848741319387,1.0,2.8,3.0,0.9
complex_room,1,6.437037037037038,2.6222222222222222,-2.0943951023931957,0.009110243055555517,0.013033848741319387,1.0,2.8,3.0,0.9
complex_room,1,3.364814814814815,3.0592592592592593,0.7853981633974478,0.009111328124999978,0.013033848741319387,1.0,2.8,3.0,0.9
complex_room,1,2.340740740740741,4.479629629629629,-3.141592653589793,0.009134657118055509,0.013033848741319387,1.0,2.8,3.0,0.9
complex_room,1,2.4870370370370374,2.2944444444444447,-2.356194490192345,0.009159071180555528,0.013033848741319387,1.0,2.8,3.0,0.9
complex_room,1,3.218518518518519,2.403703703703704,-2.0943951023931957,0.009170464409722209,0.013033848741319387,1.0,2.8,3.0,0.9
complex_room,1,3.0722222222222224,4.151851851851852,-3.141592653589793,0.009200303819444406,0.013033848741319387,1.0,2.8,3.0,0.9
complex_room,1,6.72962962962963,0.5462962962962963,-2.0943951023931957,0.0092366536458333,0.013033848741319387,1.0,2.8,3.0,0.9
complex_room,1,4.974074074074075,1.638888888888889,0.7853981633974478,0.009236653645833308,0.013033848741319387,1.0,2.8,3.0,0.9
complex_room,1,6.875925925925927,0.6555555555555556,-2.0943951023931957,0.009237738715277746,0.013033848741319387,1.0,2.8,3.0,0.9
complex_room,1,3.8037037037037043,4.807407407407408,0.0,0.009264865451388866,0.013033848741319387,1.0,2.8,3.0,0.9
complex_room,1,6.875925925925927,2.7314814814814814,-1.8325957145940461,0.009298502604166627,0.013033848741319387,1.0,2.8,3.0,0.9
complex_room,1,2.77962962962963,3.0592592592592593,0.7853981633974478,0.009311523437499957,0.013033848741319387,1.0,2.8,3.0,0.9
complex_room,1,3.5111111111111115,3.277777777777778,0.7853981633974478,0.009331597222222203,0.013033848741319387,1.0,2.8,3.0,0.9
complex_room,1,7.461111111111112,3.0592592592592593,-1.8325957145940461,0.009341362847222194,0.013033848741319387,1.0,2.8,3.0,0.9
complex_room,1,3.9500000000000006,4.698148148148149,0.0,0.009342990451388866,0.013033848741319387,1.0,2.8,3.0,0.9
complex_room,1,3.0722222222222224,2.2944444444444447,-2.0943951023931957,0.009345160590277754,0.013033848741319387,1.0,2.8,3.0,0.9
complex_room,1,3.0722222222222224,2.95,0.7853981633974478,0.009363606770833293,0.013033848741319387,1.0,2.8,3.0,0.9
complex_room,1,6.437037037037038,2.2944444444444447,-2.6179938779914944,0.009392903645833289,0.013033848741319387,1.0,2.8,3.0,0.9
complex_room,1,5.412962962962964,1.638888888888889,0.5235987755982987,0.009403754340277744,0.013033848741319387,1.0,2.8,3.0,0.9
complex_room,1,6.72962962962963,2.7314814814814814,-1.8325957145940461,0.009429253472222185,0.013033848741319387,1.0,2.8,3.0,0.9
complex_room,1,3.5111111111111115,4.916666666666667,0.0,0.009429253472222192,0.013033848741319387,1.0,2.8,3.0,0.9
complex_room,1,2.6333333333333337,4.261111111111111,-3.141592653589793,0.009467230902777731,0.013033848741319387,1.0,2.8,3.0,0.9
complex_room,1,2.4870370370370374,4.37037037037037,-3.141592653589793,0.009526909722222174,0.013033848741319387,1.0,2.8,3.0,0.9
complex_room,1,6.583333333333334,2.7314814814814814,-2.0943951023931957,0.009548611111111069,0.013033848741319387,1.0,2.8,3.0,0.9
complex_room,1,2.4870370370370374,2.7314814814814814,1.0471975511965974,0.009554036458333295,0.013033848741319387,1.0,2.8,3.0,0.9
complex_room,1,2.4870370370370374,2.185185185185185,-2.356194490192345,0.009576822916666635,0.013033848741319387,1.0,2.8,3.0,0.9
complex_room,1,2.77962962962963,2.95,1.0471975511965974,0.00958875868055551,0.013033848741319387,1.0,2.8,3.0,0.9
complex_room,1,3.0722222222222224,4.042592592592593,-3.141592653589793,0.009598524305555522,0.013033848741319387,1.0,2.8,3.0,0.9
complex_room,1,7.022222222222223,2.7314814814814814,-2.0943951023931957,0.00961805555555551,0.013033848741319387,1.0,2.8,3.0,0.9
complex_room,1,2.6333333333333337,2.185185185185185,-2.356194490192345,0.009652235243055522,0.013033848741319387,1.0,2.8,3.0,0.9
complex_room,1,2.77962962962963,2.075925925925926,-2.0943951023931957,0.009656032986111073,0.013033848741319387,1.0,2.8,3.0,0.9
complex_room,1,6.72962962962963,2.512962962962963,-2.356194490192345,0.009659830729166619,0.013033848741319387,1.0,2.8,3.0,0.9
complex_room,1,4.388888888888889,1.3111111111111111,1.0471975511965974,0.009705946180555524,0.013033848741319387,1.0,2.8,3.0,0.9
complex_room,1,2.77962962962963,4.151851851851852,-3.141592653589793,0.009708658854166625,0.013033848741319387,1.0,2.8,3.0,0.9
complex_room,1,3.0722222222222224,4.151851851851852,-2.8797932657906435,0.00971950954861108,0.013033848741319387,1.0,2.8,3.0,0.9
complex_room,1,2.9259259259259265,2.075925925925926,-2.0943951023931957,0.009723849826388855,0.013033848741319387,1.0,2.8,3.0,0.9
complex_room,1,2.77962962962963,3.277777777777778,0.7853981633974478,0.009728732638888855,0.013033848741319387,1.0,2.8,3.0,0.9
complex_room,1,7.314814814814816,2.6222222222222222,-2.0943951023931957,0.009742296006944413,0.013033848741319387,1.0,2.8,3.0,0.9
complex_room,1,3.218518518518519,4.151851851851852,-3.141592653589793,0.009749348958333296,0.013033848741319387,1.0,2.8,3.0,0.9
complex_room,1,7.168518518518519,3.1685185185185185,-1.5707963267948966,0.00975260416666662,0.013033848741319387,1.0,2.8,3.0,0.9
complex_room,1,4.0962962962962965,4.698148148148149,0.0,0.009790039062499974,0.013033848741319387,1.0,2.8,3.0,0.9
complex_room,1,7.461111111111112,2.95,-1.8325957145940461,0.009793836805555524,0.013033848741319387,1.0,2.8,3.0,0.9
complex_room,1,7.022222222222223,2.2944444444444447,-2.356194490192345,0.009804687499999963,0.013033848741319387,1.0,2.8,3.0,0.9
complex_room,1,3.218518518518519,4.042592592592593,-3.141592653589793,0.009810655381944412,0.013033848741319387,1.0,2.8,3.0,0.9
complex_room,1,7.022222222222223,2.7314814814814814,-1.8325957145940461,0.009815538194444398,0.013033848741319387,1.0,2.8,3.0,0.9
complex_room,1,7.314814814814816,3.1685185185185185,-1.5707963267948966,0.009820421006944397,0.013033848741319387,1.0,2.8,3.0,0.9
complex_room,1,7.314814814814816,2.840740740740741,-1.8325957145940461,0.009845920138888848,0.013033848741319387,1.0,2.8,3.0,0.9
complex_room,1,7.022222222222223,0.6555555555555556,-2.0943951023931957,0.009869249131944412,0.013033848741319387,1.0,2.8,3.0,0.9
complex_room,1,7.314814814814816,3.277777777777778,-1.5707963267948966,0.009878472222222177,0.013033848741319387,1.0,2.8,3.0,0.9
complex_room,1,3.364814814814815,2.95,0.7853981633974478,0.009888780381944419,0.013033848741319387,1.0,2.8,3.0,0.9
complex_room,1,7.022222222222223,0.5462962962962963,-2.0943951023931957,0.009890407986111077,0.013033848741319387,1.0,2.8,3.0,0.9
complex_room,1,2.6333333333333337,1.9666666666666668,-2.0943951023931957,0.009906141493055515,0.013033848741319387,1.0,2.8,3.0,0.9
complex_room,1,6.437037037037038,2.840740740740741,-1.8325957145940461,0.00992024739583331,0.013033848741319387,1.0,2.8,3.0,0.9
complex_room,1,6.72962962962963,2.95,-1.8325957145940461,0.009945203993055518,0.013033848741319387,1.0,2.8,3.0,0.9
complex_room,1,7.314814814814816,3.0592592592592593,-1.8325957145940461,0.009996202256944404,0.013033848741319387,1.0,2.8,3.0,0.9
complex_room,1,6.290740740740741,0.6555555555555556,-2.0943951023931957,0.010029296874999975,0.013033848741319387,1.0,2.8,3.0,0.9
complex_room,1,4.242592592592593,1.3111111111111111,1.0471975511965974,0.0100423177083333,0.013033848741319387,1.0,2.8,3.0,0.9
complex_room,1,4.681481481481482,1.5296296296296297,0.7853981633974478,0.010066189236111071,0.013033848741319387,1.0,2.8,3.0,0.9
complex_room,1,6.875925925925927,3.1685185185185185,-1.5707963267948966,0.010081922743055517,0.013033848741319387,1.0,2.8,3.0,0.9
complex_room,1,6.875925925925927,0.5462962962962963,-2.0943951023931957,0.01009928385416663,0.013033848741319387,1.0,2.8,3.0,0.9
complex_room,1,6.290740740740741,2.6222222222222222,-2.0943951023931957,0.010106336805555524,0.013033848741319387,1.0,2.8,3.0,0.9
complex_room,1,3.8037037037037043,4.5888888888888895,0.0,0.010114474826388867,0.013033848741319387,1.0,2.8,3.0,0.9
complex_room,1,3.364814814814815,4.042592592592593,-3.141592653589793,0.010135091145833296,0.013033848741319387,1.0,2.8,3.0,0.9
complex_room,1,3.364814814814815,4.916666666666667,0.26179938779914913,0.010135091145833308,0.013033848741319387,1.0,2.8,3.0,0.9
complex_room,1,6.583333333333334,2.7314814814814814,-1.8325957145940461,0.010190972222222188,0.013033848741319387,1.0,2.8,3.0,0.9
complex_room,1,3.0722222222222224,2.185185185185185,-2.0943951023931957,0.010206163194444416,0.013033848741319387,1.0,2.8,3.0,0.9
complex_room,1,6.72962962962963,2.185185185185185,-2.356194490192345,0.010260416666666628,0.013033848741319387,1.0,2.8,3.0,0.9
complex_room,1,4.681481481481482,1.3111111111111111,1.0471975511965974,0.010261501736111074,0.013033848741319387,1.0,2.8,3.0,0.9
complex_room,1,5.120370370370371,1.7481481481481482,0.5235987755982987,0.010266384548611082,0.013033848741319387,1.0,2.8,3.0,0.9
complex_room,1,3.9500000000000006,4.5888888888888895,0.0,0.01027180989583331,0.013033848741319387,1.0,2.8,3.0,0.9
complex_room,1,5.2666666666666675,1.5296296296296297,0.5235987755982987,0.010301649305555513,0.013033848741319387,1.0,2.8,3.0,0.9
complex_room,1,3.0722222222222224,3.9333333333333336,-2.8797932657906435,0.010314127604166636,0.013033848741319387,1.0,2.8,3.0,0.9
complex_room,1,4.827777777777778,1.638888888888889,0.7853981633974478,0.010335286458333303,0.013033848741319387,1.0,2.8,3.0,0.9
complex_room,1,3.0722222222222224,4.261111111111111,-3.141592653589793,0.010336371527777735,0.013033848741319387,1.0,2.8,3.0,0.9
complex_room,1,3.218518518518519,3.9333333333333336,-2.8797932657906435,0.010337456597222192,0.013033848741319387,1.0,2.8,3.0,0.9
complex_room,1,6.875925925925927,2.185185185185185,-2.356194490192345,0.010349934895833295,0.013033848741319387,1.0,2.8,3.0,0.9
complex_room,1,2.4870370370370374,1.8574074074074074,-2.0943951023931957,0.010363498263888847,0.013033848741319387,1.0,2.8,3.0,0.9
complex_room,1,3.364814814814815,3.9333333333333336,-2.8797932657906435,0.010374891493055528,0.013033848741319387,1.0,2.8,3.0,0.9
complex_room,1,7.022222222222223,3.1685185185185185,-1.5707963267948966,0.010409071180555512,0.013033848741319387,1.0,2.8,3.0,0.9
complex_room,1,3.218518518518519,4.042592592592593,-2.8797932657906435,0.010417751736111081,0.013033848741319387,1.0,2.8,3.0,0.9
complex_room,1,4.388888888888889,1.4203703703703705,1.0471975511965974,0.01043077256944441,0.013033848741319387,1.0,2.8,3.0,0.9
complex_room,1,7.314814814814816,3.4962962962962965,-1.5707963267948966,0.010442708333333292,0.013033848741319387,1.0,2.8,3.0,0.9
complex_room,1,6.583333333333334,0.43703703703703706,-2.0943951023931957,0.01046278211805552,0.013033848741319387,1.0,2.8,3.0,0.9
complex_room,1,3.5111111111111115,4.042592592592593,-3.141592653589793,0.010480685763888851,0.013033848741319387,1.0,2.8,3.0,0.9
complex_room,1,2.4870370370370374,1.9666666666666668,-2.0943951023931957,0.01049316406249996,0.013033848741319387,1.0,2.8,3.0,0.9
complex_room,1,5.412962962962964,1.4203703703703705,0.7853981633974478,0.01049424913194441,0.013033848741319387,1.0,2.8,3.0,0.9
complex_room,1,3.9500000000000006,4.807407407407408,0.0,0.010494249131944414,0.013033848741319387,1.0,2.8,3.0,0.9
complex_room,1,3.657407407407408,4.916666666666667,0.0,0.010526801215277755,0.013033848741319387,1.0,2.8,3.0,0.9
complex_room,1,6.875925925925927,0.43703703703703706,-2.0943951023931957,0.010532226562499962,0.013033848741319387,1.0,2.8,3.0,0.9
complex_room,1,3.0722222222222224,4.042592592592593,-2.8797932657906435,0.010532226562499969,0.013033848741319387,1.0,2.8,3.0,0.9
complex_room,1,5.120370370370371,1.638888888888889,0.7853981633974478,0.010540364583333302,0.013033848741319387,1.0,2.8,3.0,0.9
complex_room,1,2.6333333333333337,3.277777777777778,0.7853981633974478,0.010543619791666634,0.013033848741319387,1.0,2.8,3.0,0.9
complex_room,1,7.168518518518519,3.3870370370370373,-1.5707963267948966,0.010553927951388844,0.013033848741319387,1.0,2.8,3.0,0.9
complex_room,1,2.9259259259259265,4.151851851851852,-2.8797932657906435,0.010571831597222185,0.013033848741319387,1.0,2.8,3.0,0.9
complex_room,1,2.340740740740741,4.5888888888888895,-3.141592653589793,0.010599500868055504,0.013033848741319387,1.0,2.8,3.0,0.9
complex_room,1,2.9259259259259265,4.042592592592593,-2.8797932657906435,0.010622829861111079,0.013033848741319387,1.0,2.8,3.0,0.9
complex_room,1,6.437037037037038,2.7314814814814814,-2.0943951023931957,0.010624457465277737,0.013033848741319387,1.0,2.8,3.0,0.9
complex_room,1,3.5111111111111115,3.9333333333333336,-2.8797932657906435,0.010624457465277749,0.013033848741319387,1.0,2.8,3.0,0.9
complex_room,1,2.4870370370370374,3.277777777777778,0.7853981633974478,0.01064290364583331,0.013033848741319387,1.0,2.8,3.0,0.9
complex_room,1,4.681481481481482,1.638888888888889,0.7853981633974478,0.010670572916666638,0.013033848741319387,1.0,2.8,3.0,0.9
complex_room,1,6.875925925925927,2.403703703703704,-2.356194490192345,0.010672743055555508,0.013033848741319387,1.0,2.8,3.0,0.9
complex_room,1,3.218518518518519,4.151851851851852,-2.8797932657906435,0.010674370659722189,0.013033848741319387,1.0,2.8,3.0,0.9
complex_room,1,7.168518518518519,2.7314814814814814,-2.0943951023931957,0.010679253472222176,0.013033848741319387,1.0,2.8,3.0,0.9
complex_room,1,6.875925925925927,2.512962962962963,-2.0943951023931957,0.010691189236111056,0.013033848741319387,1.0,2.8,3.0,0.9
complex_room,1,2.4870370370370374,3.1685185185185185,0.7853981633974478,0.010693901909722189,0.013033848741319387,1.0,2.8,3.0,0.9
complex_room,1,1.3166666666666669,2.512962962962963,0.5235987755982987,0.010704210069444404,0.013033848741319387,1.0,2.8,3.0,0.9
complex_room,1,4.535185185185186,1.3111111111111111,1.0471975511965974,0.01071451822916663,0.013033848741319387,1.0,2.8,3.0,0.9
complex_room,1,7.6074074074074085,3.4962962962962965,-1.5707963267948966,0.010721028645833304,0.013033848741319387,1.0,2.8,3.0,0.9
complex_room,1,5.9981481481481485,2.6222222222222222,-2.356194490192345,0.010722656249999981,0.013033848741319387,1.0,2.8,3.0,0.9
complex_room,1,7.461111111111112,3.277777777777778,-1.5707963267948966,0.010732964409722177,0.013033848741319387,1.0,2.8,3.0,0.9
complex_room,1,6.290740740740741,2.6222222222222222,-2.356194490192345,0.01073296440972218,0.013033848741319387,1.0,2.8,3.0,0.9
complex_room,1,3.5111111111111115,4.807407407407408,0.0,0.010748697916666633,0.013033848741319387,1.0,2.8,3.0,0.9
complex_room,1,2.340740740740741,2.185185185185185,-2.356194490192345,0.010751953124999967,0.013033848741319387,1.0,2.8,3.0,0.9
complex_room,1,7.168518518518519,2.7314814814814814,-1.8325957145940461,0.010752495659722174,0.013033848741319387,1.0,2.8,3.0,0.9
complex_room,1,3.364814814814815,4.042592592592593,-2.8797932657906435,0.010755208333333304,0.013033848741319387,1.0,2.8,3.0,0.9
complex_room,1,3.5111111111111115,4.042592592592593,-2.8797932657906435,0.01076171874999997,0.013033848741319387,1.0,2.8,3.0,0.9
complex_room,1,2.1944444444444446,2.840740740740741,1.0471975511965974,0.010777994791666629,0.013033848741319387,1.0,2.8,3.0,0.9
complex_room,1,2.6333333333333337,2.7314814814814814,1.0471975511965974,0.01077962239583329,0.013033848741319387,1.0,2.8,3.0,0.9
complex_room,1,5.55925925925926,1.638888888888889,0.5235987755982987,0.010810004340277742,0.013033848741319387,1.0,2.8,3.0,0.9
complex_room,1,6.72962962962963,0.43703703703703706,-2.0943951023931957,0.010813259548611072,0.013033848741319387,1.0,2.8,3.0,0.9
complex_room,1,5.2666666666666675,1.7481481481481482,0.5235987755982987,0.010817057291666635,0.013033848741319387,1.0,2.8,3.0,0.9
complex_room,1,6.583333333333334,2.185185185185185,-2.6179938779914944,0.010820855034722172,0.013033848741319387,1.0,2.8,3.0,0.9
complex_room,1,2.6333333333333337,4.479629629629629,-3.141592653589793,0.010822482638888837,0.013033848741319387,1.0,2.8,3.0,0.9
complex_room,1,6.437037037037038,3.8240740740740744,1.5707963267948966,0.010830620659722167,0.013033848741319387,1.0,2.8,3.0,0.9
complex_room,1,6.437037037037038,3.9333333333333336,1.5707963267948966,0.0108338758680555,0.013033848741319387,1.0,2.8,3.0,0.9
complex_room,1,2.1944444444444446,4.5888888888888895,-3.141592653589793,0.010844726562499947,0.013033848741319387,1.0,2.8,3.0,0.9
complex_room,1,1.4629629629629632,2.512962962962963,0.5235987755982987,0.010849066840277736,0.013033848741319387,1.0,2.8,3.0,0.9
complex_room,1,4.535185185185186,1.4203703703703705,1.0471975511965974,0.01085123697916663,0.013033848741319387,1.0,2.8,3.0,0.9
complex_room,1,2.6333333333333337,1.8574074074074074,-2.0943951023931957,0.010853407118055512,0.013033848741319387,1.0,2.8,3.0,0.9
complex_room,1,2.9259259259259265,4.261111111111111,-2.8797932657906435,0.010859374999999961,0.013033848741319387,1.0,2.8,3.0,0.9
complex_room,1,1.1703703703703705,2.512962962962963,0.5235987755982987,0.010868055555555516,0.013033848741319387,1.0,2.8,3.0,0.9
complex_room,1,6.290740740740741,0.5462962962962963,-2.0943951023931957,0.010877278645833306,0.013033848741319387,1.0,2.8,3.0,0.9
complex_room,1,4.0962962962962965,4.479629629629629,-0.2617993877991496,0.010903862847222187,0.013033848741319387,1.0,2.8,3.0,0.9
complex_room,1,3.364814814814815,5.025925925925926,0.26179938779914913,0.010928276909722198,0.013033848741319387,1.0,2.8,3.0,0.9
complex_room,1,2.340740740740741,1.8574074074074074,-2.0943951023931957,0.010941840277777736,0.013033848741319387,1.0,2.8,3.0,0.9
complex_room,1,2.6333333333333337,2.075925925925926,-2.356194490192345,0.010954861111111068,0.013033848741319387,1.0,2.8,3.0,0.9
complex_room,1,3.657407407407408,3.9333333333333336,-2.8797932657906435,0.010966254340277747,0.013033848741319387,1.0,2.8,3.0,0.9
complex_room,1,4.0962962962962965,4.5888888888888895,0.0,0.01098795572916664,0.013033848741319387,1.0,2.8,3.0,0.9
complex_room,1,2.6333333333333337,2.185185185185185,-2.0943951023931957,0.010990668402777737,0.013033848741319387,1.0,2.8,3.0,0.9
complex_room,1,7.168518518518519,3.4962962962962965,-1.5707963267948966,0.010991210937499957,0.013033848741319387,1.0,2.8,3.0,0.9
complex_room,1,3.0722222222222224,2.840740740740741,1.0471975511965974,0.01099555121527774,0.013033848741319387,1.0,2.8,3.0,0.9
complex_room,1,3.657407407407408,3.8240740740740744,-2.8797932657906435,0.011012369791666636,0.013033848741319387,1.0,2.8,3.0,0.9
complex_room,1,2.340740740740741,2.075925925925926,-2.356194490192345,0.01101671006944441,0.013033848741319387,1.0,2.8,3.0,0.9
complex_room,1,3.8037037037037043,4.479629629629629,0.0,0.011018880208333312,0.013033848741319387,1.0,2.8,3.0,0.9
complex_room,1,6.437037037037038,4.042592592592593,1.5707963267948966,0.01105305989583328,0.013033848741319387,1.0,2.8,3.0,0.9
complex_room,1,3.364814814814815,4.151851851851852,-2.8797932657906435,0.01105740017361108,0.013033848741319387,1.0,2.8,3.0,0.9
complex_room,1,7.314814814814816,3.6055555555555556,-1.5707963267948966,0.011057942708333296,0.013033848741319387,1.0,2.8,3.0,0.9
complex_room,1,2.9259259259259265,4.37037037037037,-3.141592653589793,0.011060112847222173,0.013033848741319387,1.0,2.8,3.0,0.9
complex_room,1,3.5111111111111115,3.8240740740740744,-2.8797932657906435,0.011062282986111081,0.013033848741319387,1.0,2.8,3.0,0.9
complex_room,1,3.8037037037037043,3.9333333333333336,-2.8797932657906435,0.011100802951388856,0.013033848741319387,1.0,2.8,3.0,0.9
complex_room,1,2.4870370370370374,4.261111111111111,-3.141592653589793,0.011105143229166616,0.013033848741319387,1.0,2.8,3.0,0.9
complex_room,1,3.364814814814815,3.8240740740740744,-2.8797932657906435,0.01110568576388886,0.013033848741319387,1.0,2.8,3.0,0.9
complex_room,1,5.120370370370371,1.638888888888889,0.5235987755982987,0.011126302083333293,0.013033848741319387,1.0,2.8,3.0,0.9
complex_room,1,2.4870370370370374,2.075925925925926,-2.356194490192345,0.011151258680555515,0.013033848741319387,1.0,2.8,3.0,0.9
complex_room,1,3.0722222222222224,4.261111111111111,-2.8797932657906435,0.011156141493055518,0.013033848741319387,1.0,2.8,3.0,0.9
complex_room,1,6.437037037037038,3.714814814814815,1.5707963267948966,0.011156684027777723,0.013033848741319387,1.0,2.8,3.0,0.9
complex_room,1,4.681481481481482,1.4203703703703705,1.0471975511965974,0.011174045138888849,0.013033848741319387,1.0,2.8,3.0,0.9
complex_room,1,2.77962962962963,1.9666666666666668,-2.0943951023931957,0.011180013020833289,0.013033848741319387,1.0,2.8,3.0,0.9
complex_room,1,3.657407407407408,3.9333333333333336,-3.141592653589793,0.011193033854166628,0.013033848741319387,1.0,2.8,3.0,0.9
complex_room,1,1.4629629629629632,2.6222222222222222,0.26179938779914913,0.011194661458333283,0.013033848741319387,1.0,2.8,3.0,0.9
complex_room,1,3.218518518518519,4.261111111111111,-2.8797932657906435,0.011195746527777745,0.013033848741319387,1.0,2.8,3.0,0.9
complex_room,1,6.290740740740741,3.6055555555555556,1.5707963267948966,0.01119683159722217,0.013033848741319387,1.0,2.8,3.0,0.9
complex_room,1,3.218518518518519,4.807407407407408,0.26179938779914913,0.011240234374999976,0.013033848741319387,1.0,2.8,3.0,0.9
complex_room,1,2.9259259259259265,4.042592592592593,-3.141592653589793,0.011242404513888847,0.013033848741319387,1.0,2.8,3.0,0.9
complex_room,1,1.3166666666666669,2.6222222222222222,0.26179938779914913,0.011244574652777728,0.013033848741319387,1.0,2.8,3.0,0.9
complex_room,1,4.0962962962962965,4.37037037037037,-0.2617993877991496,0.011258680555555527,0.013033848741319387,1.0,2.8,3.0,0.9
complex_room,1,3.8037037037037043,3.8240740740740744,-2.8797932657906435,0.011267903645833301,0.013033848741319387,1.0,2.8,3.0,0.9
complex_room,1,7.461111111111112,3.6055555555555556,-1.5707963267948966,0.011273871527777738,0.013033848741319387,1.0,2.8,3.0,0.9
complex_room,1,4.681481481481482,1.4203703703703705,0.7853981633974478,0.011275499131944398,0.013033848741319387,1.0,2.8,3.0,0.9
complex_room,1,4.242592592592593,4.698148148148149,0.0,0.011286349826388854,0.013033848741319387,1.0,2.8,3.0,0.9
complex_room,1,7.314814814814816,3.8240740740740744,-1.3089969389957472,0.011292860243055518,0.013033848741319387,1.0,2.8,3.0,0.9
complex_room,1,2.9259259259259265,3.9333333333333336,-2.8797932657906435,0.011297743055555523,0.013033848741319387,1.0,2.8,3.0,0.9
complex_room,1,1.0240740740740741,2.512962962962963,0.5235987755982987,0.011350911458333297,0.013033848741319387,1.0,2.8,3.0,0.9
complex_room,1,2.6333333333333337,3.0592592592592593,1.0471975511965974,0.011378580729166612,0.013033848741319387,1.0,2.8,3.0,0.9
complex_room,1,5.55925925925926,1.638888888888889,0.26179938779914913,0.011380208333333286,0.013033848741319387,1.0,2.8,3.0,0.9
complex_room,1,6.875925925925927,3.0592592592592593,-1.5707963267948966,0.011380208333333287,0.013033848741319387,1.0,2.8,3.0,0.9
complex_room,1,3.657407407407408,4.042592592592593,-2.8797932657906435,0.011416558159722192,0.013033848741319387,1.0,2.8,3.0,0.9
complex_room,1,7.168518518518519,3.714814814814815,-1.3089969389957472,0.011417100694444404,0.013033848741319387,1.0,2.8,3.0,0.9
complex_room,1,6.583333333333334,2.95,-1.8325957145940461,0.011421440972222184,0.013033848741319387,1.0,2.8,3.0,0.9
complex_room,1,7.168518518518519,3.0592592592592593,-1.5707963267948966,0.011430121527777722,0.013033848741319387,1.0,2.8,3.0,0.9
complex_room,1,2.77962962962963,4.479629629629629,-2.8797932657906435,0.011440429687499955,0.013033848741319387,1.0,2.8,3.0,0.9
complex_room,1,2.77962962962963,1.8574074074074074,-2.0943951023931957,0.011441514756944398,0.013033848741319387,1.0,2.8,3.0,0.9
complex_room,1,5.2666666666666675,1.638888888888889,0.7853981633974478,0.011447482638888859,0.013033848741319387,1.0,2.8,3.0,0.9
complex_room,1,2.340740740740741,1.7481481481481482,-2.0943951023931957,0.011457790798611069,0.013033848741319387,1.0,2.8,3.0,0.9
complex_room,1,2.77962962962963,4.37037037037037,-2.8797932657906435,0.011491427951388846,0.013033848741319387,1.0,2.8,3.0,0.9
complex_room,1,1.1703703703703705,2.403703703703704,0.5235987755982987,0.011491427951388848,0.013033848741319387,1.0,2.8,3.0,0.9
complex_room,1,1.6092592592592594,2.512962962962963,0.5235987755982987,0.011502821180555511,0.013033848741319387,1.0,2.8,3.0,0.9
complex_room,1,6.437037037037038,0.43703703703703706,-2.0943951023931957,0.011514214409722189,0.013033848741319387,1.0,2.8,3.0,0.9
complex_room,1,3.657407407407408,3.277777777777778,0.7853981633974478,0.011519639756944415,0.013033848741319387,1.0,2.8,3.0,0.9
complex_room,1,6.437037037037038,2.7314814814814814,-1.8325957145940461,0.011522894965277747,0.013033848741319387,1.0,2.8,3.0,0.9
complex_room,1,2.1944444444444446,2.95,1.0471975511965974,0.011531575520833302,0.013033848741319387,1.0,2.8,3.0,0.9
complex_room,1,7.022222222222223,3.3870370370370373,-1.5707963267948966,0.011533745659722178,0.013033848741319387,1.0,2.8,3.0,0.9
complex_room,1,3.5111111111111115,3.0592592592592593,0.7853981633974478,0.011533745659722199,0.013033848741319387,1.0,2.8,3.0,0.9
complex_room,1,6.583333333333334,3.9333333333333336,1.5707963267948966,0.011541883680555498,0.013033848741319387,1.0,2.8,3.0,0.9
complex_room,1,2.77962962962963,2.2944444444444447,-2.0943951023931957,0.011552734374999964,0.013033848741319387,1.0,2.8,3.0,0.9
complex_room,1,6.290740740740741,3.4962962962962965,1.8325957145940457,0.011567382812499949,0.013033848741319387,1.0,2.8,3.0,0.9
complex_room,1,7.168518518518519,0.6555555555555556,-2.0943951023931957,0.011567382812499964,0.013033848741319387,1.0,2.8,3.0,0.9
complex_room,1,3.9500000000000006,3.8240740740740744,-2.8797932657906435,0.011567925347222188,0.013033848741319387,1.0,2.8,3.0,0.9
complex_room,1,5.412962962962964,1.7481481481481482,0.5235987755982987,0.011567925347222188,0.013033848741319387,1.0,2.8,3.0,0.9
complex_room,1,3.0722222222222224,4.37037037037037,-2.8797932657906435,0.011585828993055516,0.013033848741319387,1.0,2.8,3.0,0.9
complex_room,1,7.168518518518519,0.5462962962962963,-2.0943951023931957,0.011598307291666629,0.013033848741319387,1.0,2.8,3.0,0.9
complex_room,1,1.1703703703703705,2.7314814814814814,0.26179938779914913,0.011601019965277732,0.013033848741319387,1.0,2.8,3.0,0.9
complex_room,1,4.388888888888889,4.5888888888888895,0.0,0.011618381076388852,0.013033848741319387,1.0,2.8,3.0,0.9
complex_room,1,2.9259259259259265,4.37037037037037,-2.8797932657906435,0.011631944444444403,0.013033848741319387,1.0,2.8,3.0,0.9
complex_room,1,4.681481481481482,1.3111111111111111,0.7853981633974478,0.011651475694444401,0.013033848741319387,1.0,2.8,3.0,0.9
complex_room,1,1.6092592592592594,2.512962962962963,0.26179938779914913,0.011654730902777728,0.013033848741319387,1.0,2.8,3.0,0.9
complex_room,1,6.437037037037038,3.6055555555555556,1.5707963267948966,0.011657443576388836,0.013033848741319387,1.0,2.8,3.0,0.9
complex_room,1,3.8037037037037043,3.9333333333333336,-3.141592653589793,0.011666666666666624,0.013033848741319387,1.0,2.8,3.0,0.9
complex_room,1,2.340740740740741,2.2944444444444447,-2.356194490192345,0.011666666666666633,0.013033848741319387,1.0,2.8,3.0,0.9
complex_room,1,2.6333333333333337,4.151851851851852,-3.141592653589793,0.01167480468749995,0.013033848741319387,1.0,2.8,3.0,0.9
complex_room,1,2.6333333333333337,1.7481481481481482,-2.356194490192345,0.011676974826388844,0.013033848741319387,1.0,2.8,3.0,0.9
complex_room,1,3.9500000000000006,4.479629629629629,0.0,0.011679144965277756,0.013033848741319387,1.0,2.8,3.0,0.9
complex_room,1,4.242592592592593,4.479629629629629,-0.2617993877991496,0.01168023003472218,0.013033848741319387,1.0,2.8,3.0,0.9
complex_room,1,7.022222222222223,2.512962962962963,-2.0943951023931957,0.011681857638888833,0.013033848741319387,1.0,2.8,3.0,0.9
complex_room,1,6.290740740740741,3.714814814814815,1.5707963267948966,0.011693793402777724,0.013033848741319387,1.0,2.8,3.0,0.9
complex_room,1,2.1944444444444446,1.638888888888889,-2.0943951023931957,0.011694335937499955,0.013033848741319387,1.0,2.8,3.0,0.9
complex_room,1,2.1944444444444446,1.7481481481481482,-2.0943951023931957,0.011694335937499956,0.013033848741319387,1.0,2.8,3.0,0.9
complex_room,1,2.4870370370370374,1.7481481481481482,-2.0943951023931957,0.011695421006944397,0.013033848741319387,1.0,2.8,3.0,0.9
complex_room,1,2.6333333333333337,3.0592592592592593,0.7853981633974478,0.011698676215277724,0.013033848741319387,1.0,2.8,3.0,0.9
complex_room,1,6.290740740740741,3.6055555555555556,1.8325957145940457,0.01171169704861106,0.013033848741319387,1.0,2.8,3.0,0.9
complex_room,1,2.1944444444444446,1.9666666666666668,-2.356194490192345,0.011711697048611072,0.013033848741319387,1.0,2.8,3.0,0.9
complex_room,1,2.77962962962963,4.479629629629629,-3.141592653589793,0.011719292534722169,0.013033848741319387,1.0,2.8,3.0,0.9
complex_room,1,6.290740740740741,3.4962962962962965,1.5707963267948966,0.011720377604166617,0.013033848741319387,1.0,2.8,3.0,0.9
complex_room,1,6.290740740740741,0.43703703703703706,-2.356194490192345,0.011720920138888825,0.013033848741319387,1.0,2.8,3.0,0.9
complex_room,1,4.242592592592593,4.5888888888888895,0.0,0.011723632812499968,0.013033848741319387,1.0,2.8,3.0,0.9
complex_room,1,6.290740740740741,3.3870370370370373,1.8325957145940457,0.011724175347222174,0.013033848741319387,1.0,2.8,3.0,0.9
complex_room,1,6.583333333333334,4.042592592592593,1.5707963267948966,0.011730685763888834,0.013033848741319387,1.0,2.8,3.0,0.9
complex_room,1,6.290740740740741,3.8240740740740744,1.5707963267948966,0.011731228298611056,0.013033848741319387,1.0,2.8,3.0,0.9
complex_room,1,7.314814814814816,3.9333333333333336,-1.3089969389957472,0.011734483506944412,0.013033848741319387,1.0,2.8,3.0,0.9
complex_room,1,7.461111111111112,3.9333333333333336,-1.3089969389957472,0.011736111111111079,0.013033848741319387,1.0,2.8,3.0,0.9
complex_room,1,6.437037037037038,0.43703703703703706,-2.356194490192345,0.011746961805555489,0.013033848741319387,1.0,2.8,3.0,0.9
complex_room,1,7.461111111111112,3.714814814814815,-1.3089969389957472,0.011758897569444402,0.013033848741319387,1.0,2.8,3.0,0.9
complex_room,1,7.314814814814816,3.0592592592592593,-1.5707963267948966,0.011761067708333276,0.013033848741319387,1.0,2.8,3.0,0.9
complex_room,1,2.340740740740741,1.9666666666666668,-2.356194490192345,0.011765950520833287,0.013033848741319387,1.0,2.8,3.0,0.9
complex_room,1,6.583333333333334,4.151851851851852,1.5707963267948966,0.011767035590277723,0.013033848741319387,1.0,2.8,3.0,0.9
complex_room,1,6.437037037037038,3.4962962962962965,1.8325957145940457,0.011767578124999949,0.013033848741319387,1.0,2.8,3.0,0.9
complex_room,1,7.461111111111112,3.1685185185185185,-1.8325957145940461,0.011768120659722183,0.013033848741319387,1.0,2.8,3.0,0.9
complex_room,1,7.168518518518519,3.8240740740740744,-1.3089969389957472,0.011774088541666632,0.013033848741319387,1.0,2.8,3.0,0.9
complex_room,1,7.314814814814816,3.714814814814815,-1.3089969389957472,0.01177788628472218,0.013033848741319387,1.0,2.8,3.0,0.9
complex_room,1,5.705555555555557,1.5296296296296297,0.5235987755982987,0.011796874999999972,0.013033848741319387,1.0,2.8,3.0,0.9
complex_room,1,7.022222222222223,2.185185185185185,-2.356194490192345,0.011804470486111072,0.013033848741319387,1.0,2.8,3.0,0.9
complex_room,1,4.535185185185186,1.4203703703703705,0.7853981633974478,0.011830512152777731,0.013033848741319387,1.0,2.8,3.0,0.9
complex_room,1,2.6333333333333337,1.7481481481481482,-2.6179938779914944,0.01183268229166663,0.013033848741319387,1.0,2.8,3.0,0.9
complex_room,1,6.290740740740741,3.277777777777778,1.8325957145940457,0.01184299045138884,0.013033848741319387,1.0,2.8,3.0,0.9
complex_room,1,2.6333333333333337,1.7481481481481482,-2.0943951023931957,0.011850043402777729,0.013033848741319387,1.0,2.8,3.0,0.9
complex_room,1,7.022222222222223,3.0592592592592593,-1.5707963267948966,0.011850585937499948,0.013033848741319387,1.0,2.8,3.0,0.9
complex_room,1,1.4629629629629632,2.512962962962963,0.26179938779914913,0.011852756076388839,0.013033848741319387,1.0,2.8,3.0,0.9
complex_room,1,2.1944444444444446,2.840740740740741,1.3089969389957465,0.011863064236111066,0.013033848741319387,1.0,2.8,3.0,0.9
complex_room,1,7.022222222222223,0.43703703703703706,-2.0943951023931957,0.011864149305555512,0.013033848741319387,1.0,2.8,3.0,0.9
complex_room,1,3.5111111111111115,4.151851851851852,-2.8797932657906435,0.011879340277777746,0.013033848741319387,1.0,2.8,3.0,0.9
complex_room,1,4.535185185185186,1.3111111111111111,0.7853981633974478,0.011882595486111067,0.013033848741319387,1.0,2.8,3.0,0.9
complex_room,1,4.535185185185186,2.403703703703704,-2.8797932657906435,0.011890190972222171,0.013033848741319387,1.0,2.8,3.0,0.9
complex_room,1,2.9259259259259265,1.9666666666666668,-2.0943951023931957,0.01189290364583329,0.013033848741319387,1.0,2.8,3.0,0.9
complex_room,1,6.290740740740741,3.9333333333333336,1.5707963267948966,0.011899414062499945,0.013033848741319387,1.0,2.8,3.0,0.9
complex_room,1,6.583333333333334,3.8240740740740744,1.5707963267948966,0.0119032118055555,0.013033848741319387,1.0,2.8,3.0,0.9
complex_room,1,2.77962962962963,2.7314814814814814,1.0471975511965974,0.011910807291666619,0.013033848741319387,1.0,2.8,3.0,0.9
complex_room,1,7.168518518518519,3.1685185185185185,-1.8325957145940461,0.011911349826388837,0.013033848741319387,1.0,2.8,3.0,0.9
complex_room,1,6.437037037037038,3.6055555555555556,1.8325957145940457,0.011912977430555503,0.013033848741319387,1.0,2.8,3.0,0.9
complex_room,1,6.875925925925927,2.840740740740741,-2.0943951023931957,0.011931966145833278,0.013033848741319387,1.0,2.8,3.0,0.9
complex_room,1,2.0481481481481483,2.6222222222222222,1.0471975511965974,0.011935763888888846,0.013033848741319387,1.0,2.8,3.0,0.9
complex_room,1,3.218518518518519,4.261111111111111,-3.141592653589793,0.01193684895833329,0.013033848741319387,1.0,2.8,3.0,0.9
complex_room,1,4.535185185185186,1.638888888888889,0.7853981633974478,0.011941731770833304,0.013033848741319387,1.0,2.8,3.0,0.9
complex_room,1,7.022222222222223,3.1685185185185185,-1.8325957145940461,0.011947699652777723,0.013033848741319387,1.0,2.8,3.0,0.9
complex_room,1,2.77962962962963,4.151851851851852,-2.8797932657906435,0.01195312499999996,0.013033848741319387,1.0,2.8,3.0,0.9
complex_room,1,1.4629629629629632,2.7314814814814814,0.0,0.011953667534722169,0.013033848741319387,1.0,2.8,3.0,0.9
complex_room,1,3.218518518518519,3.9333333333333336,-3.141592653589793,0.01199815538194441,0.013033848741319387,1.0,2.8,3.0,0.9
complex_room,1,0.8777777777777779,2.512962962962963,0.5235987755982987,0.012002495659722187,0.013033848741319387,1.0,2.8,3.0,0.9
complex_room,1,7.168518518518519,3.6055555555555556,-1.3089969389957472,0.012014973958333288,0.013033848741319387,1.0,2.8,3.0,0.9
complex_room,1,3.364814814814815,4.807407407407408,0.26179938779914913,0.012016059027777748,0.013033848741319387,1.0,2.8,3.0,0.9
complex_room,1,5.9981481481481485,2.185185185185185,-2.8797932657906435,0.01202473958333329,0.013033848741319387,1.0,2.8,3.0,0.9
complex_room,1,2.77962962962963,4.042592592592593,-2.8797932657906435,0.012043185763888851,0.013033848741319387,1.0,2.8,3.0,0.9
complex_room,1,6.437037037037038,3.3870370370370373,1.8325957145940457,0.012045355902777726,0.013033848741319387,1.0,2.8,3.0,0.9
complex_room,1,6.583333333333334,3.714814814814815,1.5707963267948966,0.012051323784722165,0.013033848741319387,1.0,2.8,3.0,0.9
complex_room,1,2.9259259259259265,2.403703703703704,-2.0943951023931957,0.012061089409722189,0.013033848741319387,1.0,2.8,3.0,0.9
complex_room,1,6.437037037037038,3.714814814814815,1.8325957145940457,0.012062174479166613,0.013033848741319387,1.0,2.8,3.0,0.9
complex_room,1,6.290740740740741,0.43703703703703706,-2.0943951023931957,0.012067057291666636,0.013033848741319387,1.0,2.8,3.0,0.9
complex_room,1,4.242592592592593,4.37037037037037,-0.2617993877991496,0.012068142361111069,0.013033848741319387,1.0,2.8,3.0,0.9
complex_room,1,2.77962962962963,2.95,0.7853981633974478,0.012070312499999942,0.013033848741319387,1.0,2.8,3.0,0.9
complex_room,1,4.827777777777778,1.3111111111111111,1.0471975511965974,0.012071397569444399,0.013033848741319387,1.0,2.8,3.0,0.9
complex_room,1,1.1703703703703705,2.6222222222222222,0.5235987755982987,0.01207302517361107,0.013033848741319387,1.0,2.8,3.0,0.9
complex_room,1,2.1944444444444446,2.075925925925926,-2.356194490192345,0.012073567708333295,0.013033848741319387,1.0,2.8,3.0,0.9
complex_room,1,1.6092592592592594,2.6222222222222222,0.0,0.01208170572916661,0.013033848741319387,1.0,2.8,3.0,0.9
complex_room,1,3.364814814814815,3.9333333333333336,-3.141592653589793,0.012090928819444409,0.013033848741319387,1.0,2.8,3.0,0.9
complex_room,1,6.290740740740741,3.714814814814815,1.8325957145940457,0.012091471354166612,0.013033848741319387,1.0,2.8,3.0,0.9
complex_room,1,2.9259259259259265,3.3870370370370373,0.7853981633974478,0.012091471354166624,0.013033848741319387,1.0,2.8,3.0,0.9
complex_room,1,7.022222222222223,3.6055555555555556,-1.3089969389957472,0.012094184027777736,0.013033848741319387,1.0,2.8,3.0,0.9
complex_room,1,2.77962962962963,4.261111111111111,-2.8797932657906435,0.012094726562499956,0.013033848741319387,1.0,2.8,3.0,0.9
complex_room,1,3.5111111111111115,3.9333333333333336,-3.141592653589793,0.01209689670138885,0.013033848741319387,1.0,2.8,3.0,0.9
complex_room,1,7.022222222222223,2.403703703703704,-2.356194490192345,0.012106662326388839,0.013033848741319387,1.0,2.8,3.0,0.9
complex_room,1,6.72962962962963,2.840740740740741,-2.0943951023931957,0.012107747395833278,0.013033848741319387,1.0,2.8,3.0,0.9
complex_room,1,3.364814814814815,4.151851851851852,-3.141592653589793,0.012114257812499954,0.013033848741319387,1.0,2.8,3.0,0.9
complex_room,1,3.218518518518519,4.37037037037037,-2.8797932657906435,0.012114800347222185,0.013033848741319387,1.0,2.8,3.0,0.9
complex_room,1,7.314814814814816,3.4962962962962965,-1.3089969389957472,0.012116970486111059,0.013033848741319387,1.0,2.8,3.0,0.9
complex_room,1,6.437037037037038,3.4962962962962965,1.5707963267948966,0.012143012152777723,0.013033848741319387,1.0,2.8,3.0,0.9
complex_room,1,2.77962962962963,1.9666666666666668,-2.356194490192345,0.012143012152777737,0.013033848741319387,1.0,2.8,3.0,0.9
complex_room,1,3.9500000000000006,4.698148148148149,-0.2617993877991496,0.012147894965277739,0.013033848741319387,1.0,2.8,3.0,0.9
complex_room,1,7.461111111111112,2.840740740740741,-1.8325957145940461,0.012152235243055514,0.013033848741319387,1.0,2.8,3.0,0.9
complex_room,1,4.0962962962962965,4.479629629629629,0.0,0.012164171006944419,0.013033848741319387,1.0,2.8,3.0,0.9
complex_room,1,6.144444444444445,2.2944444444444447,-2.8797932657906435,0.012171223958333277,0.013033848741319387,1.0,2.8,3.0,0.9
complex_room,1,4.535185185185186,1.5296296296296297,0.7853981633974478,0.012173394097222179,0.013033848741319387,1.0,2.8,3.0,0.9
complex_room,1,4.535185185185186,0.6555555555555556,-2.0943951023931957,0.012181532118055522,0.013033848741319387,1.0,2.8,3.0,0.9
complex_room,1,2.4870370370370374,4.5888888888888895,-3.141592653589793,0.01219563802083328,0.013033848741319387,1.0,2.8,3.0,0.9
complex_room,1,6.290740740740741,0.21851851851851853,-2.6179938779914944,0.01219780815972216,0.013033848741319387,1.0,2.8,3.0,0.9
complex_room,1,6.875925925925927,3.0592592592592593,-1.8325957145940461,0.012201605902777727,0.013033848741319387,1.0,2.8,3.0,0.9
complex_room,1,7.461111111111112,3.8240740740740744,-1.3089969389957472,0.012202690972222182,0.013033848741319387,1.0,2.8,3.0,0.9
complex_room,1,6.72962962962963,4.042592592592593,1.3089969389957465,0.012209201388888832,0.013033848741319387,1.0,2.8,3.0,0.9
complex_room,1,2.1944444444444446,2.6222222222222222,1.0471975511965974,0.012221137152777737,0.013033848741319387,1.0,2.8,3.0,0.9
complex_room,1,6.437037037037038,4.151851851851852,1.5707963267948966,0.012236870659722166,0.013033848741319387,1.0,2.8,3.0,0.9
complex_room,1,3.218518518518519,3.3870370370370373,0.7853981633974478,0.012237413194444404,0.013033848741319387,1.0,2.8,3.0,0.9
complex_room,1,6.290740740740741,2.7314814814814814,-2.0943951023931957,0.012241753472222184,0.013033848741319387,1.0,2.8,3.0,0.9
complex_room,1,1.0240740740740741,2.403703703703704,0.5235987755982987,0.012243381076388848,0.013033848741319387,1.0,2.8,3.0,0.9
complex_room,1,4.827777777777778,0.6555555555555556,-2.0943951023931957,0.012243923611111075,0.013033848741319387,1.0,2.8,3.0,0.9
complex_room,1,2.77962962962963,2.075925925925926,-2.356194490192345,0.012248806423611066,0.013033848741319387,1.0,2.8,3.0,0.9
complex_room,1,4.974074074074075,0.7648148148148148,-2.0943951023931957,0.01224989149305552,0.013033848741319387,1.0,2.8,3.0,0.9
complex_room,1,2.77962962962963,4.042592592592593,-3.141592653589793,0.012253689236111066,0.013033848741319387,1.0,2.8,3.0,0.9
complex_room,1,1.1703703703703705,2.6222222222222222,0.26179938779914913,0.012266710069444397,0.013033848741319387,1.0,2.8,3.0,0.9
complex_room,1,2.4870370370370374,1.638888888888889,-2.356194490192345,0.012275933159722172,0.013033848741319387,1.0,2.8,3.0,0.9
complex_room,1,6.290740740740741,3.1685185185185185,1.8325957145940457,0.012278645833333287,0.013033848741319387,1.0,2.8,3.0,0.9
complex_room,1,2.77962962962963,1.7481481481481482,-2.356194490192345,0.012284613715277733,0.013033848741319387,1.0,2.8,3.0,0.9
complex_room,1,6.583333333333334,3.8240740740740744,1.3089969389957465,0.012285698784722165,0.013033848741319387,1.0,2.8,3.0,0.9
complex_room,1,4.242592592592593,4.479629629629629,0.0,0.012291666666666637,0.013033848741319387,1.0,2.8,3.0,0.9
complex_room,1,2.340740740740741,1.8574074074074074,-2.356194490192345,0.01229492187499995,0.013033848741319387,1.0,2.8,3.0,0.9
complex_room,1,2.0481481481481483,1.638888888888889,-2.0943951023931957,0.012310655381944396,0.013033848741319387,1.0,2.8,3.0,0.9
complex_room,1,6.144444444444445,3.4962962962962965,1.8325957145940457,0.012316080729166616,0.013033848741319387,1.0,2.8,3.0,0.9
complex_room,1,7.022222222222223,2.840740740740741,-2.0943951023931957,0.012321506076388832,0.013033848741319387,1.0,2.8,3.0,0.9
complex_room,1,4.827777777777778,0.5462962962962963,-2.0943951023931957,0.01232367621527774,0.013033848741319387,1.0,2.8,3.0,0.9
complex_room,1,7.461111111111112,4.042592592592593,-1.3089969389957472,0.012325846354166635,0.013033848741319387,1.0,2.8,3.0,0.9
complex_room,1,6.144444444444445,3.3870370370370373,1.8325957145940457,0.012329101562499953,0.013033848741319387,1.0,2.8,3.0,0.9
complex_room,1,1.0240740740740741,2.6222222222222222,0.5235987755982987,0.012329644097222182,0.013033848741319387,1.0,2.8,3.0,0.9
complex_room,1,2.340740740740741,1.7481481481481482,-2.356194490192345,0.012345920138888834,0.013033848741319387,1.0,2.8,3.0,0.9
complex_room,1,3.5111111111111115,4.916666666666667,0.26179938779914913,0.012357313368055518,0.013033848741319387,1.0,2.8,3.0,0.9
complex_room,1,3.657407407407408,3.1685185185185185,0.7853981633974478,0.012359483506944421,0.013033848741319387,1.0,2.8,3.0,0.9
complex_room,1,7.461111111111112,2.6222222222222222,-2.0943951023931957,0.012360568576388859,0.013033848741319387,1.0,2.8,3.0,0.9
complex_room,1,2.340740740740741,1.4203703703703705,-2.8797932657906435,0.012362196180555519,0.013033848741319387,1.0,2.8,3.0,0.9
complex_room,1,3.364814814814815,4.261111111111111,-2.8797932657906435,0.012365451388888856,0.013033848741319387,1.0,2.8,3.0,0.9
complex_room,1,2.9259259259259265,2.075925925925926,-2.356194490192345,0.012367078993055518,0.013033848741319387,1.0,2.8,3.0,0.9
complex_room,1,3.8037037037037043,0.9833333333333334,0.7853981633974478,0.012368164062499973,0.013033848741319387,1.0,2.8,3.0,0.9
complex_room,1,3.8037037037037043,3.9333333333333336,-2.6179938779914944,0.012371419270833305,0.013033848741319387,1.0,2.8,3.0,0.9
complex_room,1,1.3166666666666669,2.7314814814814814,0.26179938779914913,0.012381184895833284,0.013033848741319387,1.0,2.8,3.0,0.9
complex_room,1,6.437037037037038,3.277777777777778,1.8325957145940457,0.012382269965277727,0.013033848741319387,1.0,2.8,3.0,0.9
complex_room,1,7.168518518518519,2.185185185185185,-2.356194490192345,0.01239420572916663,0.013033848741319387,1.0,2.8,3.0,0.9
complex_room,1,2.4870370370370374,1.9666666666666668,-2.356194490192345,0.012394748263888838,0.013033848741319387,1.0,2.8,3.0,0.9
complex_room,1,4.827777777777778,0.7648148148148148,-2.0943951023931957,0.012395290798611076,0.013033848741319387,1.0,2.8,3.0,0.9
complex_room,1,4.0962962962962965,4.5888888888888895,-0.2617993877991496,0.012399088541666624,0.013033848741319387,1.0,2.8,3.0,0.9
complex_room,1,3.364814814814815,4.916666666666667,0.0,0.012399631076388841,0.013033848741319387,1.0,2.8,3.0,0.9
complex_room,1,1.3166666666666669,2.403703703703704,0.7853981633974478,0.012400716145833289,0.013033848741319387,1.0,2.8,3.0,0.9
complex_room,1,7.6074074074074085,3.0592592592592593,-1.8325957145940461,0.012409396701388862,0.013033848741319387,1.0,2.8,3.0,0.9
complex_room,1,6.144444444444445,0.6555555555555556,-2.0943951023931957,0.012409396701388867,0.013033848741319387,1.0,2.8,3.0,0.9
complex_room,1,6.144444444444445,3.277777777777778,1.8325957145940457,0.012410481770833287,0.013033848741319387,1.0,2.8,3.0,0.9
complex_room,1,7.314814814814816,2.7314814814814814,-1.8325957145940461,0.012411024305555504,0.013033848741319387,1.0,2.8,3.0,0.9
complex_room,1,4.681481481481482,4.479629629629629,0.0,0.01241916232638885,0.013033848741319387,1.0,2.8,3.0,0.9
complex_room,1,6.437037037037038,3.1685185185185185,2.356194490192345,0.012421332465277723,0.013033848741319387,1.0,2.8,3.0,0.9
complex_room,1,2.4870370370370374,1.638888888888889,-2.6179938779914944,0.012428385416666623,0.013033848741319387,1.0,2.8,3.0,0.9
complex_room,1,7.314814814814816,2.7314814814814814,-2.0943951023931957,0.012429470486111066,0.013033848741319387,1.0,2.8,3.0,0.9
complex_room,1,3.5111111111111115,3.3870370370370373,0.7853981633974478,0.012432725694444405,0.013033848741319387,1.0,2.8,3.0,0.9
complex_room,1,6.437037037037038,3.277777777777778,2.356194490192345,0.012435438368055503,0.013033848741319387,1.0,2.8,3.0,0.9
complex_room,1,2.4870370370370374,2.6222222222222222,1.3089969389957465,0.012435980902777736,0.013033848741319387,1.0,2.8,3.0,0.9
complex_room,1,1.3166666666666669,2.512962962962963,0.26179938779914913,0.012443576388888837,0.013033848741319387,1.0,2.8,3.0,0.9
complex_room,1,6.290740740740741,3.3870370370370373,1.5707963267948966,0.012444661458333282,0.013033848741319387,1.0,2.8,3.0,0.9
complex_room,1,6.583333333333334,4.042592592592593,1.3089969389957465,0.012450086805555496,0.013033848741319387,1.0,2.8,3.0,0.9
complex_room,1,2.77962962962963,1.7481481481481482,-2.6179938779914944,0.012461480034722187,0.013033848741319387,1.0,2.8,3.0,0.9
complex_room,1,4.535185185185186,2.512962962962963,-2.8797932657906435,0.01246636284722217,0.013033848741319387,1.0,2.8,3.0,0.9
complex_room,1,0.43888888888888894,4.698148148148149,1.3089969389957465,0.012471245659722205,0.013033848741319387,1.0,2.8,3.0,0.9
complex_room,1,2.77962962962963,2.185185185185185,-2.356194490192345,0.01248426649305551,0.013033848741319387,1.0,2.8,3.0,0.9
complex_room,1,6.583333333333334,3.6055555555555556,1.8325957145940457,0.012488064236111058,0.013033848741319387,1.0,2.8,3.0,0.9
complex_room,1,7.168518518518519,3.3870370370370373,-1.3089969389957472,0.012489149305555504,0.013033848741319387,1.0,2.8,3.0,0.9
complex_room,1,4.388888888888889,4.261111111111111,-0.2617993877991496,0.012491319444444406,0.013033848741319387,1.0,2.8,3.0,0.9
complex_room,1,6.72962962962963,3.8240740740740744,1.3089969389957465,0.012492947048611057,0.013033848741319387,1.0,2.8,3.0,0.9
complex_room,1,4.388888888888889,4.479629629629629,0.0,0.012503255208333298,0.013033848741319387,1.0,2.8,3.0,0.9
complex_room,1,6.437037037037038,3.277777777777778,2.094395102393195,0.012507052951388837,0.013033848741319387,1.0,2.8,3.0,0.9
complex_room,1,5.705555555555557,1.638888888888889,0.5235987755982987,0.012510308159722186,0.013033848741319387,1.0,2.8,3.0,0.9
complex_room,1,6.144444444444445,2.185185185185185,-2.8797932657906435,0.012519531249999945,0.013033848741319387,1.0,2.8,3.0,0.9
complex_room,1,5.705555555555557,1.5296296296296297,0.26179938779914913,0.012520616319444393,0.013033848741319387,1.0,2.8,3.0,0.9
complex_room,1,7.461111111111112,3.6055555555555556,-1.3089969389957472,0.01252170138888884,0.013033848741319387,1.0,2.8,3.0,0.9
complex_room,1,6.583333333333334,4.261111111111111,1.5707963267948966,0.012524956597222166,0.013033848741319387,1.0,2.8,3.0,0.9
complex_room,1,3.218518518518519,5.025925925925926,0.0,0.012530381944444394,0.013033848741319387,1.0,2.8,3.0,0.9
complex_room,1,6.437037037037038,3.1685185185185185,2.094395102393195,0.012533637152777728,0.013033848741319387,1.0,2.8,3.0,0.9
complex_room,1,6.72962962962963,3.9333333333333336,1.3089969389957465,0.01254503038194439,0.013033848741319387,1.0,2.8,3.0,0.9
complex_room,1,7.022222222222223,3.4962962962962965,-1.3089969389957472,0.01255533854166662,0.013033848741319387,1.0,2.8,3.0,0.9
complex_room,1,3.657407407407408,3.9333333333333336,-2.6179938779914944,0.012556423611111084,0.013033848741319387,1.0,2.8,3.0,0.9
complex_room,1,3.0722222222222224,2.075925925925926,-2.0943951023931957,0.012559678819444406,0.013033848741319387,1.0,2.8,3.0,0.9
complex_room,1,2.340740740740741,2.512962962962963,1.3089969389957465,0.012561848958333295,0.013033848741319387,1.0,2.8,3.0,0.9
complex_room,1,3.5111111111111115,4.042592592592593,-2.6179938779914944,0.012564561631944415,0.013033848741319387,1.0,2.8,3.0,0.9
complex_room,1,6.437037037037038,3.8240740740740744,1.8325957145940457,0.012566189236111056,0.013033848741319387,1.0,2.8,3.0,0.9
complex_room,1,3.218518518518519,3.8240740740740744,-2.8797932657906435,0.012575954861111079,0.013033848741319387,1.0,2.8,3.0,0.9
complex_room,1,6.144444444444445,3.6055555555555556,1.8325957145940457,0.012579210069444392,0.013033848741319387,1.0,2.8,3.0,0.9
complex_room,1,2.1944444444444446,2.512962962962963,1.3089969389957465,0.012585720486111075,0.013033848741319387,1.0,2.8,3.0,0.9
complex_room,1,3.9500000000000006,3.8240740740740744,-3.141592653589793,0.01259114583333329,0.013033848741319387,1.0,2.8,3.0,0.9
complex_room,1,4.388888888888889,2.512962962962963,-2.8797932657906435,0.012593858506944392,0.013033848741319387,1.0,2.8,3.0,0.9
complex_room,1,7.314814814814816,3.1685185185185185,-1.8325957145940461,0.012593858506944392,0.013033848741319387,1.0,2.8,3.0,0.9
complex_room,1,7.314814814814816,3.6055555555555556,-1.3089969389957472,0.012594401041666616,0.013033848741319387,1.0,2.8,3.0,0.9
complex_room,1,2.77962962962963,3.0592592592592593,1.0471975511965974,0.012597656249999941,0.013033848741319387,1.0,2.8,3.0,0.9
complex_room,1,6.290740740740741,3.1685185185185185,2.094395102393195,0.012598741319444393,0.013033848741319387,1.0,2.8,3.0,0.9
complex_room,1,6.290740740740741,3.277777777777778,2.094395102393195,0.012599283854166612,0.013033848741319387,1.0,2.8,3.0,0.9
complex_room,1,2.340740740740741,1.638888888888889,-2.0943951023931957,0.012610677083333284,0.013033848741319387,1.0,2.8,3.0,0.9
complex_room,1,4.681481481481482,0.6555555555555556,-2.0943951023931957,0.012616102430555517,0.013033848741319387,1.0,2.8,3.0,0.9
complex_room,1,2.1944444444444446,1.8574074074074074,-2.356194490192345,0.012617187499999951,0.013033848741319387,1.0,2.8,3.0,0.9
complex_room,1,6.583333333333334,3.714814814814815,1.8325957145940457,0.012618815104166611,0.013033848741319387,1.0,2.8,3.0,0.9
complex_room,1,6.875925925925927,3.277777777777778,-1.5707963267948966,0.012619900173611065,0.013033848741319387,1.0,2.8,3.0,0.9
complex_room,1,6.583333333333334,3.9333333333333336,1.3089969389957465,0.012620442708333275,0.013033848741319387,1.0,2.8,3.0,0.9
complex_room,1,5.9981481481481485,2.403703703703704,-2.8797932657906435,0.012620985243055502,0.013033848741319387,1.0,2.8,3.0,0.9
complex_room,1,6.144444444444445,3.1685185185185185,1.8325957145940457,0.012620985243055514,0.013033848741319387,1.0,2.8,3.0,0.9
complex_room,1,2.6333333333333337,4.151851851851852,-2.8797932657906435,0.012621527777777737,0.013033848741319387,1.0,2.8,3.0,0.9
complex_room,1,6.583333333333334,3.6055555555555556,1.5707963267948966,0.012622070312499945,0.013033848741319387,1.0,2.8,3.0,0.9
complex_room,1,4.242592592592593,1.0925925925925926,0.7853981633974478,0.012624240451388848,0.013033848741319387,1.0,2.8,3.0,0.9
complex_room,1,4.535185185185186,0.5462962962962963,-2.0943951023931957,0.012625325520833293,0.013033848741319387,1.0,2.8,3.0,0.9
complex_room,1,2.1944444444444446,2.185185185185185,-2.356194490192345,0.01262586805555552,0.013033848741319387,1.0,2.8,3.0,0.9
complex_room,1,6.437037037037038,3.3870370370370373,2.094395102393195,0.012627495659722168,0.013033848741319387,1.0,2.8,3.0,0.9
complex_room,1,3.5111111111111115,3.9333333333333336,-2.6179938779914944,0.012628038194444417,0.013033848741319387,1.0,2.8,3.0,0.9
complex_room,1,2.6333333333333337,4.261111111111111,-2.8797932657906435,0.01263020833333329,0.013033848741319387,1.0,2.8,3.0,0.9
complex_room,1,2.9259259259259265,1.9666666666666668,-2.356194490192345,0.012635091145833294,0.013033848741319387,1.0,2.8,3.0,0.9
complex_room,1,7.6074074074074085,3.6055555555555556,-1.5707963267948966,0.012636176215277739,0.013033848741319387,1.0,2.8,3.0,0.9
complex_room,1,3.657407407407408,4.5888888888888895,0.0,0.01264160156249997,0.013033848741319387,1.0,2.8,3.0,0.9
complex_room,1,1.3166666666666669,2.840740740740741,0.0,0.012648654513888835,0.013033848741319387,1.0,2.8,3.0,0.9
complex_room,1,6.290740740740741,3.1685185185185185,2.356194490192345,0.012650282118055498,0.013033848741319387,1.0,2.8,3.0,0.9
complex_room,1,6.290740740740741,3.277777777777778,2.356194490192345,0.012650824652777722,0.013033848741319387,1.0,2.8,3.0,0.9
complex_room,1,7.168518518518519,3.4962962962962965,-1.3089969389957472,0.012652452256944394,0.013033848741319387,1.0,2.8,3.0,0.9
complex_room,1,6.290740740740741,3.3870370370370373,2.094395102393195,0.012652994791666613,0.013033848741319387,1.0,2.8,3.0,0.9
complex_room,1,4.242592592592593,1.201851851851852,1.0471975511965974,0.012655707465277733,0.013033848741319387,1.0,2.8,3.0,0.9
complex_room,1,6.437037037037038,3.0592592592592593,2.094395102393195,0.012656249999999952,0.013033848741319387,1.0,2.8,3.0,0.9
complex_room,1,4.974074074074075,0.6555555555555556,-2.0943951023931957,0.012666558159722187,0.013033848741319387,1.0,2.8,3.0,0.9
complex_room,1,6.290740740740741,3.0592592592592593,2.094395102393195,0.012670355902777729,0.013033848741319387,1.0,2.8,3.0,0.9
complex_room,1,1.4629629629629632,2.403703703703704,0.7853981633974478,0.012670898437499958,0.013033848741319387,1.0,2.8,3.0,0.9
complex_room,1,5.705555555555557,1.4203703703703705,0.5235987755982987,0.012676866319444416,0.013033848741319387,1.0,2.8,3.0,0.9
complex_room,1,4.388888888888889,2.403703703703704,-2.8797932657906435,0.01267903645833328,0.013033848741319387,1.0,2.8,3.0,0.9
complex_room,1,3.0722222222222224,4.37037037037037,-3.141592653589793,0.01268554687499995,0.013033848741319387,1.0,2.8,3.0,0.9
complex_room,1,6.437037037037038,3.3870370370370373,2.356194490192345,0.01270128038194439,0.013033848741319387,1.0,2.8,3.0,0.9
complex_room,1,1.0240740740740741,2.7314814814814814,0.26179938779914913,0.012709418402777733,0.013033848741319387,1.0,2.8,3.0,0.9
complex_room,1,7.461111111111112,3.1685185185185185,-1.5707963267948966,0.012709960937499943,0.013033848741319387,1.0,2.8,3.0,0.9
complex_room,1,1.9018518518518521,1.7481481481481482,-2.356194490192345,0.012710503472222176,0.013033848741319387,1.0,2.8,3.0,0.9
complex_room,1,2.9259259259259265,1.8574074074074074,-2.356194490192345,0.01271267361111107,0.013033848741319387,1.0,2.8,3.0,0.9
complex_room,1,6.72962962962963,3.9333333333333336,1.5707963267948966,0.012738715277777722,0.013033848741319387,1.0,2.8,3.0,0.9
complex_room,1,1.4629629629629632,2.6222222222222222,0.0,0.012751736111111052,0.013033848741319387,1.0,2.8,3.0,0.9
complex_room,1,7.6074074074074085,3.3870370370370373,-1.5707963267948966,0.012752821180555513,0.013033848741319387,1.0,2.8,3.0,0.9
complex_room,1,6.290740740740741,3.3870370370370373,2.356194490192345,0.012756618923611055,0.013033848741319387,1.0,2.8,3.0,0.9
complex_room,1,6.290740740740741,2.95,2.094395102393195,0.012756618923611067,0.013033848741319387,1.0,2.8,3.0,0.9
complex_room,1,6.72962962962963,0.8740740740740741,-1.8325957145940461,0.0127571614583333,0.013033848741319387,1.0,2.8,3.0,0.9
complex_room,1,2.9259259259259265,4.479629629629629,-2.8797932657906435,0.012769639756944399,0.013033848741319387,1.0,2.8,3.0,0.9
complex_room,1,4.242592592592593,1.4203703703703705,1.0471975511965974,0.012772352430555516,0.013033848741319387,1.0,2.8,3.0,0.9
complex_room,1,3.0722222222222224,4.916666666666667,0.26179938779914913,0.012772894965277747,0.013033848741319387,1.0,2.8,3.0,0.9
complex_room,1,6.72962962962963,4.151851851851852,1.5707963267948966,0.012773980034722167,0.013033848741319387,1.0,2.8,3.0,0.9
complex_room,1,6.72962962962963,3.0592592592592593,-1.5707963267948966,0.012784288194444401,0.013033848741319387,1.0,2.8,3.0,0.9
complex_room,1,7.6074074074074085,3.8240740740740744,-1.3089969389957472,0.01279296874999996,0.013033848741319387,1.0,2.8,3.0,0.9
complex_room,1,2.77962962962963,1.638888888888889,-2.6179938779914944,0.0128011067708333,0.013033848741319387,1.0,2.8,3.0,0.9
complex_room,1,2.4870370370370374,1.7481481481481482,-2.6179938779914944,0.012803819444444394,0.013033848741319387,1.0,2.8,3.0,0.9
complex_room,1,6.290740740740741,3.8240740740740744,1.8325957145940457,0.012811414930555499,0.013033848741319387,1.0,2.8,3.0,0.9
complex_room,1,3.9500000000000006,3.8240740740740744,-2.6179938779914944,0.012811957465277751,0.013033848741319387,1.0,2.8,3.0,0.9
complex_room,1,2.340740740740741,2.6222222222222222,1.0471975511965974,0.012812499999999952,0.013033848741319387,1.0,2.8,3.0,0.9
complex_room,1,6.72962962962963,4.151851851851852,1.3089969389957465,0.012817925347222165,0.013033848741319387,1.0,2.8,3.0,0.9
complex_room,1,3.0722222222222224,4.479629629629629,-2.8797932657906435,0.0128184678819444,0.013033848741319387,1.0,2.8,3.0,0.9
complex_room,1,4.827777777777778,1.3111111111111111,0.7853981633974478,0.01282714843749995,0.013033848741319387,1.0,2.8,3.0,0.9
complex_room,1,1.0240740740740741,2.2944444444444447,0.7853981633974478,0.01282714843749996,0.013033848741319387,1.0,2.8,3.0,0.9
complex_room,1,4.242592592592593,4.261111111111111,-0.2617993877991496,0.012833658854166631,0.013033848741319387,1.0,2.8,3.0,0.9
complex_room,1,3.218518518518519,3.3870370370370373,0.5235987755982987,0.012834743923611055,0.013033848741319387,1.0,2.8,3.0,0.9
complex_room,1,2.6333333333333337,1.9666666666666668,-2.356194490192345,0.012837456597222168,0.013033848741319387,1.0,2.8,3.0,0.9
complex_room,1,6.583333333333334,3.4962962962962965,1.8325957145940457,0.01284016927083328,0.013033848741319387,1.0,2.8,3.0,0.9
complex_room,1,2.0481481481481483,1.9666666666666668,-2.356194490192345,0.012840169270833294,0.013033848741319387,1.0,2.8,3.0,0.9
complex_room,1,7.6074074074074085,3.277777777777778,-1.5707963267948966,0.012846679687499953,0.013033848741319387,1.0,2.8,3.0,0.9
complex_room,1,3.657407407407408,3.3870370370370373,0.7853981633974478,0.012849392361111076,0.013033848741319387,1.0,2.8,3.0,0.9
complex_room,1,2.0481481481481483,1.8574074074074074,-2.356194490192345,0.012852105034722179,0.013033848741319387,1.0,2.8,3.0,0.9
complex_room,1,2.4870370370370374,2.075925925925926,-2.0943951023931957,0.012852647569444396,0.013033848741319387,1.0,2.8,3.0,0.9
complex_room,1,7.168518518518519,3.277777777777778,-1.8325957145940461,0.012857530381944392,0.013033848741319387,1.0,2.8,3.0,0.9
complex_room,1,2.77962962962963,1.8574074074074074,-2.356194490192345,0.012858615451388842,0.013033848741319387,1.0,2.8,3.0,0.9
complex_room,1,2.0481481481481483,4.698148148148149,-3.141592653589793,0.012859157986111053,0.013033848741319387,1.0,2.8,3.0,0.9
complex_room,1,6.437037037037038,3.1685185185185185,1.8325957145940457,0.012859700520833286,0.013033848741319387,1.0,2.8,3.0,0.9
complex_room,1,1.9018518518518521,2.512962962962963,1.3089969389957465,0.012861870659722198,0.013033848741319387,1.0,2.8,3.0,0.9
complex_room,1,2.0481481481481483,2.512962962962963,1.3089969389957465,0.012871093749999968,0.013033848741319387,1.0,2.8,3.0,0.9
complex_room,1,3.8037037037037043,3.8240740740740744,-2.6179938779914944,0.012873806423611085,0.013033848741319387,1.0,2.8,3.0,0.9
complex_room,1,6.437037037037038,3.0592592592592593,2.356194490192345,0.012876519097222169,0.013033848741319387,1.0,2.8,3.0,0.9
complex_room,1,3.0722222222222224,3.277777777777778,0.5235987755982987,0.012877604166666605,0.013033848741319387,1.0,2.8,3.0,0.9
complex_room,1,6.290740740740741,3.0592592592592593,2.356194490192345,0.012878689236111055,0.013033848741319387,1.0,2.8,3.0,0.9
complex_room,1,3.364814814814815,3.3870370370370373,0.5235987755982987,0.012880859374999946,0.013033848741319387,1.0,2.8,3.0,0.9
complex_room,1,4.388888888888889,1.3111111111111111,0.7853981633974478,0.012881401909722173,0.013033848741319387,1.0,2.8,3.0,0.9
complex_room,1,2.4870370370370374,3.0592592592592593,0.7853981633974478,0.012886827256944393,0.013033848741319387,1.0,2.8,3.0,0.9
complex_room,1,3.0722222222222224,3.3870370370370373,0.7853981633974478,0.012890082465277734,0.013033848741319387,1.0,2.8,3.0,0.9
complex_room,1,6.72962962962963,4.042592592592593,1.5707963267948966,0.012896050347222167,0.013033848741319387,1.0,2.8,3.0,0.9
complex_room,1,2.340740740740741,1.8574074074074074,-2.6179938779914944,0.012898763020833284,0.013033848741319387,1.0,2.8,3.0,0.9
complex_room,1,7.6074074074074085,4.042592592592593,-1.3089969389957472,0.012901475694444416,0.013033848741319387,1.0,2.8,3.0,0.9
complex_room,1,6.583333333333334,3.714814814814815,1.3089969389957465,0.01290744357638883,0.013033848741319387,1.0,2.8,3.0,0.9
complex_room,1,6.144444444444445,0.5462962962962963,-2.356194490192345,0.01291286892361105,0.013033848741319387,1.0,2.8,3.0,0.9
complex_room,1,6.290740740740741,3.0592592592592593,1.8325957145940457,0.012914496527777732,0.013033848741319387,1.0,2.8,3.0,0.9
complex_room,1,4.974074074074075,1.3111111111111111,0.7853981633974478,0.012919921874999947,0.013033848741319387,1.0,2.8,3.0,0.9
complex_room,1,7.6074074074074085,2.95,-1.8325957145940461,0.01292046440972219,0.013033848741319387,1.0,2.8,3.0,0.9
complex_room,1,2.6333333333333337,4.5888888888888895,-3.141592653589793,0.012924262152777723,0.013033848741319387,1.0,2.8,3.0,0.9
complex_room,1,6.583333333333334,3.3870370370370373,2.094395102393195,0.012941623263888835,0.013033848741319387,1.0,2.8,3.0,0.9
complex_room,1,6.290740740740741,3.4962962962962965,2.094395102393195,0.012942165798611056,0.013033848741319387,1.0,2.8,3.0,0.9
complex_room,1,6.437037037037038,3.3870370370370373,1.5707963267948966,0.012945963541666612,0.013033848741319387,1.0,2.8,3.0,0.9
complex_room,1,6.875925925925927,4.042592592592593,1.3089969389957465,0.012947591145833279,0.013033848741319387,1.0,2.8,3.0,0.9
complex_room,1,7.314814814814816,3.277777777777778,-1.8325957145940461,0.012948133680555505,0.013033848741319387,1.0,2.8,3.0,0.9
complex_room,1,4.535185185185186,1.5296296296296297,1.0471975511965974,0.012958984374999958,0.013033848741319387,1.0,2.8,3.0,0.9
complex_room,1,0.8777777777777779,2.6222222222222222,0.5235987755982987,0.012958984374999961,0.013033848741319387,1.0,2.8,3.0,0.9
complex_room,1,6.875925925925927,1.201851851851852,0.0,0.0129627821180555,0.013033848741319387,1.0,2.8,3.0,0.9
complex_room,1,6.583333333333334,3.3870370370370373,1.8325957145940457,0.012965494791666613,0.013033848741319387,1.0,2.8,3.0,0.9
complex_room,1,4.681481481481482,2.2944444444444447,-2.8797932657906435,0.012966579861111056,0.013033848741319387,1.0,2.8,3.0,0.9
complex_room,1,4.681481481481482,0.7648148148148148,-2.0943951023931957,0.012967664930555518,0.013033848741319387,1.0,2.8,3.0,0.9
complex_room,1,2.77962962962963,1.638888888888889,-2.356194490192345,0.012973090277777731,0.013033848741319387,1.0,2.8,3.0,0.9
complex_room,1,6.437037037037038,3.4962962962962965,2.094395102393195,0.012974175347222167,0.013033848741319387,1.0,2.8,3.0,0.9
complex_room,1,6.72962962962963,1.3111111111111111,0.0,0.012982313368055502,0.013033848741319387,1.0,2.8,3.0,0.9
complex_room,1,1.7555555555555558,1.638888888888889,-2.356194490192345,0.012984483506944398,0.013033848741319387,1.0,2.8,3.0,0.9
complex_room,1,4.827777777777778,2.2944444444444447,-2.8797932657906435,0.012985026041666613,0.013033848741319387,1.0,2.8,3.0,0.9
complex_room,1,3.364814814814815,4.042592592592593,-2.6179938779914944,0.012995876736111082,0.013033848741319387,1.0,2.8,3.0,0.9
complex_room,1,2.4870370370370374,1.638888888888889,-2.0943951023931957,0.013002387152777727,0.013033848741319387,1.0,2.8,3.0,0.9
complex_room,1,3.8037037037037043,4.042592592592593,-2.8797932657906435,0.013002929687499963,0.013033848741319387,1.0,2.8,3.0,0.9
complex_room,1,6.583333333333334,3.6055555555555556,1.3089969389957465,0.013007812499999945,0.013033848741319387,1.0,2.8,3.0,0.9
complex_room,1,6.72962962962963,2.512962962962963,-2.0943951023931957,0.013011067708333266,0.013033848741319387,1.0,2.8,3.0,0.9
complex_room,1,2.9259259259259265,1.8574074074074074,-2.0943951023931957,0.013018663194444393,0.013033848741319387,1.0,2.8,3.0,0.9
complex_room,1,6.72962962962963,1.201851851851852,0.0,0.013019205729166615,0.013033848741319387,1.0,2.8,3.0,0.9
complex_room,1,6.583333333333334,2.512962962962963,-2.0943951023931957,0.013020290798611047,0.013033848741319387,1.0,2.8,3.0,0.9
complex_room,1,3.9500000000000006,1.0925925925925926,0.7853981633974478,0.013021375868055527,0.013033848741319387,1.0,2.8,3.0,0.9
complex_room,1,7.461111111111112,3.3870370370370373,-1.3089969389957472,0.013021918402777721,0.013033848741319387,1.0,2.8,3.0,0.9
complex_room,1,6.72962962962963,4.261111111111111,1.3089969389957465,0.013030056423611052,0.013033848741319387,1.0,2.8,3.0,0.9
complex_room,1,6.875925925925927,2.95,-1.5707963267948966,0.013031684027777725,0.013033848741319387,1.0,2.8,3.0,0.9
complex_room,1,7.461111111111112,3.0592592592592593,-1.5707963267948966,0.013033311631944385,0.013033848741319387,1.0,2.8,3.0,0.9
complex_room,2,4.535185185185186,1.4203703703703705,-1.0471975511965979,0.0019840494791666602,0.008098052300347179,1.0,4.8,1.5,-1.2
complex_room,2,5.120370370370371,1.5296296296296297,-1.3089969389957472,0.0022021484374999956,0.008098052300347179,1.0,4.8,1.5,-1.2
complex_room,2,4.388888888888889,1.4203703703703705,-1.0471975511965979,0.0023356119791666605,0.008098052300347179,1.0,4.8,1.5,-1.2
complex_room,2,4.827777777777778,1.638888888888889,-1.3089969389957472,0.0023654513888888835,0.008098052300347179,1.0,4.8,1.5,-1.2
complex_room,2,4.681481481481482,1.3111111111111111,-1.0471975511965979,0.002502170138888882,0.008098052300347179,1.0,4.8,1.5,-1.2
complex_room,2,4.974074074074075,1.5296296296296297,-1.3089969389957472,0.0028244357638888802,0.008098052300347179,1.0,4.8,1.5,-1.2
complex_room,2,5.2666666666666675,1.4203703703703705,-1.3089969389957472,0.0028510199652777763,0.008098052300347179,1.0,4.8,1.5,-1.2
complex_room,2,5.120370370370371,1.4203703703703705,-1.3089969389957472,0.003087022569444439,0.008098052300347179,1.0,4.8,1.5,-1.2
complex_room,2,4.681481481481482,1.4203703703703705,-1.0471975511965979,0.0031293402777777682,0.008098052300347179,1.0,4.8,1.5,-1.2
complex_room,2,4.827777777777778,1.5296296296296297,-1.3089969389957472,0.0033279079861111014,0.008098052300347179,1.0,4.8,1.5,-1.2
complex_room,2,4.974074074074075,1.638888888888889,-1.3089969389957472,0.0033897569444444353,0.008098052300347179,1.0,4.8,1.5,-1.2
complex_room,2,5.2666666666666675,1.5296296296296297,-1.3089969389957472,0.003502061631944439,0.008098052300347179,1.0,4.8,1.5,-1.2
complex_room,2,4.535185185185186,1.5296296296296297,-1.0471975511965979,0.003536241319444434,0.008098052300347179,1.0,4.8,1.5,-1.2
complex_room,2,5.120370370370371,1.638888888888889,-1.3089969389957472,0.003614366319444437,0.008098052300347179,1.0,4.8,1.5,-1.2
complex_room,2,4.974074074074075,1.4203703703703705,-1.3089969389957472,0.0036322699652777688,0.008098052300347179,1.0,4.8,1.5,-1.2
complex_room,2,4.535185185185186,1.3111111111111111,-1.0471975511965979,0.0036821831597222115,0.008098052300347179,1.0,4.8,1.5,-1.2
complex_room,2,4.827777777777778,1.3111111111111111,-1.0471975511965979,0.003829210069444433,0.008098052300347179,1.0,4.8,1.5,-1.2
complex_room,2,4.681481481481482,1.638888888888889,-1.3089969389957472,0.003861762152777769,0.008098052300347179,1.0,4.8,1.5,-1.2
complex_room,2,4.827777777777778,1.4203703703703705,-1.0471975511965979,0.003948025173611099,0.008098052300347179,1.0,4.8,1.5,-1.2
complex_room,2,4.388888888888889,1.3111111111111111,-1.0471975511965979,0.003951280381944434,0.008098052300347179,1.0,4.8,1.5,-1.2
complex_room,2,4.242592592592593,1.3111111111111111,-1.0471975511965979,0.003981119791666657,0.008098052300347179,1.0,4.8,1.5,-1.2
complex_room,2,2.9259259259259265,4.151851851851852,1.3089969389957465,0.004136827256944438,0.008098052300347179,1.0,4.8,1.5,-1.2
complex_room,2,2.4870370370370374,2.95,-1.0471975511965979,0.004337565104166653,0.008098052300347179,1.0,4.8,1.5,-1.2
complex_room,2,4.681481481481482,1.5296296296296297,-1.3089969389957472,0.004452582465277766,0.008098052300347179,1.0,4.8,1.5,-1.2
complex_room,2,2.9259259259259265,4.042592592592593,1.3089969389957465,0.0044563802083333265,0.008098052300347179,1.0,4.8,1.5,-1.2
complex_room,2,3.218518518518519,4.042592592592593,1.3089969389957465,0.004476453993055553,0.008098052300347179,1.0,4.8,1.5,-1.2
complex_room,2,4.827777777777778,1.4203703703703705,-1.3089969389957472,0.004493272569444432,0.008098052300347179,1.0,4.8,1.5,-1.2
complex_room,2,4.974074074074075,1.3111111111111111,-1.0471975511965979,0.004679361979166655,0.008098052300347179,1.0,4.8,1.5,-1.2
complex_room,2,4.681481481481482,1.5296296296296297,-1.0471975511965979,0.004709201388888876,0.008098052300347179,1.0,4.8,1.5,-1.2
complex_room,2,3.364814814814815,3.9333333333333336,1.3089969389957465,0.004833441840277775,0.008098052300347179,1.0,4.8,1.5,-1.2
complex_room,2,3.0722222222222224,4.151851851851852,1.3089969389957465,0.004856228298611104,0.008098052300347179,1.0,4.8,1.5,-1.2
complex_room,2,2.6333333333333337,2.95,-1.0471975511965979,0.004884982638888873,0.008098052300347179,1.0,4.8,1.5,-1.2
complex_room,2,3.0722222222222224,4.042592592592593,1.3089969389957465,0.004971788194444438,0.008098052300347179,1.0,4.8,1.5,-1.2
complex_room,2,3.0722222222222224,3.9333333333333336,1.3089969389957465,0.004988606770833328,0.008098052300347179,1.0,4.8,1.5,-1.2
complex_room,2,3.218518518518519,3.9333333333333336,1.3089969389957465,0.005021701388888885,0.008098052300347179,1.0,4.8,1.5,-1.2
complex_room,2,2.77962962962963,4.261111111111111,1.3089969389957465,0.005023871527777767,0.008098052300347179,1.0,4.8,1.5,-1.2
complex_room,2,6.290740740740741,3.3870370370370373,0.5235987755982987,0.005058051215277764,0.008098052300347179,1.0,4.8,1.5,-1.2
complex_room,2,4.535185185185186,1.638888888888889,-1.3089969389957472,0.005093315972222213,0.008098052300347179,1.0,4.8,1.5,-1.2
complex_room,2,5.2666666666666675,1.638888888888889,-1.3089969389957472,0.005098741319444436,0.008098052300347179,1.0,4.8,1.5,-1.2
complex_room,2,4.388888888888889,1.5296296296296297,-1.0471975511965979,0.005113932291666653,0.008098052300347179,1.0,4.8,1.5,-1.2
complex_room,2,2.77962962962963,4.151851851851852,1.3089969389957465,0.00512207031249999,0.008098052300347179,1.0,4.8,1.5,-1.2
complex_room,2,6.290740740740741,3.277777777777778,0.5235987755982987,0.005182834201388875,0.008098052300347179,1.0,4.8,1.5,-1.2
complex_room,2,5.412962962962964,1.5296296296296297,-1.3089969389957472,0.005190429687499994,0.008098052300347179,1.0,4.8,1.5,-1.2
complex_room,2,4.681481481481482,1.7481481481481482,-1.3089969389957472,0.0051909722222222175,0.008098052300347179,1.0,4.8,1.5,-1.2
complex_room,2,6.144444444444445,3.277777777777778,0.26179938779914913,0.0052289496527777625,0.008098052300347179,1.0,4.8,1.5,-1.2
complex_room,2,6.144444444444445,3.3870370370370373,0.26179938779914913,0.005272894965277762,0.008098052300347179,1.0,4.8,1.5,-1.2
complex_room,2,6.144444444444445,3.4962962962962965,0.26179938779914913,0.005284288194444429,0.008098052300347179,1.0,4.8,1.5,-1.2
complex_room,2,4.827777777777778,1.5296296296296297,-1.0471975511965979,0.005288085937499986,0.008098052300347179,1.0,4.8,1.5,-1.2
complex_room,2,7.461111111111112,3.6055555555555556,-2.6179938779914944,0.005320095486111093,0.008098052300347179,1.0,4.8,1.5,-1.2
complex_room,2,6.144444444444445,3.1685185185185185,0.26179938779914913,0.005323350694444429,0.008098052300347179,1.0,4.8,1.5,-1.2
complex_room,2,6.290740740740741,3.3870370370370373,0.26179938779914913,0.005340711805555541,0.008098052300347179,1.0,4.8,1.5,-1.2
complex_room,2,2.6333333333333337,4.261111111111111,1.3089969389957465,0.00539171006944443,0.008098052300347179,1.0,4.8,1.5,-1.2
complex_room,2,6.290740740740741,3.4962962962962965,0.5235987755982987,0.005405273437499986,0.008098052300347179,1.0,4.8,1.5,-1.2
complex_room,2,6.290740740740741,3.4962962962962965,0.26179938779914913,0.005439995659722207,0.008098052300347179,1.0,4.8,1.5,-1.2
complex_room,2,4.681481481481482,1.4203703703703705,-1.3089969389957472,0.0054562717013888744,0.008098052300347179,1.0,4.8,1.5,-1.2
complex_room,2,6.144444444444445,3.6055555555555556,0.26179938779914913,0.005457356770833318,0.008098052300347179,1.0,4.8,1.5,-1.2
complex_room,2,7.461111111111112,3.8240740740740744,-2.6179938779914944,0.005492078993055536,0.008098052300347179,1.0,4.8,1.5,-1.2
complex_room,2,7.022222222222223,2.840740740740741,2.356194490192345,0.005523546006944439,0.008098052300347179,1.0,4.8,1.5,-1.2
complex_room,2,6.290740740740741,3.6055555555555556,0.26179938779914913,0.005524631076388874,0.008098052300347179,1.0,4.8,1.5,-1.2
complex_room,2,2.6333333333333337,4.37037037037037,1.3089969389957465,0.005543619791666652,0.008098052300347179,1.0,4.8,1.5,-1.2
complex_room,2,2.9259259259259265,4.261111111111111,1.3089969389957465,0.0055468749999999884,0.008098052300347179,1.0,4.8,1.5,-1.2
complex_room,2,3.5111111111111115,3.9333333333333336,1.3089969389957465,0.005623914930555554,0.008098052300347179,1.0,4.8,1.5,-1.2
complex_room,2,6.875925925925927,2.840740740740741,2.356194490192345,0.005625542534722218,0.008098052300347179,1.0,4.8,1.5,-1.2
complex_room,2,2.77962962962963,4.042592592592593,1.3089969389957465,0.00563530815972221,0.008098052300347179,1.0,4.8,1.5,-1.2
complex_room,2,6.290740740740741,3.1685185185185185,0.5235987755982987,0.005647786458333319,0.008098052300347179,1.0,4.8,1.5,-1.2
complex_room,2,4.242592592592593,1.201851851851852,-1.0471975511965979,0.0056521267361110995,0.008098052300347179,1.0,4.8,1.5,-1.2
complex_room,2,7.168518518518519,3.1685185185185185,2.617993877991494,0.005664605034722218,0.008098052300347179,1.0,4.8,1.5,-1.2
complex_room,2,4.242592592592593,1.4203703703703705,-1.0471975511965979,0.005672743055555544,0.008098052300347179,1.0,4.8,1.5,-1.2
complex_room,2,7.314814814814816,3.8240740740740744,-2.6179938779914944,0.005683051215277762,0.008098052300347179,1.0,4.8,1.5,-1.2
complex_room,2,6.290740740740741,3.6055555555555556,0.5235987755982987,0.005683593749999988,0.008098052300347179,1.0,4.8,1.5,-1.2
complex_room,2,6.144444444444445,3.3870370370370373,0.5235987755982987,0.0056868489583333185,0.008098052300347179,1.0,4.8,1.5,-1.2
complex_room,2,7.461111111111112,3.714814814814815,-2.6179938779914944,0.005690646701388868,0.008098052300347179,1.0,4.8,1.5,-1.2
complex_room,2,6.290740740740741,3.277777777777778,0.26179938779914913,0.0057210286458333195,0.008098052300347179,1.0,4.8,1.5,-1.2
complex_room,2,1.6092592592592594,2.7314814814814814,-2.356194490192345,0.005738389756944423,0.008098052300347179,1.0,4.8,1.5,-1.2
complex_room,2,6.144444444444445,3.0592592592592593,0.26179938779914913,0.0057405598958333165,0.008098052300347179,1.0,4.8,1.5,-1.2
complex_room,2,6.144444444444445,3.714814814814815,0.26179938779914913,0.00575086805555554,0.008098052300347179,1.0,4.8,1.5,-1.2
complex_room,2,1.4629629629629632,2.840740740740741,-2.0943951023931957,0.0057774522569444264,0.008098052300347179,1.0,4.8,1.5,-1.2
complex_room,2,1.6092592592592594,2.6222222222222222,-1.8325957145940461,0.005781792534722208,0.008098052300347179,1.0,4.8,1.5,-1.2
complex_room,2,7.168518518518519,2.840740740740741,2.356194490192345,0.005800781249999992,0.008098052300347179,1.0,4.8,1.5,-1.2
complex_room,2,7.314814814814816,3.714814814814815,-2.6179938779914944,0.005812717013888873,0.008098052300347179,1.0,4.8,1.5,-1.2
complex_room,2,6.144444444444445,3.4962962962962965,0.5235987755982987,0.005824110243055541,0.008098052300347179,1.0,4.8,1.5,-1.2
complex_room,2,1.4629629629629632,2.7314814814814814,-1.8325957145940461,0.005834418402777766,0.008098052300347179,1.0,4.8,1.5,-1.2
complex_room,2,6.290740740740741,3.714814814814815,0.26179938779914913,0.005836588541666652,0.008098052300347179,1.0,4.8,1.5,-1.2
complex_room,2,7.314814814814816,3.277777777777778,2.617993877991494,0.005851779513888884,0.008098052300347179,1.0,4.8,1.5,-1.2
complex_room,2,6.290740740740741,3.0592592592592593,0.5235987755982987,0.005852864583333319,0.008098052300347179,1.0,4.8,1.5,-1.2
complex_room,2,2.9259259259259265,3.9333333333333336,1.3089969389957465,0.0058865017361111015,0.008098052300347179,1.0,4.8,1.5,-1.2
complex_room,2,6.144444444444445,3.277777777777778,0.5235987755982987,0.005887044270833319,0.008098052300347179,1.0,4.8,1.5,-1.2
complex_room,2,4.535185185185186,1.201851851851852,-1.0471975511965979,0.005893012152777766,0.008098052300347179,1.0,4.8,1.5,-1.2
complex_room,2,3.218518518518519,4.151851851851852,1.3089969389957465,0.005894097222222213,0.008098052300347179,1.0,4.8,1.5,-1.2
complex_room,2,6.144444444444445,3.6055555555555556,0.5235987755982987,0.005908203124999987,0.008098052300347179,1.0,4.8,1.5,-1.2
complex_room,2,7.314814814814816,3.9333333333333336,-2.6179938779914944,0.0059168836805555385,0.008098052300347179,1.0,4.8,1.5,-1.2
complex_room,2,6.72962962962963,2.6222222222222222,2.094395102393195,0.005925564236111101,0.008098052300347179,1.0,4.8,1.5,-1.2
complex_room,2,6.290740740740741,3.1685185185185185,0.26179938779914913,0.005932617187499985,0.008098052300347179,1.0,4.8,1.5,-1.2
complex_room,2,7.6074074074074085,3.4962962962962965,-2.8797932657906435,0.005936414930555535,0.008098052300347179,1.0,4.8,1.5,-1.2
complex_room,2,7.461111111111112,3.9333333333333336,-2.6179938779914944,0.005947265624999979,0.008098052300347179,1.0,4.8,1.5,-1.2
complex_room,2,2.0481481481481483,2.6222222222222222,-0.7853981633974483,0.0059711371527777675,0.008098052300347179,1.0,4.8,1.5,-1.2
complex_room,2,7.461111111111112,3.3870370370370373,-2.8797932657906435,0.005987413194444426,0.008098052300347179,1.0,4.8,1.5,-1.2
complex_room,2,6.437037037037038,3.3870370370370373,0.5235987755982987,0.005990125868055544,0.008098052300347179,1.0,4.8,1.5,-1.2
complex_room,2,7.461111111111112,3.6055555555555556,-2.8797932657906435,0.006002604166666649,0.008098052300347179,1.0,4.8,1.5,-1.2
complex_room,2,1.3166666666666669,2.95,-2.0943951023931957,0.0060085720486110945,0.008098052300347179,1.0,4.8,1.5,-1.2
complex_room,2,6.290740740740741,3.6055555555555556,-0.2617993877991496,0.006009114583333321,0.008098052300347179,1.0,4.8,1.5,-1.2
complex_room,2,6.437037037037038,3.277777777777778,0.5235987755982987,0.006010199652777766,0.008098052300347179,1.0,4.8,1.5,-1.2
complex_room,2,7.461111111111112,3.3870370370370373,-2.6179938779914944,0.006017795138888869,0.008098052300347179,1.0,4.8,1.5,-1.2
complex_room,2,7.314814814814816,4.042592592592593,-2.6179938779914944,0.006019965277777763,0.008098052300347179,1.0,4.8,1.5,-1.2
complex_room,2,7.461111111111112,4.042592592592593,-2.6179938779914944,0.006031901041666648,0.008098052300347179,1.0,4.8,1.5,-1.2
complex_room,2,4.827777777777778,1.7481481481481482,-1.3089969389957472,0.0060340711805555464,0.008098052300347179,1.0,4.8,1.5,-1.2
complex_room,2,7.168518518518519,3.277777777777778,2.617993877991494,0.006041666666666663,0.008098052300347179,1.0,4.8,1.5,-1.2
complex_room,2,7.6074074074074085,3.714814814814815,-2.8797932657906435,0.006053059895833313,0.008098052300347179,1.0,4.8,1.5,-1.2
complex_room,2,6.290740740740741,3.714814814814815,-0.2617993877991496,0.006063368055555542,0.008098052300347179,1.0,4.8,1.5,-1.2
complex_room,2,7.461111111111112,3.4962962962962965,-2.6179938779914944,0.006068250868055535,0.008098052300347179,1.0,4.8,1.5,-1.2
complex_room,2,7.6074074074074085,3.714814814814815,-2.6179938779914944,0.006080729166666647,0.008098052300347179,1.0,4.8,1.5,-1.2
complex_room,2,6.290740740740741,3.3870370370370373,0.0,0.006100260416666654,0.008098052300347179,1.0,4.8,1.5,-1.2
complex_room,2,4.0962962962962965,1.201851851851852,-1.0471975511965979,0.0061024305555555415,0.008098052300347179,1.0,4.8,1.5,-1.2
complex_room,2,6.72962962962963,2.840740740740741,2.356194490192345,0.006120334201388886,0.008098052300347179,1.0,4.8,1.5,-1.2
complex_room,2,6.290740740740741,3.8240740740740744,0.26179938779914913,0.0061208767361110965,0.008098052300347179,1.0,4.8,1.5,-1.2
complex_room,2,6.290740740740741,3.4962962962962965,0.0,0.0061214192708333205,0.008098052300347179,1.0,4.8,1.5,-1.2
complex_room,2,6.290740740740741,3.8240740740740744,-0.2617993877991496,0.006135525173611097,0.008098052300347179,1.0,4.8,1.5,-1.2
complex_room,2,6.290740740740741,3.4962962962962965,-0.2617993877991496,0.006136610243055545,0.008098052300347179,1.0,4.8,1.5,-1.2
complex_room,2,6.290740740740741,3.277777777777778,0.0,0.006139322916666655,0.008098052300347179,1.0,4.8,1.5,-1.2
complex_room,2,2.340740740740741,2.840740740740741,-1.0471975511965979,0.00614203559027776,0.008098052300347179,1.0,4.8,1.5,-1.2
complex_room,2,6.144444444444445,3.1685185185185185,0.5235987755982987,0.006143120659722207,0.008098052300347179,1.0,4.8,1.5,-1.2
complex_room,2,4.974074074074075,1.4203703703703705,-1.0471975511965979,0.006145833333333316,0.008098052300347179,1.0,4.8,1.5,-1.2
complex_room,2,6.437037037037038,3.8240740740740744,-0.5235987755982991,0.006156141493055542,0.008098052300347179,1.0,4.8,1.5,-1.2
complex_room,2,6.437037037037038,3.4962962962962965,0.5235987755982987,0.006159396701388877,0.008098052300347179,1.0,4.8,1.5,-1.2
complex_room,2,6.583333333333334,2.6222222222222222,2.094395102393195,0.00617187499999999,0.008098052300347179,1.0,4.8,1.5,-1.2
complex_room,2,7.314814814814816,3.6055555555555556,-2.6179938779914944,0.0061794704861110935,0.008098052300347179,1.0,4.8,1.5,-1.2
complex_room,2,6.144444444444445,3.8240740740740744,0.26179938779914913,0.0061919487847222066,0.008098052300347179,1.0,4.8,1.5,-1.2
complex_room,2,6.290740740740741,3.6055555555555556,0.0,0.006211480034722208,0.008098052300347179,1.0,4.8,1.5,-1.2
complex_room,2,7.461111111111112,3.4962962962962965,-2.8797932657906435,0.006225043402777758,0.008098052300347179,1.0,4.8,1.5,-1.2
complex_room,2,7.6074074074074085,3.4962962962962965,-2.6179938779914944,0.0062261284722222015,0.008098052300347179,1.0,4.8,1.5,-1.2
complex_room,2,6.583333333333334,4.042592592592593,-0.5235987755982991,0.006233723958333319,0.008098052300347179,1.0,4.8,1.5,-1.2
complex_room,2,6.437037037037038,3.714814814814815,-0.2617993877991496,0.006259765624999986,0.008098052300347179,1.0,4.8,1.5,-1.2
complex_room,2,6.437037037037038,3.4962962962962965,0.26179938779914913,0.006267361111111098,0.008098052300347179,1.0,4.8,1.5,-1.2
complex_room,2,7.314814814814816,3.4962962962962965,-2.6179938779914944,0.0062749565972222065,0.008098052300347179,1.0,4.8,1.5,-1.2
complex_room,2,6.144444444444445,3.6055555555555556,-0.2617993877991496,0.006284179687499988,0.008098052300347179,1.0,4.8,1.5,-1.2
complex_room,2,6.72962962962963,1.3111111111111111,-1.8325957145940461,0.006296115451388877,0.008098052300347179,1.0,4.8,1.5,-1.2
complex_room,2,6.583333333333334,4.151851851851852,-0.5235987755982991,0.006305338541666651,0.008098052300347179,1.0,4.8,1.5,-1.2
complex_room,2,6.144444444444445,3.4962962962962965,0.0,0.006306966145833318,0.008098052300347179,1.0,4.8,1.5,-1.2
complex_room,2,4.535185185185186,1.5296296296296297,-1.3089969389957472,0.006312391493055538,0.008098052300347179,1.0,4.8,1.5,-1.2
complex_room,2,7.022222222222223,3.1685185185185185,2.617993877991494,0.00632432725694444,0.008098052300347179,1.0,4.8,1.5,-1.2
complex_room,2,3.364814814814815,4.042592592592593,1.3089969389957465,0.006324869791666659,0.008098052300347179,1.0,4.8,1.5,-1.2
complex_room,2,6.144444444444445,3.277777777777778,0.0,0.006334092881944432,0.008098052300347179,1.0,4.8,1.5,-1.2
complex_room,2,6.144444444444445,3.3870370370370373,0.0,0.0063346354166666525,0.008098052300347179,1.0,4.8,1.5,-1.2
complex_room,2,6.290740740740741,3.0592592592592593,0.26179938779914913,0.006343858506944431,0.008098052300347179,1.0,4.8,1.5,-1.2
complex_room,2,4.535185185185186,1.7481481481481482,-1.3089969389957472,0.00634657118055555,0.008098052300347179,1.0,4.8,1.5,-1.2
complex_room,2,6.290740740740741,3.1685185185185185,0.0,0.00634765624999999,0.008098052300347179,1.0,4.8,1.5,-1.2
complex_room,2,6.144444444444445,3.1685185185185185,0.0,0.006350911458333322,0.008098052300347179,1.0,4.8,1.5,-1.2
complex_room,2,7.461111111111112,3.277777777777778,2.617993877991494,0.0063557942708333285,0.008098052300347179,1.0,4.8,1.5,-1.2
complex_room,2,6.875925925925927,2.6222222222222222,2.094395102393195,0.006359592013888877,0.008098052300347179,1.0,4.8,1.5,-1.2
complex_room,2,6.144444444444445,3.4962962962962965,-0.2617993877991496,0.006366102430555546,0.008098052300347179,1.0,4.8,1.5,-1.2
complex_room,2,7.6074074074074085,3.277777777777778,-2.8797932657906435,0.006366644965277756,0.008098052300347179,1.0,4.8,1.5,-1.2
complex_room,2,6.144444444444445,3.714814814814815,0.5235987755982987,0.006378580729166654,0.008098052300347179,1.0,4.8,1.5,-1.2
complex_room,2,7.022222222222223,2.512962962962963,2.094395102393195,0.00638129340277776,0.008098052300347179,1.0,4.8,1.5,-1.2
complex_room,2,6.437037037037038,3.8240740740740744,-0.2617993877991496,0.0063840060763888755,0.008098052300347179,1.0,4.8,1.5,-1.2
complex_room,2,6.437037037037038,3.4962962962962965,0.0,0.006391059027777766,0.008098052300347179,1.0,4.8,1.5,-1.2
complex_room,2,4.681481481481482,1.3111111111111111,-1.3089969389957472,0.006391601562499985,0.008098052300347179,1.0,4.8,1.5,-1.2
complex_room,2,6.290740740740741,3.714814814814815,0.5235987755982987,0.006399197048611099,0.008098052300347179,1.0,4.8,1.5,-1.2
complex_room,2,7.461111111111112,3.714814814814815,-2.8797932657906435,0.0064040798611110904,0.008098052300347179,1.0,4.8,1.5,-1.2
complex_room,2,2.4870370370370374,2.840740740740741,-1.0471975511965979,0.006411132812499981,0.008098052300347179,1.0,4.8,1.5,-1.2
complex_room,2,6.437037037037038,3.6055555555555556,-0.2617993877991496,0.0064149305555555435,0.008098052300347179,1.0,4.8,1.5,-1.2
complex_room,2,6.290740740740741,3.3870370370370373,-0.2617993877991496,0.0064176432291666585,0.008098052300347179,1.0,4.8,1.5,-1.2
complex_room,2,6.144444444444445,3.6055555555555556,0.0,0.0064208984374999846,0.008098052300347179,1.0,4.8,1.5,-1.2
complex_room,2,7.6074074074074085,3.6055555555555556,-2.8797932657906435,0.0064322916666666435,0.008098052300347179,1.0,4.8,1.5,-1.2
complex_room,2,2.6333333333333337,4.151851851851852,1.3089969389957465,0.006433376736111094,0.008098052300347179,1.0,4.8,1.5,-1.2
complex_room,2,6.144444444444445,2.95,0.26179938779914913,0.006435546874999985,0.008098052300347179,1.0,4.8,1.5,-1.2
complex_room,2,6.875925925925927,1.4203703703703705,-1.8325957145940461,0.006436631944444429,0.008098052300347179,1.0,4.8,1.5,-1.2
complex_room,2,6.437037037037038,3.3870370370370373,0.26179938779914913,0.00644368489583332,0.008098052300347179,1.0,4.8,1.5,-1.2
complex_room,2,1.3166666666666669,2.7314814814814814,-1.8325957145940461,0.0064501953124999865,0.008098052300347179,1.0,4.8,1.5,-1.2
complex_room,2,6.144444444444445,3.0592592592592593,0.5235987755982987,0.00645182291666665,0.008098052300347179,1.0,4.8,1.5,-1.2
complex_room,2,6.290740740740741,3.714814814814815,0.0,0.006455078124999985,0.008098052300347179,1.0,4.8,1.5,-1.2
complex_room,2,6.875925925925927,2.7314814814814814,2.356194490192345,0.006464843749999989,0.008098052300347179,1.0,4.8,1.5,-1.2
complex_room,2,6.144444444444445,3.714814814814815,-0.2617993877991496,0.006465386284722208,0.008098052300347179,1.0,4.8,1.5,-1.2
complex_room,2,6.290740740740741,3.8240740740740744,0.0,0.006472981770833318,0.008098052300347179,1.0,4.8,1.5,-1.2
complex_room,2,6.875925925925927,1.3111111111111111,-1.8325957145940461,0.006485460069444431,0.008098052300347179,1.0,4.8,1.5,-1.2
complex_room,2,6.437037037037038,3.3870370370370373,0.0,0.006485460069444432,0.008098052300347179,1.0,4.8,1.5,-1.2
complex_room,2,7.461111111111112,3.8240740740740744,-2.8797932657906435,0.0064892578124999805,0.008098052300347179,1.0,4.8,1.5,-1.2
complex_room,2,6.437037037037038,3.9333333333333336,-0.2617993877991496,0.006490342881944428,0.008098052300347179,1.0,4.8,1.5,-1.2
complex_room,2,6.144444444444445,3.3870370370370373,-0.2617993877991496,0.006494140624999992,0.008098052300347179,1.0,4.8,1.5,-1.2
complex_room,2,7.6074074074074085,3.6055555555555556,-2.6179938779914944,0.006501736111111088,0.008098052300347179,1.0,4.8,1.5,-1.2
complex_room,2,6.583333333333334,1.3111111111111111,-1.8325957145940461,0.006501736111111102,0.008098052300347179,1.0,4.8,1.5,-1.2
complex_room,2,6.437037037037038,3.714814814814815,-0.5235987755982991,0.00651421440972221,0.008098052300347179,1.0,4.8,1.5,-1.2
complex_room,2,6.144444444444445,3.0592592592592593,0.0,0.006521267361111101,0.008098052300347179,1.0,4.8,1.5,-1.2
complex_room,2,7.314814814814816,2.840740740740741,2.356194490192345,0.006528320312499992,0.008098052300347179,1.0,4.8,1.5,-1.2
complex_room,2,6.290740740740741,3.9333333333333336,-0.2617993877991496,0.0065342881944444285,0.008098052300347179,1.0,4.8,1.5,-1.2
complex_room,2,6.437037037037038,3.9333333333333336,-0.5235987755982991,0.006534830729166652,0.008098052300347179,1.0,4.8,1.5,-1.2
complex_room,2,3.0722222222222224,4.261111111111111,1.3089969389957465,0.006539171006944432,0.008098052300347179,1.0,4.8,1.5,-1.2
complex_room,2,6.437037037037038,3.4962962962962965,-0.2617993877991496,0.006573893229166656,0.008098052300347179,1.0,4.8,1.5,-1.2
complex_room,2,6.437037037037038,4.042592592592593,-0.5235987755982991,0.006574978298611094,0.008098052300347179,1.0,4.8,1.5,-1.2
complex_room,2,7.6074074074074085,3.9333333333333336,-2.6179938779914944,0.006582573784722201,0.008098052300347179,1.0,4.8,1.5,-1.2
complex_room,2,6.437037037037038,3.277777777777778,0.26179938779914913,0.006586371527777766,0.008098052300347179,1.0,4.8,1.5,-1.2
complex_room,2,6.437037037037038,3.1685185185185185,0.5235987755982987,0.006592339409722211,0.008098052300347179,1.0,4.8,1.5,-1.2
complex_room,2,7.022222222222223,2.7314814814814814,2.356194490192345,0.00659505208333332,0.008098052300347179,1.0,4.8,1.5,-1.2
complex_room,2,3.657407407407408,3.8240740740740744,1.3089969389957465,0.006596679687499998,0.008098052300347179,1.0,4.8,1.5,-1.2
complex_room,2,7.314814814814816,3.4962962962962965,-2.8797932657906435,0.00659776475694443,0.008098052300347179,1.0,4.8,1.5,-1.2
complex_room,2,4.681481481481482,1.638888888888889,-1.0471975511965979,0.0066037326388888725,0.008098052300347179,1.0,4.8,1.5,-1.2
complex_room,2,6.144444444444445,3.714814814814815,0.0,0.006613498263888873,0.008098052300347179,1.0,4.8,1.5,-1.2
complex_room,2,4.388888888888889,2.403703703703704,1.3089969389957465,0.00661566840277775,0.008098052300347179,1.0,4.8,1.5,-1.2
complex_room,2,7.461111111111112,3.277777777777778,-2.8797932657906435,0.006621093749999978,0.008098052300347179,1.0,4.8,1.5,-1.2
complex_room,2,6.437037037037038,3.6055555555555556,0.26179938779914913,0.006627604166666652,0.008098052300347179,1.0,4.8,1.5,-1.2
complex_room,2,1.9018518518518521,2.512962962962963,-0.7853981633974483,0.006630316840277772,0.008098052300347179,1.0,4.8,1.5,-1.2
complex_room,2,6.437037037037038,3.6055555555555556,0.0,0.006632486979166654,0.008098052300347179,1.0,4.8,1.5,-1.2
complex_room,2,6.583333333333334,3.9333333333333336,-0.5235987755982991,0.00663682725694443,0.008098052300347179,1.0,4.8,1.5,-1.2
complex_room,2,7.6074074074074085,3.3870370370370373,-2.8797932657906435,0.006637912326388864,0.008098052300347179,1.0,4.8,1.5,-1.2
complex_room,2,4.827777777777778,1.3111111111111111,-1.3089969389957472,0.006642252604166653,0.008098052300347179,1.0,4.8,1.5,-1.2
complex_room,2,6.437037037037038,3.714814814814815,0.26179938779914913,0.006646050347222208,0.008098052300347179,1.0,4.8,1.5,-1.2
complex_room,2,7.314814814814816,4.151851851851852,-2.6179938779914944,0.006655815972222207,0.008098052300347179,1.0,4.8,1.5,-1.2
complex_room,2,7.6074074074074085,3.8240740740740744,-2.8797932657906435,0.006656358506944422,0.008098052300347179,1.0,4.8,1.5,-1.2
complex_room,2,6.290740740740741,3.9333333333333336,0.26179938779914913,0.006657443576388872,0.008098052300347179,1.0,4.8,1.5,-1.2
complex_room,2,6.437037037037038,3.277777777777778,0.0,0.006662326388888879,0.008098052300347179,1.0,4.8,1.5,-1.2
complex_room,2,1.4629629629629632,2.6222222222222222,-1.8325957145940461,0.006667751736111097,0.008098052300347179,1.0,4.8,1.5,-1.2
complex_room,2,4.974074074074075,1.5296296296296297,-1.0471975511965979,0.006671006944444429,0.008098052300347179,1.0,4.8,1.5,-1.2
complex_room,2,1.4629629629629632,2.7314814814814814,-2.0943951023931957,0.0066840277777777575,0.008098052300347179,1.0,4.8,1.5,-1.2
complex_room,2,7.461111111111112,3.3870370370370373,2.617993877991494,0.0066905381944444425,0.008098052300347179,1.0,4.8,1.5,-1.2
complex_room,2,7.314814814814816,2.95,2.356194490192345,0.00669325086805555,0.008098052300347179,1.0,4.8,1.5,-1.2
complex_room,2,6.290740740740741,3.0592592592592593,0.0,0.006695421006944437,0.008098052300347179,1.0,4.8,1.5,-1.2
complex_room,2,5.412962962962964,1.638888888888889,-1.3089969389957472,0.006698133680555545,0.008098052300347179,1.0,4.8,1.5,-1.2
complex_room,2,6.144444444444445,3.9333333333333336,0.26179938779914913,0.006721462673611095,0.008098052300347179,1.0,4.8,1.5,-1.2
complex_room,2,6.290740740740741,2.95,0.5235987755982987,0.006723632812499987,0.008098052300347179,1.0,4.8,1.5,-1.2
complex_room,2,6.437037037037038,3.714814814814815,0.0,0.00672688802083332,0.008098052300347179,1.0,4.8,1.5,-1.2
complex_room,2,6.72962962962963,2.7314814814814814,2.356194490192345,0.006733940972222215,0.008098052300347179,1.0,4.8,1.5,-1.2
complex_room,2,7.6074074074074085,3.8240740740740744,-2.6179938779914944,0.006740993923611088,0.008098052300347179,1.0,4.8,1.5,-1.2
complex_room,2,1.1703703703703705,2.840740740740741,-1.8325957145940461,0.006747504340277765,0.008098052300347179,1.0,4.8,1.5,-1.2
complex_room,2,6.144444444444445,3.8240740740740744,-0.2617993877991496,0.0067480468749999845,0.008098052300347179,1.0,4.8,1.5,-1.2
complex_room,2,1.4629629629629632,2.95,-2.356194490192345,0.006756184895833312,0.008098052300347179,1.0,4.8,1.5,-1.2
complex_room,2,1.4629629629629632,2.6222222222222222,-1.5707963267948966,0.006759982638888878,0.008098052300347179,1.0,4.8,1.5,-1.2
complex_room,2,6.437037037037038,2.6222222222222222,2.094395102393195,0.0067605251736111045,0.008098052300347179,1.0,4.8,1.5,-1.2
complex_room,2,7.6074074074074085,4.042592592592593,-2.6179938779914944,0.006761610243055536,0.008098052300347179,1.0,4.8,1.5,-1.2
complex_room,2,7.022222222222223,2.6222222222222222,2.094395102393195,0.006762695312499988,0.008098052300347179,1.0,4.8,1.5,-1.2
complex_room,2,5.412962962962964,1.638888888888889,-1.5707963267948966,0.006765950520833321,0.008098052300347179,1.0,4.8,1.5,-1.2
complex_room,2,4.388888888888889,1.638888888888889,-1.3089969389957472,0.006768663194444434,0.008098052300347179,1.0,4.8,1.5,-1.2
complex_room,2,3.657407407407408,3.9333333333333336,1.5707963267948966,0.006770833333333323,0.008098052300347179,1.0,4.8,1.5,-1.2
complex_room,2,6.437037037037038,3.0592592592592593,0.5235987755982987,0.006777343749999988,0.008098052300347179,1.0,4.8,1.5,-1.2
complex_room,2,6.290740740740741,3.277777777777778,-0.2617993877991496,0.006777886284722215,0.008098052300347179,1.0,4.8,1.5,-1.2
complex_room,2,5.9981481481481485,3.4962962962962965,0.26179938779914913,0.006778971354166651,0.008098052300347179,1.0,4.8,1.5,-1.2
complex_room,2,6.144444444444445,3.277777777777778,-0.2617993877991496,0.006782226562499993,0.008098052300347179,1.0,4.8,1.5,-1.2
complex_room,2,1.3166666666666669,2.840740740740741,-2.0943951023931957,0.006783311631944423,0.008098052300347179,1.0,4.8,1.5,-1.2
complex_room,2,7.6074074074074085,3.9333333333333336,-2.8797932657906435,0.006789822048611092,0.008098052300347179,1.0,4.8,1.5,-1.2
complex_room,2,6.144444444444445,3.8240740740740744,0.0,0.006799045138888873,0.008098052300347179,1.0,4.8,1.5,-1.2
complex_room,2,6.290740740740741,3.8240740740740744,0.5235987755982987,0.006799587673611098,0.008098052300347179,1.0,4.8,1.5,-1.2
complex_room,2,2.1944444444444446,0.8740740740740741,-1.3089969389957472,0.006805555555555542,0.008098052300347179,1.0,4.8,1.5,-1.2
complex_room,2,2.0481481481481483,0.8740740740740741,-1.3089969389957472,0.006807183159722208,0.008098052300347179,1.0,4.8,1.5,-1.2
complex_room,2,5.9981481481481485,3.3870370370370373,0.26179938779914913,0.006810438368055539,0.008098052300347179,1.0,4.8,1.5,-1.2
complex_room,2,2.1944444444444446,1.5296296296296297,2.094395102393195,0.006813151041666642,0.008098052300347179,1.0,4.8,1.5,-1.2
complex_room,2,1.3166666666666669,2.6222222222222222,-1.5707963267948966,0.006815321180555546,0.008098052300347179,1.0,4.8,1.5,-1.2
complex_room,2,2.77962962962963,4.37037037037037,1.3089969389957465,0.006815863715277759,0.008098052300347179,1.0,4.8,1.5,-1.2
complex_room,2,4.535185185185186,1.4203703703703705,-1.3089969389957472,0.006827256944444427,0.008098052300347179,1.0,4.8,1.5,-1.2
complex_room,2,7.022222222222223,2.95,2.356194490192345,0.006827256944444437,0.008098052300347179,1.0,4.8,1.5,-1.2
complex_room,2,7.461111111111112,4.151851851851852,-2.6179938779914944,0.006832139756944424,0.008098052300347179,1.0,4.8,1.5,-1.2
complex_room,2,7.753703703703705,3.714814814814815,-2.8797932657906435,0.006839735243055535,0.008098052300347179,1.0,4.8,1.5,-1.2
complex_room,2,6.144444444444445,2.95,0.0,0.006859266493055547,0.008098052300347179,1.0,4.8,1.5,-1.2
complex_room,2,2.4870370370370374,1.5296296296296297,2.094395102393195,0.006865234374999979,0.008098052300347179,1.0,4.8,1.5,-1.2
complex_room,2,4.388888888888889,1.201851851851852,-1.0471975511965979,0.006867404513888873,0.008098052300347179,1.0,4.8,1.5,-1.2
complex_room,2,7.168518518518519,3.9333333333333336,-2.6179938779914944,0.006871202256944432,0.008098052300347179,1.0,4.8,1.5,-1.2
complex_room,2,6.437037037037038,4.151851851851852,-0.5235987755982991,0.006873914930555536,0.008098052300347179,1.0,4.8,1.5,-1.2
complex_room,2,2.1944444444444446,2.7314814814814814,-0.7853981633974483,0.0068766276041666505,0.008098052300347179,1.0,4.8,1.5,-1.2
complex_room,2,7.168518518518519,3.714814814814815,-2.6179938779914944,0.006882052951388877,0.008098052300347179,1.0,4.8,1.5,-1.2
complex_room,2,5.9981481481481485,3.277777777777778,0.26179938779914913,0.006882595486111095,0.008098052300347179,1.0,4.8,1.5,-1.2
complex_room,2,7.168518518518519,2.95,2.356194490192345,0.006882595486111103,0.008098052300347179,1.0,4.8,1.5,-1.2
complex_room,2,3.5111111111111115,3.9333333333333336,1.5707963267948966,0.006886935763888877,0.008098052300347179,1.0,4.8,1.5,-1.2
complex_room,2,7.314814814814816,3.3870370370370373,2.617993877991494,0.006889105902777772,0.008098052300347179,1.0,4.8,1.5,-1.2
complex_room,2,3.364814814814815,4.042592592592593,1.5707963267948966,0.006891276041666656,0.008098052300347179,1.0,4.8,1.5,-1.2
complex_room,2,3.364814814814815,3.9333333333333336,1.5707963267948966,0.006892361111111098,0.008098052300347179,1.0,4.8,1.5,-1.2
complex_room,2,2.1944444444444446,2.6222222222222222,-0.7853981633974483,0.006893446180555541,0.008098052300347179,1.0,4.8,1.5,-1.2
complex_room,2,7.314814814814816,3.3870370370370373,-2.8797932657906435,0.006896701388888872,0.008098052300347179,1.0,4.8,1.5,-1.2
complex_room,2,2.340740740740741,4.37037037037037,1.0471975511965974,0.006901584201388857,0.008098052300347179,1.0,4.8,1.5,-1.2
complex_room,2,7.314814814814816,4.042592592592593,-2.356194490192345,0.006910264756944427,0.008098052300347179,1.0,4.8,1.5,-1.2
complex_room,2,1.6092592592592594,2.6222222222222222,-2.0943951023931957,0.006912434895833315,0.008098052300347179,1.0,4.8,1.5,-1.2
complex_room,2,1.1703703703703705,3.0592592592592593,-2.0943951023931957,0.006919487847222205,0.008098052300347179,1.0,4.8,1.5,-1.2
complex_room,2,2.340740740740741,0.8740740740740741,-1.3089969389957472,0.006922743055555543,0.008098052300347179,1.0,4.8,1.5,-1.2
complex_room,2,7.314814814814816,3.8240740740740744,-2.356194490192345,0.006924913194444428,0.008098052300347179,1.0,4.8,1.5,-1.2
complex_room,2,2.340740740740741,2.95,-1.0471975511965979,0.006930881076388871,0.008098052300347179,1.0,4.8,1.5,-1.2
complex_room,2,1.9018518518518521,1.638888888888889,2.094395102393195,0.006937391493055543,0.008098052300347179,1.0,4.8,1.5,-1.2
complex_room,2,6.437037037037038,3.3870370370370373,-0.2617993877991496,0.006937934027777767,0.008098052300347179,1.0,4.8,1.5,-1.2
complex_room,2,7.168518518518519,3.0592592592592593,2.617993877991494,0.00693956163194443,0.008098052300347179,1.0,4.8,1.5,-1.2
complex_room,2,6.437037037037038,3.6055555555555556,0.5235987755982987,0.006942274305555543,0.008098052300347179,1.0,4.8,1.5,-1.2
complex_room,2,7.6074074074074085,3.277777777777778,-2.6179938779914944,0.006943359374999979,0.008098052300347179,1.0,4.8,1.5,-1.2
complex_room,2,5.9981481481481485,3.6055555555555556,0.26179938779914913,0.006943359374999984,0.008098052300347179,1.0,4.8,1.5,-1.2
complex_room,2,5.55925925925926,1.5296296296296297,-1.3089969389957472,0.006943359374999996,0.008098052300347179,1.0,4.8,1.5,-1.2
complex_room,2,4.535185185185186,2.403703703703704,1.3089969389957465,0.006946614583333306,0.008098052300347179,1.0,4.8,1.5,-1.2
complex_room,2,6.583333333333334,3.8240740740740744,-0.5235987755982991,0.006954210069444431,0.008098052300347179,1.0,4.8,1.5,-1.2
complex_room,2,6.290740740740741,3.9333333333333336,0.0,0.006955295138888873,0.008098052300347179,1.0,4.8,1.5,-1.2
complex_room,2,6.437037037037038,4.042592592592593,-0.2617993877991496,0.006968315972222205,0.008098052300347179,1.0,4.8,1.5,-1.2
complex_room,2,6.144444444444445,3.8240740740740744,0.5235987755982987,0.006969943576388875,0.008098052300347179,1.0,4.8,1.5,-1.2
complex_room,2,7.168518518518519,3.8240740740740744,-2.6179938779914944,0.006979709201388875,0.008098052300347179,1.0,4.8,1.5,-1.2
complex_room,2,6.290740740740741,4.042592592592593,-0.2617993877991496,0.006985677083333316,0.008098052300347179,1.0,4.8,1.5,-1.2
complex_room,2,2.4870370370370374,4.261111111111111,1.0471975511965974,0.006986219618055527,0.008098052300347179,1.0,4.8,1.5,-1.2
complex_room,2,7.314814814814816,3.6055555555555556,-2.8797932657906435,0.006986762152777761,0.008098052300347179,1.0,4.8,1.5,-1.2
complex_room,2,6.583333333333334,3.9333333333333336,-0.2617993877991496,0.006988389756944429,0.008098052300347179,1.0,4.8,1.5,-1.2
complex_room,2,6.437037037037038,3.8240740740740744,0.0,0.006990017361111096,0.008098052300347179,1.0,4.8,1.5,-1.2
complex_room,2,7.168518518518519,3.9333333333333336,-2.356194490192345,0.006997070312499986,0.008098052300347179,1.0,4.8,1.5,-1.2
complex_room,2,6.583333333333334,3.714814814814815,-0.2617993877991496,0.006997612847222209,0.008098052300347179,1.0,4.8,1.5,-1.2
complex_room,2,3.364814814814815,4.151851851851852,1.3089969389957465,0.006998697916666657,0.008098052300347179,1.0,4.8,1.5,-1.2
complex_room,2,2.1944444444444446,2.7314814814814814,-1.0471975511965979,0.0069992404513888745,0.008098052300347179,1.0,4.8,1.5,-1.2
complex_room,2,6.583333333333334,3.8240740740740744,-0.2617993877991496,0.007007378472222208,0.008098052300347179,1.0,4.8,1.5,-1.2
complex_room,2,5.9981481481481485,3.1685185185185185,0.26179938779914913,0.0070090060763888734,0.008098052300347179,1.0,4.8,1.5,-1.2
complex_room,2,2.4870370370370374,4.37037037037037,1.0471975511965974,0.0070122612847221925,0.008098052300347179,1.0,4.8,1.5,-1.2
complex_room,2,7.314814814814816,3.714814814814815,-2.8797932657906435,0.00701334635416665,0.008098052300347179,1.0,4.8,1.5,-1.2
complex_room,2,6.583333333333334,4.261111111111111,-0.5235987755982991,0.0070144314236110904,0.008098052300347179,1.0,4.8,1.5,-1.2
complex_room,2,7.461111111111112,3.277777777777778,-2.6179938779914944,0.007016601562499979,0.008098052300347179,1.0,4.8,1.5,-1.2
complex_room,2,1.9018518518518521,0.8740740740740741,-1.3089969389957472,0.0070193142361110955,0.008098052300347179,1.0,4.8,1.5,-1.2
complex_room,2,7.314814814814816,3.3870370370370373,-2.6179938779914944,0.007029622395833316,0.008098052300347179,1.0,4.8,1.5,-1.2
complex_room,2,7.314814814814816,3.4962962962962965,2.879793265790643,0.007030707465277768,0.008098052300347179,1.0,4.8,1.5,-1.2
complex_room,2,1.4629629629629632,2.840740740740741,-2.356194490192345,0.007042643229166645,0.008098052300347179,1.0,4.8,1.5,-1.2
complex_room,2,7.022222222222223,1.3111111111111111,-1.8325957145940461,0.007044270833333318,0.008098052300347179,1.0,4.8,1.5,-1.2
complex_room,2,7.314814814814816,3.9333333333333336,-2.356194490192345,0.00705023871527776,0.008098052300347179,1.0,4.8,1.5,-1.2
complex_room,2,7.461111111111112,3.6055555555555556,2.879793265790643,0.0070686848958333255,0.008098052300347179,1.0,4.8,1.5,-1.2
complex_room,2,6.437037037037038,1.3111111111111111,-1.8325957145940461,0.00706922743055555,0.008098052300347179,1.0,4.8,1.5,-1.2
complex_room,2,1.1703703703703705,2.7314814814814814,-1.5707963267948966,0.007070312499999991,0.008098052300347179,1.0,4.8,1.5,-1.2
complex_room,2,5.2666666666666675,1.638888888888889,-1.5707963267948966,0.007075195312499983,0.008098052300347179,1.0,4.8,1.5,-1.2
complex_room,2,6.583333333333334,2.840740740740741,2.356194490192345,0.0070827907986111115,0.008098052300347179,1.0,4.8,1.5,-1.2
complex_room,2,2.6333333333333337,4.261111111111111,1.0471975511965974,0.007087131076388862,0.008098052300347179,1.0,4.8,1.5,-1.2
complex_room,2,3.5111111111111115,5.025925925925926,-2.0943951023931957,0.0070871310763888674,0.008098052300347179,1.0,4.8,1.5,-1.2
complex_room,2,5.55925925925926,1.638888888888889,-1.3089969389957472,0.0070882161458333225,0.008098052300347179,1.0,4.8,1.5,-1.2
complex_room,2,3.5111111111111115,4.042592592592593,1.5707963267948966,0.007091471354166658,0.008098052300347179,1.0,4.8,1.5,-1.2
complex_room,2,6.72962962962963,4.261111111111111,-0.5235987755982991,0.007094184027777762,0.008098052300347179,1.0,4.8,1.5,-1.2
complex_room,2,6.144444444444445,3.9333333333333336,-0.2617993877991496,0.007096896701388873,0.008098052300347179,1.0,4.8,1.5,-1.2
complex_room,2,7.168518518518519,2.7314814814814814,2.356194490192345,0.007097439236111096,0.008098052300347179,1.0,4.8,1.5,-1.2
complex_room,2,2.4870370370370374,0.8740740740740741,-1.3089969389957472,0.007098524305555542,0.008098052300347179,1.0,4.8,1.5,-1.2
complex_room,2,1.7555555555555558,0.8740740740740741,-1.3089969389957472,0.007103949652777759,0.008098052300347179,1.0,4.8,1.5,-1.2
complex_room,2,2.1944444444444446,1.638888888888889,2.094395102393195,0.007105577256944424,0.008098052300347179,1.0,4.8,1.5,-1.2
complex_room,2,6.72962962962963,2.2944444444444447,1.8325957145940457,0.007107204861111085,0.008098052300347179,1.0,4.8,1.5,-1.2
complex_room,2,7.168518518518519,3.6055555555555556,-2.6179938779914944,0.007112630208333319,0.008098052300347179,1.0,4.8,1.5,-1.2
complex_room,2,4.974074074074075,1.7481481481481482,-1.3089969389957472,0.007113172743055544,0.008098052300347179,1.0,4.8,1.5,-1.2
complex_room,2,6.290740740740741,3.714814814814815,-0.5235987755982991,0.007121310763888876,0.008098052300347179,1.0,4.8,1.5,-1.2
complex_room,2,6.144444444444445,3.1685185185185185,-0.2617993877991496,0.007121853298611107,0.008098052300347179,1.0,4.8,1.5,-1.2
complex_room,2,2.6333333333333337,4.042592592592593,1.3089969389957465,0.007125108506944426,0.008098052300347179,1.0,4.8,1.5,-1.2
complex_room,2,7.168518518518519,4.042592592592593,-2.356194490192345,0.007127821180555541,0.008098052300347179,1.0,4.8,1.5,-1.2
complex_room,2,6.437037037037038,3.8240740740740744,0.26179938779914913,0.00712999131944443,0.008098052300347179,1.0,4.8,1.5,-1.2
complex_room,2,7.6074074074074085,4.042592592592593,-2.8797932657906435,0.007139756944444427,0.008098052300347179,1.0,4.8,1.5,-1.2
complex_room,2,2.0481481481481483,1.7481481481481482,2.094395102393195,0.0071440972222222105,0.008098052300347179,1.0,4.8,1.5,-1.2
complex_room,2,6.437037037037038,3.6055555555555556,-0.5235987755982991,0.007145724826388878,0.008098052300347179,1.0,4.8,1.5,-1.2
complex_room,2,2.0481481481481483,1.5296296296296297,2.094395102393195,0.00715657552083331,0.008098052300347179,1.0,4.8,1.5,-1.2
complex_room,2,5.2666666666666675,1.7481481481481482,-1.5707963267948966,0.007162000868055542,0.008098052300347179,1.0,4.8,1.5,-1.2
complex_room,2,1.7555555555555558,1.5296296296296297,2.094395102393195,0.00716742621527776,0.008098052300347179,1.0,4.8,1.5,-1.2
complex_room,2,3.218518518518519,4.151851851851852,1.5707963267948966,0.007167426215277768,0.008098052300347179,1.0,4.8,1.5,-1.2
complex_room,2,7.022222222222223,1.4203703703703705,-1.8325957145940461,0.0071712239583333155,0.008098052300347179,1.0,4.8,1.5,-1.2
complex_room,2,7.6074074074074085,3.3870370370370373,-2.6179938779914944,0.007191840277777754,0.008098052300347179,1.0,4.8,1.5,-1.2
complex_room,2,3.8037037037037043,3.8240740740740744,1.5707963267948966,0.007193467881944431,0.008098052300347179,1.0,4.8,1.5,-1.2
complex_room,2,5.9981481481481485,3.714814814814815,0.26179938779914913,0.00720594618055554,0.008098052300347179,1.0,4.8,1.5,-1.2
complex_room,2,5.9981481481481485,3.0592592592592593,0.26179938779914913,0.007206488715277761,0.008098052300347179,1.0,4.8,1.5,-1.2
complex_room,2,7.753703703703705,3.6055555555555556,-2.8797932657906435,0.007213541666666644,0.008098052300347179,1.0,4.8,1.5,-1.2
complex_room,2,6.144444444444445,4.042592592592593,0.26179938779914913,0.00721354166666665,0.008098052300347179,1.0,4.8,1.5,-1.2
complex_room,2,2.4870370370370374,4.37037037037037,1.3089969389957465,0.007216254340277757,0.008098052300347179,1.0,4.8,1.5,-1.2
complex_room,2,6.875925925925927,2.95,2.356194490192345,0.007219509548611106,0.008098052300347179,1.0,4.8,1.5,-1.2
complex_room,2,4.242592592592593,2.512962962962963,1.3089969389957465,0.007220052083333305,0.008098052300347179,1.0,4.8,1.5,-1.2
complex_room,2,5.120370370370371,1.7481481481481482,-1.3089969389957472,0.007221137152777767,0.008098052300347179,1.0,4.8,1.5,-1.2
complex_room,2,2.4870370370370374,4.261111111111111,1.3089969389957465,0.007222222222222201,0.008098052300347179,1.0,4.8,1.5,-1.2
complex_room,2,3.8037037037037043,3.9333333333333336,1.5707963267948966,0.007228190104166657,0.008098052300347179,1.0,4.8,1.5,-1.2
complex_room,2,6.875925925925927,1.201851851851852,-1.8325957145940461,0.0072314453124999855,0.008098052300347179,1.0,4.8,1.5,-1.2
complex_room,2,7.168518518518519,4.042592592592593,-2.6179938779914944,0.0072368706597222094,0.008098052300347179,1.0,4.8,1.5,-1.2
complex_room,2,3.657407407407408,3.8240740740740744,1.5707963267948966,0.007237413194444431,0.008098052300347179,1.0,4.8,1.5,-1.2
complex_room,2,6.437037037037038,3.9333333333333336,0.0,0.007239040798611096,0.008098052300347179,1.0,4.8,1.5,-1.2
complex_room,2,6.144444444444445,3.9333333333333336,0.0,0.007239583333333317,0.008098052300347179,1.0,4.8,1.5,-1.2
complex_room,2,6.72962962962963,1.201851851851852,-1.8325957145940461,0.007240668402777767,0.008098052300347179,1.0,4.8,1.5,-1.2
complex_room,2,2.340740740740741,4.479629629629629,1.0471975511965974,0.007241753472222189,0.008098052300347179,1.0,4.8,1.5,-1.2
complex_room,2,7.168518518518519,4.151851851851852,-2.356194490192345,0.0072450086805555414,0.008098052300347179,1.0,4.8,1.5,-1.2
complex_room,2,3.657407407407408,4.042592592592593,1.5707963267948966,0.0072450086805555475,0.008098052300347179,1.0,4.8,1.5,-1.2
complex_room,2,7.022222222222223,3.0592592592592593,2.617993877991494,0.007248263888888878,0.008098052300347179,1.0,4.8,1.5,-1.2
complex_room,2,7.461111111111112,3.9333333333333336,-2.8797932657906435,0.007248806423611091,0.008098052300347179,1.0,4.8,1.5,-1.2
complex_room,2,6.290740740740741,3.1685185185185185,-0.2617993877991496,0.007251519097222216,0.008098052300347179,1.0,4.8,1.5,-1.2
complex_room,2,3.218518518518519,4.042592592592593,1.5707963267948966,0.007256944444444431,0.008098052300347179,1.0,4.8,1.5,-1.2
complex_room,2,6.583333333333334,3.6055555555555556,-0.2617993877991496,0.007265082465277767,0.008098052300347179,1.0,4.8,1.5,-1.2
complex_room,2,7.461111111111112,4.261111111111111,-2.6179938779914944,0.007273763020833314,0.008098052300347179,1.0,4.8,1.5,-1.2
complex_room,2,1.1703703703703705,2.6222222222222222,-1.5707963267948966,0.007279730902777769,0.008098052300347179,1.0,4.8,1.5,-1.2
complex_room,2,4.388888888888889,2.512962962962963,1.3089969389957465,0.007285698784722195,0.008098052300347179,1.0,4.8,1.5,-1.2
complex_room,2,7.314814814814816,3.1685185185185185,2.617993877991494,0.007286241319444432,0.008098052300347179,1.0,4.8,1.5,-1.2
complex_room,2,6.583333333333334,2.403703703703704,1.8325957145940457,0.007294379340277756,0.008098052300347179,1.0,4.8,1.5,-1.2
complex_room,2,7.168518518518519,3.3870370370370373,2.617993877991494,0.007302517361111108,0.008098052300347179,1.0,4.8,1.5,-1.2
complex_room,2,6.437037037037038,3.1685185185185185,0.26179938779914913,0.007303059895833321,0.008098052300347179,1.0,4.8,1.5,-1.2
complex_room,2,4.242592592592593,1.201851851851852,-0.7853981633974483,0.007313910590277758,0.008098052300347179,1.0,4.8,1.5,-1.2
complex_room,2,5.705555555555557,1.638888888888889,-1.3089969389957472,0.007314995659722212,0.008098052300347179,1.0,4.8,1.5,-1.2
complex_room,2,7.314814814814816,3.714814814814815,2.879793265790643,0.007317165798611108,0.008098052300347179,1.0,4.8,1.5,-1.2
complex_room,2,1.6092592592592594,0.8740740740740741,-1.3089969389957472,0.007323676215277759,0.008098052300347179,1.0,4.8,1.5,-1.2
complex_room,2,5.412962962962964,1.4203703703703705,-1.3089969389957472,0.007323676215277761,0.008098052300347179,1.0,4.8,1.5,-1.2
complex_room,2,7.314814814814816,3.8240740740740744,-2.8797932657906435,0.007327473958333318,0.008098052300347179,1.0,4.8,1.5,-1.2
complex_room,2,6.437037037037038,3.714814814814815,0.5235987755982987,0.007329644097222209,0.008098052300347179,1.0,4.8,1.5,-1.2
complex_room,2,3.5111111111111115,3.8240740740740744,1.5707963267948966,0.007332356770833318,0.008098052300347179,1.0,4.8,1.5,-1.2
complex_room,2,4.388888888888889,1.5296296296296297,-1.3089969389957472,0.0073426649305555385,0.008098052300347179,1.0,4.8,1.5,-1.2
complex_room,2,6.437037037037038,3.9333333333333336,0.26179938779914913,0.007345377604166651,0.008098052300347179,1.0,4.8,1.5,-1.2
complex_room,2,6.290740740740741,3.4962962962962965,-0.5235987755982991,0.007346462673611102,0.008098052300347179,1.0,4.8,1.5,-1.2
complex_room,2,4.535185185185186,2.2944444444444447,1.3089969389957465,0.007348090277777747,0.008098052300347179,1.0,4.8,1.5,-1.2
complex_room,2,7.168518518518519,2.512962962962963,2.094395102393195,0.007354058159722204,0.008098052300347179,1.0,4.8,1.5,-1.2
complex_room,2,3.5111111111111115,4.042592592592593,1.3089969389957465,0.007354058159722214,0.008098052300347179,1.0,4.8,1.5,-1.2
complex_room,2,6.144444444444445,2.95,0.5235987755982987,0.007355143229166651,0.008098052300347179,1.0,4.8,1.5,-1.2
complex_room,2,3.364814814814815,5.025925925925926,-1.8325957145940461,0.00736924913194443,0.008098052300347179,1.0,4.8,1.5,-1.2
complex_room,2,6.437037037037038,3.1685185185185185,0.0,0.007371961805555547,0.008098052300347179,1.0,4.8,1.5,-1.2
complex_room,2,2.6333333333333337,4.151851851851852,1.0471975511965974,0.007377387152777751,0.008098052300347179,1.0,4.8,1.5,-1.2
complex_room,2,6.72962962962963,4.042592592592593,-0.5235987755982991,0.0073855251736110955,0.008098052300347179,1.0,4.8,1.5,-1.2
complex_room,2,2.0481481481481483,1.4203703703703705,2.094395102393195,0.007388780381944416,0.008098052300347179,1.0,4.8,1.5,-1.2
complex_room,2,6.583333333333334,3.714814814814815,-0.5235987755982991,0.007400173611111098,0.008098052300347179,1.0,4.8,1.5,-1.2
complex_room,2,7.461111111111112,3.8240740740740744,2.879793265790643,0.007406684027777777,0.008098052300347179,1.0,4.8,1.5,-1.2
complex_room,2,6.290740740740741,4.042592592592593,0.0,0.0074072265624999835,0.008098052300347179,1.0,4.8,1.5,-1.2
complex_room,2,7.314814814814816,3.714814814814815,-2.356194490192345,0.007409396701388873,0.008098052300347179,1.0,4.8,1.5,-1.2
complex_room,2,7.753703703703705,3.3870370370370373,-2.8797932657906435,0.0074099392361110855,0.008098052300347179,1.0,4.8,1.5,-1.2
complex_room,2,7.753703703703705,3.8240740740740744,-2.8797932657906435,0.007414279513888867,0.008098052300347179,1.0,4.8,1.5,-1.2
complex_room,2,6.583333333333334,0.3277777777777778,1.8325957145940457,0.007414822048611067,0.008098052300347179,1.0,4.8,1.5,-1.2
complex_room,2,6.290740740740741,4.042592592592593,0.26179938779914913,0.007420247395833317,0.008098052300347179,1.0,4.8,1.5,-1.2
complex_room,2,6.72962962962963,4.151851851851852,-0.5235987755982991,0.007420247395833317,0.008098052300347179,1.0,4.8,1.5,-1.2
complex_room,2,6.290740740740741,3.8240740740740744,-0.5235987755982991,0.0074213324652777635,0.008098052300347179,1.0,4.8,1.5,-1.2
complex_room,2,6.583333333333334,4.042592592592593,-0.2617993877991496,0.00742567274305554,0.008098052300347179,1.0,4.8,1.5,-1.2
complex_room,2,1.9018518518518521,1.5296296296296297,2.094395102393195,0.007426215277777753,0.008098052300347179,1.0,4.8,1.5,-1.2
complex_room,2,2.340740740740741,1.7481481481481482,2.094395102393195,0.007428385416666649,0.008098052300347179,1.0,4.8,1.5,-1.2
complex_room,2,6.290740740740741,3.9333333333333336,-0.5235987755982991,0.007431098090277761,0.008098052300347179,1.0,4.8,1.5,-1.2
complex_room,2,6.144444444444445,4.042592592592593,0.0,0.007431640624999982,0.008098052300347179,1.0,4.8,1.5,-1.2
complex_room,2,7.168518518518519,3.8240740740740744,-2.356194490192345,0.007439778645833319,0.008098052300347179,1.0,4.8,1.5,-1.2
complex_room,2,3.364814814814815,3.8240740740740744,1.3089969389957465,0.007441406249999992,0.008098052300347179,1.0,4.8,1.5,-1.2
complex_room,2,1.0240740740740741,2.95,-1.8325957145940461,0.007443576388888876,0.008098052300347179,1.0,4.8,1.5,-1.2
complex_room,2,5.851851851851853,1.638888888888889,-1.3089969389957472,0.007443576388888876,0.008098052300347179,1.0,4.8,1.5,-1.2
complex_room,2,3.5111111111111115,4.151851851851852,1.5707963267948966,0.007445746527777771,0.008098052300347179,1.0,4.8,1.5,-1.2
complex_room,2,2.340740740740741,1.4203703703703705,2.094395102393195,0.007446289062499976,0.008098052300347179,1.0,4.8,1.5,-1.2
complex_room,2,6.583333333333334,2.7314814814814814,2.356194490192345,0.007446289062499994,0.008098052300347179,1.0,4.8,1.5,-1.2
complex_room,2,1.6092592592592594,2.7314814814814814,-2.0943951023931957,0.007449544270833312,0.008098052300347179,1.0,4.8,1.5,-1.2
complex_room,2,2.340740740740741,1.5296296296296297,2.094395102393195,0.007457682291666639,0.008098052300347179,1.0,4.8,1.5,-1.2
complex_room,2,6.437037037037038,3.277777777777778,-0.2617993877991496,0.007457682291666658,0.008098052300347179,1.0,4.8,1.5,-1.2
complex_room,2,7.168518518518519,2.6222222222222222,2.094395102393195,0.007465277777777767,0.008098052300347179,1.0,4.8,1.5,-1.2
complex_room,2,6.290740740740741,3.6055555555555556,-0.5235987755982991,0.007472873263888877,0.008098052300347179,1.0,4.8,1.5,-1.2
complex_room,2,7.461111111111112,3.714814814814815,-2.356194490192345,0.007479926215277761,0.008098052300347179,1.0,4.8,1.5,-1.2
complex_room,2,2.9259259259259265,4.151851851851852,1.0471975511965974,0.007482096354166646,0.008098052300347179,1.0,4.8,1.5,-1.2
complex_room,2,3.364814814814815,4.151851851851852,1.5707963267948966,0.007484266493055546,0.008098052300347179,1.0,4.8,1.5,-1.2
complex_room,2,3.9500000000000006,3.8240740740740744,1.5707963267948966,0.007488064236111098,0.008098052300347179,1.0,4.8,1.5,-1.2
complex_room,2,3.218518518518519,3.8240740740740744,1.3089969389957465,0.007489691840277767,0.008098052300347179,1.0,4.8,1.5,-1.2
complex_room,2,7.022222222222223,1.201851851851852,-1.8325957145940461,0.007490234374999984,0.008098052300347179,1.0,4.8,1.5,-1.2
complex_room,2,7.314814814814816,3.277777777777778,-2.8797932657906435,0.0074978298611110905,0.008098052300347179,1.0,4.8,1.5,-1.2
complex_room,2,7.314814814814816,4.261111111111111,-2.6179938779914944,0.007501085069444429,0.008098052300347179,1.0,4.8,1.5,-1.2
complex_room,2,2.4870370370370374,4.479629629629629,1.0471975511965974,0.007504882812499971,0.008098052300347179,1.0,4.8,1.5,-1.2
complex_room,2,3.5111111111111115,3.8240740740740744,1.3089969389957465,0.007505425347222216,0.008098052300347179,1.0,4.8,1.5,-1.2
complex_room,2,1.6092592592592594,2.512962962962963,-1.5707963267948966,0.007506510416666657,0.008098052300347179,1.0,4.8,1.5,-1.2
complex_room,2,5.705555555555557,1.5296296296296297,-1.3089969389957472,0.007515190972222218,0.008098052300347179,1.0,4.8,1.5,-1.2
complex_room,2,6.583333333333334,2.2944444444444447,1.8325957145940457,0.007518988715277752,0.008098052300347179,1.0,4.8,1.5,-1.2
complex_room,2,7.6074074074074085,3.1685185185185185,-2.8797932657906435,0.007521701388888862,0.008098052300347179,1.0,4.8,1.5,-1.2
complex_room,2,7.753703703703705,3.9333333333333336,-2.8797932657906435,0.007522243923611092,0.008098052300347179,1.0,4.8,1.5,-1.2
complex_room,2,7.168518518518519,4.151851851851852,-2.6179938779914944,0.007523328993055544,0.008098052300347179,1.0,4.8,1.5,-1.2
complex_room,2,3.218518518518519,4.261111111111111,1.5707963267948966,0.007523328993055547,0.008098052300347179,1.0,4.8,1.5,-1.2
complex_room,2,6.290740740740741,4.151851851851852,-0.2617993877991496,0.0075325520833333165,0.008098052300347179,1.0,4.8,1.5,-1.2
complex_room,2,1.1703703703703705,2.95,-2.0943951023931957,0.007536349826388868,0.008098052300347179,1.0,4.8,1.5,-1.2
complex_room,2,6.583333333333334,3.6055555555555556,0.0,0.00753960503472221,0.008098052300347179,1.0,4.8,1.5,-1.2
complex_room,2,7.461111111111112,3.277777777777778,-3.141592653589793,0.00754665798611109,0.008098052300347179,1.0,4.8,1.5,-1.2
complex_room,2,5.9981481481481485,3.8240740740740744,0.26179938779914913,0.0075596788194444275,0.008098052300347179,1.0,4.8,1.5,-1.2
complex_room,2,5.9981481481481485,1.638888888888889,-1.3089969389957472,0.007560763888888874,0.008098052300347179,1.0,4.8,1.5,-1.2
complex_room,2,6.437037037037038,4.151851851851852,-0.2617993877991496,0.007561306423611093,0.008098052300347179,1.0,4.8,1.5,-1.2
complex_room,2,6.583333333333334,3.4962962962962965,0.0,0.007562934027777767,0.008098052300347179,1.0,4.8,1.5,-1.2
complex_room,2,2.340740740740741,1.638888888888889,2.094395102393195,0.007565104166666644,0.008098052300347179,1.0,4.8,1.5,-1.2
complex_room,2,6.437037037037038,0.3277777777777778,1.8325957145940457,0.007567816840277737,0.008098052300347179,1.0,4.8,1.5,-1.2
complex_room,2,1.3166666666666669,2.840740740740741,-1.8325957145940461,0.0075754123263888735,0.008098052300347179,1.0,4.8,1.5,-1.2
complex_room,2,1.4629629629629632,2.7314814814814814,-2.356194490192345,0.007577039930555535,0.008098052300347179,1.0,4.8,1.5,-1.2
complex_room,2,7.314814814814816,4.151851851851852,-2.356194490192345,0.007579752604166647,0.008098052300347179,1.0,4.8,1.5,-1.2
complex_room,2,6.72962962962963,4.37037037037037,-0.5235987755982991,0.007581380208333315,0.008098052300347179,1.0,4.8,1.5,-1.2
complex_room,2,7.168518518518519,3.714814814814815,-2.356194490192345,0.007592230902777765,0.008098052300347179,1.0,4.8,1.5,-1.2
complex_room,2,1.3166666666666669,3.0592592592592593,-2.0943951023931957,0.007596028645833314,0.008098052300347179,1.0,4.8,1.5,-1.2
complex_room,2,5.9981481481481485,2.95,0.26179938779914913,0.007596571180555539,0.008098052300347179,1.0,4.8,1.5,-1.2
complex_room,2,6.144444444444445,3.0592592592592593,-0.2617993877991496,0.007597656249999998,0.008098052300347179,1.0,4.8,1.5,-1.2
complex_room,2,7.314814814814816,3.6055555555555556,2.879793265790643,0.00760199652777777,0.008098052300347179,1.0,4.8,1.5,-1.2
complex_room,2,2.6333333333333337,1.7481481481481482,2.356194490192345,0.007604166666666646,0.008098052300347179,1.0,4.8,1.5,-1.2
complex_room,2,7.461111111111112,3.6055555555555556,-3.141592653589793,0.007604709201388871,0.008098052300347179,1.0,4.8,1.5,-1.2
complex_room,2,5.9981481481481485,2.840740740740741,0.26179938779914913,0.0076112196180555414,0.008098052300347179,1.0,4.8,1.5,-1.2
complex_room,2,1.4629629629629632,3.0592592592592593,-2.356194490192345,0.007611762152777757,0.008098052300347179,1.0,4.8,1.5,-1.2
complex_room,2,6.583333333333334,3.714814814814815,0.0,0.007612847222222209,0.008098052300347179,1.0,4.8,1.5,-1.2
complex_room,2,5.9981481481481485,3.4962962962962965,0.0,0.007622070312499983,0.008098052300347179,1.0,4.8,1.5,-1.2
complex_room,2,6.583333333333334,3.4962962962962965,-0.2617993877991496,0.007628038194444435,0.008098052300347179,1.0,4.8,1.5,-1.2
complex_room,2,7.461111111111112,3.1685185185185185,-2.8797932657906435,0.007629123263888863,0.008098052300347179,1.0,4.8,1.5,-1.2
complex_room,2,7.314814814814816,3.4962962962962965,2.617993877991494,0.007629123263888886,0.008098052300347179,1.0,4.8,1.5,-1.2
complex_room,2,5.9981481481481485,3.3870370370370373,0.0,0.0076296657986110955,0.008098052300347179,1.0,4.8,1.5,-1.2
complex_room,2,1.4629629629629632,0.8740740740740741,-1.3089969389957472,0.007631293402777755,0.008098052300347179,1.0,4.8,1.5,-1.2
complex_room,2,1.6092592592592594,2.840740740740741,-2.356194490192345,0.007634006076388866,0.008098052300347179,1.0,4.8,1.5,-1.2
complex_room,2,1.9018518518518521,1.4203703703703705,2.094395102393195,0.0076350911458333065,0.008098052300347179,1.0,4.8,1.5,-1.2
complex_room,2,7.6074074074074085,4.151851851851852,-2.6179938779914944,0.007636176215277756,0.008098052300347179,1.0,4.8,1.5,-1.2
complex_room,2,7.314814814814816,3.3870370370370373,2.879793265790643,0.007641601562499985,0.008098052300347179,1.0,4.8,1.5,-1.2
complex_room,2,6.437037037037038,4.261111111111111,-0.5235987755982991,0.007650282118055534,0.008098052300347179,1.0,4.8,1.5,-1.2
complex_room,2,7.461111111111112,4.042592592592593,-2.8797932657906435,0.007656792534722203,0.008098052300347179,1.0,4.8,1.5,-1.2
complex_room,2,5.120370370370371,1.4203703703703705,-1.0471975511965979,0.00765842013888887,0.008098052300347179,1.0,4.8,1.5,-1.2
complex_room,2,5.9981481481481485,3.277777777777778,0.0,0.007667643229166652,0.008098052300347179,1.0,4.8,1.5,-1.2
complex_room,2,6.875925925925927,2.6222222222222222,2.356194490192345,0.007674153645833316,0.008098052300347179,1.0,4.8,1.5,-1.2
complex_room,2,2.4870370370370374,4.479629629629629,1.3089969389957465,0.00767686631944442,0.008098052300347179,1.0,4.8,1.5,-1.2
complex_room,2,4.827777777777778,1.638888888888889,-1.0471975511965979,0.007683919270833315,0.008098052300347179,1.0,4.8,1.5,-1.2
complex_room,2,5.9981481481481485,3.6055555555555556,0.0,0.007688802083333317,0.008098052300347179,1.0,4.8,1.5,-1.2
complex_room,2,7.022222222222223,3.277777777777778,2.617993877991494,0.0076931423611111055,0.008098052300347179,1.0,4.8,1.5,-1.2
complex_room,2,7.314814814814816,3.0592592592592593,2.356194490192345,0.007698567708333326,0.008098052300347179,1.0,4.8,1.5,-1.2
complex_room,2,7.6074074074074085,3.714814814814815,2.879793265790643,0.00770182291666666,0.008098052300347179,1.0,4.8,1.5,-1.2
complex_room,2,6.144444444444445,3.9333333333333336,0.5235987755982987,0.007702907986111097,0.008098052300347179,1.0,4.8,1.5,-1.2
complex_room,2,6.290740740740741,4.042592592592593,-0.5235987755982991,0.00770453559027776,0.008098052300347179,1.0,4.8,1.5,-1.2
complex_room,2,2.4870370370370374,1.638888888888889,2.094395102393195,0.007706705729166642,0.008098052300347179,1.0,4.8,1.5,-1.2
complex_room,2,7.168518518518519,3.6055555555555556,2.879793265790643,0.0077088758680555515,0.008098052300347179,1.0,4.8,1.5,-1.2
complex_room,2,7.461111111111112,3.4962962962962965,2.879793265790643,0.007719184027777764,0.008098052300347179,1.0,4.8,1.5,-1.2
complex_room,2,7.461111111111112,3.714814814814815,2.879793265790643,0.007719184027777774,0.008098052300347179,1.0,4.8,1.5,-1.2
complex_room,2,6.437037037037038,4.042592592592593,0.0,0.007722439236111094,0.008098052300347179,1.0,4.8,1.5,-1.2
complex_room,2,7.461111111111112,3.8240740740740744,-2.356194490192345,0.007722981770833313,0.008098052300347179,1.0,4.8,1.5,-1.2
complex_room,2,6.875925925925927,2.2944444444444447,1.8325957145940457,0.007725694444444417,0.008098052300347179,1.0,4.8,1.5,-1.2
complex_room,2,6.583333333333334,1.201851851851852,-1.8325957145940461,0.007726779513888881,0.008098052300347179,1.0,4.8,1.5,-1.2
complex_room,2,7.168518518518519,1.3111111111111111,-1.8325957145940461,0.007728949652777758,0.008098052300347179,1.0,4.8,1.5,-1.2
complex_room,2,1.0240740740740741,2.7314814814814814,-1.5707963267948966,0.0077365451388888805,0.008098052300347179,1.0,4.8,1.5,-1.2
complex_room,2,3.657407407407408,3.9333333333333336,1.3089969389957465,0.007745768229166658,0.008098052300347179,1.0,4.8,1.5,-1.2
complex_room,2,6.290740740740741,3.9333333333333336,0.5235987755982987,0.007747395833333319,0.008098052300347179,1.0,4.8,1.5,-1.2
complex_room,2,2.0481481481481483,1.638888888888889,2.094395102393195,0.007747938368055534,0.008098052300347179,1.0,4.8,1.5,-1.2
complex_room,2,2.77962962962963,1.8574074074074074,2.356194490192345,0.007753363715277757,0.008098052300347179,1.0,4.8,1.5,-1.2
complex_room,2,7.6074074074074085,3.4962962962962965,2.879793265790643,0.007755533854166653,0.008098052300347179,1.0,4.8,1.5,-1.2
complex_room,2,7.168518518518519,4.261111111111111,-2.356194490192345,0.007756076388888872,0.008098052300347179,1.0,4.8,1.5,-1.2
complex_room,2,4.388888888888889,2.2944444444444447,1.3089969389957465,0.007764756944444413,0.008098052300347179,1.0,4.8,1.5,-1.2
complex_room,2,7.168518518518519,3.4962962962962965,-2.6179938779914944,0.007766927083333319,0.008098052300347179,1.0,4.8,1.5,-1.2
complex_room,2,7.461111111111112,2.840740740740741,2.356194490192345,0.00777560763888888,0.008098052300347179,1.0,4.8,1.5,-1.2
complex_room,2,2.6333333333333337,4.37037037037037,1.0471975511965974,0.007776150173611084,0.008098052300347179,1.0,4.8,1.5,-1.2
complex_room,2,7.461111111111112,3.4962962962962965,2.617993877991494,0.007777777777777774,0.008098052300347179,1.0,4.8,1.5,-1.2
complex_room,2,1.6092592592592594,1.4203703703703705,2.094395102393195,0.007784830729166644,0.008098052300347179,1.0,4.8,1.5,-1.2
complex_room,2,6.290740740740741,4.261111111111111,-0.2617993877991496,0.007788628472222202,0.008098052300347179,1.0,4.8,1.5,-1.2
complex_room,2,6.583333333333334,4.37037037037037,-0.5235987755982991,0.007789713541666644,0.008098052300347179,1.0,4.8,1.5,-1.2
complex_room,2,2.6333333333333337,0.8740740740740741,-1.3089969389957472,0.007789713541666652,0.008098052300347179,1.0,4.8,1.5,-1.2
complex_room,2,6.437037037037038,4.261111111111111,-0.2617993877991496,0.007790256076388869,0.008098052300347179,1.0,4.8,1.5,-1.2
complex_room,2,6.290740740740741,2.95,0.26179938779914913,0.007800021701388877,0.008098052300347179,1.0,4.8,1.5,-1.2
complex_room,2,2.1944444444444446,1.7481481481481482,2.094395102393195,0.00780436197916665,0.008098052300347179,1.0,4.8,1.5,-1.2
complex_room,2,6.437037037037038,2.403703703703704,1.8325957145940457,0.0078059895833333115,0.008098052300347179,1.0,4.8,1.5,-1.2
complex_room,2,5.9981481481481485,3.1685185185185185,0.0,0.007808159722222208,0.008098052300347179,1.0,4.8,1.5,-1.2
complex_room,2,1.7555555555555558,1.638888888888889,2.094395102393195,0.007809244791666652,0.008098052300347179,1.0,4.8,1.5,-1.2
complex_room,2,6.290740740740741,3.0592592592592593,-0.2617993877991496,0.007822265624999996,0.008098052300347179,1.0,4.8,1.5,-1.2
complex_room,2,1.4629629629629632,2.512962962962963,-1.5707963267948966,0.00782443576388888,0.008098052300347179,1.0,4.8,1.5,-1.2
complex_room,2,4.827777777777778,1.201851851851852,-1.0471975511965979,0.007828233506944424,0.008098052300347179,1.0,4.8,1.5,-1.2
complex_room,2,6.437037037037038,3.0592592592592593,0.26179938779914913,0.007828233506944433,0.008098052300347179,1.0,4.8,1.5,-1.2
complex_room,2,7.314814814814816,3.4962962962962965,-3.141592653589793,0.007829318576388874,0.008098052300347179,1.0,4.8,1.5,-1.2
complex_room,2,4.0962962962962965,1.4203703703703705,-1.0471975511965979,0.007834743923611097,0.008098052300347179,1.0,4.8,1.5,-1.2
complex_room,2,2.9259259259259265,4.37037037037037,1.3089969389957465,0.007836371527777757,0.008098052300347179,1.0,4.8,1.5,-1.2
complex_room,2,7.022222222222223,4.042592592592593,-2.356194490192345,0.007851019965277768,0.008098052300347179,1.0,4.8,1.5,-1.2
complex_room,2,4.535185185185186,1.3111111111111111,-1.3089969389957472,0.007852647569444426,0.008098052300347179,1.0,4.8,1.5,-1.2
complex_room,2,3.0722222222222224,4.042592592592593,1.5707963267948966,0.007853732638888873,0.008098052300347179,1.0,4.8,1.5,-1.2
complex_room,2,6.583333333333334,3.8240740740740744,0.0,0.007855360243055541,0.008098052300347179,1.0,4.8,1.5,-1.2
complex_room,2,4.974074074074075,0.21851851851851853,1.8325957145940457,0.007863498263888864,0.008098052300347179,1.0,4.8,1.5,-1.2
complex_room,2,5.9981481481481485,3.0592592592592593,0.0,0.007871636284722212,0.008098052300347179,1.0,4.8,1.5,-1.2
complex_room,2,4.535185185185186,1.638888888888889,-1.0471975511965979,0.007881944444444422,0.008098052300347179,1.0,4.8,1.5,-1.2
complex_room,2,7.461111111111112,2.95,2.356194490192345,0.007886284722222216,0.008098052300347179,1.0,4.8,1.5,-1.2
complex_room,2,2.340740740740741,2.7314814814814814,-0.7853981633974483,0.007890082465277757,0.008098052300347179,1.0,4.8,1.5,-1.2
complex_room,2,5.9981481481481485,3.714814814814815,0.0,0.007896592881944426,0.008098052300347179,1.0,4.8,1.5,-1.2
complex_room,2,7.168518518518519,3.4962962962962965,2.879793265790643,0.007897677951388881,0.008098052300347179,1.0,4.8,1.5,-1.2
complex_room,2,2.340740740740741,2.6222222222222222,-0.7853981633974483,0.007898220486111093,0.008098052300347179,1.0,4.8,1.5,-1.2
complex_room,2,3.218518518518519,3.9333333333333336,1.5707963267948966,0.007901475694444429,0.008098052300347179,1.0,4.8,1.5,-1.2
complex_room,2,5.55925925925926,1.5296296296296297,-1.5707963267948966,0.007902560763888877,0.008098052300347179,1.0,4.8,1.5,-1.2
complex_room,2,7.753703703703705,3.4962962962962965,-2.8797932657906435,0.007909613715277751,0.008098052300347179,1.0,4.8,1.5,-1.2
complex_room,2,6.437037037037038,3.277777777777778,0.7853981633974478,0.007909613715277767,0.008098052300347179,1.0,4.8,1.5,-1.2
complex_room,2,7.461111111111112,3.8240740740740744,-3.141592653589793,0.007910156249999988,0.008098052300347179,1.0,4.8,1.5,-1.2
complex_room,2,1.3166666666666669,2.512962962962963,-1.5707963267948966,0.007910156249999991,0.008098052300347179,1.0,4.8,1.5,-1.2
complex_room,2,2.77962962962963,4.151851851851852,1.0471975511965974,0.007914496527777752,0.008098052300347179,1.0,4.8,1.5,-1.2
complex_room,2,6.437037037037038,3.0592592592592593,0.0,0.007920464409722217,0.008098052300347179,1.0,4.8,1.5,-1.2
complex_room,2,5.120370370370371,0.21851851851851853,1.8325957145940457,0.007926974826388867,0.008098052300347179,1.0,4.8,1.5,-1.2
complex_room,2,2.6333333333333337,2.840740740740741,-1.0471975511965979,0.00793457031249998,0.008098052300347179,1.0,4.8,1.5,-1.2
complex_room,2,1.1703703703703705,2.95,-1.8325957145940461,0.007935655381944427,0.008098052300347179,1.0,4.8,1.5,-1.2
complex_room,2,4.242592592592593,1.5296296296296297,-1.0471975511965979,0.007939995659722204,0.008098052300347179,1.0,4.8,1.5,-1.2
complex_room,2,6.583333333333334,3.3870370370370373,0.0,0.007943793402777767,0.008098052300347179,1.0,4.8,1.5,-1.2
complex_room,2,6.583333333333334,3.3870370370370373,0.5235987755982987,0.00794433593749999,0.008098052300347179,1.0,4.8,1.5,-1.2
complex_room,2,7.022222222222223,3.9333333333333336,-2.356194490192345,0.007946506076388879,0.008098052300347179,1.0,4.8,1.5,-1.2
complex_room,2,1.3166666666666669,2.6222222222222222,-1.8325957145940461,0.007952473958333319,0.008098052300347179,1.0,4.8,1.5,-1.2
complex_room,2,4.974074074074075,1.201851851851852,-1.0471975511965979,0.007954644097222201,0.008098052300347179,1.0,4.8,1.5,-1.2
complex_room,2,6.72962962962963,3.9333333333333336,-0.5235987755982991,0.007955186631944429,0.008098052300347179,1.0,4.8,1.5,-1.2
complex_room,2,7.6074074074074085,3.3870370370370373,2.617993877991494,0.007958984374999997,0.008098052300347179,1.0,4.8,1.5,-1.2
complex_room,2,4.0962962962962965,1.3111111111111111,-1.0471975511965979,0.007961697048611093,0.008098052300347179,1.0,4.8,1.5,-1.2
complex_room,2,5.120370370370371,1.5296296296296297,-1.0471975511965979,0.007963324652777761,0.008098052300347179,1.0,4.8,1.5,-1.2
complex_room,2,7.6074074074074085,3.4962962962962965,-3.141592653589793,0.007968749999999978,0.008098052300347179,1.0,4.8,1.5,-1.2
complex_room,2,4.681481481481482,0.5462962962962963,2.094395102393195,0.007971462673611087,0.008098052300347179,1.0,4.8,1.5,-1.2
complex_room,2,5.120370370370371,0.10925925925925926,1.8325957145940457,0.007972547743055534,0.008098052300347179,1.0,4.8,1.5,-1.2
complex_room,2,7.168518518518519,1.4203703703703705,-1.8325957145940461,0.0079741753472222,0.008098052300347179,1.0,4.8,1.5,-1.2
complex_room,2,4.681481481481482,2.2944444444444447,1.3089969389957465,0.007980143229166636,0.008098052300347179,1.0,4.8,1.5,-1.2
complex_room,2,7.461111111111112,3.6055555555555556,-2.356194490192345,0.007980143229166648,0.008098052300347179,1.0,4.8,1.5,-1.2
complex_room,2,6.144444444444445,4.151851851851852,0.0,0.007982313368055535,0.008098052300347179,1.0,4.8,1.5,-1.2
complex_room,2,7.461111111111112,3.277777777777778,2.879793265790643,0.00798285590277776,0.008098052300347179,1.0,4.8,1.5,-1.2
complex_room,2,6.290740740740741,3.277777777777778,0.7853981633974478,0.007985026041666652,0.008098052300347179,1.0,4.8,1.5,-1.2
complex_room,2,2.77962962962963,0.8740740740740741,-1.3089969389957472,0.007986653645833317,0.008098052300347179,1.0,4.8,1.5,-1.2
complex_room,2,6.583333333333334,0.5462962962962963,2.094395102393195,0.007987196180555513,0.008098052300347179,1.0,4.8,1.5,-1.2
complex_room,2,6.144444444444445,2.95,-0.2617993877991496,0.007988281249999998,0.008098052300347179,1.0,4.8,1.5,-1.2
complex_room,2,7.168518518518519,3.4962962962962965,-2.8797932657906435,0.00798936631944443,0.008098052300347179,1.0,4.8,1.5,-1.2
complex_room,2,7.022222222222223,1.201851851851852,-2.0943951023931957,0.007990993923611085,0.008098052300347179,1.0,4.8,1.5,-1.2
complex_room,2,1.3166666666666669,0.8740740740740741,-1.3089969389957472,0.007994249131944419,0.008098052300347179,1.0,4.8,1.5,-1.2
complex_room,2,6.290740740740741,4.151851851851852,0.26179938779914913,0.007998589409722204,0.008098052300347179,1.0,4.8,1.5,-1.2
complex_room,2,5.9981481481481485,3.9333333333333336,0.26179938779914913,0.008006727430555537,0.008098052300347179,1.0,4.8,1.5,-1.2
complex_room,2,7.022222222222223,2.6222222222222222,2.356194490192345,0.008007269965277756,0.008098052300347179,1.0,4.8,1.5,-1.2
complex_room,2,7.6074074074074085,3.9333333333333336,2.879793265790643,0.008007269965277777,0.008098052300347179,1.0,4.8,1.5,-1.2
complex_room,2,7.314814814814816,3.6055555555555556,-2.356194490192345,0.008009440104166647,0.008098052300347179,1.0,4.8,1.5,-1.2
complex_room,2,7.168518518518519,3.0592592592592593,2.356194490192345,0.00800998263888888,0.008098052300347179,1.0,4.8,1.5,-1.2
complex_room,2,5.9981481481481485,3.8240740740740744,0.0,0.008012695312499981,0.008098052300347179,1.0,4.8,1.5,-1.2
complex_room,2,7.314814814814816,3.8240740740740744,2.879793265790643,0.008015950520833332,0.008098052300347179,1.0,4.8,1.5,-1.2
complex_room,2,2.4870370370370374,2.6222222222222222,-0.7853981633974483,0.008017035590277763,0.008098052300347179,1.0,4.8,1.5,-1.2
complex_room,2,6.290740740740741,4.151851851851852,0.0,0.00801757812499998,0.008098052300347179,1.0,4.8,1.5,-1.2
complex_room,2,6.290740740740741,3.3870370370370373,-0.5235987755982991,0.008020290798611102,0.008098052300347179,1.0,4.8,1.5,-1.2
complex_room,2,7.6074074074074085,3.714814814814815,-3.141592653589793,0.00802191840277776,0.008098052300347179,1.0,4.8,1.5,-1.2
complex_room,2,7.461111111111112,3.1685185185185185,-3.141592653589793,0.008027343749999975,0.008098052300347179,1.0,4.8,1.5,-1.2
complex_room,2,6.583333333333334,3.6055555555555556,0.26179938779914913,0.008027343749999988,0.008098052300347179,1.0,4.8,1.5,-1.2
complex_room,2,6.144444444444445,4.151851851851852,0.26179938779914913,0.008030598958333315,0.008098052300347179,1.0,4.8,1.5,-1.2
complex_room,2,6.583333333333334,3.714814814814815,0.26179938779914913,0.008031684027777767,0.008098052300347179,1.0,4.8,1.5,-1.2
complex_room,2,7.314814814814816,2.7314814814814814,2.356194490192345,0.008032226562499982,0.008098052300347179,1.0,4.8,1.5,-1.2
complex_room,2,1.1703703703703705,2.7314814814814814,-1.8325957145940461,0.008033311631944429,0.008098052300347179,1.0,4.8,1.5,-1.2
complex_room,2,6.583333333333334,3.277777777777778,0.5235987755982987,0.008033311631944436,0.008098052300347179,1.0,4.8,1.5,-1.2
complex_room,2,6.583333333333334,4.151851851851852,-0.2617993877991496,0.008034939236111094,0.008098052300347179,1.0,4.8,1.5,-1.2
complex_room,2,7.6074074074074085,3.1685185185185185,-3.141592653589793,0.008038194444444417,0.008098052300347179,1.0,4.8,1.5,-1.2
complex_room,2,1.3166666666666669,2.7314814814814814,-1.5707963267948966,0.008038736979166653,0.008098052300347179,1.0,4.8,1.5,-1.2
complex_room,2,4.827777777777778,0.21851851851851853,1.8325957145940457,0.008039279513888862,0.008098052300347179,1.0,4.8,1.5,-1.2
complex_room,2,7.461111111111112,3.1685185185185185,2.617993877991494,0.008039279513888874,0.008098052300347179,1.0,4.8,1.5,-1.2
complex_room,2,7.022222222222223,4.261111111111111,-2.356194490192345,0.00804036458333332,0.008098052300347179,1.0,4.8,1.5,-1.2
complex_room,2,2.1944444444444446,4.479629629629629,1.0471975511965974,0.008045247395833295,0.008098052300347179,1.0,4.8,1.5,-1.2
complex_room,2,6.583333333333334,3.4962962962962965,0.26179938779914913,0.008046332465277766,0.008098052300347179,1.0,4.8,1.5,-1.2
complex_room,2,3.364814814814815,3.8240740740740744,1.5707963267948966,0.008046874999999983,0.008098052300347179,1.0,4.8,1.5,-1.2
complex_room,2,7.461111111111112,4.042592592592593,-2.356194490192345,0.008049045138888869,0.008098052300347179,1.0,4.8,1.5,-1.2
complex_room,2,7.314814814814816,3.9333333333333336,-2.8797932657906435,0.008055013020833316,0.008098052300347179,1.0,4.8,1.5,-1.2
complex_room,2,2.6333333333333337,1.5296296296296297,2.094395102393195,0.008062065972222199,0.008098052300347179,1.0,4.8,1.5,-1.2
complex_room,2,6.72962962962963,3.9333333333333336,-0.2617993877991496,0.00806749131944443,0.008098052300347179,1.0,4.8,1.5,-1.2
complex_room,2,2.4870370370370374,2.7314814814814814,-0.7853981633974483,0.008068033854166648,0.008098052300347179,1.0,4.8,1.5,-1.2
complex_room,2,6.437037037037038,3.4962962962962965,-0.5235987755982991,0.008074544270833324,0.008098052300347179,1.0,4.8,1.5,-1.2
complex_room,2,7.6074074074074085,4.151851851851852,-2.8797932657906435,0.008075086805555536,0.008098052300347179,1.0,4.8,1.5,-1.2
complex_room,2,6.144444444444445,4.042592592592593,-0.2617993877991496,0.008076714409722205,0.008098052300347179,1.0,4.8,1.5,-1.2
complex_room,2,6.290740740740741,3.3870370370370373,0.7853981633974478,0.008079969618055542,0.008098052300347179,1.0,4.8,1.5,-1.2
complex_room,2,4.681481481481482,0.21851851851851853,1.8325957145940457,0.00808105468749997,0.008098052300347179,1.0,4.8,1.5,-1.2
complex_room,2,6.437037037037038,4.042592592592593,0.26179938779914913,0.008082139756944428,0.008098052300347179,1.0,4.8,1.5,-1.2
complex_room,2,7.022222222222223,4.151851851851852,-2.356194490192345,0.008083767361111098,0.008098052300347179,1.0,4.8,1.5,-1.2
complex_room,2,6.290740740740741,2.95,0.0,0.00808485243055555,0.008098052300347179,1.0,4.8,1.5,-1.2
complex_room,2,5.2666666666666675,0.21851851851851853,1.8325957145940457,0.0080962456597222,0.008098052300347179,1.0,4.8,1.5,-1.2
complex_room,2,3.0722222222222224,2.185185185185185,2.356194490192345,0.008096245659722211,0.008098052300347179,1.0,4.8,1.5,-1.2
complex_room,2,6.72962962962963,0.21851851851851853,1.8325957145940457,0.008097873263888842,0.008098052300347179,1.0,4.8,1.5,-1.2
complex_room,3,2.6333333333333337,4.916666666666667,2.094395102393195,0.003631184895833317,0.012922211371527728,1.0,2.5,5.0,2.0
complex_room,3,2.340740740740741,4.807407407407408,2.094395102393195,0.004021267361111105,0.012922211371527728,1.0,2.5,5.0,2.0
complex_room,3,2.4870370370370374,4.916666666666667,2.094395102393195,0.005059136284722196,0.012922211371527728,1.0,2.5,5.0,2.0
complex_room,3,2.77962962962963,4.916666666666667,2.094395102393195,0.0055560980902777495,0.012922211371527728,1.0,2.5,5.0,2.0
complex_room,3,2.340740740740741,4.916666666666667,2.094395102393195,0.00563856336805553,0.012922211371527728,1.0,2.5,5.0,2.0
complex_room,3,2.1944444444444446,4.916666666666667,2.094395102393195,0.005966796874999974,0.012922211371527728,1.0,2.5,5.0,2.0
complex_room,3,2.4870370370370374,4.807407407407408,2.094395102393195,0.006140407986111092,0.012922211371527728,1.0,2.5,5.0,2.0
complex_room,3,2.4870370370370374,5.025925925925926,2.094395102393195,0.006181640624999967,0.012922211371527728,1.0,2.5,5.0,2.0
complex_room,3,2.6333333333333337,5.135185185185185,1.8325957145940457,0.006398654513888857,0.012922211371527728,1.0,2.5,5.0,2.0
complex_room,3,2.4870370370370374,5.135185185185185,1.8325957145940457,0.0064111328124999666,0.012922211371527728,1.0,2.5,5.0,2.0
complex_room,3,3.0722222222222224,4.807407407407408,1.8325957145940457,0.006455078124999983,0.012922211371527728,1.0,2.5,5.0,2.0
complex_room,3,2.1944444444444446,4.807407407407408,2.094395102393195,0.006590169270833315,0.012922211371527728,1.0,2.5,5.0,2.0
complex_room,3,3.218518518518519,4.698148148148149,1.8325957145940457,0.006633029513888873,0.012922211371527728,1.0,2.5,5.0,2.0
complex_room,3,2.6333333333333337,5.2444444444444445,1.8325957145940457,0.006650933159722202,0.012922211371527728,1.0,2.5,5.0,2.0
complex_room,3,3.364814814814815,4.5888888888888895,1.8325957145940457,0.0071332465277777575,0.012922211371527728,1.0,2.5,5.0,2.0
complex_room,3,3.218518518518519,4.807407407407408,1.8325957145940457,0.007260742187499982,0.012922211371527728,1.0,2.5,5.0,2.0
complex_room,3,2.77962962962963,5.135185185185185,1.8325957145940457,0.007338867187499969,0.012922211371527728,1.0,2.5,5.0,2.0
complex_room,3,2.0481481481481483,4.807407407407408,2.094395102393195,0.007439778645833315,0.012922211371527728,1.0,2.5,5.0,2.0
complex_room,3,3.364814814814815,4.698148148148149,1.8325957145940457,0.007863498263888866,0.012922211371527728,1.0,2.5,5.0,2.0
complex_room,3,2.77962962962963,5.2444444444444445,1.8325957145940457,0.007879774305555535,0.012922211371527728,1.0,2.5,5.0,2.0
complex_room,3,2.340740740740741,5.2444444444444445,1.8325957145940457,0.008174370659722189,0.012922211371527728,1.0,2.5,5.0,2.0
complex_room,3,3.5111111111111115,4.5888888888888895,1.8325957145940457,0.00826388888888886,0.012922211371527728,1.0,2.5,5.0,2.0
complex_room,3,3.5111111111111115,4.479629629629629,1.8325957145940457,0.00837076822916664,0.012922211371527728,1.0,2.5,5.0,2.0
complex_room,3,2.0481481481481483,4.916666666666667,2.094395102393195,0.008408745659722184,0.012922211371527728,1.0,2.5,5.0,2.0
complex_room,3,2.6333333333333337,4.807407407407408,2.094395102393195,0.008421766493055519,0.012922211371527728,1.0,2.5,5.0,2.0
complex_room,3,3.0722222222222224,4.916666666666667,1.8325957145940457,0.008555772569444418,0.012922211371527728,1.0,2.5,5.0,2.0
complex_room,3,2.9259259259259265,2.512962962962963,-0.5235987755982991,0.008604600694444416,0.012922211371527728,1.0,2.5,5.0,2.0
complex_room,3,2.9259259259259265,5.025925925925926,1.8325957145940457,0.0086555989583333,0.012922211371527728,1.0,2.5,5.0,2.0
complex_room,3,2.340740740740741,5.135185185185185,1.8325957145940457,0.008661024305555513,0.012922211371527728,1.0,2.5,5.0,2.0
complex_room,3,2.9259259259259265,4.807407407407408,1.8325957145940457,0.008693033854166634,0.012922211371527728,1.0,2.5,5.0,2.0
complex_room,3,3.0722222222222224,2.6222222222222222,-0.2617993877991496,0.008830837673611073,0.012922211371527728,1.0,2.5,5.0,2.0
complex_room,3,3.364814814814815,2.7314814814814814,-0.2617993877991496,0.008831380208333302,0.012922211371527728,1.0,2.5,5.0,2.0
complex_room,3,3.5111111111111115,4.37037037037037,1.8325957145940457,0.008862304687499975,0.012922211371527728,1.0,2.5,5.0,2.0
complex_room,3,3.218518518518519,2.7314814814814814,-0.2617993877991496,0.008884006076388855,0.012922211371527728,1.0,2.5,5.0,2.0
complex_room,3,2.1944444444444446,5.2444444444444445,1.8325957145940457,0.008915473090277744,0.012922211371527728,1.0,2.5,5.0,2.0
complex_room,3,3.218518518518519,2.6222222222222222,-0.2617993877991496,0.008949652777777742,0.012922211371527728,1.0,2.5,5.0,2.0
complex_room,3,3.364814814814815,4.807407407407408,1.8325957145940457,0.009020724826388863,0.012922211371527728,1.0,2.5,5.0,2.0
complex_room,3,2.9259259259259265,5.135185185185185,1.8325957145940457,0.009072265624999968,0.012922211371527728,1.0,2.5,5.0,2.0
complex_room,3,2.77962962962963,2.512962962962963,-0.5235987755982991,0.009106445312499965,0.012922211371527728,1.0,2.5,5.0,2.0
complex_room,3,3.0722222222222224,4.698148148148149,1.8325957145940457,0.0091243489583333,0.012922211371527728,1.0,2.5,5.0,2.0
complex_room,3,1.9018518518518521,5.2444444444444445,1.8325957145940457,0.009203016493055518,0.012922211371527728,1.0,2.5,5.0,2.0
complex_room,3,3.657407407407408,4.479629629629629,1.8325957145940457,0.009246961805555521,0.012922211371527728,1.0,2.5,5.0,2.0
complex_room,3,2.4870370370370374,5.2444444444444445,1.8325957145940457,0.009264865451388852,0.012922211371527728,1.0,2.5,5.0,2.0
complex_room,3,3.0722222222222224,2.512962962962963,-0.5235987755982991,0.009331597222222194,0.012922211371527728,1.0,2.5,5.0,2.0
complex_room,3,3.5111111111111115,4.698148148148149,1.8325957145940457,0.009339192708333301,0.012922211371527728,1.0,2.5,5.0,2.0
complex_room,3,7.168518518518519,3.9333333333333336,0.26179938779914913,0.009341362847222182,0.012922211371527728,1.0,2.5,5.0,2.0
complex_room,3,2.9259259259259265,4.916666666666667,2.094395102393195,0.009350585937499956,0.012922211371527728,1.0,2.5,5.0,2.0
complex_room,3,5.2666666666666675,2.840740740740741,-1.5707963267948966,0.00937717013888885,0.012922211371527728,1.0,2.5,5.0,2.0
complex_room,3,2.9259259259259265,2.512962962962963,-0.2617993877991496,0.009395616319444402,0.012922211371527728,1.0,2.5,5.0,2.0
complex_room,3,3.657407407407408,4.37037037037037,1.8325957145940457,0.009415147569444412,0.012922211371527728,1.0,2.5,5.0,2.0
complex_room,3,2.9259259259259265,2.6222222222222222,-0.2617993877991496,0.00941948784722218,0.012922211371527728,1.0,2.5,5.0,2.0
complex_room,3,4.974074074074075,2.95,-1.5707963267948966,0.00947753906249996,0.012922211371527728,1.0,2.5,5.0,2.0
complex_room,3,3.0722222222222224,4.479629629629629,-1.3089969389957472,0.009488389756944401,0.012922211371527728,1.0,2.5,5.0,2.0
complex_room,3,3.0722222222222224,2.512962962962963,-0.2617993877991496,0.009499782986111073,0.012922211371527728,1.0,2.5,5.0,2.0
complex_room,3,2.4870370370370374,4.698148148148149,2.094395102393195,0.009529622395833309,0.012922211371527728,1.0,2.5,5.0,2.0
complex_room,3,2.9259259259259265,2.403703703703704,-0.5235987755982991,0.009589301215277745,0.012922211371527728,1.0,2.5,5.0,2.0
complex_room,3,2.77962962962963,2.403703703703704,-0.5235987755982991,0.00960123697916663,0.012922211371527728,1.0,2.5,5.0,2.0
complex_room,3,7.314814814814816,4.042592592592593,0.26179938779914913,0.009629448784722189,0.012922211371527728,1.0,2.5,5.0,2.0
complex_room,3,7.022222222222223,3.8240740740740744,0.26179938779914913,0.009648437499999956,0.012922211371527728,1.0,2.5,5.0,2.0
complex_room,3,2.6333333333333337,4.807407407407408,1.8325957145940457,0.009654947916666622,0.012922211371527728,1.0,2.5,5.0,2.0
complex_room,3,2.77962962962963,4.807407407407408,1.8325957145940457,0.009669053819444403,0.012922211371527728,1.0,2.5,5.0,2.0
complex_room,3,2.6333333333333337,4.698148148148149,2.094395102393195,0.00966959635416664,0.012922211371527728,1.0,2.5,5.0,2.0
complex_room,3,5.120370370370371,2.840740740740741,-1.5707963267948966,0.009684787326388848,0.012922211371527728,1.0,2.5,5.0,2.0
complex_room,3,3.0722222222222224,2.7314814814814814,-0.2617993877991496,0.009724934895833294,0.012922211371527728,1.0,2.5,5.0,2.0
complex_room,3,7.168518518518519,3.8240740740740744,0.26179938779914913,0.00972981770833329,0.012922211371527728,1.0,2.5,5.0,2.0
complex_room,3,2.6333333333333337,5.025925925925926,2.094395102393195,0.009762369791666618,0.012922211371527728,1.0,2.5,5.0,2.0
complex_room,3,1.7555555555555558,5.2444444444444445,1.8325957145940457,0.009824761284722183,0.012922211371527728,1.0,2.5,5.0,2.0
complex_room,3,2.77962962962963,2.512962962962963,-0.2617993877991496,0.009836154513888843,0.012922211371527728,1.0,2.5,5.0,2.0
complex_room,3,3.9500000000000006,0.8740740740740741,2.356194490192345,0.009856770833333297,0.012922211371527728,1.0,2.5,5.0,2.0
complex_room,3,2.77962962962963,4.916666666666667,1.8325957145940457,0.009860026041666619,0.012922211371527728,1.0,2.5,5.0,2.0
complex_room,3,1.9018518518518521,4.807407407407408,2.094395102393195,0.009880642361111091,0.012922211371527728,1.0,2.5,5.0,2.0
complex_room,3,2.6333333333333337,5.353703703703704,1.8325957145940457,0.0098833550347222,0.012922211371527728,1.0,2.5,5.0,2.0
complex_room,3,5.120370370370371,2.95,-1.5707963267948966,0.009905598958333293,0.012922211371527728,1.0,2.5,5.0,2.0
complex_room,3,2.6333333333333337,2.512962962962963,-0.5235987755982991,0.00991427951388885,0.012922211371527728,1.0,2.5,5.0,2.0
complex_room,3,2.4870370370370374,4.807407407407408,1.8325957145940457,0.00994520399305551,0.012922211371527728,1.0,2.5,5.0,2.0
complex_room,3,2.1944444444444446,5.025925925925926,2.094395102393195,0.00997070312499995,0.012922211371527728,1.0,2.5,5.0,2.0
complex_room,3,2.1944444444444446,2.403703703703704,2.879793265790643,0.009978841145833299,0.012922211371527728,1.0,2.5,5.0,2.0
complex_room,3,2.6333333333333337,5.025925925925926,1.8325957145940457,0.009985351562499951,0.012922211371527728,1.0,2.5,5.0,2.0
complex_room,3,3.218518518518519,4.479629629629629,-1.3089969389957472,0.009996202256944395,0.012922211371527728,1.0,2.5,5.0,2.0
complex_room,3,3.218518518518519,4.5888888888888895,1.8325957145940457,0.009999457465277743,0.012922211371527728,1.0,2.5,5.0,2.0
complex_room,3,3.364814814814815,4.5888888888888895,-1.0471975511965979,0.010019531249999953,0.012922211371527728,1.0,2.5,5.0,2.0
complex_room,3,7.314814814814816,3.9333333333333336,0.26179938779914913,0.01002170138888885,0.012922211371527728,1.0,2.5,5.0,2.0
complex_room,3,5.412962962962964,2.840740740740741,-1.5707963267948966,0.010065104166666628,0.012922211371527728,1.0,2.5,5.0,2.0
complex_room,3,2.0481481481481483,5.2444444444444445,1.8325957145940457,0.010072699652777736,0.012922211371527728,1.0,2.5,5.0,2.0
complex_room,3,3.8037037037037043,4.37037037037037,1.5707963267948966,0.010081922743055525,0.012922211371527728,1.0,2.5,5.0,2.0
complex_room,3,3.657407407407408,4.37037037037037,-1.3089969389957472,0.010093858506944402,0.012922211371527728,1.0,2.5,5.0,2.0
complex_room,3,3.218518518518519,4.37037037037037,-1.3089969389957472,0.010107421874999958,0.012922211371527728,1.0,2.5,5.0,2.0
complex_room,3,2.6333333333333337,2.403703703703704,-0.5235987755982991,0.010116644965277737,0.012922211371527728,1.0,2.5,5.0,2.0
complex_room,3,3.364814814814815,4.261111111111111,-1.3089969389957472,0.01012098524305552,0.012922211371527728,1.0,2.5,5.0,2.0
complex_room,3,3.657407407407408,4.5888888888888895,1.8325957145940457,0.01012424045138885,0.012922211371527728,1.0,2.5,5.0,2.0
complex_room,3,3.8037037037037043,2.95,2.356194490192345,0.010173611111111057,0.012922211371527728,1.0,2.5,5.0,2.0
complex_room,3,1.7555555555555558,5.353703703703704,1.8325957145940457,0.010183919270833302,0.012922211371527728,1.0,2.5,5.0,2.0
complex_room,3,7.022222222222223,3.714814814814815,0.26179938779914913,0.01021213107638884,0.012922211371527728,1.0,2.5,5.0,2.0
complex_room,3,3.8037037037037043,0.6555555555555556,2.356194490192345,0.010212131076388844,0.012922211371527728,1.0,2.5,5.0,2.0
complex_room,3,2.6333333333333337,4.916666666666667,1.8325957145940457,0.010214301215277726,0.012922211371527728,1.0,2.5,5.0,2.0
complex_room,3,2.77962962962963,2.403703703703704,-0.2617993877991496,0.010217013888888841,0.012922211371527728,1.0,2.5,5.0,2.0
complex_room,3,3.5111111111111115,4.261111111111111,-1.3089969389957472,0.01021755642361107,0.012922211371527728,1.0,2.5,5.0,2.0
complex_room,3,2.77962962962963,2.6222222222222222,-0.2617993877991496,0.010227322048611067,0.012922211371527728,1.0,2.5,5.0,2.0
complex_room,3,3.657407407407408,0.6555555555555556,2.356194490192345,0.010248480902777735,0.012922211371527728,1.0,2.5,5.0,2.0
complex_room,3,2.77962962962963,4.807407407407408,2.094395102393195,0.01025173611111107,0.012922211371527728,1.0,2.5,5.0,2.0
complex_room,3,2.9259259259259265,2.403703703703704,-0.2617993877991496,0.010266384548611064,0.012922211371527728,1.0,2.5,5.0,2.0
complex_room,3,2.9259259259259265,4.916666666666667,1.8325957145940457,0.010273980034722179,0.012922211371527728,1.0,2.5,5.0,2.0
complex_room,3,2.77962962962963,4.698148148148149,1.8325957145940457,0.010281575520833296,0.012922211371527728,1.0,2.5,5.0,2.0
complex_room,3,3.5111111111111115,4.37037037037037,-1.3089969389957472,0.010289713541666622,0.012922211371527728,1.0,2.5,5.0,2.0
complex_room,3,3.0722222222222224,2.6222222222222222,-0.5235987755982991,0.010296766493055519,0.012922211371527728,1.0,2.5,5.0,2.0
complex_room,3,2.77962962962963,2.2944444444444447,-0.5235987755982991,0.010305989583333295,0.012922211371527728,1.0,2.5,5.0,2.0
complex_room,3,3.657407407407408,4.261111111111111,1.8325957145940457,0.010314127604166636,0.012922211371527728,1.0,2.5,5.0,2.0
complex_room,3,2.9259259259259265,4.698148148148149,1.8325957145940457,0.010321723090277742,0.012922211371527728,1.0,2.5,5.0,2.0
complex_room,3,3.657407407407408,4.5888888888888895,1.5707963267948966,0.010322265624999967,0.012922211371527728,1.0,2.5,5.0,2.0
complex_room,3,3.8037037037037043,0.8740740740740741,2.356194490192345,0.010344509548611075,0.012922211371527728,1.0,2.5,5.0,2.0
complex_room,3,3.0722222222222224,5.025925925925926,1.8325957145940457,0.010344509548611077,0.012922211371527728,1.0,2.5,5.0,2.0
complex_room,3,3.8037037037037043,0.7648148148148148,2.356194490192345,0.010349392361111067,0.012922211371527728,1.0,2.5,5.0,2.0
complex_room,3,3.5111111111111115,2.7314814814814814,-0.2617993877991496,0.010363498263888863,0.012922211371527728,1.0,2.5,5.0,2.0
complex_room,3,1.0240740740740741,1.4203703703703705,-3.141592653589793,0.010365125868055528,0.012922211371527728,1.0,2.5,5.0,2.0
complex_room,3,2.77962962962963,5.025925925925926,2.094395102393195,0.010369466145833282,0.012922211371527728,1.0,2.5,5.0,2.0
complex_room,3,3.657407407407408,4.151851851851852,-1.3089969389957472,0.010386284722222187,0.012922211371527728,1.0,2.5,5.0,2.0
complex_room,3,3.9500000000000006,2.95,2.356194490192345,0.010402018229166617,0.012922211371527728,1.0,2.5,5.0,2.0
complex_room,3,2.6333333333333337,2.403703703703704,-0.2617993877991496,0.010402018229166619,0.012922211371527728,1.0,2.5,5.0,2.0
complex_room,3,3.364814814814815,2.7314814814814814,-0.5235987755982991,0.010421006944444406,0.012922211371527728,1.0,2.5,5.0,2.0
complex_room,3,3.218518518518519,4.5888888888888895,-1.0471975511965979,0.010423719618055502,0.012922211371527728,1.0,2.5,5.0,2.0
complex_room,3,3.218518518518519,4.916666666666667,1.8325957145940457,0.010447591145833301,0.012922211371527728,1.0,2.5,5.0,2.0
complex_room,3,2.0481481481481483,5.353703703703704,1.8325957145940457,0.010455729166666638,0.012922211371527728,1.0,2.5,5.0,2.0
complex_room,3,3.9500000000000006,0.7648148148148148,2.356194490192345,0.010458984374999952,0.012922211371527728,1.0,2.5,5.0,2.0
complex_room,3,5.2666666666666675,2.95,-1.5707963267948966,0.010461154513888845,0.012922211371527728,1.0,2.5,5.0,2.0
complex_room,3,1.0240740740740741,1.5296296296296297,-3.141592653589793,0.01046278211805552,0.012922211371527728,1.0,2.5,5.0,2.0
complex_room,3,3.364814814814815,4.37037037037037,-1.3089969389957472,0.010475260416666621,0.012922211371527728,1.0,2.5,5.0,2.0
complex_room,3,2.6333333333333337,2.2944444444444447,-0.5235987755982991,0.010486653645833292,0.012922211371527728,1.0,2.5,5.0,2.0
complex_room,3,2.9259259259259265,4.5888888888888895,-1.3089969389957472,0.010515407986111065,0.012922211371527728,1.0,2.5,5.0,2.0
complex_room,3,3.657407407407408,4.261111111111111,-1.3089969389957472,0.0105186631944444,0.012922211371527728,1.0,2.5,5.0,2.0
complex_room,3,4.974074074074075,2.840740740740741,-1.5707963267948966,0.010521918402777738,0.012922211371527728,1.0,2.5,5.0,2.0
complex_room,3,7.168518518518519,3.714814814814815,0.26179938779914913,0.01052463107638884,0.012922211371527728,1.0,2.5,5.0,2.0
complex_room,3,3.5111111111111115,5.2444444444444445,-0.7853981633974483,0.010526258680555518,0.012922211371527728,1.0,2.5,5.0,2.0
complex_room,3,2.1944444444444446,5.135185185185185,1.8325957145940457,0.010527886284722171,0.012922211371527728,1.0,2.5,5.0,2.0
complex_room,3,2.77962962962963,5.025925925925926,1.8325957145940457,0.01054687499999995,0.012922211371527728,1.0,2.5,5.0,2.0
complex_room,3,3.5111111111111115,4.479629629629629,-1.3089969389957472,0.010552300347222173,0.012922211371527728,1.0,2.5,5.0,2.0
complex_room,3,3.218518518518519,4.37037037037037,-1.0471975511965979,0.010556098090277731,0.012922211371527728,1.0,2.5,5.0,2.0
complex_room,3,3.0722222222222224,4.479629629629629,-1.0471975511965979,0.01056315104166662,0.012922211371527728,1.0,2.5,5.0,2.0
complex_room,3,3.8037037037037043,4.479629629629629,1.5707963267948966,0.010571289062499966,0.012922211371527728,1.0,2.5,5.0,2.0
complex_room,3,3.8037037037037043,4.37037037037037,1.8325957145940457,0.010576714409722179,0.012922211371527728,1.0,2.5,5.0,2.0
complex_room,3,7.168518518518519,4.042592592592593,0.26179938779914913,0.010585394965277732,0.012922211371527728,1.0,2.5,5.0,2.0
complex_room,3,2.9259259259259265,2.7314814814814814,-0.2617993877991496,0.01058593749999996,0.012922211371527728,1.0,2.5,5.0,2.0
complex_room,3,5.412962962962964,2.7314814814814814,-1.5707963267948966,0.010601128472222186,0.012922211371527728,1.0,2.5,5.0,2.0
complex_room,3,2.0481481481481483,5.135185185185185,1.8325957145940457,0.010604926215277729,0.012922211371527728,1.0,2.5,5.0,2.0
complex_room,3,3.218518518518519,2.7314814814814814,-0.5235987755982991,0.01062011718749996,0.012922211371527728,1.0,2.5,5.0,2.0
complex_room,3,7.022222222222223,4.151851851851852,0.5235987755982987,0.01062228732638885,0.012922211371527728,1.0,2.5,5.0,2.0
complex_room,3,4.0962962962962965,0.8740740740740741,2.356194490192345,0.010624457465277733,0.012922211371527728,1.0,2.5,5.0,2.0
complex_room,3,2.340740740740741,2.512962962962963,2.879793265790643,0.010633138020833295,0.012922211371527728,1.0,2.5,5.0,2.0
complex_room,3,2.6333333333333337,1.638888888888889,-1.3089969389957472,0.010637478298611088,0.012922211371527728,1.0,2.5,5.0,2.0
complex_room,3,6.875925925925927,4.151851851851852,0.5235987755982987,0.010654296874999962,0.012922211371527728,1.0,2.5,5.0,2.0
complex_room,3,3.657407407407408,0.7648148148148148,2.356194490192345,0.010658094618055513,0.012922211371527728,1.0,2.5,5.0,2.0
complex_room,3,1.9018518518518521,4.916666666666667,2.094395102393195,0.010662434895833298,0.012922211371527728,1.0,2.5,5.0,2.0
complex_room,3,2.0481481481481483,2.403703703703704,2.879793265790643,0.010665147569444415,0.012922211371527728,1.0,2.5,5.0,2.0
complex_room,3,2.4870370370370374,2.403703703703704,-0.5235987755982991,0.010674913194444401,0.012922211371527728,1.0,2.5,5.0,2.0
complex_room,3,6.875925925925927,4.042592592592593,0.5235987755982987,0.01068196614583329,0.012922211371527728,1.0,2.5,5.0,2.0
complex_room,3,2.340740740740741,5.353703703703704,1.8325957145940457,0.010682508680555524,0.012922211371527728,1.0,2.5,5.0,2.0
complex_room,3,2.9259259259259265,5.2444444444444445,1.8325957145940457,0.010685763888888858,0.012922211371527728,1.0,2.5,5.0,2.0
complex_room,3,3.364814814814815,4.479629629629629,-1.3089969389957472,0.0106873914930555,0.012922211371527728,1.0,2.5,5.0,2.0
complex_room,3,5.2666666666666675,2.7314814814814814,-1.5707963267948966,0.010693359374999961,0.012922211371527728,1.0,2.5,5.0,2.0
complex_room,3,3.5111111111111115,0.6555555555555556,2.356194490192345,0.010694986979166626,0.012922211371527728,1.0,2.5,5.0,2.0
complex_room,3,3.364814814814815,2.6222222222222222,-0.2617993877991496,0.010703124999999968,0.012922211371527728,1.0,2.5,5.0,2.0
complex_room,3,2.4870370370370374,2.512962962962963,2.879793265790643,0.010706380208333295,0.012922211371527728,1.0,2.5,5.0,2.0
complex_room,3,3.657407407407408,4.698148148148149,1.5707963267948966,0.010725368923611079,0.012922211371527728,1.0,2.5,5.0,2.0
complex_room,3,3.8037037037037043,4.261111111111111,1.8325957145940457,0.010726996527777737,0.012922211371527728,1.0,2.5,5.0,2.0
complex_room,3,4.0962962962962965,0.7648148148148148,2.356194490192345,0.010727539062499951,0.012922211371527728,1.0,2.5,5.0,2.0
complex_room,3,7.022222222222223,4.042592592592593,0.5235987755982987,0.010729166666666621,0.012922211371527728,1.0,2.5,5.0,2.0
complex_room,3,3.657407407407408,4.37037037037037,-1.0471975511965979,0.010729709201388845,0.012922211371527728,1.0,2.5,5.0,2.0
complex_room,3,2.1944444444444446,5.353703703703704,1.8325957145940457,0.01073296440972219,0.012922211371527728,1.0,2.5,5.0,2.0
complex_room,3,7.314814814814816,3.8240740740740744,0.26179938779914913,0.0107335069444444,0.012922211371527728,1.0,2.5,5.0,2.0
complex_room,3,7.168518518518519,4.151851851851852,0.26179938779914913,0.010733506944444403,0.012922211371527728,1.0,2.5,5.0,2.0
complex_room,3,2.6333333333333337,2.512962962962963,-0.2617993877991496,0.010760633680555506,0.012922211371527728,1.0,2.5,5.0,2.0
complex_room,3,3.8037037037037043,2.840740740740741,2.356194490192345,0.010774197048611073,0.012922211371527728,1.0,2.5,5.0,2.0
complex_room,3,2.9259259259259265,5.025925925925926,2.094395102393195,0.01078667534722217,0.012922211371527728,1.0,2.5,5.0,2.0
complex_room,3,1.9018518518518521,5.353703703703704,1.8325957145940457,0.010789930555555518,0.012922211371527728,1.0,2.5,5.0,2.0
complex_room,3,1.6092592592592594,5.353703703703704,1.8325957145940457,0.010801323784722186,0.012922211371527728,1.0,2.5,5.0,2.0
complex_room,3,6.875925925925927,4.261111111111111,0.5235987755982987,0.010807834201388854,0.012922211371527728,1.0,2.5,5.0,2.0
complex_room,3,6.875925925925927,3.9333333333333336,0.5235987755982987,0.010808919270833285,0.012922211371527728,1.0,2.5,5.0,2.0
complex_room,3,7.022222222222223,3.9333333333333336,0.5235987755982987,0.010829535590277729,0.012922211371527728,1.0,2.5,5.0,2.0
complex_room,3,7.022222222222223,4.261111111111111,0.5235987755982987,0.010840386284722187,0.012922211371527728,1.0,2.5,5.0,2.0
complex_room,3,2.4870370370370374,4.916666666666667,1.8325957145940457,0.01084906684027772,0.012922211371527728,1.0,2.5,5.0,2.0
complex_room,3,3.9500000000000006,0.6555555555555556,2.356194490192345,0.010859917534722173,0.012922211371527728,1.0,2.5,5.0,2.0
complex_room,3,7.022222222222223,3.6055555555555556,0.26179938779914913,0.010860460069444392,0.012922211371527728,1.0,2.5,5.0,2.0
complex_room,3,3.8037037037037043,4.479629629629629,1.8325957145940457,0.01087293836805551,0.012922211371527728,1.0,2.5,5.0,2.0
complex_room,3,5.120370370370371,3.0592592592592593,-1.5707963267948966,0.0108799913194444,0.012922211371527728,1.0,2.5,5.0,2.0
complex_room,3,3.218518518518519,4.479629629629629,-1.0471975511965979,0.010919596354166613,0.012922211371527728,1.0,2.5,5.0,2.0
complex_room,3,7.461111111111112,4.151851851851852,0.26179938779914913,0.010936957465277751,0.012922211371527728,1.0,2.5,5.0,2.0
complex_room,3,7.314814814814816,4.151851851851852,0.26179938779914913,0.010940212673611073,0.012922211371527728,1.0,2.5,5.0,2.0
complex_room,3,3.0722222222222224,4.37037037037037,-1.3089969389957472,0.010961914062499958,0.012922211371527728,1.0,2.5,5.0,2.0
complex_room,3,3.5111111111111115,4.151851851851852,-1.3089969389957472,0.010962999131944408,0.012922211371527728,1.0,2.5,5.0,2.0
complex_room,3,1.9018518518518521,5.135185185185185,1.8325957145940457,0.010966254340277724,0.012922211371527728,1.0,2.5,5.0,2.0
complex_room,3,3.0722222222222224,4.5888888888888895,1.8325957145940457,0.010984700520833298,0.012922211371527728,1.0,2.5,5.0,2.0
complex_room,3,1.9018518518518521,2.2944444444444447,2.879793265790643,0.010991753472222197,0.012922211371527728,1.0,2.5,5.0,2.0
complex_room,3,3.364814814814815,4.479629629629629,1.8325957145940457,0.010992296006944405,0.012922211371527728,1.0,2.5,5.0,2.0
complex_room,3,3.8037037037037043,4.151851851851852,-1.3089969389957472,0.010996636284722182,0.012922211371527728,1.0,2.5,5.0,2.0
complex_room,3,7.022222222222223,4.042592592592593,0.26179938779914913,0.010999348958333289,0.012922211371527728,1.0,2.5,5.0,2.0
complex_room,3,7.461111111111112,4.261111111111111,0.26179938779914913,0.011004774305555532,0.012922211371527728,1.0,2.5,5.0,2.0
complex_room,3,2.6333333333333337,4.698148148148149,1.8325957145940457,0.011014539930555515,0.012922211371527728,1.0,2.5,5.0,2.0
complex_room,3,2.77962962962963,2.2944444444444447,-0.2617993877991496,0.01102484809027773,0.012922211371527728,1.0,2.5,5.0,2.0
complex_room,3,4.681481481481482,0.8740740740740741,-0.5235987755982991,0.011037868923611078,0.012922211371527728,1.0,2.5,5.0,2.0
complex_room,3,6.875925925925927,3.8240740740740744,0.5235987755982987,0.011060112847222171,0.012922211371527728,1.0,2.5,5.0,2.0
complex_room,3,7.022222222222223,3.9333333333333336,0.26179938779914913,0.01106662326388884,0.012922211371527728,1.0,2.5,5.0,2.0
complex_room,3,2.9259259259259265,1.8574074074074074,-1.0471975511965979,0.011075846354166648,0.012922211371527728,1.0,2.5,5.0,2.0
complex_room,3,2.340740740740741,4.807407407407408,1.8325957145940457,0.011082356770833282,0.012922211371527728,1.0,2.5,5.0,2.0
complex_room,3,7.022222222222223,4.37037037037037,0.5235987755982987,0.011085069444444413,0.012922211371527728,1.0,2.5,5.0,2.0
complex_room,3,3.5111111111111115,4.807407407407408,1.8325957145940457,0.0111067708333333,0.012922211371527728,1.0,2.5,5.0,2.0
complex_room,3,2.1944444444444446,2.512962962962963,2.879793265790643,0.01110839843749996,0.012922211371527728,1.0,2.5,5.0,2.0
complex_room,3,3.218518518518519,4.698148148148149,-1.0471975511965979,0.01110948350694439,0.012922211371527728,1.0,2.5,5.0,2.0
complex_room,3,3.5111111111111115,4.479629629629629,-1.0471975511965979,0.01112304687499995,0.012922211371527728,1.0,2.5,5.0,2.0
complex_room,3,2.9259259259259265,2.6222222222222222,-0.5235987755982991,0.011124674479166624,0.012922211371527728,1.0,2.5,5.0,2.0
complex_room,3,6.875925925925927,3.6055555555555556,0.26179938779914913,0.011144748263888837,0.012922211371527728,1.0,2.5,5.0,2.0
complex_room,3,3.5111111111111115,4.37037037037037,-1.0471975511965979,0.011163736979166616,0.012922211371527728,1.0,2.5,5.0,2.0
complex_room,3,7.022222222222223,3.8240740740740744,0.5235987755982987,0.01119249131944439,0.012922211371527728,1.0,2.5,5.0,2.0
complex_room,3,2.4870370370370374,2.2944444444444447,-0.5235987755982991,0.011199001736111063,0.012922211371527728,1.0,2.5,5.0,2.0
complex_room,3,3.657407407407408,4.698148148148149,1.8325957145940457,0.011201171874999962,0.012922211371527728,1.0,2.5,5.0,2.0
complex_room,3,6.875925925925927,4.37037037037037,0.5235987755982987,0.01121093749999997,0.012922211371527728,1.0,2.5,5.0,2.0
complex_room,3,7.314814814814816,4.261111111111111,0.26179938779914913,0.011216362847222187,0.012922211371527728,1.0,2.5,5.0,2.0
complex_room,3,6.437037037037038,3.0592592592592593,-2.8797932657906435,0.011220160590277728,0.012922211371527728,1.0,2.5,5.0,2.0
complex_room,3,3.8037037037037043,4.261111111111111,-1.3089969389957472,0.01123860677083329,0.012922211371527728,1.0,2.5,5.0,2.0
complex_room,3,3.657407407407408,4.479629629629629,-1.0471975511965979,0.011250542534722175,0.012922211371527728,1.0,2.5,5.0,2.0
complex_room,3,2.9259259259259265,4.5888888888888895,1.8325957145940457,0.01125162760416663,0.012922211371527728,1.0,2.5,5.0,2.0
complex_room,3,4.0962962962962965,0.6555555555555556,2.356194490192345,0.011253255208333281,0.012922211371527728,1.0,2.5,5.0,2.0
complex_room,3,3.218518518518519,2.6222222222222222,-0.5235987755982991,0.011259765624999963,0.012922211371527728,1.0,2.5,5.0,2.0
complex_room,3,3.9500000000000006,3.0592592592592593,2.356194490192345,0.011261393229166606,0.012922211371527728,1.0,2.5,5.0,2.0
complex_room,3,3.9500000000000006,4.151851851851852,-1.3089969389957472,0.011280381944444405,0.012922211371527728,1.0,2.5,5.0,2.0
complex_room,3,5.55925925925926,2.7314814814814814,-1.5707963267948966,0.011280924479166633,0.012922211371527728,1.0,2.5,5.0,2.0
complex_room,3,3.364814814814815,4.37037037037037,-1.0471975511965979,0.011283094618055505,0.012922211371527728,1.0,2.5,5.0,2.0
complex_room,3,2.0481481481481483,5.025925925925926,2.094395102393195,0.011290147569444391,0.012922211371527728,1.0,2.5,5.0,2.0
complex_room,3,3.5111111111111115,4.261111111111111,-1.0471975511965979,0.011294487847222178,0.012922211371527728,1.0,2.5,5.0,2.0
complex_room,3,7.168518518518519,4.042592592592593,0.5235987755982987,0.011297200520833288,0.012922211371527728,1.0,2.5,5.0,2.0
complex_room,3,0.8777777777777779,1.4203703703703705,-3.141592653589793,0.011302083333333298,0.012922211371527728,1.0,2.5,5.0,2.0
complex_room,3,2.340740740740741,5.135185185185185,2.094395102393195,0.011306423611111052,0.012922211371527728,1.0,2.5,5.0,2.0
complex_room,3,6.72962962962963,4.042592592592593,0.5235987755982987,0.01131347656249996,0.012922211371527728,1.0,2.5,5.0,2.0
complex_room,3,3.0722222222222224,2.403703703703704,-0.5235987755982991,0.011318359374999969,0.012922211371527728,1.0,2.5,5.0,2.0
complex_room,3,7.168518518518519,4.261111111111111,0.5235987755982987,0.011358506944444409,0.012922211371527728,1.0,2.5,5.0,2.0
complex_room,3,7.168518518518519,3.6055555555555556,0.26179938779914913,0.011370985243055501,0.012922211371527728,1.0,2.5,5.0,2.0
complex_room,3,2.6333333333333337,2.185185185185185,-0.5235987755982991,0.01137749565972218,0.012922211371527728,1.0,2.5,5.0,2.0
complex_room,3,2.4870370370370374,4.698148148148149,1.8325957145940457,0.011384006076388847,0.012922211371527728,1.0,2.5,5.0,2.0
complex_room,3,3.364814814814815,4.5888888888888895,-1.3089969389957472,0.011388346354166613,0.012922211371527728,1.0,2.5,5.0,2.0
complex_room,3,3.0722222222222224,4.37037037037037,-1.0471975511965979,0.011412217881944398,0.012922211371527728,1.0,2.5,5.0,2.0
complex_room,3,4.242592592592593,2.95,2.094395102393195,0.011418185763888842,0.012922211371527728,1.0,2.5,5.0,2.0
complex_room,3,3.8037037037037043,4.042592592592593,-1.3089969389957472,0.011427408854166633,0.012922211371527728,1.0,2.5,5.0,2.0
complex_room,3,7.168518518518519,4.151851851851852,0.5235987755982987,0.011430664062499958,0.012922211371527728,1.0,2.5,5.0,2.0
complex_room,3,2.1944444444444446,2.512962962962963,2.617993877991494,0.01143066406249996,0.012922211371527728,1.0,2.5,5.0,2.0
complex_room,3,2.9259259259259265,4.5888888888888895,-1.0471975511965979,0.011446397569444397,0.012922211371527728,1.0,2.5,5.0,2.0
complex_room,3,6.72962962962963,3.9333333333333336,0.5235987755982987,0.011451280381944397,0.012922211371527728,1.0,2.5,5.0,2.0
complex_room,3,2.4870370370370374,5.025925925925926,1.8325957145940457,0.011464843749999941,0.012922211371527728,1.0,2.5,5.0,2.0
complex_room,3,6.290740740740741,2.95,-3.141592653589793,0.011465386284722176,0.012922211371527728,1.0,2.5,5.0,2.0
complex_room,3,6.437037037037038,3.1685185185185185,-2.8797932657906435,0.011482747395833283,0.012922211371527728,1.0,2.5,5.0,2.0
complex_room,3,6.437037037037038,3.0592592592592593,-3.141592653589793,0.011514214409722168,0.012922211371527728,1.0,2.5,5.0,2.0
complex_room,3,4.388888888888889,0.6555555555555556,2.356194490192345,0.011516927083333281,0.012922211371527728,1.0,2.5,5.0,2.0
complex_room,3,6.583333333333334,3.0592592592592593,-2.8797932657906435,0.011520724826388835,0.012922211371527728,1.0,2.5,5.0,2.0
complex_room,3,2.9259259259259265,2.2944444444444447,-0.5235987755982991,0.011527777777777741,0.012922211371527728,1.0,2.5,5.0,2.0
complex_room,3,3.9500000000000006,4.261111111111111,1.5707963267948966,0.011527777777777741,0.012922211371527728,1.0,2.5,5.0,2.0
complex_room,3,6.875925925925927,3.714814814814815,0.5235987755982987,0.011528862847222165,0.012922211371527728,1.0,2.5,5.0,2.0
complex_room,3,5.120370370370371,2.7314814814814814,-1.5707963267948966,0.011536458333333291,0.012922211371527728,1.0,2.5,5.0,2.0
complex_room,3,4.242592592592593,0.8740740740740741,2.356194490192345,0.011543511284722172,0.012922211371527728,1.0,2.5,5.0,2.0
complex_room,3,2.9259259259259265,4.479629629629629,-1.3089969389957472,0.011551649305555507,0.012922211371527728,1.0,2.5,5.0,2.0
complex_room,3,1.3166666666666669,1.638888888888889,-3.141592653589793,0.011565755208333308,0.012922211371527728,1.0,2.5,5.0,2.0
complex_room,3,3.8037037037037043,0.6555555555555556,2.094395102393195,0.011572265624999961,0.012922211371527728,1.0,2.5,5.0,2.0
complex_room,3,3.8037037037037043,4.151851851851852,1.8325957145940457,0.011583658854166628,0.012922211371527728,1.0,2.5,5.0,2.0
complex_room,3,7.461111111111112,4.042592592592593,0.26179938779914913,0.011584201388888854,0.012922211371527728,1.0,2.5,5.0,2.0
complex_room,3,6.583333333333334,3.1685185185185185,-2.8797932657906435,0.011589626736111056,0.012922211371527728,1.0,2.5,5.0,2.0
complex_room,3,3.364814814814815,4.479629629629629,-1.0471975511965979,0.011591796874999942,0.012922211371527728,1.0,2.5,5.0,2.0
complex_room,3,6.437037037037038,2.95,-2.8797932657906435,0.01160047743055551,0.012922211371527728,1.0,2.5,5.0,2.0
complex_room,3,7.022222222222223,3.714814814814815,0.5235987755982987,0.01160807291666661,0.012922211371527728,1.0,2.5,5.0,2.0
complex_room,3,0.8777777777777779,1.3111111111111111,-3.141592653589793,0.011616210937499967,0.012922211371527728,1.0,2.5,5.0,2.0
complex_room,3,6.72962962962963,3.8240740740740744,0.5235987755982987,0.011620008680555505,0.012922211371527728,1.0,2.5,5.0,2.0
complex_room,3,3.218518518518519,2.512962962962963,-0.5235987755982991,0.011622721354166641,0.012922211371527728,1.0,2.5,5.0,2.0
complex_room,3,2.4870370370370374,2.512962962962963,-0.5235987755982991,0.011629231770833286,0.012922211371527728,1.0,2.5,5.0,2.0
complex_room,3,1.3166666666666669,4.916666666666667,2.356194490192345,0.011636284722222195,0.012922211371527728,1.0,2.5,5.0,2.0
complex_room,3,3.9500000000000006,4.042592592592593,-1.3089969389957472,0.011637912326388852,0.012922211371527728,1.0,2.5,5.0,2.0
complex_room,3,4.827777777777778,0.8740740740740741,-0.5235987755982991,0.011640082465277745,0.012922211371527728,1.0,2.5,5.0,2.0
complex_room,3,3.218518518518519,5.025925925925926,1.8325957145940457,0.011641710069444412,0.012922211371527728,1.0,2.5,5.0,2.0
complex_room,3,2.6333333333333337,2.512962962962963,2.879793265790643,0.011642795138888848,0.012922211371527728,1.0,2.5,5.0,2.0
complex_room,3,1.4629629629629632,5.353703703703704,1.8325957145940457,0.011644422743055516,0.012922211371527728,1.0,2.5,5.0,2.0
complex_room,3,6.290740740740741,2.95,-2.8797932657906435,0.01164605034722218,0.012922211371527728,1.0,2.5,5.0,2.0
complex_room,3,7.022222222222223,4.479629629629629,0.5235987755982987,0.011662326388888861,0.012922211371527728,1.0,2.5,5.0,2.0
complex_room,3,4.388888888888889,0.5462962962962963,2.356194490192345,0.011679687499999949,0.012922211371527728,1.0,2.5,5.0,2.0
complex_room,3,4.0962962962962965,2.95,2.356194490192345,0.011680772569444393,0.012922211371527728,1.0,2.5,5.0,2.0
complex_room,3,7.168518518518519,3.9333333333333336,0.5235987755982987,0.011693250868055506,0.012922211371527728,1.0,2.5,5.0,2.0
complex_room,3,7.168518518518519,4.261111111111111,0.26179938779914913,0.01169487847222218,0.012922211371527728,1.0,2.5,5.0,2.0
complex_room,3,3.0722222222222224,4.5888888888888895,-1.3089969389957472,0.011697591145833276,0.012922211371527728,1.0,2.5,5.0,2.0
complex_room,3,2.77962962962963,4.5888888888888895,-1.3089969389957472,0.011697591145833287,0.012922211371527728,1.0,2.5,5.0,2.0
complex_room,3,1.1703703703703705,1.7481481481481482,2.879793265790643,0.011711697048611067,0.012922211371527728,1.0,2.5,5.0,2.0
complex_room,3,6.72962962962963,3.9333333333333336,0.7853981633974478,0.011725260416666614,0.012922211371527728,1.0,2.5,5.0,2.0
complex_room,3,3.218518518518519,2.512962962962963,-0.2617993877991496,0.011734483506944405,0.012922211371527728,1.0,2.5,5.0,2.0
complex_room,3,3.0722222222222224,5.025925925925926,2.094395102393195,0.011742621527777726,0.012922211371527728,1.0,2.5,5.0,2.0
complex_room,3,2.0481481481481483,4.916666666666667,2.356194490192345,0.011749131944444399,0.012922211371527728,1.0,2.5,5.0,2.0
complex_room,3,2.340740740740741,2.6222222222222222,2.879793265790643,0.01175292968749996,0.012922211371527728,1.0,2.5,5.0,2.0
complex_room,3,2.9259259259259265,4.807407407407408,2.094395102393195,0.011760525173611066,0.012922211371527728,1.0,2.5,5.0,2.0
complex_room,3,7.168518518518519,3.8240740740740744,0.5235987755982987,0.01176106770833328,0.012922211371527728,1.0,2.5,5.0,2.0
complex_room,3,3.0722222222222224,2.403703703703704,-0.2617993877991496,0.011769748263888845,0.012922211371527728,1.0,2.5,5.0,2.0
complex_room,3,2.1944444444444446,2.403703703703704,2.617993877991494,0.011770290798611062,0.012922211371527728,1.0,2.5,5.0,2.0
complex_room,3,5.2666666666666675,2.840740740740741,-1.3089969389957472,0.01177571614583329,0.012922211371527728,1.0,2.5,5.0,2.0
complex_room,3,3.657407407407408,5.353703703703704,-0.7853981633974483,0.011777886284722183,0.012922211371527728,1.0,2.5,5.0,2.0
complex_room,3,6.583333333333334,3.277777777777778,-2.8797932657906435,0.011778971354166608,0.012922211371527728,1.0,2.5,5.0,2.0
complex_room,3,6.72962962962963,3.8240740740740744,0.7853981633974478,0.011783854166666611,0.012922211371527728,1.0,2.5,5.0,2.0
complex_room,3,2.6333333333333337,2.6222222222222222,2.879793265790643,0.011789279513888846,0.012922211371527728,1.0,2.5,5.0,2.0
complex_room,3,1.1703703703703705,1.8574074074074074,2.879793265790643,0.011796332465277734,0.012922211371527728,1.0,2.5,5.0,2.0
complex_room,3,4.242592592592593,0.6555555555555556,2.356194490192345,0.011796874999999946,0.012922211371527728,1.0,2.5,5.0,2.0
complex_room,3,7.314814814814816,4.37037037037037,0.26179938779914913,0.011796874999999965,0.012922211371527728,1.0,2.5,5.0,2.0
complex_room,3,7.314814814814816,3.714814814814815,0.26179938779914913,0.011808810763888837,0.012922211371527728,1.0,2.5,5.0,2.0
complex_room,3,7.314814814814816,3.4962962962962965,0.0,0.011808810763888851,0.012922211371527728,1.0,2.5,5.0,2.0
complex_room,3,1.7555555555555558,4.916666666666667,2.094395102393195,0.01181532118055552,0.012922211371527728,1.0,2.5,5.0,2.0
complex_room,3,2.77962962962963,2.6222222222222222,-0.5235987755982991,0.01182562934027773,0.012922211371527728,1.0,2.5,5.0,2.0
complex_room,3,1.3166666666666669,2.185185185185185,2.094395102393195,0.011833767361111074,0.012922211371527728,1.0,2.5,5.0,2.0
complex_room,3,3.657407407407408,0.6555555555555556,2.094395102393195,0.011834309895833296,0.012922211371527728,1.0,2.5,5.0,2.0
complex_room,3,1.7555555555555558,1.8574074074074074,2.356194490192345,0.011837565104166626,0.012922211371527728,1.0,2.5,5.0,2.0
complex_room,3,7.168518518518519,4.37037037037037,0.5235987755982987,0.011838107638888854,0.012922211371527728,1.0,2.5,5.0,2.0
complex_room,3,2.0481481481481483,2.512962962962963,2.879793265790643,0.011839192708333295,0.012922211371527728,1.0,2.5,5.0,2.0
complex_room,3,3.364814814814815,4.698148148148149,-1.0471975511965979,0.011842990451388834,0.012922211371527728,1.0,2.5,5.0,2.0
complex_room,3,6.437037037037038,2.95,-3.141592653589793,0.011844618055555502,0.012922211371527728,1.0,2.5,5.0,2.0
complex_room,3,6.72962962962963,4.042592592592593,0.7853981633974478,0.011854383680555506,0.012922211371527728,1.0,2.5,5.0,2.0
complex_room,3,3.9500000000000006,4.261111111111111,1.8325957145940457,0.011856011284722169,0.012922211371527728,1.0,2.5,5.0,2.0
complex_room,3,7.022222222222223,3.4962962962962965,0.26179938779914913,0.011860894097222166,0.012922211371527728,1.0,2.5,5.0,2.0
complex_room,3,3.0722222222222224,4.5888888888888895,-1.0471975511965979,0.011865776909722165,0.012922211371527728,1.0,2.5,5.0,2.0
complex_room,3,3.8037037037037043,4.5888888888888895,1.8325957145940457,0.011870117187499953,0.012922211371527728,1.0,2.5,5.0,2.0
complex_room,3,7.168518518518519,3.3870370370370373,0.0,0.0118712022569444,0.012922211371527728,1.0,2.5,5.0,2.0
complex_room,3,4.242592592592593,0.7648148148148148,2.094395102393195,0.011872287326388842,0.012922211371527728,1.0,2.5,5.0,2.0
complex_room,3,2.77962962962963,4.5888888888888895,2.094395102393195,0.011873914930555526,0.012922211371527728,1.0,2.5,5.0,2.0
complex_room,3,2.77962962962963,2.7314814814814814,-0.2617993877991496,0.011879882812499956,0.012922211371527728,1.0,2.5,5.0,2.0
complex_room,3,2.4870370370370374,2.2944444444444447,-0.7853981633974483,0.011884765624999958,0.012922211371527728,1.0,2.5,5.0,2.0
complex_room,3,3.9500000000000006,4.261111111111111,-1.3089969389957472,0.0118907335069444,0.012922211371527728,1.0,2.5,5.0,2.0
complex_room,3,2.4870370370370374,2.185185185185185,-0.5235987755982991,0.011893988715277727,0.012922211371527728,1.0,2.5,5.0,2.0
complex_room,3,2.77962962962963,1.7481481481481482,-1.0471975511965979,0.011896158854166639,0.012922211371527728,1.0,2.5,5.0,2.0
complex_room,3,7.168518518518519,3.6055555555555556,0.0,0.011899414062499954,0.012922211371527728,1.0,2.5,5.0,2.0
complex_room,3,2.6333333333333337,2.2944444444444447,-0.2617993877991496,0.011905924479166614,0.012922211371527728,1.0,2.5,5.0,2.0
complex_room,3,6.875925925925927,3.4962962962962965,0.26179938779914913,0.011907552083333276,0.012922211371527728,1.0,2.5,5.0,2.0
complex_room,3,1.1703703703703705,1.5296296296296297,-3.141592653589793,0.01191351996527775,0.012922211371527728,1.0,2.5,5.0,2.0
complex_room,3,4.0962962962962965,0.7648148148148148,2.094395102393195,0.011918945312499953,0.012922211371527728,1.0,2.5,5.0,2.0
complex_room,3,3.657407407407408,4.261111111111111,-1.0471975511965979,0.011923828124999952,0.012922211371527728,1.0,2.5,5.0,2.0
complex_room,3,3.218518518518519,4.261111111111111,-1.3089969389957472,0.01192382812499996,0.012922211371527728,1.0,2.5,5.0,2.0
complex_room,3,3.5111111111111115,5.353703703703704,-0.7853981633974483,0.011933593749999957,0.012922211371527728,1.0,2.5,5.0,2.0
complex_room,3,1.0240740740740741,1.7481481481481482,2.879793265790643,0.011934678819444404,0.012922211371527728,1.0,2.5,5.0,2.0
complex_room,3,4.242592592592593,0.7648148148148148,2.356194490192345,0.011939019097222166,0.012922211371527728,1.0,2.5,5.0,2.0
complex_room,3,5.120370370370371,2.95,-1.3089969389957472,0.011944986979166626,0.012922211371527728,1.0,2.5,5.0,2.0
complex_room,3,7.022222222222223,4.151851851851852,0.26179938779914913,0.011957465277777732,0.012922211371527728,1.0,2.5,5.0,2.0
complex_room,3,2.6333333333333337,2.6222222222222222,-0.2617993877991496,0.011971571180555508,0.012922211371527728,1.0,2.5,5.0,2.0
complex_room,3,2.4870370370370374,2.6222222222222222,2.879793265790643,0.011983506944444399,0.012922211371527728,1.0,2.5,5.0,2.0
complex_room,3,6.875925925925927,3.6055555555555556,0.5235987755982987,0.011985677083333273,0.012922211371527728,1.0,2.5,5.0,2.0
complex_room,3,6.72962962962963,3.714814814814815,0.7853981633974478,0.011986219618055498,0.012922211371527728,1.0,2.5,5.0,2.0
complex_room,3,2.4870370370370374,2.2944444444444447,-0.2617993877991496,0.011987847222222169,0.012922211371527728,1.0,2.5,5.0,2.0
complex_room,3,7.461111111111112,3.9333333333333336,0.26179938779914913,0.011991102430555518,0.012922211371527728,1.0,2.5,5.0,2.0
complex_room,3,1.4629629629629632,4.916666666666667,2.356194490192345,0.011997070312499976,0.012922211371527728,1.0,2.5,5.0,2.0
complex_room,3,2.77962962962963,1.9666666666666668,-1.0471975511965979,0.011998697916666636,0.012922211371527728,1.0,2.5,5.0,2.0
complex_room,3,2.340740740740741,2.403703703703704,2.617993877991494,0.011999782986111061,0.012922211371527728,1.0,2.5,5.0,2.0
complex_room,3,6.290740740740741,3.0592592592592593,-2.8797932657906435,0.012000325520833287,0.012922211371527728,1.0,2.5,5.0,2.0
complex_room,3,2.340740740740741,5.025925925925926,2.094395102393195,0.012007378472222155,0.012922211371527728,1.0,2.5,5.0,2.0
complex_room,3,3.9500000000000006,4.151851851851852,1.5707963267948966,0.012011176215277745,0.012922211371527728,1.0,2.5,5.0,2.0
complex_room,3,6.437037037037038,3.1685185185185185,-3.141592653589793,0.012013888888888834,0.012922211371527728,1.0,2.5,5.0,2.0
complex_room,3,2.6333333333333337,1.5296296296296297,-1.3089969389957472,0.012016601562499975,0.012922211371527728,1.0,2.5,5.0,2.0
complex_room,3,6.875925925925927,3.8240740740740744,0.26179938779914913,0.012018229166666613,0.012922211371527728,1.0,2.5,5.0,2.0
complex_room,3,2.340740740740741,2.2944444444444447,-0.5235987755982991,0.012022026909722172,0.012922211371527728,1.0,2.5,5.0,2.0
complex_room,3,4.0962962962962965,0.5462962962962963,2.356194490192345,0.012037217881944388,0.012922211371527728,1.0,2.5,5.0,2.0
complex_room,3,3.364814814814815,4.261111111111111,-1.0471975511965979,0.012041558159722174,0.012922211371527728,1.0,2.5,5.0,2.0
complex_room,3,3.0722222222222224,4.698148148148149,-1.0471975511965979,0.01204535590277772,0.012922211371527728,1.0,2.5,5.0,2.0
complex_room,3,6.290740740740741,2.840740740740741,-3.141592653589793,0.012045898437499952,0.012922211371527728,1.0,2.5,5.0,2.0
complex_room,3,6.72962962962963,4.151851851851852,0.7853981633974478,0.01204969618055551,0.012922211371527728,1.0,2.5,5.0,2.0
complex_room,3,5.55925925925926,2.7314814814814814,-1.3089969389957472,0.012060004340277729,0.012922211371527728,1.0,2.5,5.0,2.0
complex_room,3,6.583333333333334,4.042592592592593,0.7853981633974478,0.012061631944444401,0.012922211371527728,1.0,2.5,5.0,2.0
complex_room,3,6.583333333333334,3.1685185185185185,-3.141592653589793,0.012064344618055497,0.012922211371527728,1.0,2.5,5.0,2.0
complex_room,3,3.9500000000000006,4.37037037037037,1.8325957145940457,0.012064344618055502,0.012922211371527728,1.0,2.5,5.0,2.0
complex_room,3,6.437037037037038,3.277777777777778,-2.8797932657906435,0.012068142361111056,0.012922211371527728,1.0,2.5,5.0,2.0
complex_room,3,2.340740740740741,4.698148148148149,2.094395102393195,0.012072482638888852,0.012922211371527728,1.0,2.5,5.0,2.0
complex_room,3,4.388888888888889,0.8740740740740741,2.356194490192345,0.012079535590277727,0.012922211371527728,1.0,2.5,5.0,2.0
complex_room,3,2.77962962962963,1.5296296296296297,-1.3089969389957472,0.012080078124999978,0.012922211371527728,1.0,2.5,5.0,2.0
complex_room,3,3.218518518518519,4.261111111111111,-1.0471975511965979,0.012080620659722175,0.012922211371527728,1.0,2.5,5.0,2.0
complex_room,3,1.4629629629629632,2.2944444444444447,2.094395102393195,0.012080620659722187,0.012922211371527728,1.0,2.5,5.0,2.0
complex_room,3,3.8037037037037043,4.37037037037037,-1.3089969389957472,0.012085503472222174,0.012922211371527728,1.0,2.5,5.0,2.0
complex_room,3,3.9500000000000006,0.7648148148148148,2.094395102393195,0.0120860460069444,0.012922211371527728,1.0,2.5,5.0,2.0
complex_room,3,7.314814814814816,3.714814814814815,0.0,0.012088216145833289,0.012922211371527728,1.0,2.5,5.0,2.0
complex_room,3,3.5111111111111115,4.698148148148149,1.5707963267948966,0.0120958116319444,0.012922211371527728,1.0,2.5,5.0,2.0
complex_room,3,1.1703703703703705,1.638888888888889,2.879793265790643,0.012096354166666623,0.012922211371527728,1.0,2.5,5.0,2.0
complex_room,3,4.535185185185186,0.8740740740740741,-0.5235987755982991,0.012105034722222185,0.012922211371527728,1.0,2.5,5.0,2.0
complex_room,3,6.72962962962963,3.1685185185185185,-2.6179938779914944,0.012107204861111056,0.012922211371527728,1.0,2.5,5.0,2.0
complex_room,3,2.340740740740741,2.403703703703704,-0.5235987755982991,0.012107747395833288,0.012922211371527728,1.0,2.5,5.0,2.0
complex_room,3,6.72962962962963,3.714814814814815,0.5235987755982987,0.012113715277777722,0.012922211371527728,1.0,2.5,5.0,2.0
complex_room,3,6.583333333333334,3.9333333333333336,0.7853981633974478,0.012119140624999952,0.012922211371527728,1.0,2.5,5.0,2.0
complex_room,3,6.290740740740741,3.0592592592592593,-3.141592653589793,0.012122938368055506,0.012922211371527728,1.0,2.5,5.0,2.0
complex_room,3,1.3166666666666669,2.2944444444444447,2.094395102393195,0.012128363715277745,0.012922211371527728,1.0,2.5,5.0,2.0
complex_room,3,3.9500000000000006,4.151851851851852,1.8325957145940457,0.012129448784722172,0.012922211371527728,1.0,2.5,5.0,2.0
complex_room,3,2.4870370370370374,5.353703703703704,1.8325957145940457,0.012132161458333297,0.012922211371527728,1.0,2.5,5.0,2.0
complex_room,3,2.77962962962963,4.5888888888888895,1.8325957145940457,0.012135416666666628,0.012922211371527728,1.0,2.5,5.0,2.0
complex_room,3,3.8037037037037043,4.37037037037037,-1.0471975511965979,0.012141927083333285,0.012922211371527728,1.0,2.5,5.0,2.0
complex_room,3,2.77962962962963,4.698148148148149,2.094395102393195,0.012150607638888845,0.012922211371527728,1.0,2.5,5.0,2.0
complex_room,3,3.0722222222222224,2.7314814814814814,-0.5235987755982991,0.012155490451388841,0.012922211371527728,1.0,2.5,5.0,2.0
complex_room,3,6.583333333333334,3.0592592592592593,-3.141592653589793,0.01218207465277772,0.012922211371527728,1.0,2.5,5.0,2.0
complex_room,3,4.0962962962962965,4.261111111111111,1.5707963267948966,0.0121837022569444,0.012922211371527728,1.0,2.5,5.0,2.0
complex_room,3,3.8037037037037043,4.5888888888888895,1.5707963267948966,0.012188585069444405,0.012922211371527728,1.0,2.5,5.0,2.0
complex_room,3,3.5111111111111115,0.6555555555555556,2.094395102393195,0.012191840277777739,0.012922211371527728,1.0,2.5,5.0,2.0
complex_room,3,3.9500000000000006,4.37037037037037,1.5707963267948966,0.012196180555555512,0.012922211371527728,1.0,2.5,5.0,2.0
complex_room,3,6.875925925925927,3.9333333333333336,0.7853981633974478,0.012197808159722165,0.012922211371527728,1.0,2.5,5.0,2.0
complex_room,3,7.022222222222223,3.6055555555555556,0.5235987755982987,0.012201605902777716,0.012922211371527728,1.0,2.5,5.0,2.0
complex_room,3,6.144444444444445,2.840740740740741,-3.141592653589793,0.012204318576388849,0.012922211371527728,1.0,2.5,5.0,2.0
complex_room,3,1.9018518518518521,5.025925925925926,2.094395102393195,0.012207031249999946,0.012922211371527728,1.0,2.5,5.0,2.0
complex_room,3,4.0962962962962965,4.042592592592593,-1.3089969389957472,0.012212456597222185,0.012922211371527728,1.0,2.5,5.0,2.0
complex_room,3,3.364814814814815,4.151851851851852,-1.3089969389957472,0.01221571180555552,0.012922211371527728,1.0,2.5,5.0,2.0
complex_room,3,0.5851851851851853,1.0925925925925926,-3.141592653589793,0.012215711805555522,0.012922211371527728,1.0,2.5,5.0,2.0
complex_room,3,2.4870370370370374,2.403703703703704,-0.2617993877991496,0.012216254340277722,0.012922211371527728,1.0,2.5,5.0,2.0
complex_room,3,2.1944444444444446,2.2944444444444447,-0.7853981633974483,0.01221625434027773,0.012922211371527728,1.0,2.5,5.0,2.0
complex_room,3,5.412962962962964,2.6222222222222222,-1.3089969389957472,0.012229275173611057,0.012922211371527728,1.0,2.5,5.0,2.0
complex_room,3,6.72962962962963,3.1685185185185185,-2.8797932657906435,0.012230902777777719,0.012922211371527728,1.0,2.5,5.0,2.0
complex_room,3,1.3166666666666669,1.8574074074074074,2.879793265790643,0.0122325303819444,0.012922211371527728,1.0,2.5,5.0,2.0
complex_room,3,2.340740740740741,4.916666666666667,1.8325957145940457,0.012233072916666601,0.012922211371527728,1.0,2.5,5.0,2.0
complex_room,3,3.9500000000000006,2.840740740740741,2.356194490192345,0.01223415798611107,0.012922211371527728,1.0,2.5,5.0,2.0
complex_room,3,4.535185185185186,0.6555555555555556,2.356194490192345,0.0122352430555555,0.012922211371527728,1.0,2.5,5.0,2.0
complex_room,3,4.535185185185186,0.5462962962962963,2.356194490192345,0.012236328124999946,0.012922211371527728,1.0,2.5,5.0,2.0
complex_room,3,0.7314814814814816,1.3111111111111111,-3.141592653589793,0.012236328124999965,0.012922211371527728,1.0,2.5,5.0,2.0
complex_room,3,3.9500000000000006,2.840740740740741,2.094395102393195,0.012239040798611062,0.012922211371527728,1.0,2.5,5.0,2.0
complex_room,3,5.412962962962964,2.7314814814814814,-1.3089969389957472,0.012243381076388836,0.012922211371527728,1.0,2.5,5.0,2.0
complex_room,3,1.1703703703703705,2.185185185185185,2.094395102393195,0.012246093749999966,0.012922211371527728,1.0,2.5,5.0,2.0
complex_room,3,7.168518518518519,3.4962962962962965,0.26179938779914913,0.01227484809027772,0.012922211371527728,1.0,2.5,5.0,2.0
complex_room,3,2.9259259259259265,1.7481481481481482,-1.0471975511965979,0.01227810329861109,0.012922211371527728,1.0,2.5,5.0,2.0
complex_room,3,6.875925925925927,3.8240740740740744,0.7853981633974478,0.012278645833333275,0.012922211371527728,1.0,2.5,5.0,2.0
complex_room,3,1.6092592592592594,1.7481481481481482,2.356194490192345,0.012288953993055518,0.012922211371527728,1.0,2.5,5.0,2.0
complex_room,3,6.583333333333334,3.3870370370370373,-2.8797932657906435,0.01229166666666661,0.012922211371527728,1.0,2.5,5.0,2.0
complex_room,3,6.875925925925927,3.714814814814815,0.7853981633974478,0.012292751736111052,0.012922211371527728,1.0,2.5,5.0,2.0
complex_room,3,2.1944444444444446,4.807407407407408,1.8325957145940457,0.012304144965277722,0.012922211371527728,1.0,2.5,5.0,2.0
complex_room,3,4.827777777777778,2.95,-1.5707963267948966,0.012310112847222172,0.012922211371527728,1.0,2.5,5.0,2.0
complex_room,3,6.583333333333334,4.151851851851852,0.7853981633974478,0.012314453124999958,0.012922211371527728,1.0,2.5,5.0,2.0
complex_room,3,3.5111111111111115,4.5888888888888895,-1.0471975511965979,0.012318793402777722,0.012922211371527728,1.0,2.5,5.0,2.0
complex_room,3,2.4870370370370374,2.512962962962963,-0.2617993877991496,0.012320963541666615,0.012922211371527728,1.0,2.5,5.0,2.0
complex_room,3,6.583333333333334,3.8240740740740744,0.7853981633974478,0.012329101562499948,0.012922211371527728,1.0,2.5,5.0,2.0
complex_room,3,6.875925925925927,3.714814814814815,0.26179938779914913,0.012329644097222169,0.012922211371527728,1.0,2.5,5.0,2.0
complex_room,3,3.8037037037037043,0.7648148148148148,2.094395102393195,0.012331271701388848,0.012922211371527728,1.0,2.5,5.0,2.0
complex_room,3,6.875925925925927,3.277777777777778,0.0,0.012336154513888843,0.012922211371527728,1.0,2.5,5.0,2.0
complex_room,3,6.144444444444445,1.201851851851852,1.8325957145940457,0.012343749999999947,0.012922211371527728,1.0,2.5,5.0,2.0
complex_room,3,7.022222222222223,0.9833333333333334,-1.0471975511965979,0.012345377604166626,0.012922211371527728,1.0,2.5,5.0,2.0
complex_room,3,7.168518518518519,3.714814814814815,0.0,0.01234592013888884,0.012922211371527728,1.0,2.5,5.0,2.0
complex_room,3,3.218518518518519,4.5888888888888895,-1.3089969389957472,0.012365993923611047,0.012922211371527728,1.0,2.5,5.0,2.0
complex_room,3,3.9500000000000006,4.479629629629629,1.5707963267948966,0.012371419270833291,0.012922211371527728,1.0,2.5,5.0,2.0
complex_room,3,6.72962962962963,3.6055555555555556,0.7853981633974478,0.012372504340277719,0.012922211371527728,1.0,2.5,5.0,2.0
complex_room,3,6.72962962962963,3.277777777777778,-2.8797932657906435,0.01237304687499994,0.012922211371527728,1.0,2.5,5.0,2.0
complex_room,3,6.875925925925927,4.042592592592593,0.7853981633974478,0.01237358940972217,0.012922211371527728,1.0,2.5,5.0,2.0
complex_room,3,3.218518518518519,4.479629629629629,1.8325957145940457,0.012377387152777737,0.012922211371527728,1.0,2.5,5.0,2.0
complex_room,3,3.364814814814815,0.6555555555555556,2.356194490192345,0.012384440104166625,0.012922211371527728,1.0,2.5,5.0,2.0
complex_room,3,7.168518518518519,4.37037037037037,0.26179938779914913,0.012384982638888847,0.012922211371527728,1.0,2.5,5.0,2.0
complex_room,3,1.0240740740740741,1.5296296296296297,2.879793265790643,0.012386610243055513,0.012922211371527728,1.0,2.5,5.0,2.0
complex_room,3,2.0481481481481483,5.135185185185185,2.094395102393195,0.012401258680555497,0.012922211371527728,1.0,2.5,5.0,2.0
complex_room,3,3.657407407407408,0.5462962962962963,2.356194490192345,0.012401258680555503,0.012922211371527728,1.0,2.5,5.0,2.0
complex_room,3,7.022222222222223,4.261111111111111,0.26179938779914913,0.012401258680555511,0.012922211371527728,1.0,2.5,5.0,2.0
complex_room,3,7.314814814814816,3.8240740740740744,0.0,0.012402886284722173,0.012922211371527728,1.0,2.5,5.0,2.0
complex_room,3,6.72962962962963,3.6055555555555556,0.5235987755982987,0.012415364583333274,0.012922211371527728,1.0,2.5,5.0,2.0
complex_room,3,3.657407407407408,4.042592592592593,-1.3089969389957472,0.012417534722222186,0.012922211371527728,1.0,2.5,5.0,2.0
complex_room,3,6.72962962962963,4.151851851851852,1.0471975511965974,0.012418077256944398,0.012922211371527728,1.0,2.5,5.0,2.0
complex_room,3,1.3166666666666669,5.353703703703704,1.8325957145940457,0.01242024739583329,0.012922211371527728,1.0,2.5,5.0,2.0
complex_room,3,1.4629629629629632,2.075925925925926,2.879793265790643,0.012433268229166624,0.012922211371527728,1.0,2.5,5.0,2.0
complex_room,3,1.0240740740740741,2.185185185185185,2.094395102393195,0.012433268229166633,0.012922211371527728,1.0,2.5,5.0,2.0
complex_room,3,6.875925925925927,4.151851851851852,0.7853981633974478,0.012434895833333286,0.012922211371527728,1.0,2.5,5.0,2.0
complex_room,3,6.290740740740741,1.201851851851852,1.8325957145940457,0.012436523437499942,0.012922211371527728,1.0,2.5,5.0,2.0
complex_room,3,2.6333333333333337,1.9666666666666668,-1.0471975511965979,0.012438693576388852,0.012922211371527728,1.0,2.5,5.0,2.0
complex_room,3,7.314814814814816,3.6055555555555556,0.26179938779914913,0.01244466145833328,0.012922211371527728,1.0,2.5,5.0,2.0
complex_room,3,4.0962962962962965,2.840740740740741,2.094395102393195,0.01244900173611106,0.012922211371527728,1.0,2.5,5.0,2.0
complex_room,3,1.7555555555555558,2.2944444444444447,-0.5235987755982991,0.012463107638888832,0.012922211371527728,1.0,2.5,5.0,2.0
complex_room,3,3.657407407407408,4.151851851851852,-1.0471975511965979,0.012464735243055513,0.012922211371527728,1.0,2.5,5.0,2.0
complex_room,3,5.2666666666666675,2.95,-1.3089969389957472,0.012465277777777744,0.012922211371527728,1.0,2.5,5.0,2.0
complex_room,3,5.2666666666666675,3.0592592592592593,-1.5707963267948966,0.012469075520833286,0.012922211371527728,1.0,2.5,5.0,2.0
complex_room,3,7.168518518518519,3.714814814814815,0.5235987755982987,0.012470703124999942,0.012922211371527728,1.0,2.5,5.0,2.0
complex_room,3,1.7555555555555558,5.135185185185185,1.8325957145940457,0.012471788194444385,0.012922211371527728,1.0,2.5,5.0,2.0
complex_room,3,3.5111111111111115,0.5462962962962963,2.356194490192345,0.01248046874999995,0.012922211371527728,1.0,2.5,5.0,2.0
complex_room,3,1.9018518518518521,2.185185185185185,2.617993877991494,0.012485894097222172,0.012922211371527728,1.0,2.5,5.0,2.0
complex_room,3,6.72962962962963,3.9333333333333336,1.0471975511965974,0.012489691840277725,0.012922211371527728,1.0,2.5,5.0,2.0
complex_room,3,2.77962962962963,2.185185185185185,-0.5235987755982991,0.012491861979166621,0.012922211371527728,1.0,2.5,5.0,2.0
complex_room,3,2.0481481481481483,2.512962962962963,2.617993877991494,0.012499999999999956,0.012922211371527728,1.0,2.5,5.0,2.0
complex_room,3,6.583333333333334,3.277777777777778,-3.141592653589793,0.012504882812499944,0.012922211371527728,1.0,2.5,5.0,2.0
complex_room,3,1.3166666666666669,1.9666666666666668,2.879793265790643,0.012506510416666623,0.012922211371527728,1.0,2.5,5.0,2.0
complex_room,3,4.388888888888889,0.8740740740740741,2.094395102393195,0.012510850694444395,0.012922211371527728,1.0,2.5,5.0,2.0
complex_room,3,4.535185185185186,0.8740740740740741,2.094395102393195,0.012513563368055503,0.012922211371527728,1.0,2.5,5.0,2.0
complex_room,3,6.290740740740741,2.840740740740741,-2.8797932657906435,0.012518988715277736,0.012922211371527728,1.0,2.5,5.0,2.0
complex_room,3,4.242592592592593,0.5462962962962963,2.356194490192345,0.012522786458333275,0.012922211371527728,1.0,2.5,5.0,2.0
complex_room,3,3.0722222222222224,4.807407407407408,-1.3089969389957472,0.012525499131944387,0.012922211371527728,1.0,2.5,5.0,2.0
complex_room,3,2.77962962962963,5.353703703703704,1.8325957145940457,0.012526584201388854,0.012922211371527728,1.0,2.5,5.0,2.0
complex_room,3,2.9259259259259265,2.2944444444444447,-0.2617993877991496,0.012527669270833285,0.012922211371527728,1.0,2.5,5.0,2.0
complex_room,3,4.0962962962962965,2.95,2.094395102393195,0.012528211805555498,0.012922211371527728,1.0,2.5,5.0,2.0
complex_room,3,7.168518518518519,3.9333333333333336,0.0,0.012528211805555507,0.012922211371527728,1.0,2.5,5.0,2.0
complex_room,3,1.9018518518518521,2.2944444444444447,2.617993877991494,0.012533094618055508,0.012922211371527728,1.0,2.5,5.0,2.0
complex_room,3,4.681481481481482,0.6555555555555556,2.356194490192345,0.012536892361111053,0.012922211371527728,1.0,2.5,5.0,2.0
complex_room,3,6.72962962962963,4.261111111111111,0.7853981633974478,0.0125450303819444,0.012922211371527728,1.0,2.5,5.0,2.0
complex_room,3,1.9018518518518521,2.403703703703704,2.879793265790643,0.012546657986111084,0.012922211371527728,1.0,2.5,5.0,2.0
complex_room,3,6.583333333333334,4.042592592592593,1.0471975511965974,0.012549370659722177,0.012922211371527728,1.0,2.5,5.0,2.0
complex_room,3,7.022222222222223,3.277777777777778,0.0,0.012549913194444397,0.012922211371527728,1.0,2.5,5.0,2.0
complex_room,3,3.657407407407408,2.840740740740741,2.356194490192345,0.012556423611111069,0.012922211371527728,1.0,2.5,5.0,2.0
complex_room,3,7.168518518518519,4.479629629629629,0.5235987755982987,0.012558051215277746,0.012922211371527728,1.0,2.5,5.0,2.0
complex_room,3,6.583333333333334,2.95,-2.8797932657906435,0.012560221354166613,0.012922211371527728,1.0,2.5,5.0,2.0
complex_room,3,1.6092592592592594,5.2444444444444445,1.8325957145940457,0.012566731770833279,0.012922211371527728,1.0,2.5,5.0,2.0
complex_room,3,7.022222222222223,4.5888888888888895,0.5235987755982987,0.012567816840277754,0.012922211371527728,1.0,2.5,5.0,2.0
complex_room,3,3.364814814814815,4.698148148148149,1.5707963267948966,0.012571614583333285,0.012922211371527728,1.0,2.5,5.0,2.0
complex_room,3,6.72962962962963,3.277777777777778,-2.6179938779914944,0.012574869791666608,0.012922211371527728,1.0,2.5,5.0,2.0
complex_room,3,4.0962962962962965,4.151851851851852,-1.3089969389957472,0.012587348090277737,0.012922211371527728,1.0,2.5,5.0,2.0
complex_room,3,3.364814814814815,5.2444444444444445,-0.7853981633974483,0.01259168836805551,0.012922211371527728,1.0,2.5,5.0,2.0
complex_room,3,4.242592592592593,0.8740740740740741,2.094395102393195,0.012593858506944397,0.012922211371527728,1.0,2.5,5.0,2.0
complex_room,3,7.022222222222223,3.4962962962962965,0.0,0.012594943576388837,0.012922211371527728,1.0,2.5,5.0,2.0
complex_room,3,6.583333333333334,4.151851851851852,1.0471975511965974,0.012594943576388844,0.012922211371527728,1.0,2.5,5.0,2.0
complex_room,3,6.583333333333334,3.9333333333333336,1.0471975511965974,0.012601453993055504,0.012922211371527728,1.0,2.5,5.0,2.0
complex_room,3,0.7314814814814816,1.201851851851852,-3.141592653589793,0.012604709201388854,0.012922211371527728,1.0,2.5,5.0,2.0
complex_room,3,7.314814814814816,4.042592592592593,0.0,0.012608506944444396,0.012922211371527728,1.0,2.5,5.0,2.0
complex_room,3,4.0962962962962965,0.9833333333333334,2.356194490192345,0.012609049479166625,0.012922211371527728,1.0,2.5,5.0,2.0
complex_room,3,3.364814814814815,0.5462962962962963,2.356194490192345,0.01260959201388884,0.012922211371527728,1.0,2.5,5.0,2.0
complex_room,3,4.974074074074075,0.8740740740740741,-0.5235987755982991,0.01261338975694441,0.012922211371527728,1.0,2.5,5.0,2.0
complex_room,3,3.364814814814815,5.353703703703704,-0.7853981633974483,0.012617187499999953,0.012922211371527728,1.0,2.5,5.0,2.0
complex_room,3,4.0962962962962965,3.0592592592592593,2.356194490192345,0.01262586805555549,0.012922211371527728,1.0,2.5,5.0,2.0
complex_room,3,6.583333333333334,3.714814814814815,0.7853981633974478,0.012625868055555501,0.012922211371527728,1.0,2.5,5.0,2.0
complex_room,3,7.461111111111112,3.6055555555555556,0.0,0.01262586805555552,0.012922211371527728,1.0,2.5,5.0,2.0
complex_room,3,5.412962962962964,2.840740740740741,-1.3089969389957472,0.01262695312499996,0.012922211371527728,1.0,2.5,5.0,2.0
complex_room,3,3.657407407407408,0.8740740740740741,2.356194490192345,0.012634006076388855,0.012922211371527728,1.0,2.5,5.0,2.0
complex_room,3,5.120370370370371,2.840740740740741,-1.3089969389957472,0.012634548611111065,0.012922211371527728,1.0,2.5,5.0,2.0
complex_room,3,4.388888888888889,2.95,2.094395102393195,0.012635091145833286,0.012922211371527728,1.0,2.5,5.0,2.0
complex_room,3,4.388888888888889,0.8740740740740741,-0.5235987755982991,0.012638888888888849,0.012922211371527728,1.0,2.5,5.0,2.0
complex_room,3,2.0481481481481483,2.2944444444444447,2.617993877991494,0.012640516493055504,0.012922211371527728,1.0,2.5,5.0,2.0
complex_room,3,4.0962962962962965,4.151851851851852,1.5707963267948966,0.012640516493055509,0.012922211371527728,1.0,2.5,5.0,2.0
complex_room,3,7.461111111111112,4.37037037037037,0.26179938779914913,0.012644856770833303,0.012922211371527728,1.0,2.5,5.0,2.0
complex_room,3,2.0481481481481483,2.403703703703704,2.617993877991494,0.012645399305555506,0.012922211371527728,1.0,2.5,5.0,2.0
complex_room,3,6.72962962962963,3.4962962962962965,0.26179938779914913,0.012647026909722168,0.012922211371527728,1.0,2.5,5.0,2.0
complex_room,3,2.1944444444444446,2.2944444444444447,2.879793265790643,0.012647569444444399,0.012922211371527728,1.0,2.5,5.0,2.0
complex_room,3,7.168518518518519,3.8240740740740744,0.0,0.01266113281249995,0.012922211371527728,1.0,2.5,5.0,2.0
complex_room,3,2.340740740740741,2.403703703703704,2.879793265790643,0.012663302951388837,0.012922211371527728,1.0,2.5,5.0,2.0
complex_room,3,6.583333333333334,3.0592592592592593,-2.6179938779914944,0.01266927083333328,0.012922211371527728,1.0,2.5,5.0,2.0
complex_room,3,1.7555555555555558,2.075925925925926,2.879793265790643,0.012683376736111073,0.012922211371527728,1.0,2.5,5.0,2.0
complex_room,3,3.5111111111111115,0.7648148148148148,2.356194490192345,0.012687717013888851,0.012922211371527728,1.0,2.5,5.0,2.0
complex_room,3,3.8037037037037043,0.5462962962962963,2.356194490192345,0.012692599826388833,0.012922211371527728,1.0,2.5,5.0,2.0
complex_room,3,6.583333333333334,4.261111111111111,0.7853981633974478,0.01269476996527774,0.012922211371527728,1.0,2.5,5.0,2.0
complex_room,3,2.4870370370370374,1.9666666666666668,-1.0471975511965979,0.012695855034722182,0.012922211371527728,1.0,2.5,5.0,2.0
complex_room,3,2.77962962962963,1.8574074074074074,-1.0471975511965979,0.01269585503472219,0.012922211371527728,1.0,2.5,5.0,2.0
complex_room,3,6.875925925925927,3.1685185185185185,-2.6179938779914944,0.012696397569444386,0.012922211371527728,1.0,2.5,5.0,2.0
complex_room,3,6.72962962962963,4.042592592592593,1.0471975511965974,0.012700195312499949,0.012922211371527728,1.0,2.5,5.0,2.0
complex_room,3,4.974074074074075,0.7648148148148148,-1.3089969389957472,0.012702365451388833,0.012922211371527728,1.0,2.5,5.0,2.0
complex_room,3,4.388888888888889,0.7648148148148148,2.356194490192345,0.012703450520833276,0.012922211371527728,1.0,2.5,5.0,2.0
complex_room,3,2.77962962962963,2.6222222222222222,2.879793265790643,0.012706163194444398,0.012922211371527728,1.0,2.5,5.0,2.0
complex_room,3,7.314814814814816,3.9333333333333336,0.0,0.012710503472222174,0.012922211371527728,1.0,2.5,5.0,2.0
complex_room,3,6.72962962962963,3.3870370370370373,-2.8797932657906435,0.012711046006944384,0.012922211371527728,1.0,2.5,5.0,2.0
complex_room,3,2.1944444444444446,2.2944444444444447,2.617993877991494,0.012711046006944391,0.012922211371527728,1.0,2.5,5.0,2.0
complex_room,3,3.657407407407408,4.479629629629629,1.5707963267948966,0.0127110460069444,0.012922211371527728,1.0,2.5,5.0,2.0
complex_room,3,6.72962962962963,4.151851851851852,0.5235987755982987,0.012712131076388845,0.012922211371527728,1.0,2.5,5.0,2.0
complex_room,3,2.340740740740741,2.512962962962963,2.617993877991494,0.012713216145833286,0.012922211371527728,1.0,2.5,5.0,2.0
complex_room,3,2.340740740740741,2.185185185185185,-0.7853981633974483,0.012718098958333285,0.012922211371527728,1.0,2.5,5.0,2.0
complex_room,3,4.535185185185186,0.8740740740740741,2.356194490192345,0.012719726562499947,0.012922211371527728,1.0,2.5,5.0,2.0
complex_room,3,2.340740740740741,1.5296296296296297,-1.3089969389957472,0.012720269097222193,0.012922211371527728,1.0,2.5,5.0,2.0
complex_room,3,1.7555555555555558,2.075925925925926,2.617993877991494,0.01272189670138884,0.012922211371527728,1.0,2.5,5.0,2.0
complex_room,3,3.9500000000000006,0.5462962962962963,2.356194490192345,0.012724066840277722,0.012922211371527728,1.0,2.5,5.0,2.0
complex_room,3,1.9018518518518521,2.185185185185185,2.879793265790643,0.01272732204861107,0.012922211371527728,1.0,2.5,5.0,2.0
complex_room,3,6.875925925925927,3.6055555555555556,0.7853981633974478,0.012729492187499938,0.012922211371527728,1.0,2.5,5.0,2.0
complex_room,3,5.120370370370371,0.7648148148148148,-1.3089969389957472,0.012733289930555499,0.012922211371527728,1.0,2.5,5.0,2.0
complex_room,3,5.412962962962964,2.6222222222222222,-1.5707963267948966,0.012737087673611073,0.012922211371527728,1.0,2.5,5.0,2.0
complex_room,3,6.437037037037038,2.840740740740741,-2.8797932657906435,0.012749023437499953,0.012922211371527728,1.0,2.5,5.0,2.0
complex_room,3,2.0481481481481483,2.185185185185185,2.879793265790643,0.012750108506944404,0.012922211371527728,1.0,2.5,5.0,2.0
complex_room,3,4.0962962962962965,2.840740740740741,2.356194490192345,0.012756618923611069,0.012922211371527728,1.0,2.5,5.0,2.0
complex_room,3,7.314814814814816,3.6055555555555556,0.0,0.012759874131944397,0.012922211371527728,1.0,2.5,5.0,2.0
complex_room,3,6.72962962962963,3.8240740740740744,1.0471975511965974,0.012764214409722164,0.012922211371527728,1.0,2.5,5.0,2.0
complex_room,3,6.583333333333334,4.261111111111111,1.0471975511965974,0.012764756944444403,0.012922211371527728,1.0,2.5,5.0,2.0
complex_room,3,6.875925925925927,3.9333333333333336,0.26179938779914913,0.012766384548611058,0.012922211371527728,1.0,2.5,5.0,2.0
complex_room,3,6.437037037037038,3.277777777777778,-3.141592653589793,0.012768012152777723,0.012922211371527728,1.0,2.5,5.0,2.0
complex_room,3,2.340740740740741,2.2944444444444447,-0.7853981633974483,0.012771267361111064,0.012922211371527728,1.0,2.5,5.0,2.0
complex_room,3,1.0240740740740741,2.403703703703704,1.8325957145940457,0.012776150173611067,0.012922211371527728,1.0,2.5,5.0,2.0
complex_room,3,4.974074074074075,3.0592592592592593,-1.5707963267948966,0.012777777777777718,0.012922211371527728,1.0,2.5,5.0,2.0
complex_room,3,4.827777777777778,2.840740740740741,-1.5707963267948966,0.012780490451388841,0.012922211371527728,1.0,2.5,5.0,2.0
complex_room,3,2.9259259259259265,4.479629629629629,-1.0471975511965979,0.01278103298611106,0.012922211371527728,1.0,2.5,5.0,2.0
complex_room,3,0.8777777777777779,2.185185185185185,2.094395102393195,0.012785373263888856,0.012922211371527728,1.0,2.5,5.0,2.0
complex_room,3,2.340740740740741,5.025925925925926,1.8325957145940457,0.012787000868055488,0.012922211371527728,1.0,2.5,5.0,2.0
complex_room,3,7.314814814814816,4.151851851851852,0.0,0.012788085937499956,0.012922211371527728,1.0,2.5,5.0,2.0
complex_room,3,5.55925925925926,2.840740740740741,-1.5707963267948966,0.012795138888888846,0.012922211371527728,1.0,2.5,5.0,2.0
complex_room,3,1.4629629629629632,2.185185185185185,2.094395102393195,0.012795681423611063,0.012922211371527728,1.0,2.5,5.0,2.0
complex_room,3,1.0240740740740741,1.638888888888889,2.879793265790643,0.012796766493055507,0.012922211371527728,1.0,2.5,5.0,2.0
complex_room,3,4.0962962962962965,3.9333333333333336,-1.5707963267948966,0.01279676649305551,0.012922211371527728,1.0,2.5,5.0,2.0
complex_room,3,3.8037037037037043,4.261111111111111,-1.0471975511965979,0.012801649305555508,0.012922211371527728,1.0,2.5,5.0,2.0
complex_room,3,3.9500000000000006,4.479629629629629,1.8325957145940457,0.012805447048611055,0.012922211371527728,1.0,2.5,5.0,2.0
complex_room,3,2.0481481481481483,2.185185185185185,2.617993877991494,0.012806532118055504,0.012922211371527728,1.0,2.5,5.0,2.0
complex_room,3,2.0481481481481483,2.2944444444444447,2.879793265790643,0.01280653211805551,0.012922211371527728,1.0,2.5,5.0,2.0
complex_room,3,1.7555555555555558,2.185185185185185,2.617993877991494,0.01280707465277773,0.012922211371527728,1.0,2.5,5.0,2.0
complex_room,3,6.875925925925927,3.4962962962962965,0.5235987755982987,0.01281032986111105,0.012922211371527728,1.0,2.5,5.0,2.0
complex_room,3,7.168518518518519,3.4962962962962965,0.0,0.01281032986111106,0.012922211371527728,1.0,2.5,5.0,2.0
complex_room,3,6.290740740740741,3.1685185185185185,-2.8797932657906435,0.012811414930555508,0.012922211371527728,1.0,2.5,5.0,2.0
complex_room,3,6.72962962962963,3.0592592592592593,-2.6179938779914944,0.012812499999999947,0.012922211371527728,1.0,2.5,5.0,2.0
complex_room,3,3.657407407407408,0.7648148148148148,2.094395102393195,0.012813042534722183,0.012922211371527728,1.0,2.5,5.0,2.0
complex_room,3,6.875925925925927,4.042592592592593,0.26179938779914913,0.012813585069444395,0.012922211371527728,1.0,2.5,5.0,2.0
complex_room,3,2.4870370370370374,1.7481481481481482,-1.3089969389957472,0.012814127604166625,0.012922211371527728,1.0,2.5,5.0,2.0
complex_room,3,3.364814814814815,4.916666666666667,1.8325957145940457,0.012822808159722183,0.012922211371527728,1.0,2.5,5.0,2.0
complex_room,3,2.1944444444444446,5.025925925925926,2.356194490192345,0.012824435763888833,0.012922211371527728,1.0,2.5,5.0,2.0
complex_room,3,7.022222222222223,3.3870370370370373,0.26179938779914913,0.012828233506944385,0.012922211371527728,1.0,2.5,5.0,2.0
complex_room,3,2.340740740740741,1.8574074074074074,-1.3089969389957472,0.01282877604166662,0.012922211371527728,1.0,2.5,5.0,2.0
complex_room,3,3.657407407407408,4.479629629629629,-1.3089969389957472,0.012835286458333275,0.012922211371527728,1.0,2.5,5.0,2.0
complex_room,3,1.7555555555555558,1.9666666666666668,2.617993877991494,0.012837456597222172,0.012922211371527728,1.0,2.5,5.0,2.0
complex_room,3,2.0481481481481483,2.185185185185185,-0.7853981633974483,0.012837999131944392,0.012922211371527728,1.0,2.5,5.0,2.0
complex_room,3,6.583333333333334,3.1685185185185185,-2.6179938779914944,0.012847764756944388,0.012922211371527728,1.0,2.5,5.0,2.0
complex_room,3,1.6092592592592594,2.185185185185185,2.094395102393195,0.012849934895833283,0.012922211371527728,1.0,2.5,5.0,2.0
complex_room,3,2.4870370370370374,1.638888888888889,-1.3089969389957472,0.012849934895833297,0.012922211371527728,1.0,2.5,5.0,2.0
complex_room,3,0.8777777777777779,1.4203703703703705,2.879793265790643,0.012850477430555517,0.012922211371527728,1.0,2.5,5.0,2.0
complex_room,3,4.242592592592593,2.840740740740741,2.094395102393195,0.012854817708333289,0.012922211371527728,1.0,2.5,5.0,2.0
complex_room,3,6.875925925925927,3.3870370370370373,0.26179938779914913,0.012862955729166606,0.012922211371527728,1.0,2.5,5.0,2.0
complex_room,3,6.583333333333334,3.8240740740740744,0.5235987755982987,0.012864583333333283,0.012922211371527728,1.0,2.5,5.0,2.0
complex_room,3,2.77962962962963,1.638888888888889,-1.3089969389957472,0.012864583333333297,0.012922211371527728,1.0,2.5,5.0,2.0
complex_room,3,1.3166666666666669,1.7481481481481482,2.879793265790643,0.012866753472222178,0.012922211371527728,1.0,2.5,5.0,2.0
complex_room,3,3.8037037037037043,5.353703703703704,-0.7853981633974483,0.012868381076388853,0.012922211371527728,1.0,2.5,5.0,2.0
complex_room,3,6.290740740740741,2.840740740740741,2.879793265790643,0.012876519097222169,0.012922211371527728,1.0,2.5,5.0,2.0
complex_room,3,3.9500000000000006,3.9333333333333336,-1.3089969389957472,0.012883572048611076,0.012922211371527728,1.0,2.5,5.0,2.0
complex_room,3,7.022222222222223,3.6055555555555556,0.0,0.01288411458333328,0.012922211371527728,1.0,2.5,5.0,2.0
complex_room,3,6.875925925925927,4.261111111111111,0.7853981633974478,0.012884114583333288,0.012922211371527728,1.0,2.5,5.0,2.0
complex_room,3,4.0962962962962965,4.261111111111111,-1.3089969389957472,0.01288465711805551,0.012922211371527728,1.0,2.5,5.0,2.0
complex_room,3,1.4629629629629632,1.9666666666666668,2.879793265790643,0.012892252604166625,0.012922211371527728,1.0,2.5,5.0,2.0
complex_room,3,1.0240740740740741,2.075925925925926,2.094395102393195,0.012899848090277742,0.012922211371527728,1.0,2.5,5.0,2.0
complex_room,3,5.2666666666666675,0.7648148148148148,-1.3089969389957472,0.01290147569444439,0.012922211371527728,1.0,2.5,5.0,2.0
complex_room,3,3.0722222222222224,5.135185185185185,1.8325957145940457,0.01290473090277773,0.012922211371527728,1.0,2.5,5.0,2.0
complex_room,3,3.364814814814815,0.6555555555555556,2.094395102393195,0.012905815972222186,0.012922211371527728,1.0,2.5,5.0,2.0
complex_room,3,3.218518518518519,4.698148148148149,-1.3089969389957472,0.012907443576388823,0.012922211371527728,1.0,2.5,5.0,2.0
complex_room,3,6.437037037037038,3.3870370370370373,-2.8797932657906435,0.012907986111111054,0.012922211371527728,1.0,2.5,5.0,2.0
complex_room,3,1.1703703703703705,2.512962962962963,1.5707963267948966,0.01290852864583328,0.012922211371527728,1.0,2.5,5.0,2.0
complex_room,3,6.875925925925927,3.277777777777778,-2.6179938779914944,0.012910698784722162,0.012922211371527728,1.0,2.5,5.0,2.0
complex_room,3,2.340740740740741,2.403703703703704,-0.2617993877991496,0.012915581597222168,0.012922211371527728,1.0,2.5,5.0,2.0
complex_room,3,2.9259259259259265,2.185185185185185,-0.5235987755982991,0.012916124131944406,0.012922211371527728,1.0,2.5,5.0,2.0
complex_room,3,5.412962962962964,2.95,-1.5707963267948966,0.01291829427083329,0.012922211371527728,1.0,2.5,5.0,2.0
complex_room,3,6.875925925925927,3.9333333333333336,1.0471975511965974,0.012918836805555499,0.012922211371527728,1.0,2.5,5.0,2.0
complex_room,3,2.340740740740741,2.185185185185185,-0.5235987755982991,0.012922092013888838,0.012922211371527728,1.0,2.5,5.0,2.0
complex_room,4,6.875925925925927,3.0592592592592593,-2.356194490192345,9.223090277777773e-05,0.00555989040798611,1.0,6.8,3.0,-2.4
complex_room,4,6.72962962962963,3.0592592592592593,-2.356194490192345,0.00019531249999999993,0.00555989040798611,1.0,6.8,3.0,-2.4
complex_room,4,7.022222222222223,3.1685185185185185,-2.356194490192345,0.0007367621527777782,0.00555989040798611,1.0,6.8,3.0,-2.4
complex_room,4,6.72962962962963,2.840740740740741,-2.6179938779914944,0.0009054904513888869,0.00555989040798611,1.0,6.8,3.0,-2.4
complex_room,4,6.875925925925927,3.1685185185185185,-2.356194490192345,0.001284179687499997,0.00555989040798611,1.0,6.8,3.0,-2.4
complex_room,4,6.72962962962963,2.95,-2.356194490192345,0.0013910590277777738,0.00555989040798611,1.0,6.8,3.0,-2.4
complex_room,4,6.875925925925927,2.840740740740741,-2.6179938779914944,0.0013964843749999978,0.00555989040798611,1.0,6.8,3.0,-2.4
complex_room,4,6.875925925925927,2.95,-2.356194490192345,0.0014312065972222174,0.00555989040798611,1.0,6.8,3.0,-2.4
complex_room,4,6.875925925925927,3.3870370370370373,-2.0943951023931957,0.0015277777777777779,0.00555989040798611,1.0,6.8,3.0,-2.4
complex_room,4,7.168518518518519,3.1685185185185185,-2.356194490192345,0.0017995876736111127,0.00555989040798611,1.0,6.8,3.0,-2.4
complex_room,4,7.022222222222223,3.4962962962962965,-2.0943951023931957,0.0018321397569444455,0.00555989040798611,1.0,6.8,3.0,-2.4
complex_room,4,6.72962962962963,3.277777777777778,-2.0943951023931957,0.0018516710069444438,0.00555989040798611,1.0,6.8,3.0,-2.4
complex_room,4,6.583333333333334,2.7314814814814814,-2.6179938779914944,0.0018657769097222183,0.00555989040798611,1.0,6.8,3.0,-2.4
complex_room,4,6.875925925925927,3.277777777777778,-2.0943951023931957,0.0018842230902777757,0.00555989040798611,1.0,6.8,3.0,-2.4
complex_room,4,6.583333333333334,2.95,-2.356194490192345,0.0019173177083333303,0.00555989040798611,1.0,6.8,3.0,-2.4
complex_room,4,7.022222222222223,3.277777777777778,-2.356194490192345,0.0019297960069444414,0.00555989040798611,1.0,6.8,3.0,-2.4
complex_room,4,6.875925925925927,3.9333333333333336,0.7853981633974478,0.0019460720486111068,0.00555989040798611,1.0,6.8,3.0,-2.4
complex_room,4,7.022222222222223,3.0592592592592593,-2.356194490192345,0.001961263020833329,0.00555989040798611,1.0,6.8,3.0,-2.4
complex_room,4,6.72962962962963,2.7314814814814814,-2.6179938779914944,0.002028537326388884,0.00555989040798611,1.0,6.8,3.0,-2.4
complex_room,4,6.875925925925927,3.8240740740740744,0.7853981633974478,0.0020724826388888837,0.00555989040798611,1.0,6.8,3.0,-2.4
complex_room,4,6.72962962962963,3.9333333333333336,0.7853981633974478,0.002105034722222219,0.00555989040798611,1.0,6.8,3.0,-2.4
complex_room,4,6.72962962962963,3.1685185185185185,-2.356194490192345,0.00211534288194444,0.00555989040798611,1.0,6.8,3.0,-2.4
complex_room,4,6.875925925925927,3.277777777777778,-2.356194490192345,0.0021402994791666625,0.00555989040798611,1.0,6.8,3.0,-2.4
complex_room,4,6.72962962962963,3.714814814814815,1.0471975511965974,0.0021495225694444413,0.00555989040798611,1.0,6.8,3.0,-2.4
complex_room,4,6.72962962962963,3.8240740740740744,0.7853981633974478,0.002157118055555552,0.00555989040798611,1.0,6.8,3.0,-2.4
complex_room,4,6.875925925925927,4.042592592592593,0.7853981633974478,0.002160915798611106,0.00555989040798611,1.0,6.8,3.0,-2.4
complex_room,4,6.583333333333334,3.0592592592592593,-2.356194490192345,0.0021663411458333307,0.00555989040798611,1.0,6.8,3.0,-2.4
complex_room,4,6.437037037037038,2.7314814814814814,-2.6179938779914944,0.0021701388888888864,0.00555989040798611,1.0,6.8,3.0,-2.4
complex_room,4,6.875925925925927,3.714814814814815,0.7853981633974478,0.0021896701388888842,0.00555989040798611,1.0,6.8,3.0,-2.4
complex_room,4,7.022222222222223,3.3870370370370373,-2.0943951023931957,0.0021956380208333313,0.00555989040798611,1.0,6.8,3.0,-2.4
complex_room,4,6.583333333333334,2.840740740740741,-2.6179938779914944,0.0022303602430555503,0.00555989040798611,1.0,6.8,3.0,-2.4
complex_room,4,6.437037037037038,2.95,-2.356194490192345,0.0022401258680555566,0.00555989040798611,1.0,6.8,3.0,-2.4
complex_room,4,6.72962962962963,3.8240740740740744,1.0471975511965974,0.0022661675347222182,0.00555989040798611,1.0,6.8,3.0,-2.4
complex_room,4,6.72962962962963,4.042592592592593,0.7853981633974478,0.0022894965277777744,0.00555989040798611,1.0,6.8,3.0,-2.4
complex_room,4,6.72962962962963,3.714814814814815,0.7853981633974478,0.0022943793402777747,0.00555989040798611,1.0,6.8,3.0,-2.4
complex_room,4,6.72962962962963,3.1685185185185185,-2.0943951023931957,0.0022949218749999984,0.00555989040798611,1.0,6.8,3.0,-2.4
complex_room,4,6.72962962962963,3.9333333333333336,1.0471975511965974,0.0023008897569444403,0.00555989040798611,1.0,6.8,3.0,-2.4
complex_room,4,6.875925925925927,4.151851851851852,0.7853981633974478,0.002367621527777773,0.00555989040798611,1.0,6.8,3.0,-2.4
complex_room,4,7.022222222222223,2.840740740740741,-2.6179938779914944,0.002391493055555553,0.00555989040798611,1.0,6.8,3.0,-2.4
complex_room,4,6.875925925925927,3.1685185185185185,-2.0943951023931957,0.0024153645833333293,0.00555989040798611,1.0,6.8,3.0,-2.4
complex_room,4,6.72962962962963,3.6055555555555556,1.0471975511965974,0.0024283854166666638,0.00555989040798611,1.0,6.8,3.0,-2.4
complex_room,4,6.875925925925927,3.714814814814815,1.0471975511965974,0.0024891493055555513,0.00555989040798611,1.0,6.8,3.0,-2.4
complex_room,4,6.583333333333334,3.714814814814815,1.0471975511965974,0.002535264756944443,0.00555989040798611,1.0,6.8,3.0,-2.4
complex_room,4,6.875925925925927,2.95,-2.6179938779914944,0.0025396050347222163,0.00555989040798611,1.0,6.8,3.0,-2.4
complex_room,4,7.022222222222223,3.9333333333333336,0.7853981633974478,0.0025455729166666613,0.00555989040798611,1.0,6.8,3.0,-2.4
complex_room,4,6.875925925925927,3.9333333333333336,1.0471975511965974,0.002552083333333328,0.00555989040798611,1.0,6.8,3.0,-2.4
complex_room,4,6.72962962962963,3.6055555555555556,0.7853981633974478,0.0026123046874999972,0.00555989040798611,1.0,6.8,3.0,-2.4
complex_room,4,6.875925925925927,3.4962962962962965,-2.0943951023931957,0.002612847222222221,0.00555989040798611,1.0,6.8,3.0,-2.4
complex_room,4,6.875925925925927,3.8240740740740744,1.0471975511965974,0.0026285807291666612,0.00555989040798611,1.0,6.8,3.0,-2.4
complex_room,4,6.72962962962963,4.151851851851852,0.7853981633974478,0.002638888888888885,0.00555989040798611,1.0,6.8,3.0,-2.4
complex_room,4,7.168518518518519,3.3870370370370373,-2.0943951023931957,0.002644856770833332,0.00555989040798611,1.0,6.8,3.0,-2.4
complex_room,4,6.583333333333334,3.8240740740740744,1.0471975511965974,0.0026567925347222203,0.00555989040798611,1.0,6.8,3.0,-2.4
complex_room,4,6.583333333333334,3.9333333333333336,1.0471975511965974,0.0026665581597222206,0.00555989040798611,1.0,6.8,3.0,-2.4
complex_room,4,6.875925925925927,2.7314814814814814,-2.6179938779914944,0.002691514756944439,0.00555989040798611,1.0,6.8,3.0,-2.4
complex_room,4,7.022222222222223,3.277777777777778,-2.0943951023931957,0.002695312499999995,0.00555989040798611,1.0,6.8,3.0,-2.4
complex_room,4,6.583333333333334,3.6055555555555556,1.0471975511965974,0.0027229817708333322,0.00555989040798611,1.0,6.8,3.0,-2.4
complex_room,4,6.72962962962963,2.95,-2.6179938779914944,0.0027766927083333268,0.00555989040798611,1.0,6.8,3.0,-2.4
complex_room,4,6.72962962962963,3.277777777777778,-2.356194490192345,0.002784288194444441,0.00555989040798611,1.0,6.8,3.0,-2.4
complex_room,4,6.875925925925927,3.6055555555555556,0.7853981633974478,0.00278917100694444,0.00555989040798611,1.0,6.8,3.0,-2.4
complex_room,4,6.72962962962963,3.4962962962962965,1.0471975511965974,0.0028108723958333312,0.00555989040798611,1.0,6.8,3.0,-2.4
complex_room,4,6.437037037037038,2.840740740740741,-2.6179938779914944,0.002813042534722218,0.00555989040798611,1.0,6.8,3.0,-2.4
complex_room,4,6.72962962962963,4.042592592592593,1.0471975511965974,0.002816297743055551,0.00555989040798611,1.0,6.8,3.0,-2.4
complex_room,4,7.022222222222223,4.042592592592593,0.7853981633974478,0.0028206380208333267,0.00555989040798611,1.0,6.8,3.0,-2.4
complex_room,4,6.875925925925927,3.6055555555555556,1.0471975511965974,0.00282552083333333,0.00555989040798611,1.0,6.8,3.0,-2.4
complex_room,4,7.168518518518519,3.277777777777778,-2.356194490192345,0.0028396267361111096,0.00555989040798611,1.0,6.8,3.0,-2.4
complex_room,4,7.022222222222223,3.3870370370370373,-2.356194490192345,0.0028445095486111078,0.00555989040798611,1.0,6.8,3.0,-2.4
complex_room,4,6.875925925925927,3.8240740740740744,0.5235987755982987,0.002879774305555553,0.00555989040798611,1.0,6.8,3.0,-2.4
complex_room,4,7.168518518518519,3.6055555555555556,-2.0943951023931957,0.002883029513888891,0.00555989040798611,1.0,6.8,3.0,-2.4
complex_room,4,6.583333333333334,3.1685185185185185,-2.0943951023931957,0.0029052734374999992,0.00555989040798611,1.0,6.8,3.0,-2.4
complex_room,4,7.022222222222223,4.151851851851852,0.7853981633974478,0.002917209201388883,0.00555989040798611,1.0,6.8,3.0,-2.4
complex_room,4,6.875925925925927,3.3870370370370373,-2.356194490192345,0.002928602430555552,0.00555989040798611,1.0,6.8,3.0,-2.4
complex_room,4,6.875925925925927,3.714814814814815,0.5235987755982987,0.0029372829861111084,0.00555989040798611,1.0,6.8,3.0,-2.4
complex_room,4,6.72962962962963,3.3870370370370373,-2.0943951023931957,0.002957356770833331,0.00555989040798611,1.0,6.8,3.0,-2.4
complex_room,4,7.022222222222223,3.8240740740740744,0.5235987755982987,0.0029720052083333295,0.00555989040798611,1.0,6.8,3.0,-2.4
complex_room,4,6.583333333333334,3.8240740740740744,0.7853981633974478,0.002987738715277776,0.00555989040798611,1.0,6.8,3.0,-2.4
complex_room,4,7.022222222222223,3.9333333333333336,0.5235987755982987,0.0029888237847222185,0.00555989040798611,1.0,6.8,3.0,-2.4
complex_room,4,6.583333333333334,2.95,-2.6179938779914944,0.0030002170138888834,0.00555989040798611,1.0,6.8,3.0,-2.4
complex_room,4,6.875925925925927,4.261111111111111,0.7853981633974478,0.0030002170138888834,0.00555989040798611,1.0,6.8,3.0,-2.4
complex_room,4,7.022222222222223,3.714814814814815,0.5235987755982987,0.0030078124999999966,0.00555989040798611,1.0,6.8,3.0,-2.4
complex_room,4,6.72962962962963,4.151851851851852,1.0471975511965974,0.003015950520833329,0.00555989040798611,1.0,6.8,3.0,-2.4
complex_room,4,6.875925925925927,4.042592592592593,1.0471975511965974,0.003032769097222216,0.00555989040798611,1.0,6.8,3.0,-2.4
complex_room,4,6.583333333333334,3.4962962962962965,1.0471975511965974,0.00304958767361111,0.00555989040798611,1.0,6.8,3.0,-2.4
complex_room,4,7.022222222222223,3.714814814814815,0.7853981633974478,0.0030582682291666607,0.00555989040798611,1.0,6.8,3.0,-2.4
complex_room,4,6.72962962962963,3.6055555555555556,1.3089969389957465,0.0030691189236111095,0.00555989040798611,1.0,6.8,3.0,-2.4
complex_room,4,6.875925925925927,3.6055555555555556,0.5235987755982987,0.003077256944444442,0.00555989040798611,1.0,6.8,3.0,-2.4
complex_room,4,6.875925925925927,3.9333333333333336,0.5235987755982987,0.0030821397569444414,0.00555989040798611,1.0,6.8,3.0,-2.4
complex_room,4,7.022222222222223,3.6055555555555556,-2.0943951023931957,0.003084309895833333,0.00555989040798611,1.0,6.8,3.0,-2.4
complex_room,4,6.72962962962963,3.714814814814815,1.3089969389957465,0.003092990451388887,0.00555989040798611,1.0,6.8,3.0,-2.4
complex_room,4,6.583333333333334,3.9333333333333336,0.7853981633974478,0.003098958333333332,0.00555989040798611,1.0,6.8,3.0,-2.4
complex_room,4,6.583333333333334,4.042592592592593,1.0471975511965974,0.003117947048611109,0.00555989040798611,1.0,6.8,3.0,-2.4
complex_room,4,6.583333333333334,2.840740740740741,-2.356194490192345,0.003122829861111105,0.00555989040798611,1.0,6.8,3.0,-2.4
complex_room,4,7.168518518518519,3.277777777777778,-2.0943951023931957,0.003124999999999996,0.00555989040798611,1.0,6.8,3.0,-2.4
complex_room,4,6.583333333333334,3.714814814814815,0.7853981633974478,0.003135850694444443,0.00555989040798611,1.0,6.8,3.0,-2.4
complex_room,4,7.022222222222223,3.8240740740740744,0.7853981633974478,0.003144531249999993,0.00555989040798611,1.0,6.8,3.0,-2.4
complex_room,4,7.168518518518519,3.4962962962962965,-2.0943951023931957,0.003145616319444444,0.00555989040798611,1.0,6.8,3.0,-2.4
complex_room,4,6.290740740740741,2.7314814814814814,-2.6179938779914944,0.0031776258680555544,0.00555989040798611,1.0,6.8,3.0,-2.4
complex_room,4,6.72962962962963,3.0592592592592593,-2.6179938779914944,0.0031781684027777715,0.00555989040798611,1.0,6.8,3.0,-2.4
complex_room,4,6.72962962962963,3.4962962962962965,1.3089969389957465,0.003179796006944443,0.00555989040798611,1.0,6.8,3.0,-2.4
complex_room,4,7.168518518518519,3.0592592592592593,-2.356194490192345,0.0032096354166666623,0.00555989040798611,1.0,6.8,3.0,-2.4
complex_room,4,6.875925925925927,3.0592592592592593,-2.0943951023931957,0.003218858506944438,0.00555989040798611,1.0,6.8,3.0,-2.4
complex_room,4,6.72962962962963,3.4962962962962965,0.7853981633974478,0.003222113715277775,0.00555989040798611,1.0,6.8,3.0,-2.4
complex_room,4,7.022222222222223,4.042592592592593,0.5235987755982987,0.0032269965277777735,0.00555989040798611,1.0,6.8,3.0,-2.4
complex_room,4,6.875925925925927,3.6055555555555556,-2.0943951023931957,0.0032378472222222214,0.00555989040798611,1.0,6.8,3.0,-2.4
complex_room,4,6.875925925925927,3.0592592592592593,-2.6179938779914944,0.003255208333333327,0.00555989040798611,1.0,6.8,3.0,-2.4
complex_room,4,6.72962962962963,4.261111111111111,0.7853981633974478,0.0032666015624999954,0.00555989040798611,1.0,6.8,3.0,-2.4
complex_room,4,6.875925925925927,3.714814814814815,1.3089969389957465,0.0032779947916666643,0.00555989040798611,1.0,6.8,3.0,-2.4
complex_room,4,6.583333333333334,4.042592592592593,0.7853981633974478,0.0032931857638888867,0.00555989040798611,1.0,6.8,3.0,-2.4
complex_room,4,6.875925925925927,4.042592592592593,0.5235987755982987,0.0032937282986111073,0.00555989040798611,1.0,6.8,3.0,-2.4
complex_room,4,7.022222222222223,2.95,-2.356194490192345,0.0032980685763888797,0.00555989040798611,1.0,6.8,3.0,-2.4
complex_room,4,6.875925925925927,3.4962962962962965,1.0471975511965974,0.0033148871527777742,0.00555989040798611,1.0,6.8,3.0,-2.4
complex_room,4,6.875925925925927,4.151851851851852,1.0471975511965974,0.003333333333333327,0.00555989040798611,1.0,6.8,3.0,-2.4
complex_room,4,6.875925925925927,3.4962962962962965,0.7853981633974478,0.0033447265624999955,0.00555989040798611,1.0,6.8,3.0,-2.4
complex_room,4,6.583333333333334,3.6055555555555556,0.7853981633974478,0.0033490668402777774,0.00555989040798611,1.0,6.8,3.0,-2.4
complex_room,4,7.022222222222223,3.6055555555555556,0.5235987755982987,0.0033582899305555514,0.00555989040798611,1.0,6.8,3.0,-2.4
complex_room,4,6.72962962962963,3.1685185185185185,-2.6179938779914944,0.003375651041666663,0.00555989040798611,1.0,6.8,3.0,-2.4
complex_room,4,7.022222222222223,2.95,-2.6179938779914944,0.0034000651041666604,0.00555989040798611,1.0,6.8,3.0,-2.4
complex_room,4,7.168518518518519,3.3870370370370373,-2.356194490192345,0.0034000651041666647,0.00555989040798611,1.0,6.8,3.0,-2.4
complex_room,4,6.875925925925927,3.6055555555555556,1.3089969389957465,0.003406575520833331,0.00555989040798611,1.0,6.8,3.0,-2.4
complex_room,4,6.875925925925927,3.6055555555555556,-1.8325957145940461,0.0034065755208333337,0.00555989040798611,1.0,6.8,3.0,-2.4
complex_room,4,6.583333333333334,3.6055555555555556,1.3089969389957465,0.003410373263888889,0.00555989040798611,1.0,6.8,3.0,-2.4
complex_room,4,6.72962962962963,3.3870370370370373,1.0471975511965974,0.0034109157986111096,0.00555989040798611,1.0,6.8,3.0,-2.4
complex_room,4,6.583333333333334,3.714814814814815,1.3089969389957465,0.0034217664930555544,0.00555989040798611,1.0,6.8,3.0,-2.4
complex_room,4,6.583333333333334,3.3870370370370373,1.0471975511965974,0.0034282769097222217,0.00555989040798611,1.0,6.8,3.0,-2.4
complex_room,4,6.875925925925927,3.1685185185185185,-2.6179938779914944,0.0034331597222222177,0.00555989040798611,1.0,6.8,3.0,-2.4
complex_room,4,6.72962962962963,3.3870370370370373,-2.356194490192345,0.003442382812499997,0.00555989040798611,1.0,6.8,3.0,-2.4
complex_room,4,6.583333333333334,3.1685185185185185,-2.356194490192345,0.0034711371527777744,0.00555989040798611,1.0,6.8,3.0,-2.4
complex_room,4,7.022222222222223,3.9333333333333336,1.0471975511965974,0.003472222222222216,0.00555989040798611,1.0,6.8,3.0,-2.4
complex_room,4,6.875925925925927,3.4962962962962965,0.5235987755982987,0.0034776475694444416,0.00555989040798611,1.0,6.8,3.0,-2.4
complex_room,4,6.583333333333334,3.3870370370370373,1.3089969389957465,0.0034792751736111116,0.00555989040798611,1.0,6.8,3.0,-2.4
complex_room,4,6.72962962962963,3.3870370370370373,1.3089969389957465,0.0034890407986111105,0.00555989040798611,1.0,6.8,3.0,-2.4
complex_room,4,7.022222222222223,3.714814814814815,1.0471975511965974,0.0034895833333333285,0.00555989040798611,1.0,6.8,3.0,-2.4
complex_room,4,6.875925925925927,3.4962962962962965,-1.8325957145940461,0.003493381076388888,0.00555989040798611,1.0,6.8,3.0,-2.4
complex_room,4,6.583333333333334,3.4962962962962965,1.3089969389957465,0.0034939236111111113,0.00555989040798611,1.0,6.8,3.0,-2.4
complex_room,4,6.72962962962963,3.8240740740740744,0.5235987755982987,0.0034982638888888867,0.00555989040798611,1.0,6.8,3.0,-2.4
complex_room,4,6.72962962962963,3.8240740740740744,1.3089969389957465,0.0034998914930555536,0.00555989040798611,1.0,6.8,3.0,-2.4
complex_room,4,6.72962962962963,3.6055555555555556,0.5235987755982987,0.0035167100694444434,0.00555989040798611,1.0,6.8,3.0,-2.4
complex_room,4,7.022222222222223,3.6055555555555556,0.7853981633974478,0.003523763020833328,0.00555989040798611,1.0,6.8,3.0,-2.4
complex_room,4,7.168518518518519,3.8240740740740744,0.5235987755982987,0.0035340711805555516,0.00555989040798611,1.0,6.8,3.0,-2.4
complex_room,4,6.72962962962963,3.714814814814815,0.5235987755982987,0.00355034722222222,0.00555989040798611,1.0,6.8,3.0,-2.4
complex_room,4,7.022222222222223,3.1685185185185185,-2.0943951023931957,0.0035584852430555463,0.00555989040798611,1.0,6.8,3.0,-2.4
complex_room,4,7.022222222222223,3.4962962962962965,-2.356194490192345,0.0035633680555555527,0.00555989040798611,1.0,6.8,3.0,-2.4
complex_room,4,7.022222222222223,4.261111111111111,0.7853981633974478,0.003567708333333326,0.00555989040798611,1.0,6.8,3.0,-2.4
complex_room,4,7.022222222222223,4.151851851851852,0.5235987755982987,0.003582356770833328,0.00555989040798611,1.0,6.8,3.0,-2.4
complex_room,4,6.437037037037038,3.714814814814815,1.0471975511965974,0.003585611979166667,0.00555989040798611,1.0,6.8,3.0,-2.4
complex_room,4,6.875925925925927,3.4962962962962965,-2.356194490192345,0.003586697048611109,0.00555989040798611,1.0,6.8,3.0,-2.4
complex_room,4,6.875925925925927,3.4962962962962965,1.3089969389957465,0.003612196180555554,0.00555989040798611,1.0,6.8,3.0,-2.4
complex_room,4,7.168518518518519,3.9333333333333336,0.5235987755982987,0.003617078993055551,0.00555989040798611,1.0,6.8,3.0,-2.4
complex_room,4,6.583333333333334,3.0592592592592593,-2.6179938779914944,0.003627387152777774,0.00555989040798611,1.0,6.8,3.0,-2.4
complex_room,4,6.72962962962963,2.840740740740741,-2.356194490192345,0.0036382378472222116,0.00555989040798611,1.0,6.8,3.0,-2.4
complex_room,4,7.022222222222223,3.6055555555555556,-1.8325957145940461,0.0036512586805555547,0.00555989040798611,1.0,6.8,3.0,-2.4
complex_room,4,6.583333333333334,4.151851851851852,0.7853981633974478,0.0036599392361111086,0.00555989040798611,1.0,6.8,3.0,-2.4
complex_room,4,6.437037037037038,3.8240740740740744,1.0471975511965974,0.0036767578125000006,0.00555989040798611,1.0,6.8,3.0,-2.4
complex_room,4,7.022222222222223,3.8240740740740744,1.0471975511965974,0.003681098090277771,0.00555989040798611,1.0,6.8,3.0,-2.4
complex_room,4,6.72962962962963,3.9333333333333336,0.5235987755982987,0.0036810980902777742,0.00555989040798611,1.0,6.8,3.0,-2.4
complex_room,4,7.168518518518519,4.042592592592593,0.5235987755982987,0.003682183159722218,0.00555989040798611,1.0,6.8,3.0,-2.4
complex_room,4,6.875925925925927,3.3870370370370373,-1.8325957145940461,0.003688693576388887,0.00555989040798611,1.0,6.8,3.0,-2.4
complex_room,4,6.875925925925927,4.151851851851852,0.5235987755982987,0.0036935763888888843,0.00555989040798611,1.0,6.8,3.0,-2.4
complex_room,4,6.437037037037038,3.6055555555555556,1.0471975511965974,0.0036946614583333345,0.00555989040798611,1.0,6.8,3.0,-2.4
complex_room,4,6.72962962962963,3.277777777777778,-2.6179938779914944,0.0036979166666666636,0.00555989040798611,1.0,6.8,3.0,-2.4
complex_room,4,7.168518518518519,4.042592592592593,0.7853981633974478,0.0037141927083333276,0.00555989040798611,1.0,6.8,3.0,-2.4
complex_room,4,6.875925925925927,3.277777777777778,-2.6179938779914944,0.0037223307291666635,0.00555989040798611,1.0,6.8,3.0,-2.4
complex_room,4,6.72962962962963,3.9333333333333336,1.3089969389957465,0.0037234157986111077,0.00555989040798611,1.0,6.8,3.0,-2.4
complex_room,4,6.583333333333334,3.4962962962962965,0.7853981633974478,0.0037250434027777776,0.00555989040798611,1.0,6.8,3.0,-2.4
complex_room,4,6.72962962962963,3.6055555555555556,-1.8325957145940461,0.0037603081597222237,0.00555989040798611,1.0,6.8,3.0,-2.4
complex_room,4,6.72962962962963,3.4962962962962965,0.5235987755982987,0.0037624782986111095,0.00555989040798611,1.0,6.8,3.0,-2.4
complex_room,4,6.72962962962963,3.4962962962962965,-2.0943951023931957,0.00376247829861111,0.00555989040798611,1.0,6.8,3.0,-2.4
complex_room,4,6.583333333333334,3.8240740740740744,1.3089969389957465,0.0037722439236111097,0.00555989040798611,1.0,6.8,3.0,-2.4
complex_room,4,6.875925925925927,2.840740740740741,-2.356194490192345,0.00377495659722221,0.00555989040798611,1.0,6.8,3.0,-2.4
complex_room,4,6.875925925925927,3.8240740740740744,1.3089969389957465,0.003778754340277775,0.00555989040798611,1.0,6.8,3.0,-2.4
complex_room,4,7.314814814814816,3.277777777777778,-2.356194490192345,0.0037803819444444478,0.00555989040798611,1.0,6.8,3.0,-2.4
complex_room,4,7.022222222222223,3.4962962962962965,-1.8325957145940461,0.0037923177083333307,0.00555989040798611,1.0,6.8,3.0,-2.4
complex_room,4,7.168518518518519,3.714814814814815,0.5235987755982987,0.0038161892361111066,0.00555989040798611,1.0,6.8,3.0,-2.4
complex_room,4,6.72962962962963,3.4962962962962965,-1.8325957145940461,0.0038167317708333345,0.00555989040798611,1.0,6.8,3.0,-2.4
complex_room,4,6.583333333333334,4.151851851851852,1.0471975511965974,0.0038210720486111078,0.00555989040798611,1.0,6.8,3.0,-2.4
complex_room,4,6.72962962962963,3.3870370370370373,0.7853981633974478,0.0038243272569444425,0.00555989040798611,1.0,6.8,3.0,-2.4
complex_room,4,7.022222222222223,3.714814814814815,-2.0943951023931957,0.0038395182291666666,0.00555989040798611,1.0,6.8,3.0,-2.4
complex_room,4,6.72962962962963,3.0592592592592593,-2.0943951023931957,0.0038444010416666613,0.00555989040798611,1.0,6.8,3.0,-2.4
complex_room,4,7.022222222222223,2.7314814814814814,-2.6179938779914944,0.003852539062499994,0.00555989040798611,1.0,6.8,3.0,-2.4
complex_room,4,6.583333333333334,3.277777777777778,-2.0943951023931957,0.003868272569444443,0.00555989040798611,1.0,6.8,3.0,-2.4
complex_room,4,7.168518518518519,2.840740740740741,-2.6179938779914944,0.0038818359374999984,0.00555989040798611,1.0,6.8,3.0,-2.4
complex_room,4,7.022222222222223,3.4962962962962965,0.5235987755982987,0.003889431423611107,0.00555989040798611,1.0,6.8,3.0,-2.4
complex_room,4,6.875925925925927,4.37037037037037,0.7853981633974478,0.0039029947916666605,0.00555989040798611,1.0,6.8,3.0,-2.4
complex_room,4,6.72962962962963,4.042592592592593,0.5235987755982987,0.003906792534722219,0.00555989040798611,1.0,6.8,3.0,-2.4
complex_room,4,6.437037037037038,3.4962962962962965,1.0471975511965974,0.003910047743055557,0.00555989040798611,1.0,6.8,3.0,-2.4
complex_room,4,7.022222222222223,3.6055555555555556,1.0471975511965974,0.003913302951388884,0.00555989040798611,1.0,6.8,3.0,-2.4
complex_room,4,6.583333333333334,3.0592592592592593,-2.0943951023931957,0.003922526041666664,0.00555989040798611,1.0,6.8,3.0,-2.4
complex_room,4,6.72962962962963,3.277777777777778,1.3089969389957465,0.0039241536458333335,0.00555989040798611,1.0,6.8,3.0,-2.4
complex_room,4,6.72962962962963,4.261111111111111,1.0471975511965974,0.003927951388888883,0.00555989040798611,1.0,6.8,3.0,-2.4
complex_room,4,6.875925925925927,3.714814814814815,-1.8325957145940461,0.003945312500000001,0.00555989040798611,1.0,6.8,3.0,-2.4
complex_room,4,6.583333333333334,3.1685185185185185,-2.6179938779914944,0.003950195312499997,0.00555989040798611,1.0,6.8,3.0,-2.4
complex_room,4,6.437037037037038,3.9333333333333336,1.0471975511965974,0.003957790798611112,0.00555989040798611,1.0,6.8,3.0,-2.4
complex_room,4,7.022222222222223,3.0592592592592593,-2.6179938779914944,0.003963758680555548,0.00555989040798611,1.0,6.8,3.0,-2.4
complex_room,4,7.168518518518519,3.1685185185185185,-2.0943951023931957,0.00396918402777777,0.00555989040798611,1.0,6.8,3.0,-2.4
complex_room,4,6.875925925925927,3.9333333333333336,1.3089969389957465,0.003969726562499997,0.00555989040798611,1.0,6.8,3.0,-2.4
complex_room,4,7.022222222222223,4.042592592592593,1.0471975511965974,0.003979492187499992,0.00555989040798611,1.0,6.8,3.0,-2.4
complex_room,4,6.583333333333334,3.277777777777778,1.3089969389957465,0.003981119791666668,0.00555989040798611,1.0,6.8,3.0,-2.4
complex_room,4,6.583333333333334,3.9333333333333336,1.3089969389957465,0.0039930555555555535,0.00555989040798611,1.0,6.8,3.0,-2.4
complex_room,4,6.875925925925927,3.8240740740740744,-1.8325957145940461,0.003993598090277781,0.00555989040798611,1.0,6.8,3.0,-2.4
complex_room,4,6.875925925925927,3.3870370370370373,1.0471975511965974,0.0040147569444444415,0.00555989040798611,1.0,6.8,3.0,-2.4
complex_room,4,6.875925925925927,3.3870370370370373,1.3089969389957465,0.0040169270833333316,0.00555989040798611,1.0,6.8,3.0,-2.4
complex_room,4,7.168518518518519,3.8240740740740744,0.7853981633974478,0.00402506510416666,0.00555989040798611,1.0,6.8,3.0,-2.4
complex_room,4,6.583333333333334,3.277777777777778,-2.356194490192345,0.004030490451388887,0.00555989040798611,1.0,6.8,3.0,-2.4
complex_room,4,6.72962962962963,3.3870370370370373,-1.8325957145940461,0.004040798611111111,0.00555989040798611,1.0,6.8,3.0,-2.4
complex_room,4,7.168518518518519,4.151851851851852,0.5235987755982987,0.004047851562499994,0.00555989040798611,1.0,6.8,3.0,-2.4
complex_room,4,6.437037037037038,2.6222222222222222,-2.8797932657906435,0.004059787326388874,0.00555989040798611,1.0,6.8,3.0,-2.4
complex_room,4,7.022222222222223,3.3870370370370373,-1.8325957145940461,0.004061414930555552,0.00555989040798611,1.0,6.8,3.0,-2.4
complex_room,4,6.72962962962963,3.4962962962962965,-2.356194490192345,0.004064127604166665,0.00555989040798611,1.0,6.8,3.0,-2.4
complex_room,4,6.875925925925927,3.3870370370370373,0.5235987755982987,0.004071180555555554,0.00555989040798611,1.0,6.8,3.0,-2.4
complex_room,4,6.875925925925927,3.3870370370370373,-2.6179938779914944,0.004076605902777776,0.00555989040798611,1.0,6.8,3.0,-2.4
complex_room,4,6.72962962962963,3.3870370370370373,-2.6179938779914944,0.004089626736111109,0.00555989040798611,1.0,6.8,3.0,-2.4
complex_room,4,6.437037037037038,2.840740740740741,-2.356194490192345,0.004096137152777774,0.00555989040798611,1.0,6.8,3.0,-2.4
complex_room,4,6.875925925925927,3.277777777777778,-1.8325957145940461,0.004096679687499998,0.00555989040798611,1.0,6.8,3.0,-2.4
complex_room,4,6.875925925925927,1.0925925925925926,-0.5235987755982991,0.0041004774305555495,0.00555989040798611,1.0,6.8,3.0,-2.4
complex_room,4,6.875925925925927,3.3870370370370373,0.7853981633974478,0.004113498263888886,0.00555989040798611,1.0,6.8,3.0,-2.4
complex_room,4,7.022222222222223,4.151851851851852,1.0471975511965974,0.004115668402777771,0.00555989040798611,1.0,6.8,3.0,-2.4
complex_room,4,7.022222222222223,4.37037037037037,0.7853981633974478,0.004125976562499994,0.00555989040798611,1.0,6.8,3.0,-2.4
complex_room,4,7.168518518518519,4.151851851851852,0.7853981633974478,0.00413736979166666,0.00555989040798611,1.0,6.8,3.0,-2.4
complex_room,4,6.72962962962963,3.277777777777778,1.0471975511965974,0.0041525607638888875,0.00555989040798611,1.0,6.8,3.0,-2.4
complex_room,4,6.72962962962963,4.37037037037037,0.7853981633974478,0.004157986111111106,0.00555989040798611,1.0,6.8,3.0,-2.4
complex_room,4,6.72962962962963,3.3870370370370373,0.5235987755982987,0.004158528645833332,0.00555989040798611,1.0,6.8,3.0,-2.4
complex_room,4,7.022222222222223,4.261111111111111,0.5235987755982987,0.00416178385416666,0.00555989040798611,1.0,6.8,3.0,-2.4
complex_room,4,7.168518518518519,3.714814814814815,-2.0943951023931957,0.004161783854166667,0.00555989040798611,1.0,6.8,3.0,-2.4
complex_room,4,7.168518518518519,3.3870370370370373,-1.8325957145940461,0.004170464409722218,0.00555989040798611,1.0,6.8,3.0,-2.4
complex_room,4,6.72962962962963,1.0925925925925926,-0.5235987755982991,0.0041720920138888845,0.00555989040798611,1.0,6.8,3.0,-2.4
complex_room,4,6.72962962962963,3.714814814814815,-1.8325957145940461,0.004178602430555557,0.00555989040798611,1.0,6.8,3.0,-2.4
complex_room,4,7.022222222222223,3.714814814814815,0.26179938779914913,0.004184570312499998,0.00555989040798611,1.0,6.8,3.0,-2.4
complex_room,4,7.314814814814816,3.4962962962962965,-2.0943951023931957,0.004186740451388889,0.00555989040798611,1.0,6.8,3.0,-2.4
complex_room,4,7.022222222222223,3.6055555555555556,0.26179938779914913,0.004208984374999998,0.00555989040798611,1.0,6.8,3.0,-2.4
complex_room,4,6.583333333333334,3.277777777777778,1.0471975511965974,0.004212239583333334,0.00555989040798611,1.0,6.8,3.0,-2.4
complex_room,4,7.022222222222223,3.4962962962962965,0.7853981633974478,0.0042160373263888835,0.00555989040798611,1.0,6.8,3.0,-2.4
complex_room,4,6.437037037037038,2.95,-2.6179938779914944,0.004220920138888885,0.00555989040798611,1.0,6.8,3.0,-2.4
complex_room,4,7.022222222222223,3.1685185185185185,-2.6179938779914944,0.004223632812499993,0.00555989040798611,1.0,6.8,3.0,-2.4
complex_room,4,7.168518518518519,3.4962962962962965,-2.356194490192345,0.004234483506944442,0.00555989040798611,1.0,6.8,3.0,-2.4
complex_room,4,6.583333333333334,3.3870370370370373,0.7853981633974478,0.004258897569444444,0.00555989040798611,1.0,6.8,3.0,-2.4
complex_room,4,6.875925925925927,2.95,-2.0943951023931957,0.0042594401041666586,0.00555989040798611,1.0,6.8,3.0,-2.4
complex_room,4,7.022222222222223,3.714814814814815,1.3089969389957465,0.004263780381944441,0.00555989040798611,1.0,6.8,3.0,-2.4
complex_room,4,6.437037037037038,3.4962962962962965,1.3089969389957465,0.004265950520833335,0.00555989040798611,1.0,6.8,3.0,-2.4
complex_room,4,7.168518518518519,3.9333333333333336,0.7853981633974478,0.004266493055555547,0.00555989040798611,1.0,6.8,3.0,-2.4
complex_room,4,6.72962962962963,3.6055555555555556,1.5707963267948966,0.004268663194444444,0.00555989040798611,1.0,6.8,3.0,-2.4
complex_room,4,7.022222222222223,3.4962962962962965,0.26179938779914913,0.00427517361111111,0.00555989040798611,1.0,6.8,3.0,-2.4
complex_room,4,7.022222222222223,3.714814814814815,-1.8325957145940461,0.004276801215277777,0.00555989040798611,1.0,6.8,3.0,-2.4
complex_room,4,6.72962962962963,3.4962962962962965,1.5707963267948966,0.004289279513888888,0.00555989040798611,1.0,6.8,3.0,-2.4
complex_room,4,6.875925925925927,4.261111111111111,0.5235987755982987,0.00429090711805555,0.00555989040798611,1.0,6.8,3.0,-2.4
complex_room,4,7.022222222222223,3.3870370370370373,0.5235987755982987,0.0042914496527777755,0.00555989040798611,1.0,6.8,3.0,-2.4
complex_room,4,6.875925925925927,4.261111111111111,1.0471975511965974,0.004301757812499992,0.00555989040798611,1.0,6.8,3.0,-2.4
complex_room,4,6.437037037037038,3.6055555555555556,1.3089969389957465,0.004304470486111112,0.00555989040798611,1.0,6.8,3.0,-2.4
complex_room,4,6.583333333333334,3.277777777777778,-2.6179938779914944,0.004306098090277775,0.00555989040798611,1.0,6.8,3.0,-2.4
complex_room,4,6.72962962962963,3.277777777777778,-1.8325957145940461,0.0043115234375,0.00555989040798611,1.0,6.8,3.0,-2.4
complex_room,4,6.437037037037038,0.9833333333333334,2.356194490192345,0.00431694878472222,0.00555989040798611,1.0,6.8,3.0,-2.4
complex_room,4,7.022222222222223,3.8240740740740744,0.26179938779914913,0.00431966145833333,0.00555989040798611,1.0,6.8,3.0,-2.4
complex_room,4,6.437037037037038,3.714814814814815,1.3089969389957465,0.004320746527777778,0.00555989040798611,1.0,6.8,3.0,-2.4
complex_room,4,6.290740740740741,0.9833333333333334,2.356194490192345,0.004323459201388887,0.00555989040798611,1.0,6.8,3.0,-2.4
complex_room,4,6.437037037037038,3.3870370370370373,1.0471975511965974,0.004326714409722224,0.00555989040798611,1.0,6.8,3.0,-2.4
complex_room,4,7.168518518518519,3.6055555555555556,0.5235987755982987,0.0043277994791666614,0.00555989040798611,1.0,6.8,3.0,-2.4
complex_room,4,7.022222222222223,3.8240740740740744,-1.8325957145940461,0.004329969618055558,0.00555989040798611,1.0,6.8,3.0,-2.4
complex_room,4,6.72962962962963,4.151851851851852,0.5235987755982987,0.004338650173611107,0.00555989040798611,1.0,6.8,3.0,-2.4
complex_room,4,6.583333333333334,3.3870370370370373,1.5707963267948966,0.004344075520833334,0.00555989040798611,1.0,6.8,3.0,-2.4
complex_room,4,6.875925925925927,0.9833333333333334,-0.7853981633974483,0.004345160590277772,0.00555989040798611,1.0,6.8,3.0,-2.4
complex_room,4,7.168518518518519,3.714814814814815,0.7853981633974478,0.004356011284722215,0.00555989040798611,1.0,6.8,3.0,-2.4
complex_room,4,6.875925925925927,3.714814814814815,-2.0943951023931957,0.004356553819444444,0.00555989040798611,1.0,6.8,3.0,-2.4
complex_room,4,6.72962962962963,3.714814814814815,1.5707963267948966,0.004363606770833332,0.00555989040798611,1.0,6.8,3.0,-2.4
complex_room,4,6.72962962962963,4.042592592592593,1.3089969389957465,0.004370659722222218,0.00555989040798611,1.0,6.8,3.0,-2.4
complex_room,4,6.583333333333334,4.261111111111111,0.7853981633974478,0.004378797743055553,0.00555989040798611,1.0,6.8,3.0,-2.4
complex_room,4,6.583333333333334,3.4962962962962965,1.5707963267948966,0.0043820529513888895,0.00555989040798611,1.0,6.8,3.0,-2.4
complex_room,4,6.583333333333334,3.6055555555555556,1.5707963267948966,0.004386393229166667,0.00555989040798611,1.0,6.8,3.0,-2.4
complex_room,4,6.875925925925927,3.6055555555555556,0.26179938779914913,0.004388020833333333,0.00555989040798611,1.0,6.8,3.0,-2.4
complex_room,4,7.168518518518519,4.261111111111111,0.7853981633974478,0.004402669270833327,0.00555989040798611,1.0,6.8,3.0,-2.4
complex_room,4,6.72962962962963,3.6055555555555556,-2.0943951023931957,0.004402669270833332,0.00555989040798611,1.0,6.8,3.0,-2.4
complex_room,4,6.875925925925927,3.714814814814815,0.26179938779914913,0.004412977430555555,0.00555989040798611,1.0,6.8,3.0,-2.4
complex_room,4,7.022222222222223,3.6055555555555556,-2.356194490192345,0.004418402777777776,0.00555989040798611,1.0,6.8,3.0,-2.4
complex_room,4,6.875925925925927,3.4962962962962965,0.26179938779914913,0.004419487847222221,0.00555989040798611,1.0,6.8,3.0,-2.4
complex_room,4,7.022222222222223,3.277777777777778,-2.6179938779914944,0.0044314236111111065,0.00555989040798611,1.0,6.8,3.0,-2.4
complex_room,4,6.437037037037038,4.042592592592593,1.0471975511965974,0.004434136284722222,0.00555989040798611,1.0,6.8,3.0,-2.4
complex_room,4,7.168518518518519,3.714814814814815,-1.8325957145940461,0.004437391493055555,0.00555989040798611,1.0,6.8,3.0,-2.4
complex_room,4,6.437037037037038,3.3870370370370373,1.3089969389957465,0.00443793402777778,0.00555989040798611,1.0,6.8,3.0,-2.4
complex_room,4,6.583333333333334,3.1685185185185185,1.3089969389957465,0.004439019097222225,0.00555989040798611,1.0,6.8,3.0,-2.4
complex_room,4,6.72962962962963,3.3870370370370373,1.5707963267948966,0.004446614583333333,0.00555989040798611,1.0,6.8,3.0,-2.4
complex_room,4,6.437037037037038,3.0592592592592593,-2.356194490192345,0.004447699652777776,0.00555989040798611,1.0,6.8,3.0,-2.4
complex_room,4,6.437037037037038,3.8240740740740744,1.3089969389957465,0.004448784722222222,0.00555989040798611,1.0,6.8,3.0,-2.4
complex_room,4,6.583333333333334,3.714814814814815,1.5707963267948966,0.004451497395833333,0.00555989040798611,1.0,6.8,3.0,-2.4
complex_room,4,6.875925925925927,3.3870370370370373,0.26179938779914913,0.004463433159722222,0.00555989040798611,1.0,6.8,3.0,-2.4
complex_room,4,6.875925925925927,3.4962962962962965,-2.6179938779914944,0.004468315972222221,0.00555989040798611,1.0,6.8,3.0,-2.4
complex_room,4,7.022222222222223,3.9333333333333336,0.26179938779914913,0.004470486111111107,0.00555989040798611,1.0,6.8,3.0,-2.4
complex_room,4,7.022222222222223,1.0925925925925926,-0.5235987755982991,0.004471028645833325,0.00555989040798611,1.0,6.8,3.0,-2.4
complex_room,4,7.022222222222223,0.9833333333333334,-0.7853981633974483,0.004478624131944434,0.00555989040798611,1.0,6.8,3.0,-2.4
complex_room,4,6.583333333333334,4.261111111111111,1.0471975511965974,0.004495442708333329,0.00555989040798611,1.0,6.8,3.0,-2.4
complex_room,4,6.437037037037038,0.9833333333333334,2.617993877991494,0.004496527777777776,0.00555989040798611,1.0,6.8,3.0,-2.4
complex_room,4,7.022222222222223,3.9333333333333336,-1.8325957145940461,0.004500325520833337,0.00555989040798611,1.0,6.8,3.0,-2.4
complex_room,4,7.022222222222223,3.6055555555555556,1.3089969389957465,0.0045046657986111075,0.00555989040798611,1.0,6.8,3.0,-2.4
complex_room,4,7.168518518518519,4.261111111111111,0.5235987755982987,0.004506293402777772,0.00555989040798611,1.0,6.8,3.0,-2.4
complex_room,4,6.72962962962963,3.1685185185185185,1.3089969389957465,0.004512261284722223,0.00555989040798611,1.0,6.8,3.0,-2.4
complex_room,4,7.022222222222223,3.3870370370370373,0.7853981633974478,0.004512803819444441,0.00555989040798611,1.0,6.8,3.0,-2.4
complex_room,4,7.168518518518519,3.714814814814815,0.26179938779914913,0.004514431423611108,0.00555989040798611,1.0,6.8,3.0,-2.4
complex_room,4,7.168518518518519,3.6055555555555556,-1.8325957145940461,0.0045149739583333305,0.00555989040798611,1.0,6.8,3.0,-2.4
complex_room,4,7.022222222222223,3.0592592592592593,-2.0943951023931957,0.00451660156249999,0.00555989040798611,1.0,6.8,3.0,-2.4
complex_room,4,6.72962962962963,3.4962962962962965,-2.6179938779914944,0.004520941840277777,0.00555989040798611,1.0,6.8,3.0,-2.4
complex_room,4,7.022222222222223,2.840740740740741,-2.356194490192345,0.004528537326388876,0.00555989040798611,1.0,6.8,3.0,-2.4
complex_room,4,7.168518518518519,3.4962962962962965,0.5235987755982987,0.004532335069444441,0.00555989040798611,1.0,6.8,3.0,-2.4
complex_room,4,6.875925925925927,3.6055555555555556,-2.356194490192345,0.004532877604166664,0.00555989040798611,1.0,6.8,3.0,-2.4
complex_room,4,7.022222222222223,3.4962962962962965,1.0471975511965974,0.004533962673611106,0.00555989040798611,1.0,6.8,3.0,-2.4
complex_room,4,7.168518518518519,2.95,-2.356194490192345,0.004547526041666657,0.00555989040798611,1.0,6.8,3.0,-2.4
complex_room,4,7.022222222222223,3.3870370370370373,0.26179938779914913,0.004552408854166665,0.00555989040798611,1.0,6.8,3.0,-2.4
complex_room,4,6.875925925925927,3.8240740740740744,0.26179938779914913,0.004555121527777776,0.00555989040798611,1.0,6.8,3.0,-2.4
complex_room,4,7.168518518518519,3.6055555555555556,0.26179938779914913,0.004564344618055553,0.00555989040798611,1.0,6.8,3.0,-2.4
complex_room,4,7.168518518518519,3.8240740740740744,0.26179938779914913,0.004570312499999996,0.00555989040798611,1.0,6.8,3.0,-2.4
complex_room,4,6.583333333333334,4.042592592592593,1.3089969389957465,0.004575737847222219,0.00555989040798611,1.0,6.8,3.0,-2.4
complex_room,4,6.72962962962963,0.9833333333333334,-0.7853981633974483,0.004582248263888885,0.00555989040798611,1.0,6.8,3.0,-2.4
complex_room,4,6.437037037037038,3.8240740740740744,0.7853981633974478,0.004592013888888889,0.00555989040798611,1.0,6.8,3.0,-2.4
complex_room,4,6.583333333333334,2.6222222222222222,-2.8797932657906435,0.004594184027777761,0.00555989040798611,1.0,6.8,3.0,-2.4
complex_room,4,6.875925925925927,0.9833333333333334,-0.5235987755982991,0.00460394965277777,0.00555989040798611,1.0,6.8,3.0,-2.4
complex_room,4,1.1703703703703705,2.403703703703704,0.0,0.004615342881944441,0.00555989040798611,1.0,6.8,3.0,-2.4
complex_room,4,6.72962962962963,3.277777777777778,0.7853981633974478,0.004618598090277776,0.00555989040798611,1.0,6.8,3.0,-2.4
complex_room,4,6.875925925925927,3.1685185185185185,-1.8325957145940461,0.004621310763888886,0.00555989040798611,1.0,6.8,3.0,-2.4
complex_room,4,6.583333333333334,3.3870370370370373,-2.356194490192345,0.004622395833333331,0.00555989040798611,1.0,6.8,3.0,-2.4
complex_room,4,7.022222222222223,3.277777777777778,-1.8325957145940461,0.004623480902777772,0.00555989040798611,1.0,6.8,3.0,-2.4
complex_room,4,6.72962962962963,3.277777777777778,1.5707963267948966,0.004632161458333334,0.00555989040798611,1.0,6.8,3.0,-2.4
complex_room,4,6.875925925925927,3.277777777777778,1.3089969389957465,0.004639214409722221,0.00555989040798611,1.0,6.8,3.0,-2.4
complex_room,4,6.875925925925927,1.0925925925925926,-0.7853981633974483,0.004642469618055548,0.00555989040798611,1.0,6.8,3.0,-2.4
complex_room,4,7.314814814814816,3.714814814814815,-2.0943951023931957,0.004646267361111117,0.00555989040798611,1.0,6.8,3.0,-2.4
complex_room,4,6.72962962962963,0.9833333333333334,-0.5235987755982991,0.004658203124999995,0.00555989040798611,1.0,6.8,3.0,-2.4
complex_room,4,6.437037037037038,3.277777777777778,1.3089969389957465,0.004664171006944447,0.00555989040798611,1.0,6.8,3.0,-2.4
complex_room,4,7.022222222222223,3.3870370370370373,1.0471975511965974,0.004666341145833332,0.00555989040798611,1.0,6.8,3.0,-2.4
complex_room,4,6.875925925925927,3.9333333333333336,-1.8325957145940461,0.004675564236111114,0.00555989040798611,1.0,6.8,3.0,-2.4
complex_room,4,6.583333333333334,3.3870370370370373,-2.0943951023931957,0.004689670138888887,0.00555989040798611,1.0,6.8,3.0,-2.4
complex_room,4,7.022222222222223,0.9833333333333334,-0.5235987755982991,0.004691297743055545,0.00555989040798611,1.0,6.8,3.0,-2.4
complex_room,4,7.022222222222223,3.3870370370370373,-2.6179938779914944,0.004692382812499997,0.00555989040798611,1.0,6.8,3.0,-2.4
complex_room,4,6.875925925925927,3.6055555555555556,1.5707963267948966,0.004696180555555554,0.00555989040798611,1.0,6.8,3.0,-2.4
complex_room,4,6.437037037037038,3.714814814814815,0.7853981633974478,0.004698350694444446,0.00555989040798611,1.0,6.8,3.0,-2.4
complex_room,4,6.583333333333334,3.277777777777778,1.5707963267948966,0.004698893229166668,0.00555989040798611,1.0,6.8,3.0,-2.4
complex_room,4,6.583333333333334,3.3870370370370373,-2.6179938779914944,0.004701063368055553,0.00555989040798611,1.0,6.8,3.0,-2.4
complex_room,4,7.168518518518519,3.277777777777778,-1.8325957145940461,0.0047043185763888835,0.00555989040798611,1.0,6.8,3.0,-2.4
complex_room,4,7.022222222222223,3.3870370370370373,1.3089969389957465,0.004716796874999998,0.00555989040798611,1.0,6.8,3.0,-2.4
complex_room,4,7.314814814814816,3.9333333333333336,0.5235987755982987,0.0047200520833333304,0.00555989040798611,1.0,6.8,3.0,-2.4
complex_room,4,6.875925925925927,1.201851851851852,-0.5235987755982991,0.004720594618055549,0.00555989040798611,1.0,6.8,3.0,-2.4
complex_room,4,6.72962962962963,4.151851851851852,1.3089969389957465,0.004721137152777773,0.00555989040798611,1.0,6.8,3.0,-2.4
complex_room,4,6.72962962962963,1.201851851851852,-0.5235987755982991,0.004725477430555552,0.00555989040798611,1.0,6.8,3.0,-2.4
complex_room,4,7.022222222222223,3.8240740740740744,1.3089969389957465,0.004726019965277774,0.00555989040798611,1.0,6.8,3.0,-2.4
complex_room,4,6.875925925925927,4.042592592592593,1.3089969389957465,0.004728190104166661,0.00555989040798611,1.0,6.8,3.0,-2.4
complex_room,4,6.875925925925927,3.4962962962962965,1.5707963267948966,0.004728732638888888,0.00555989040798611,1.0,6.8,3.0,-2.4
complex_room,4,6.437037037037038,3.6055555555555556,0.7853981633974478,0.0047330729166666675,0.00555989040798611,1.0,6.8,3.0,-2.4
complex_room,4,7.168518518518519,3.4962962962962965,0.26179938779914913,0.004733615451388887,0.00555989040798611,1.0,6.8,3.0,-2.4
complex_room,4,6.583333333333334,3.3870370370370373,1.8325957145940457,0.004737413194444446,0.00555989040798611,1.0,6.8,3.0,-2.4
complex_room,4,7.168518518518519,3.9333333333333336,0.26179938779914913,0.004742838541666662,0.00555989040798611,1.0,6.8,3.0,-2.4
complex_room,4,6.875925925925927,3.9333333333333336,0.26179938779914913,0.004744466145833332,0.00555989040798611,1.0,6.8,3.0,-2.4
complex_room,4,6.583333333333334,3.4962962962962965,-1.8325957145940461,0.004745551215277781,0.00555989040798611,1.0,6.8,3.0,-2.4
complex_room,4,6.437037037037038,3.0592592592592593,-2.6179938779914944,0.004748263888888887,0.00555989040798611,1.0,6.8,3.0,-2.4
complex_room,4,6.290740740740741,0.9833333333333334,2.617993877991494,0.004750434027777776,0.00555989040798611,1.0,6.8,3.0,-2.4
complex_room,4,6.72962962962963,2.95,-2.0943951023931957,0.004753146701388881,0.00555989040798611,1.0,6.8,3.0,-2.4
complex_room,4,6.875925925925927,3.6055555555555556,-1.5707963267948966,0.0047547743055555555,0.00555989040798611,1.0,6.8,3.0,-2.4
complex_room,4,6.72962962962963,3.1685185185185185,-1.8325957145940461,0.004760199652777777,0.00555989040798611,1.0,6.8,3.0,-2.4
complex_room,4,7.168518518518519,3.4962962962962965,-1.8325957145940461,0.004761827256944439,0.00555989040798611,1.0,6.8,3.0,-2.4
complex_room,4,7.314814814814816,3.3870370370370373,-2.0943951023931957,0.0047623697916666635,0.00555989040798611,1.0,6.8,3.0,-2.4
complex_room,4,7.168518518518519,2.95,-2.6179938779914944,0.004763997395833327,0.00555989040798611,1.0,6.8,3.0,-2.4
complex_room,4,6.72962962962963,3.277777777777778,0.5235987755982987,0.004772677951388887,0.00555989040798611,1.0,6.8,3.0,-2.4
complex_room,4,7.022222222222223,3.6055555555555556,-1.5707963267948966,0.004774305555555554,0.00555989040798611,1.0,6.8,3.0,-2.4
complex_room,4,6.875925925925927,3.277777777777778,0.26179938779914913,0.004781901041666666,0.00555989040798611,1.0,6.8,3.0,-2.4
complex_room,4,7.022222222222223,1.0925925925925926,-0.7853981633974483,0.004788953993055547,0.00555989040798611,1.0,6.8,3.0,-2.4
complex_room,4,6.875925925925927,3.714814814814815,1.5707963267948966,0.004791666666666666,0.00555989040798611,1.0,6.8,3.0,-2.4
complex_room,4,6.583333333333334,3.8240740740740744,0.5235987755982987,0.00479275173611111,0.00555989040798611,1.0,6.8,3.0,-2.4
complex_room,4,6.72962962962963,3.1685185185185185,-2.8797932657906435,0.00479275173611111,0.00555989040798611,1.0,6.8,3.0,-2.4
complex_room,4,7.168518518518519,3.8240740740740744,1.0471975511965974,0.004799804687499995,0.00555989040798611,1.0,6.8,3.0,-2.4
complex_room,4,6.72962962962963,3.8240740740740744,1.5707963267948966,0.004811197916666665,0.00555989040798611,1.0,6.8,3.0,-2.4
complex_room,4,6.583333333333334,3.6055555555555556,0.5235987755982987,0.004814453125000001,0.00555989040798611,1.0,6.8,3.0,-2.4
complex_room,4,6.583333333333334,3.8240740740740744,1.5707963267948966,0.004818793402777777,0.00555989040798611,1.0,6.8,3.0,-2.4
complex_room,4,7.022222222222223,4.042592592592593,0.26179938779914913,0.004820963541666662,0.00555989040798611,1.0,6.8,3.0,-2.4
complex_room,4,7.022222222222223,4.37037037037037,0.5235987755982987,0.004822048611111105,0.00555989040798611,1.0,6.8,3.0,-2.4
complex_room,4,6.437037037037038,3.9333333333333336,1.3089969389957465,0.004832356770833333,0.00555989040798611,1.0,6.8,3.0,-2.4
complex_room,4,7.022222222222223,3.4962962962962965,1.3089969389957465,0.004833441840277774,0.00555989040798611,1.0,6.8,3.0,-2.4
complex_room,4,7.022222222222223,3.9333333333333336,1.3089969389957465,0.004843207465277773,0.00555989040798611,1.0,6.8,3.0,-2.4
complex_room,4,6.583333333333334,3.4962962962962965,0.5235987755982987,0.004843750000000001,0.00555989040798611,1.0,6.8,3.0,-2.4
complex_room,4,6.437037037037038,3.9333333333333336,0.7853981633974478,0.004847005208333334,0.00555989040798611,1.0,6.8,3.0,-2.4
complex_room,4,7.314814814814816,3.3870370370370373,-2.356194490192345,0.0048551432291666675,0.00555989040798611,1.0,6.8,3.0,-2.4
complex_room,4,6.437037037037038,3.277777777777778,1.0471975511965974,0.004856770833333335,0.00555989040798611,1.0,6.8,3.0,-2.4
complex_room,4,6.875925925925927,3.4962962962962965,-1.5707963267948966,0.004857313368055555,0.00555989040798611,1.0,6.8,3.0,-2.4
complex_room,4,6.583333333333334,3.714814814814815,0.5235987755982987,0.004860568576388889,0.00555989040798611,1.0,6.8,3.0,-2.4
complex_room,4,6.875925925925927,3.277777777777778,1.0471975511965974,0.004864908854166665,0.00555989040798611,1.0,6.8,3.0,-2.4
complex_room,4,1.4629629629629632,2.512962962962963,-0.2617993877991496,0.0048784722222222215,0.00555989040798611,1.0,6.8,3.0,-2.4
complex_room,4,6.72962962962963,3.277777777777778,-2.8797932657906435,0.0049001736111111095,0.00555989040798611,1.0,6.8,3.0,-2.4
complex_room,4,6.583333333333334,3.4962962962962965,1.8325957145940457,0.004916992187500001,0.00555989040798611,1.0,6.8,3.0,-2.4
complex_room,4,6.583333333333334,3.277777777777778,0.7853981633974478,0.004919704861111112,0.00555989040798611,1.0,6.8,3.0,-2.4
complex_room,4,7.314814814814816,4.042592592592593,0.5235987755982987,0.00492296006944444,0.00555989040798611,1.0,6.8,3.0,-2.4
complex_room,4,7.168518518518519,4.042592592592593,0.26179938779914913,0.00492567274305555,0.00555989040798611,1.0,6.8,3.0,-2.4
complex_room,4,6.583333333333334,4.151851851851852,1.3089969389957465,0.004926215277777774,0.00555989040798611,1.0,6.8,3.0,-2.4
complex_room,4,6.72962962962963,4.261111111111111,0.5235987755982987,0.004929470486111105,0.00555989040798611,1.0,6.8,3.0,-2.4
complex_room,4,7.022222222222223,3.4962962962962965,-1.5707963267948966,0.004938151041666665,0.00555989040798611,1.0,6.8,3.0,-2.4
complex_room,4,6.72962962962963,2.7314814814814814,-2.356194490192345,0.004941406249999987,0.00555989040798611,1.0,6.8,3.0,-2.4
complex_room,4,7.314814814814816,3.6055555555555556,-2.0943951023931957,0.004946831597222223,0.00555989040798611,1.0,6.8,3.0,-2.4
complex_room,4,6.437037037037038,3.4962962962962965,1.5707963267948966,0.004947916666666667,0.00555989040798611,1.0,6.8,3.0,-2.4
complex_room,4,7.022222222222223,3.277777777777778,0.26179938779914913,0.004951714409722221,0.00555989040798611,1.0,6.8,3.0,-2.4
complex_room,4,6.583333333333334,3.3870370370370373,-1.8325957145940461,0.004952256944444446,0.00555989040798611,1.0,6.8,3.0,-2.4
complex_room,4,6.72962962962963,1.0925925925925926,-0.7853981633974483,0.00495496961805555,0.00555989040798611,1.0,6.8,3.0,-2.4
complex_room,4,6.875925925925927,3.3870370370370373,1.5707963267948966,0.004957139756944443,0.00555989040798611,1.0,6.8,3.0,-2.4
complex_room,4,6.72962962962963,3.3870370370370373,1.8325957145940457,0.004960394965277778,0.00555989040798611,1.0,6.8,3.0,-2.4
complex_room,4,6.72962962962963,3.4962962962962965,1.8325957145940457,0.0049620225694444456,0.00555989040798611,1.0,6.8,3.0,-2.4
complex_room,4,6.437037037037038,3.1685185185185185,1.3089969389957465,0.004962022569444448,0.00555989040798611,1.0,6.8,3.0,-2.4
complex_room,4,6.875925925925927,4.479629629629629,0.7853981633974478,0.00496256510416666,0.00555989040798611,1.0,6.8,3.0,-2.4
complex_room,4,7.168518518518519,3.6055555555555556,0.7853981633974478,0.004965277777777771,0.00555989040798611,1.0,6.8,3.0,-2.4
complex_room,4,6.72962962962963,3.6055555555555556,-2.356194490192345,0.00496853298611111,0.00555989040798611,1.0,6.8,3.0,-2.4
complex_room,4,7.314814814814816,3.8240740740740744,0.5235987755982987,0.0049723307291666624,0.00555989040798611,1.0,6.8,3.0,-2.4
complex_room,4,6.437037037037038,2.7314814814814814,-2.8797932657906435,0.0049777560763888794,0.00555989040798611,1.0,6.8,3.0,-2.4
complex_room,4,6.583333333333334,3.1685185185185185,1.0471975511965974,0.004983181423611112,0.00555989040798611,1.0,6.8,3.0,-2.4
complex_room,4,6.72962962962963,4.37037037037037,1.0471975511965974,0.004985894097222216,0.00555989040798611,1.0,6.8,3.0,-2.4
complex_room,4,1.3166666666666669,2.512962962962963,-0.2617993877991496,0.004988606770833331,0.00555989040798611,1.0,6.8,3.0,-2.4
complex_room,4,6.583333333333334,2.7314814814814814,-2.8797932657906435,0.004991861979166657,0.00555989040798611,1.0,6.8,3.0,-2.4
complex_room,4,6.437037037037038,0.9833333333333334,2.094395102393195,0.004994032118055554,0.00555989040798611,1.0,6.8,3.0,-2.4
complex_room,4,6.583333333333334,3.9333333333333336,0.5235987755982987,0.005001085069444443,0.00555989040798611,1.0,6.8,3.0,-2.4
complex_room,4,6.437037037037038,3.0592592592592593,-2.0943951023931957,0.005006510416666667,0.00555989040798611,1.0,6.8,3.0,-2.4
complex_room,4,6.72962962962963,3.6055555555555556,0.26179938779914913,0.005006510416666667,0.00555989040798611,1.0,6.8,3.0,-2.4
complex_room,4,1.3166666666666669,2.512962962962963,0.0,0.0050086805555555535,0.00555989040798611,1.0,6.8,3.0,-2.4
complex_room,4,6.437037037037038,0.9833333333333334,2.879793265790643,0.005013563368055555,0.00555989040798611,1.0,6.8,3.0,-2.4
complex_room,4,6.437037037037038,4.151851851851852,1.0471975511965974,0.005016276041666667,0.00555989040798611,1.0,6.8,3.0,-2.4
complex_room,4,7.022222222222223,3.4962962962962965,-2.6179938779914944,0.005018988715277776,0.00555989040798611,1.0,6.8,3.0,-2.4
complex_room,4,6.290740740740741,0.8740740740740741,2.356194490192345,0.005020616319444441,0.00555989040798611,1.0,6.8,3.0,-2.4
complex_room,4,6.583333333333334,3.6055555555555556,1.8325957145940457,0.005020616319444445,0.00555989040798611,1.0,6.8,3.0,-2.4
complex_room,4,6.72962962962963,3.3870370370370373,0.26179938779914913,0.005022243923611111,0.00555989040798611,1.0,6.8,3.0,-2.4
complex_room,4,6.583333333333334,3.9333333333333336,1.5707963267948966,0.005022786458333333,0.00555989040798611,1.0,6.8,3.0,-2.4
complex_room,4,7.168518518518519,4.042592592592593,1.0471975511965974,0.005028754340277771,0.00555989040798611,1.0,6.8,3.0,-2.4
complex_room,4,6.583333333333334,3.3870370370370373,0.5235987755982987,0.005032552083333334,0.00555989040798611,1.0,6.8,3.0,-2.4
complex_room,4,6.72962962962963,3.1685185185185185,1.0471975511965974,0.00503689236111111,0.00555989040798611,1.0,6.8,3.0,-2.4
complex_room,4,6.437037037037038,4.042592592592593,0.7853981633974478,0.005037434895833333,0.00555989040798611,1.0,6.8,3.0,-2.4
complex_room,4,6.72962962962963,3.3870370370370373,-2.8797932657906435,0.0050428602430555546,0.00555989040798611,1.0,6.8,3.0,-2.4
complex_room,4,7.022222222222223,4.261111111111111,1.0471975511965974,0.005047743055555546,0.00555989040798611,1.0,6.8,3.0,-2.4
complex_room,4,6.72962962962963,3.9333333333333336,1.5707963267948966,0.005047743055555554,0.00555989040798611,1.0,6.8,3.0,-2.4
complex_room,4,6.72962962962963,3.4962962962962965,0.26179938779914913,0.005049370659722222,0.00555989040798611,1.0,6.8,3.0,-2.4
complex_room,4,6.875925925925927,3.277777777777778,0.7853981633974478,0.005052625868055553,0.00555989040798611,1.0,6.8,3.0,-2.4
complex_room,4,6.875925925925927,4.042592592592593,0.26179938779914913,0.005054253472222219,0.00555989040798611,1.0,6.8,3.0,-2.4
complex_room,4,7.022222222222223,3.8240740740740744,-2.0943951023931957,0.005055338541666666,0.00555989040798611,1.0,6.8,3.0,-2.4
complex_room,4,6.875925925925927,4.151851851851852,1.3089969389957465,0.005055881076388883,0.00555989040798611,1.0,6.8,3.0,-2.4
complex_room,4,6.583333333333334,3.0592592592592593,-2.8797932657906435,0.005056966145833332,0.00555989040798611,1.0,6.8,3.0,-2.4
complex_room,4,7.168518518518519,3.6055555555555556,1.0471975511965974,0.0050575086805555525,0.00555989040798611,1.0,6.8,3.0,-2.4
complex_room,4,6.437037037037038,3.6055555555555556,1.5707963267948966,0.005066731770833336,0.00555989040798611,1.0,6.8,3.0,-2.4
complex_room,4,7.314814814814816,4.151851851851852,0.5235987755982987,0.005067816840277774,0.00555989040798611,1.0,6.8,3.0,-2.4
complex_room,4,7.168518518518519,3.4962962962962965,0.7853981633974478,0.00506944444444444,0.00555989040798611,1.0,6.8,3.0,-2.4
complex_room,4,6.583333333333334,3.277777777777778,1.8325957145940457,0.005077039930555557,0.00555989040798611,1.0,6.8,3.0,-2.4
complex_room,4,6.72962962962963,3.1685185185185185,1.5707963267948966,0.005079210069444445,0.00555989040798611,1.0,6.8,3.0,-2.4
complex_room,4,6.72962962962963,3.6055555555555556,1.8325957145940457,0.005080837673611112,0.00555989040798611,1.0,6.8,3.0,-2.4
complex_room,4,6.583333333333334,3.1685185185185185,1.5707963267948966,0.005082465277777779,0.00555989040798611,1.0,6.8,3.0,-2.4
complex_room,4,7.314814814814816,3.0592592592592593,-2.356194490192345,0.005088433159722218,0.00555989040798611,1.0,6.8,3.0,-2.4
complex_room,4,7.168518518518519,3.8240740740740744,-2.0943951023931957,0.0050927734375,0.00555989040798611,1.0,6.8,3.0,-2.4
complex_room,4,7.168518518518519,3.0592592592592593,-2.0943951023931957,0.005106336805555544,0.00555989040798611,1.0,6.8,3.0,-2.4
complex_room,4,7.168518518518519,3.9333333333333336,1.0471975511965974,0.00510687934027777,0.00555989040798611,1.0,6.8,3.0,-2.4
complex_room,4,6.583333333333334,3.1685185185185185,-2.8797932657906435,0.005112847222222221,0.00555989040798611,1.0,6.8,3.0,-2.4
complex_room,4,6.72962962962963,3.277777777777778,0.26179938779914913,0.005113389756944445,0.00555989040798611,1.0,6.8,3.0,-2.4
complex_room,4,6.875925925925927,4.37037037037037,0.5235987755982987,0.005118272569444438,0.00555989040798611,1.0,6.8,3.0,-2.4
complex_room,4,7.168518518518519,3.3870370370370373,0.26179938779914913,0.005123155381944442,0.00555989040798611,1.0,6.8,3.0,-2.4
complex_room,4,7.168518518518519,3.6055555555555556,-2.356194490192345,0.005123155381944442,0.00555989040798611,1.0,6.8,3.0,-2.4
complex_room,4,6.437037037037038,3.3870370370370373,1.5707963267948966,0.005124782986111113,0.00555989040798611,1.0,6.8,3.0,-2.4
complex_room,4,6.72962962962963,3.714814814814815,0.26179938779914913,0.005125868055555555,0.00555989040798611,1.0,6.8,3.0,-2.4
complex_room,4,6.72962962962963,3.277777777777778,1.8325957145940457,0.005128038194444445,0.00555989040798611,1.0,6.8,3.0,-2.4
complex_room,4,6.875925925925927,3.714814814814815,-1.5707963267948966,0.005131293402777777,0.00555989040798611,1.0,6.8,3.0,-2.4
complex_room,4,6.583333333333334,3.277777777777778,-2.8797932657906435,0.005134006076388888,0.00555989040798611,1.0,6.8,3.0,-2.4
complex_room,4,6.290740740740741,2.840740740740741,-2.6179938779914944,0.00513780381944444,0.00555989040798611,1.0,6.8,3.0,-2.4
complex_room,4,6.437037037037038,3.4962962962962965,0.7853981633974478,0.005144314236111112,0.00555989040798611,1.0,6.8,3.0,-2.4
complex_room,4,6.437037037037038,3.714814814814815,1.5707963267948966,0.0051486545138888905,0.00555989040798611,1.0,6.8,3.0,-2.4
complex_room,4,6.290740740740741,2.840740740740741,-2.356194490192345,0.005149197048611109,0.00555989040798611,1.0,6.8,3.0,-2.4
complex_room,4,6.583333333333334,3.0592592592592593,1.3089969389957465,0.005150282118055559,0.00555989040798611,1.0,6.8,3.0,-2.4
complex_room,4,6.583333333333334,0.9833333333333334,2.879793265790643,0.005151909722222221,0.00555989040798611,1.0,6.8,3.0,-2.4
complex_room,4,1.1703703703703705,2.512962962962963,0.0,0.005161132812499997,0.00555989040798611,1.0,6.8,3.0,-2.4
complex_room,4,6.583333333333334,3.714814814814815,1.8325957145940457,0.005163302951388889,0.00555989040798611,1.0,6.8,3.0,-2.4
complex_room,4,7.022222222222223,1.201851851851852,-0.5235987755982991,0.005163845486111104,0.00555989040798611,1.0,6.8,3.0,-2.4
complex_room,4,6.583333333333334,0.9833333333333334,-0.7853981633974483,0.0051649305555555546,0.00555989040798611,1.0,6.8,3.0,-2.4
complex_room,4,6.875925925925927,3.3870370370370373,-1.5707963267948966,0.005166015624999999,0.00555989040798611,1.0,6.8,3.0,-2.4
complex_room,4,6.583333333333334,0.9833333333333334,2.617993877991494,0.005167100694444442,0.00555989040798611,1.0,6.8,3.0,-2.4
complex_room,4,6.583333333333334,0.9833333333333334,-0.5235987755982991,0.005170898437499997,0.00555989040798611,1.0,6.8,3.0,-2.4
complex_room,4,6.437037037037038,3.1685185185185185,-2.6179938779914944,0.005170898437499999,0.00555989040798611,1.0,6.8,3.0,-2.4
complex_room,4,7.314814814814816,3.1685185185185185,-2.356194490192345,0.005175238715277775,0.00555989040798611,1.0,6.8,3.0,-2.4
complex_room,4,7.022222222222223,4.151851851851852,0.26179938779914913,0.0051757812499999955,0.00555989040798611,1.0,6.8,3.0,-2.4
complex_room,4,7.168518518518519,3.3870370370370373,-1.5707963267948966,0.005177408854166662,0.00555989040798611,1.0,6.8,3.0,-2.4
complex_room,4,6.437037037037038,3.8240740740740744,1.5707963267948966,0.005183919270833334,0.00555989040798611,1.0,6.8,3.0,-2.4
complex_room,4,6.875925925925927,3.8240740740740744,-1.5707963267948966,0.005185004340277777,0.00555989040798611,1.0,6.8,3.0,-2.4
complex_room,4,6.583333333333334,1.0925925925925926,-0.5235987755982991,0.005185546874999999,0.00555989040798611,1.0,6.8,3.0,-2.4
complex_room,4,6.875925925925927,3.277777777777778,1.5707963267948966,0.00518825954861111,0.00555989040798611,1.0,6.8,3.0,-2.4
complex_room,4,7.168518518518519,3.8240740740740744,-1.8325957145940461,0.005188259548611111,0.00555989040798611,1.0,6.8,3.0,-2.4
complex_room,4,7.022222222222223,3.4962962962962965,1.5707963267948966,0.005192599826388889,0.00555989040798611,1.0,6.8,3.0,-2.4
complex_room,4,4.974074074074075,1.3111111111111111,0.26179938779914913,0.005194769965277771,0.00555989040798611,1.0,6.8,3.0,-2.4
complex_room,4,6.583333333333334,2.7314814814814814,-2.356194490192345,0.005196940104166655,0.00555989040798611,1.0,6.8,3.0,-2.4
complex_room,4,6.875925925925927,0.8740740740740741,-0.7853981633974483,0.005199652777777764,0.00555989040798611,1.0,6.8,3.0,-2.4
complex_room,4,7.168518518518519,3.714814814814815,1.0471975511965974,0.005200737847222216,0.00555989040798611,1.0,6.8,3.0,-2.4
complex_room,4,6.290740740740741,0.9833333333333334,2.094395102393195,0.005203450520833332,0.00555989040798611,1.0,6.8,3.0,-2.4
complex_room,4,6.583333333333334,3.4962962962962965,-2.6179938779914944,0.005204535590277777,0.00555989040798611,1.0,6.8,3.0,-2.4
complex_room,4,7.168518518518519,4.37037037037037,0.7853981633974478,0.005207790798611104,0.00555989040798611,1.0,6.8,3.0,-2.4
complex_room,4,6.875925925925927,3.277777777777778,0.5235987755982987,0.005210503472222219,0.00555989040798611,1.0,6.8,3.0,-2.4
complex_room,4,7.022222222222223,3.6055555555555556,0.0,0.005212673611111111,0.00555989040798611,1.0,6.8,3.0,-2.4
complex_room,4,6.583333333333334,3.3870370370370373,2.094395102393195,0.0052126736111111115,0.00555989040798611,1.0,6.8,3.0,-2.4
complex_room,4,6.583333333333334,3.277777777777778,-1.8325957145940461,0.00521430121527778,0.00555989040798611,1.0,6.8,3.0,-2.4
complex_room,4,6.875925925925927,2.7314814814814814,-2.356194490192345,0.005217556423611096,0.00555989040798611,1.0,6.8,3.0,-2.4
complex_room,4,6.583333333333334,3.4962962962962965,-2.356194490192345,0.005222981770833333,0.00555989040798611,1.0,6.8,3.0,-2.4
complex_room,4,7.022222222222223,3.4962962962962965,0.0,0.005231662326388888,0.00555989040798611,1.0,6.8,3.0,-2.4
complex_room,4,6.72962962962963,3.277777777777778,2.094395102393195,0.005232204861111113,0.00555989040798611,1.0,6.8,3.0,-2.4
complex_room,4,7.168518518518519,4.37037037037037,0.5235987755982987,0.005233289930555548,0.00555989040798611,1.0,6.8,3.0,-2.4
complex_room,4,6.583333333333334,4.042592592592593,0.5235987755982987,0.005233289930555553,0.00555989040798611,1.0,6.8,3.0,-2.4
complex_room,4,6.72962962962963,3.0592592592592593,-2.8797932657906435,0.005233832465277773,0.00555989040798611,1.0,6.8,3.0,-2.4
complex_room,4,6.875925925925927,3.277777777777778,-2.8797932657906435,0.005234374999999998,0.00555989040798611,1.0,6.8,3.0,-2.4
complex_room,4,7.168518518518519,3.0592592592592593,-2.6179938779914944,0.005238715277777771,0.00555989040798611,1.0,6.8,3.0,-2.4
complex_room,4,7.168518518518519,3.714814814814815,-1.5707963267948966,0.005240342881944442,0.00555989040798611,1.0,6.8,3.0,-2.4
complex_room,4,6.583333333333334,3.1685185185185185,2.094395102393195,0.0052403428819444466,0.00555989040798611,1.0,6.8,3.0,-2.4
complex_room,4,6.72962962962963,3.8240740740740744,0.26179938779914913,0.0052446831597222215,0.00555989040798611,1.0,6.8,3.0,-2.4
complex_room,4,7.022222222222223,3.714814814814815,-1.3089969389957472,0.005245225694444444,0.00555989040798611,1.0,6.8,3.0,-2.4
complex_room,4,6.583333333333334,0.9833333333333334,2.356194490192345,0.005250651041666663,0.00555989040798611,1.0,6.8,3.0,-2.4
complex_room,4,7.168518518518519,0.9833333333333334,-0.5235987755982991,0.005254448784722212,0.00555989040798611,1.0,6.8,3.0,-2.4
complex_room,4,6.437037037037038,3.277777777777778,1.5707963267948966,0.00525607638888889,0.00555989040798611,1.0,6.8,3.0,-2.4
complex_room,4,6.583333333333334,3.277777777777778,2.094395102393195,0.005258246527777778,0.00555989040798611,1.0,6.8,3.0,-2.4
complex_room,4,6.875925925925927,3.1685185185185185,-2.8797932657906435,0.005259874131944443,0.00555989040798611,1.0,6.8,3.0,-2.4
complex_room,4,7.022222222222223,4.479629629629629,0.7853981633974478,0.00526801215277777,0.00555989040798611,1.0,6.8,3.0,-2.4
complex_room,4,6.875925925925927,3.3870370370370373,-2.8797932657906435,0.005270182291666666,0.00555989040798611,1.0,6.8,3.0,-2.4
complex_room,4,7.022222222222223,3.714814814814815,0.0,0.005272352430555554,0.00555989040798611,1.0,6.8,3.0,-2.4
complex_room,4,7.022222222222223,3.714814814814815,-1.5707963267948966,0.005274522569444442,0.00555989040798611,1.0,6.8,3.0,-2.4
complex_room,4,6.72962962962963,3.714814814814815,1.8325957145940457,0.005276150173611112,0.00555989040798611,1.0,6.8,3.0,-2.4
complex_room,4,6.72962962962963,3.8240740740740744,-1.8325957145940461,0.005281032986111113,0.00555989040798611,1.0,6.8,3.0,-2.4
complex_room,4,7.022222222222223,3.6055555555555556,-1.3089969389957472,0.005287543402777777,0.00555989040798611,1.0,6.8,3.0,-2.4
complex_room,4,7.168518518518519,3.1685185185185185,-2.6179938779914944,0.005293511284722217,0.00555989040798611,1.0,6.8,3.0,-2.4
complex_room,4,6.583333333333334,4.37037037037037,0.7853981633974478,0.005297309027777774,0.00555989040798611,1.0,6.8,3.0,-2.4
complex_room,4,6.583333333333334,1.201851851851852,-0.5235987755982991,0.005298936631944443,0.00555989040798611,1.0,6.8,3.0,-2.4
complex_room,4,6.583333333333334,3.1685185185185185,1.8325957145940457,0.005300564236111112,0.00555989040798611,1.0,6.8,3.0,-2.4
complex_room,4,6.875925925925927,3.6055555555555556,-2.6179938779914944,0.005306532118055554,0.00555989040798611,1.0,6.8,3.0,-2.4
complex_room,4,7.022222222222223,3.8240740740740744,-1.5707963267948966,0.005308159722222221,0.00555989040798611,1.0,6.8,3.0,-2.4
complex_room,4,7.022222222222223,3.3870370370370373,0.0,0.005308702256944444,0.00555989040798611,1.0,6.8,3.0,-2.4
complex_room,4,7.022222222222223,3.3870370370370373,-1.5707963267948966,0.005314127604166665,0.00555989040798611,1.0,6.8,3.0,-2.4
complex_room,4,6.437037037037038,4.042592592592593,1.3089969389957465,0.005319552951388888,0.00555989040798611,1.0,6.8,3.0,-2.4
complex_room,4,6.72962962962963,3.1685185185185185,2.094395102393195,0.005324978298611112,0.00555989040798611,1.0,6.8,3.0,-2.4
complex_room,4,6.875925925925927,3.8240740740740744,1.5707963267948966,0.005325520833333331,0.00555989040798611,1.0,6.8,3.0,-2.4
complex_room,4,7.022222222222223,0.8740740740740741,-0.7853981633974483,0.005327690972222206,0.00555989040798611,1.0,6.8,3.0,-2.4
complex_room,4,7.168518518518519,3.9333333333333336,-1.8325957145940461,0.005332573784722224,0.00555989040798611,1.0,6.8,3.0,-2.4
complex_room,4,6.437037037037038,3.4962962962962965,1.8325957145940457,0.00533637152777778,0.00555989040798611,1.0,6.8,3.0,-2.4
complex_room,4,6.72962962962963,3.714814814814815,-2.0943951023931957,0.005337999131944444,0.00555989040798611,1.0,6.8,3.0,-2.4
complex_room,4,6.583333333333334,3.3870370370370373,-2.8797932657906435,0.005339626736111111,0.00555989040798611,1.0,6.8,3.0,-2.4
complex_room,4,6.72962962962963,3.1685185185185185,1.8325957145940457,0.005341796875000001,0.00555989040798611,1.0,6.8,3.0,-2.4
complex_room,4,6.875925925925927,3.3870370370370373,0.0,0.005345594618055556,0.00555989040798611,1.0,6.8,3.0,-2.4
complex_room,4,6.72962962962963,3.3870370370370373,2.094395102393195,0.005345594618055557,0.00555989040798611,1.0,6.8,3.0,-2.4
complex_room,4,6.72962962962963,3.6055555555555556,-1.5707963267948966,0.005345594618055557,0.00555989040798611,1.0,6.8,3.0,-2.4
complex_room,4,6.875925925925927,3.0592592592592593,-1.8325957145940461,0.005351562499999995,0.00555989040798611,1.0,6.8,3.0,-2.4
complex_room,4,6.875925925925927,3.714814814814815,-2.356194490192345,0.005352647569444443,0.00555989040798611,1.0,6.8,3.0,-2.4
complex_room,4,6.72962962962963,3.6055555555555556,-2.6179938779914944,0.005353732638888888,0.00555989040798611,1.0,6.8,3.0,-2.4
complex_room,4,7.022222222222223,3.714814814814815,-2.356194490192345,0.005367296006944442,0.00555989040798611,1.0,6.8,3.0,-2.4
complex_room,4,6.72962962962963,2.7314814814814814,-2.8797932657906435,0.005370008680555544,0.00555989040798611,1.0,6.8,3.0,-2.4
complex_room,4,7.022222222222223,3.277777777777778,1.3089969389957465,0.005370008680555552,0.00555989040798611,1.0,6.8,3.0,-2.4
complex_room,4,7.314814814814816,3.8240740740740744,0.26179938779914913,0.005370008680555554,0.00555989040798611,1.0,6.8,3.0,-2.4
complex_room,4,6.875925925925927,3.8240740740740744,-2.0943951023931957,0.005370551215277777,0.00555989040798611,1.0,6.8,3.0,-2.4
complex_room,4,7.314814814814816,3.4962962962962965,-1.8325957145940461,0.005373806423611107,0.00555989040798611,1.0,6.8,3.0,-2.4
complex_room,4,6.875925925925927,3.4962962962962965,0.0,0.005378146701388888,0.00555989040798611,1.0,6.8,3.0,-2.4
complex_room,4,6.72962962962963,3.0592592592592593,1.3089969389957465,0.005381401909722222,0.00555989040798611,1.0,6.8,3.0,-2.4
complex_room,4,7.022222222222223,4.042592592592593,-1.8325957145940461,0.005387369791666669,0.00555989040798611,1.0,6.8,3.0,-2.4
complex_room,4,6.72962962962963,3.3870370370370373,2.356194490192345,0.005388454861111113,0.00555989040798611,1.0,6.8,3.0,-2.4
complex_room,4,7.168518518518519,4.151851851851852,0.26179938779914913,0.005392795138888883,0.00555989040798611,1.0,6.8,3.0,-2.4
complex_room,4,6.72962962962963,4.479629629629629,0.7853981633974478,0.005394965277777773,0.00555989040798611,1.0,6.8,3.0,-2.4
complex_room,4,7.314814814814816,3.9333333333333336,0.26179938779914913,0.005399305555555553,0.00555989040798611,1.0,6.8,3.0,-2.4
complex_room,4,6.437037037037038,3.3870370370370373,1.8325957145940457,0.00540473090277778,0.00555989040798611,1.0,6.8,3.0,-2.4
complex_room,4,6.583333333333334,3.4962962962962965,-2.0943951023931957,0.0054074435763888885,0.00555989040798611,1.0,6.8,3.0,-2.4
complex_room,4,1.0240740740740741,2.403703703703704,2.094395102393195,0.005410698784722213,0.00555989040798611,1.0,6.8,3.0,-2.4
complex_room,4,7.314814814814816,3.714814814814815,0.26179938779914913,0.005414496527777775,0.00555989040798611,1.0,6.8,3.0,-2.4
complex_room,4,1.6092592592592594,2.512962962962963,-0.2617993877991496,0.005416666666666669,0.00555989040798611,1.0,6.8,3.0,-2.4
complex_room,4,6.72962962962963,3.4962962962962965,-1.5707963267948966,0.00542209201388889,0.00555989040798611,1.0,6.8,3.0,-2.4
complex_room,4,7.022222222222223,3.3870370370370373,1.5707963267948966,0.005428059895833333,0.00555989040798611,1.0,6.8,3.0,-2.4
complex_room,4,7.168518518518519,3.6055555555555556,-1.5707963267948966,0.005430230034722219,0.00555989040798611,1.0,6.8,3.0,-2.4
complex_room,4,6.875925925925927,3.277777777777778,-0.5235987755982991,0.005434027777777779,0.00555989040798611,1.0,6.8,3.0,-2.4
complex_room,4,6.583333333333334,2.95,-2.8797932657906435,0.0054367404513888835,0.00555989040798611,1.0,6.8,3.0,-2.4
complex_room,4,6.875925925925927,3.0592592592592593,-2.8797932657906435,0.005441080729166663,0.00555989040798611,1.0,6.8,3.0,-2.4
complex_room,4,1.0240740740740741,2.403703703703704,1.8325957145940457,0.005443250868055545,0.00555989040798611,1.0,6.8,3.0,-2.4
complex_room,4,6.290740740740741,2.7314814814814814,-2.8797932657906435,0.005443250868055548,0.00555989040798611,1.0,6.8,3.0,-2.4
complex_room,4,6.583333333333334,3.4962962962962965,2.094395102393195,0.005443250868055558,0.00555989040798611,1.0,6.8,3.0,-2.4
complex_room,4,7.314814814814816,3.6055555555555556,0.26179938779914913,0.005444878472222221,0.00555989040798611,1.0,6.8,3.0,-2.4
complex_room,4,6.583333333333334,3.277777777777778,0.5235987755982987,0.005448133680555556,0.00555989040798611,1.0,6.8,3.0,-2.4
complex_room,4,6.437037037037038,3.1685185185185185,-2.356194490192345,0.005449218749999998,0.00555989040798611,1.0,6.8,3.0,-2.4
complex_room,4,6.875925925925927,3.277777777777778,0.0,0.005451388888888888,0.00555989040798611,1.0,6.8,3.0,-2.4
complex_room,4,7.314814814814816,3.714814814814815,0.5235987755982987,0.0054519314236111055,0.00555989040798611,1.0,6.8,3.0,-2.4
complex_room,4,6.875925925925927,3.1685185185185185,0.26179938779914913,0.005453559027777777,0.00555989040798611,1.0,6.8,3.0,-2.4
complex_room,4,7.022222222222223,3.277777777777778,0.7853981633974478,0.005454644097222219,0.00555989040798611,1.0,6.8,3.0,-2.4
complex_room,4,7.168518518518519,3.277777777777778,-2.6179938779914944,0.005454644097222219,0.00555989040798611,1.0,6.8,3.0,-2.4
complex_room,4,6.72962962962963,2.95,-2.8797932657906435,0.005456814236111104,0.00555989040798611,1.0,6.8,3.0,-2.4
complex_room,4,6.583333333333334,4.37037037037037,1.0471975511965974,0.005461154513888884,0.00555989040798611,1.0,6.8,3.0,-2.4
complex_room,4,6.72962962962963,3.1685185185185185,0.26179938779914913,0.005466579861111112,0.00555989040798611,1.0,6.8,3.0,-2.4
complex_room,4,7.022222222222223,3.1685185185185185,-1.8325957145940461,0.005467664930555548,0.00555989040798611,1.0,6.8,3.0,-2.4
complex_room,4,7.022222222222223,3.9333333333333336,-1.5707963267948966,0.005470920138888887,0.00555989040798611,1.0,6.8,3.0,-2.4
complex_room,4,6.875925925925927,3.1685185185185185,1.3089969389957465,0.005473632812499998,0.00555989040798611,1.0,6.8,3.0,-2.4
complex_room,4,1.0240740740740741,2.403703703703704,0.0,0.0054741753472222175,0.00555989040798611,1.0,6.8,3.0,-2.4
complex_room,4,6.875925925925927,3.6055555555555556,0.0,0.005474717881944444,0.00555989040798611,1.0,6.8,3.0,-2.4
complex_room,4,7.022222222222223,3.277777777777778,0.5235987755982987,0.005476345486111107,0.00555989040798611,1.0,6.8,3.0,-2.4
complex_room,4,7.168518518518519,2.7314814814814814,-2.6179938779914944,0.0054768880208333265,0.00555989040798611,1.0,6.8,3.0,-2.4
complex_room,4,7.022222222222223,3.277777777777778,-0.5235987755982991,0.005478515625000001,0.00555989040798611,1.0,6.8,3.0,-2.4
complex_room,4,6.875925925925927,3.4962962962962965,-2.8797932657906435,0.005479600694444444,0.00555989040798611,1.0,6.8,3.0,-2.4
complex_room,4,7.168518518518519,3.4962962962962965,0.0,0.005480685763888887,0.00555989040798611,1.0,6.8,3.0,-2.4
complex_room,4,6.583333333333334,3.0592592592592593,2.094395102393195,0.005481228298611112,0.00555989040798611,1.0,6.8,3.0,-2.4
complex_room,4,6.72962962962963,3.9333333333333336,0.26179938779914913,0.005482855902777776,0.00555989040798611,1.0,6.8,3.0,-2.4
complex_room,4,7.168518518518519,3.6055555555555556,0.0,0.005483398437499998,0.00555989040798611,1.0,6.8,3.0,-2.4
complex_room,4,7.168518518518519,3.714814814814815,0.0,0.00548394097222222,0.00555989040798611,1.0,6.8,3.0,-2.4
complex_room,4,7.022222222222223,3.277777777777778,0.0,0.00548828125,0.00555989040798611,1.0,6.8,3.0,-2.4
complex_room,4,6.875925925925927,4.151851851851852,0.26179938779914913,0.005490451388888885,0.00555989040798611,1.0,6.8,3.0,-2.4
complex_room,4,7.022222222222223,3.6055555555555556,-2.6179938779914944,0.0054904513888888885,0.00555989040798611,1.0,6.8,3.0,-2.4
complex_room,4,6.72962962962963,3.4962962962962965,2.094395102393195,0.005490993923611113,0.00555989040798611,1.0,6.8,3.0,-2.4
complex_room,4,6.437037037037038,3.1685185185185185,1.0471975511965974,0.0054947916666666695,0.00555989040798611,1.0,6.8,3.0,-2.4
complex_room,4,6.875925925925927,3.6055555555555556,-1.3089969389957472,0.005496419270833334,0.00555989040798611,1.0,6.8,3.0,-2.4
complex_room,4,7.022222222222223,3.277777777777778,1.0471975511965974,0.0054969618055555535,0.00555989040798611,1.0,6.8,3.0,-2.4
complex_room,4,7.314814814814816,3.6055555555555556,0.5235987755982987,0.00549913194444444,0.00555989040798611,1.0,6.8,3.0,-2.4
complex_room,4,6.875925925925927,4.37037037037037,1.0471975511965974,0.005505642361111101,0.00555989040798611,1.0,6.8,3.0,-2.4
complex_room,4,6.875925925925927,3.1685185185185185,-0.5235987755982991,0.005510525173611112,0.00555989040798611,1.0,6.8,3.0,-2.4
complex_room,4,1.1703703703703705,2.403703703703704,-0.2617993877991496,0.00551161024305555,0.00555989040798611,1.0,6.8,3.0,-2.4
complex_room,4,6.437037037037038,3.3870370370370373,0.7853981633974478,0.005512152777777781,0.00555989040798611,1.0,6.8,3.0,-2.4
complex_room,4,6.290740740740741,0.8740740740740741,2.094395102393195,0.005512695312499998,0.00555989040798611,1.0,6.8,3.0,-2.4
complex_room,4,6.583333333333334,2.840740740740741,-2.8797932657906435,0.0055208333333333255,0.00555989040798611,1.0,6.8,3.0,-2.4
complex_room,4,7.168518518518519,3.1685185185185185,-1.8325957145940461,0.005522460937499992,0.00555989040798611,1.0,6.8,3.0,-2.4
complex_room,4,6.72962962962963,3.277777777777778,2.356194490192345,0.005524631076388891,0.00555989040798611,1.0,6.8,3.0,-2.4
complex_room,4,7.022222222222223,3.8240740740740744,0.0,0.005526258680555555,0.00555989040798611,1.0,6.8,3.0,-2.4
complex_room,4,6.437037037037038,3.277777777777778,-2.6179938779914944,0.0055327690972222215,0.00555989040798611,1.0,6.8,3.0,-2.4
complex_room,4,6.437037037037038,3.6055555555555556,1.8325957145940457,0.005532769097222225,0.00555989040798611,1.0,6.8,3.0,-2.4
complex_room,4,7.314814814814816,3.4962962962962965,-2.356194490192345,0.005535481770833333,0.00555989040798611,1.0,6.8,3.0,-2.4
complex_room,4,6.583333333333334,3.0592592592592593,1.5707963267948966,0.005539279513888891,0.00555989040798611,1.0,6.8,3.0,-2.4
complex_room,4,6.875925925925927,3.9333333333333336,1.5707963267948966,0.0055495876736111095,0.00555989040798611,1.0,6.8,3.0,-2.4
complex_room,4,6.72962962962963,0.8740740740740741,-0.7853981633974483,0.005551757812499987,0.00555989040798611,1.0,6.8,3.0,-2.4
complex_room,4,1.4629629629629632,2.512962962962963,0.0,0.005558810763888888,0.00555989040798611,1.0,6.8,3.0,-2.4
complex_room,4,7.168518518518519,3.8240740740740744,0.0,0.005559353298611109,0.00555989040798611,1.0,6.8,3.0,-2.4
