experiment,config_id,map_name,method,pose_id,seed,true_x,true_y,true_theta,estimated_x,estimated_y,estimated_theta,best_fitness,position_error,theta_error,success,scan_error,feature_error,combined_error,scan_contribution,perception_contribution,runtime_seconds,population_size,generations,elite_size,tournament_size,crossover_rate,mutation_rate,sigma_xy,sigma_theta,fov_deg,num_beams,max_range_m,noise_std_m,angular_resolution_deg,perception_weight,final_best_history,final_mean_history,top_k,top_k_min_dist_xy,top_k_min_dist_theta,num_distinct_modes,top1_success,top3_success,top5_success,top1_x,top1_y,top1_theta,top1_fitness,top1_position_error,top1_theta_error,top2_x,top2_y,top2_theta,top2_fitness,top2_position_error,top2_theta_error,top3_x,top3_y,top3_theta,top3_fitness,top3_position_error,top3_theta_error,top4_x,top4_y,top4_theta,top4_fitness,top4_position_error,top4_theta_error,top5_x,top5_y,top5_theta,top5_fitness,top5_position_error,top5_theta_error,exact_success,scan_equivalent_success,failure_type,output_scan_error,equivalence_threshold,nearest_equivalent_xy_distance,nearest_equivalent_theta_distance,nearest_equivalent_scan_error,ambiguity_num_candidates,ambiguity_num_equivalent_candidates,ambiguity_percentile,ambiguity_min_scan_error,ambiguity_median_scan_error,top1_scan_equivalent_success,top1_failure_type,top1_output_scan_error,top2_scan_equivalent_success,top2_failure_type,top2_output_scan_error,top3_scan_equivalent_success,top3_failure_type,top3_output_scan_error,top4_scan_equivalent_success,top4_failure_type,top4_output_scan_error,top5_scan_equivalent_success,top5_failure_type,top5_output_scan_error,top5_any_exact_success,top5_any_scan_equivalent_success,top5_failure_types
experiment_5_symmetry_analysis,default,corridor_2,perception_aware,0,0,1.7,1.7,0.7853981633974483,1.235332294905678,4.274589917468514,-2.2614759673341713,0.9978406624832076,2.616186025359847,3.0468741307316196,False,0.001468098958333326,0.003787803582283229,0.0021640103455182968,0.0010276692708333281,0.0011363410746849686,8.173734000010882,100,40,3,3,0.9,0.8,0.35,0.25,360.0,72,8.0,0.0,5.070422535211268,0.3,0.9978406624832076,0.9837456324667925,5,0.75,0.5,5,False,False,False,1.235332294905678,4.274589917468514,-2.2614759673341713,0.9978406624832076,2.616186025359847,3.0468741307316196,0.5635882695324692,4.3887849290047845,-1.6437856748502326,0.9917856770658042,2.9190745135380616,2.429183838247681,1.3558466776768787,4.32809764465811,-1.7568927585909349,0.988694978271031,2.6505355570381517,2.542290921988383,2.25588349543784,4.493768478547956,-2.0112644248981946,0.9882140569701376,2.848534495530702,2.796662588295643,0.8142339313354581,4.195190699483174,-2.789815776786575,0.9809072030726682,2.6477458630285438,2.7079713669955634,False,True,ambiguous_correct,0.001468098958333326,0.007640348307291643,0.06634553383726259,0.0947185228581735,0.0049294704861110915,60024,601,1.0,0.0005598958333333301,0.03927354600694433,True,ambiguous_correct,0.001468098958333326,True,ambiguous_correct,0.006967773437499971,False,true_failure,0.014123263888888855,False,true_failure,0.00822591145833332,False,true_failure,0.02333496093749994,False,True,ambiguous_correct;ambiguous_correct;true_failure;true_failure;true_failure
experiment_5_symmetry_analysis,default,corridor_2,perception_aware,0,1,1.7,1.7,0.7853981633974483,1.7721203627675035,1.679869509865067,0.8108509250915884,0.9992824000036116,0.07487712173146716,0.025452761694140236,True,5.1540798611111084e-05,0.0022734558563624273,0.000718115315936506,3.607855902777776e-05,0.0006820367569087282,7.98660129099153,100,40,3,3,0.9,0.8,0.35,0.25,360.0,72,8.0,0.0,5.070422535211268,0.3,0.9992824000036116,0.9822655045143331,5,0.75,0.5,5,True,True,True,1.7721203627675035,1.679869509865067,0.8108509250915884,0.9992824000036116,0.07487712173146716,0.025452761694140236,0.36418877288871276,1.5593234698792258,0.8846802078429308,0.9899727762582589,1.343198243225245,0.0992820444454825,1.6125354840334076,1.7292764734005368,0.30301487859121146,0.9880575527306856,0.0922342314330348,0.4823832848062368,2.524055059763902,1.4329764958032634,1.3288588777676829,0.9871807395576132,0.8662380119320514,0.5434607143702346,2.567840633600061,1.5536212555161757,0.7829032694391325,0.9744504328826584,0.8800989161247822,0.0024948939583158136,True,True,exact_correct,5.1540798611111084e-05,0.007640348307291643,0.044201856675507904,0.02545276169414068,0.0005598958333333301,60024,601,1.0,0.0005598958333333301,0.03927354600694433,True,exact_correct,5.1540798611111084e-05,False,true_failure,0.010489908854166629,False,true_failure,0.01060763888888885,False,true_failure,0.009889865451388861,False,true_failure,0.030703124999999935,True,True,exact_correct;true_failure;true_failure;true_failure;true_failure
experiment_5_symmetry_analysis,default,corridor_2,perception_aware,0,2,1.7,1.7,0.7853981633974483,1.785720163368079,1.6665273412136279,0.820396351197147,0.9989095209515573,0.09202372136617307,0.034998187799698766,True,7.324218749999996e-05,0.003467999866335675,0.0010916694911507023,5.1269531249999964e-05,0.0010403999599007023,7.923122167005204,100,40,3,3,0.9,0.8,0.35,0.25,360.0,72,8.0,0.0,5.070422535211268,0.3,0.9989095209515573,0.9823136223631487,5,0.75,0.5,5,True,True,True,1.785720163368079,1.6665273412136279,0.820396351197147,0.9989095209515573,0.09202372136617307,0.034998187799698766,3.2469252191419486,1.6509853780502382,0.7013858805726542,0.99418871145652,1.5477015431866197,0.08401228282479423,7.004399597178449,1.5446722057272324,1.0533593762867,0.9941747301865334,5.306673328010735,0.2679612128892517,0.5421969464802481,1.7441521115795549,0.6690431744854647,0.9938223970351786,1.158644604568888,0.1163549889119837,5.219026062104525,1.648034134065589,0.8118810311608402,0.9924032824850747,3.5194097341732165,0.026482867763391926,True,True,exact_correct,7.324218749999996e-05,0.007640348307291643,0.040911949493885054,0.03499818779969921,0.0005598958333333301,60024,601,1.0,0.0005598958333333301,0.03927354600694433,True,exact_correct,7.324218749999996e-05,True,ambiguous_correct,0.001997612847222216,True,ambiguous_correct,0.0052398003472222,True,ambiguous_correct,0.006844075520833312,True,ambiguous_correct,0.004287651909722208,True,True,exact_correct;ambiguous_correct;ambiguous_correct;ambiguous_correct;ambiguous_correct
experiment_5_symmetry_analysis,default,corridor_2,perception_aware,0,3,1.7,1.7,0.7853981633974483,6.4073056711236775,4.224892112267103,-2.2348204834760694,0.9982840580819211,5.3417044901399935,3.0202186468735177,False,0.0011588541666666596,0.0030256450642659346,0.0017188914359464419,0.0008111979166666617,0.0009076935192797803,8.167727709020255,100,40,3,3,0.9,0.8,0.35,0.25,360.0,72,8.0,0.0,5.070422535211268,0.3,0.9982840580819211,0.9824825011650791,5,0.75,0.5,5,False,False,False,6.4073056711236775,4.224892112267103,-2.2348204834760694,0.9982840580819211,5.3417044901399935,3.0202186468735177,2.839245215178205,4.322641974385476,-2.2839492249509052,0.9950176490288812,2.8593933947806103,3.0693473883483535,0.7939744300356512,4.2795241927597525,-2.2241678526543516,0.9920309289716204,2.734013056746817,3.0095660160518,4.19069501045232,4.243030825875409,-1.8309739909872862,0.9919588240882279,3.559574049861113,2.6163721543847345,5.202307913683911,3.9752065025460435,-2.4938791249997725,0.9895760662859873,4.176448892478004,3.003908018782365,False,True,ambiguous_correct,0.0011588541666666596,0.007640348307291643,0.04685904391188937,0.1213740067162754,0.001008572048611108,60024,601,1.0,0.0005598958333333301,0.03927354600694433,True,ambiguous_correct,0.0011588541666666596,True,ambiguous_correct,0.0035470920138888787,False,true_failure,0.008124999999999974,True,ambiguous_correct,0.005419379340277764,False,true_failure,0.008328993055555525,False,True,ambiguous_correct;ambiguous_correct;true_failure;ambiguous_correct;true_failure
experiment_5_symmetry_analysis,default,corridor_2,perception_aware,0,4,1.7,1.7,0.7853981633974483,6.441683256500738,4.199200686878877,-2.330574087348241,0.9995613094747978,5.359996658420161,3.1159722507456893,False,0.0004991319444444416,0.00029830232643589016,0.00043888305904187614,0.0003493923611111091,8.949069793076705e-05,7.872571292013163,100,40,3,3,0.9,0.8,0.35,0.25,360.0,72,8.0,0.0,5.070422535211268,0.3,0.9995613094747978,0.9842375328180032,5,0.75,0.5,5,False,False,False,6.441683256500738,4.199200686878877,-2.330574087348241,0.9995613094747978,5.359996658420161,3.1159722507456893,5.081231943745027,4.3089700162085425,-2.722132500837545,0.9879554604646908,4.270767378689335,2.775654642944593,7.247604197827281,4.200854806835159,-2.0824427013599975,0.985317095247471,6.0852433887743045,2.867840864757446,6.498044139539785,3.8600789520831573,-1.6818474981942133,0.9851626606920052,5.261859808490221,2.4672456615916616,5.660107989091591,4.062914587981265,-1.7602831125647658,0.9843142058910356,4.611487898212649,2.545681275962214,False,True,ambiguous_correct,0.0004991319444444416,0.007640348307291643,0.047576249681130625,0.02562040284410383,0.0015451388888888847,60024,601,1.0,0.0005598958333333301,0.03927354600694433,True,ambiguous_correct,0.0004991319444444416,False,true_failure,0.009016927083333301,False,true_failure,0.013140733506944412,False,true_failure,0.018507486979166616,False,true_failure,0.012523871527777758,False,True,ambiguous_correct;true_failure;true_failure;true_failure;true_failure
experiment_5_symmetry_analysis,default,corridor_2,perception_aware,0,5,1.7,1.7,0.7853981633974483,1.8217859353375976,1.6232252495610582,0.8179532554088126,0.9987958399650956,0.14396588606685717,0.032555092011364195,True,0.000473090277777776,0.0029148286332948553,0.0012056117844328998,0.00033116319444444317,0.0008744485899884565,7.982327415986219,100,40,3,3,0.9,0.8,0.35,0.25,360.0,72,8.0,0.0,5.070422535211268,0.3,0.9987958399650956,0.9832946355746072,5,0.75,0.5,5,True,True,True,1.8217859353375976,1.6232252495610582,0.8179532554088126,0.9987958399650956,0.14396588606685717,0.032555092011364195,0.33475937861414995,1.617602670400125,0.745327469893213,0.9925313188687624,1.367724853253465,0.04007069350423542,2.5169773111982123,1.9254284218588558,1.3625555303896384,0.9909714755646521,0.8475080532917874,0.5771573669921901,0.7486692303602132,2.0242167356677205,1.394603240055094,0.9888910459347645,1.0050605578523424,0.6092050766576458,2.8559618396078617,1.5530209620690676,0.5866079056883713,0.9837309650496757,1.1652684721645454,0.198790257709077,True,True,exact_correct,0.000473090277777776,0.007640348307291643,0.06805742283591015,0.03255509201136464,0.0005598958333333301,60024,601,1.0,0.0005598958333333301,0.03927354600694433,True,exact_correct,0.000473090277777776,False,true_failure,0.008082682291666641,True,ambiguous_correct,0.006624891493055546,False,true_failure,0.011153428819444415,False,true_failure,0.01119574652777775,True,True,exact_correct;true_failure;ambiguous_correct;true_failure;true_failure
experiment_5_symmetry_analysis,default,corridor_2,perception_aware,0,6,1.7,1.7,0.7853981633974483,7.011041889303194,1.723768795277125,0.967157658285075,0.9971565586588724,5.311095075929461,0.18175949488762688,False,0.002770182291666653,0.003041406502839243,0.0028515495550184298,0.001939127604166657,0.0009124219508517728,7.941699207993224,100,40,3,3,0.9,0.8,0.35,0.25,360.0,72,8.0,0.0,5.070422535211268,0.3,0.9971565586588724,0.9845877033248458,5,0.75,0.5,5,False,False,False,7.011041889303194,1.723768795277125,0.967157658285075,0.9971565586588724,5.311095075929461,0.18175949488762688,7.301950447031753,1.6426085433417916,1.6373516972504145,0.9894540844381429,5.602244424362133,0.8519535338529662,6.491588793672868,1.4395645659370782,0.33395536279846416,0.9884208375579844,4.798661249032583,0.4514428005989841,7.754870925713968,1.4958422442143013,1.1086439279537892,0.9758989438550044,6.058311837162542,0.3232457645563409,7.283388152129739,2.49804250072527,1.4704336213339069,0.9479681304146008,5.640132541909505,0.6850354579364586,False,True,ambiguous_correct,0.002770182291666653,0.007640348307291643,0.026820751119053063,0.08003989291152225,0.0030230034722222073,60024,601,1.0,0.0005598958333333301,0.03927354600694433,True,ambiguous_correct,0.002770182291666653,False,true_failure,0.011953124999999955,True,ambiguous_correct,0.006864691840277753,False,true_failure,0.02243652343749996,False,true_failure,0.039099934895833174,False,True,ambiguous_correct;true_failure;ambiguous_correct;true_failure;true_failure
experiment_5_symmetry_analysis,default,corridor_2,perception_aware,0,7,1.7,1.7,0.7853981633974483,6.419041283557938,4.1763280701453995,-2.32222576807905,0.9987737554725395,5.329310588332621,3.1076239314764984,False,0.0015093315972222173,0.0005707264372794637,0.0012277500492393913,0.001056532118055552,0.0001712179311838391,7.757927291007945,100,40,3,3,0.9,0.8,0.35,0.25,360.0,72,8.0,0.0,5.070422535211268,0.3,0.9987737554725395,0.9816942952619477,5,0.75,0.5,5,False,False,False,6.419041283557938,4.1763280701453995,-2.32222576807905,0.9987737554725395,5.329310588332621,3.1076239314764984,6.148567579356774,4.254000437252602,-1.8000314957083738,0.9919519523691307,5.129587872489433,2.585429659105822,7.4200347984640525,3.8684107428059358,-2.575236726262235,0.988970727474402,6.11725455128,2.9225504175199024,7.399379840449038,3.8521103415580438,-2.065583769716235,0.9884479447233099,6.092167880808766,2.850981933113683,5.289719755582526,4.468465347492932,-1.7287878973473336,0.9770431420393344,4.533264640839826,2.514186060744782,False,True,ambiguous_correct,0.0015093315972222173,0.007640348307291643,0.030379802587145274,0.033968722113294714,0.0015451388888888847,60024,601,1.0,0.0005598958333333301,0.03927354600694433,True,ambiguous_correct,0.0015093315972222173,False,true_failure,0.00944498697916663,False,true_failure,0.010668402777777756,False,true_failure,0.010571831597222196,False,true_failure,0.02571397569444438,False,True,ambiguous_correct;true_failure;true_failure;true_failure;true_failure
experiment_5_symmetry_analysis,default,corridor_2,perception_aware,0,8,1.7,1.7,0.7853981633974483,6.810910242202707,1.8098561574006986,0.8544203588476872,0.9973713981326893,5.112090754199437,0.06902219545023902,False,0.002550455729166653,0.00283403538329636,0.0026355296254055647,0.001785319010416657,0.0008502106149889079,7.674212374986382,100,40,3,3,0.9,0.8,0.35,0.25,360.0,72,8.0,0.0,5.070422535211268,0.3,0.9973713981326893,0.979302291327258,5,0.75,0.5,5,False,False,False,6.810910242202707,1.8098561574006986,0.8544203588476872,0.9973713981326893,5.112090754199437,0.06902219545023902,7.329371755929518,1.7051338064077632,1.4598178949114038,0.9930906039489079,5.629374096862387,0.6744197315139555,5.63565050666459,1.662322807975834,1.3617854957621809,0.9899737761021478,3.9358308502027968,0.5763873323647326,4.907361841783398,1.9794551600230317,0.9158594193603209,0.9876311877835542,3.2195131884481683,0.1304612559628726,7.586615636211766,1.570317828948926,0.6412810023374251,0.9743670729358309,5.888043912368638,0.14411716106002315,False,True,ambiguous_correct,0.002550455729166653,0.007640348307291643,0.08054911859976066,0.06902219545023947,0.004479709201388873,60024,601,1.0,0.0005598958333333301,0.03927354600694433,True,ambiguous_correct,0.002550455729166653,False,true_failure,0.0077772352430555275,False,true_failure,0.007647026909722191,False,true_failure,0.008441840277777748,False,true_failure,0.02960177951388883,False,True,ambiguous_correct;true_failure;true_failure;true_failure;true_failure
experiment_5_symmetry_analysis,default,corridor_2,perception_aware,0,9,1.7,1.7,0.7853981633974483,3.331770128713621,4.2005629132496365,-2.5304073085315824,0.997135398362367,2.9858815509128247,2.967379835250556,False,0.001771375868055547,0.0054428934894130395,0.0028728311544627943,0.0012399631076388828,0.0016328680468239117,8.19483795799897,100,40,3,3,0.9,0.8,0.35,0.25,360.0,72,8.0,0.0,5.070422535211268,0.3,0.997135398362367,0.9826335111968892,5,0.75,0.5,5,False,False,False,3.331770128713621,4.2005629132496365,-2.5304073085315824,0.997135398362367,2.9858815509128247,2.967379835250556,2.7808358154566792,4.400722529788454,-1.9821881209112593,0.9921403875143444,2.908970306290673,2.767586284308708,1.5443779539384657,4.465173021748893,-2.259428392302555,0.9891728140873014,2.7695487107881465,3.0448265557000034,3.5312037805279988,4.228628831532908,-3.04022306694337,0.9886438207813408,3.122061987449883,2.457564076838768,4.03434923798129,3.839909785172464,-1.9677285130287934,0.9841784049135085,3.166764950788216,2.7531266764262416,False,True,ambiguous_correct,0.001771375868055547,0.007640348307291643,0.058861861863393164,0.08758656945991206,0.003021375868055544,60024,601,1.0,0.0005598958333333301,0.03927354600694433,True,ambiguous_correct,0.001771375868055547,True,ambiguous_correct,0.007052408854166636,False,true_failure,0.009431423611111087,False,true_failure,0.009506293402777744,False,true_failure,0.01629828559027774,False,True,ambiguous_correct;ambiguous_correct;true_failure;true_failure;true_failure
experiment_5_symmetry_analysis,default,corridor_2,perception_aware,1,0,2.6,4.2,-0.7853981633974483,5.567539607470598,1.7259001792482045,2.29411681002321,0.9988880089978373,3.863607283996501,3.0795149734206584,False,0.0008349609374999964,0.0017625208214524346,0.0011132289026857278,0.0005844726562499974,0.0005287562464357303,8.435950042010518,100,40,3,3,0.9,0.8,0.35,0.25,360.0,72,8.0,0.0,5.070422535211268,0.3,0.9988880089978373,0.9840047352321202,5,0.75,0.5,5,False,False,False,5.567539607470598,1.7259001792482045,2.29411681002321,0.9988880089978373,3.863607283996501,3.0795149734206584,5.052268138326556,1.7712483896849818,1.7683147030006907,0.9944705681784511,3.4514422212836458,2.553712866398139,4.8317110385523145,1.43486803886949,2.489013958785968,0.9757577762546193,3.553377115092305,3.00877318499617,4.715479289843677,2.2330121748121363,2.6629555102734805,0.9742168981747553,2.8886491185664607,2.8348316335086574,5.954151895976353,1.875663613211854,1.738386232639039,0.9725690640898592,4.0807933763214645,2.523784396036487,False,True,ambiguous_correct,0.0008349609374999964,0.0062997450086805405,0.02373891923980266,0.06207768016913473,0.0015353732638888834,60024,601,1.0,0.0003092447916666649,0.03646538628472214,True,ambiguous_correct,0.0008349609374999964,True,ambiguous_correct,0.005440538194444426,False,true_failure,0.023396809895833284,False,true_failure,0.033078884548611055,False,true_failure,0.025311957465277715,False,True,ambiguous_correct;ambiguous_correct;true_failure;true_failure;true_failure
experiment_5_symmetry_analysis,default,corridor_2,perception_aware,1,1,2.6,4.2,-0.7853981633974483,3.572133095759783,1.6641179034924107,2.2313603443684458,0.9988841508317934,2.715831504946363,3.0167585077658945,False,0.0005403645833333319,0.0024628015671894522,0.001117095678490168,0.00037825520833333233,0.0007388404701568356,8.316572375013493,100,40,3,3,0.9,0.8,0.35,0.25,360.0,72,8.0,0.0,5.070422535211268,0.3,0.9988841508317934,0.9832298234304298,5,0.75,0.5,5,False,False,False,3.572133095759783,1.6641179034924107,2.2313603443684458,0.9988841508317934,2.715831504946363,3.0167585077658945,3.125728367033174,1.56512208234424,1.678221585777207,0.9904405011533254,2.6868144626775634,2.463619749174655,2.1793367148519813,1.8780935311846703,1.8908496916119963,0.9890339321221379,2.359704907270822,2.6762478550094446,3.6449641670709503,2.1645984790431676,2.754455003182491,0.9803086649952729,2.2879705990190677,2.743332140599647,4.336125169822402,1.7504403284541754,2.3377061795180865,0.9724612999420469,3.002411229287979,3.1231043429155347,False,True,ambiguous_correct,0.0005403645833333319,0.0062997450086805405,0.06603170290343446,0.12483414582389907,0.004848632812499985,60024,601,1.0,0.0003092447916666649,0.03646538628472214,True,ambiguous_correct,0.0005403645833333319,False,true_failure,0.006338975694444421,False,true_failure,0.012440863715277743,False,true_failure,0.013802083333333295,False,true_failure,0.01834255642361106,False,True,ambiguous_correct;true_failure;true_failure;true_failure;true_failure
experiment_5_symmetry_analysis,default,corridor_2,perception_aware,1,2,2.6,4.2,-0.7853981633974483,5.586515923645081,1.7192581130560483,2.27153278113364,0.9990223034044752,3.882442230326663,3.0569309445310884,False,0.001178385416666663,0.0005126120999222952,0.0009786534216433527,0.0008248697916666641,0.00015378362997668857,8.349239540984854,100,40,3,3,0.9,0.8,0.35,0.25,360.0,72,8.0,0.0,5.070422535211268,0.3,0.9990223034044752,0.9858560720465248,5,0.75,0.5,5,False,False,False,5.586515923645081,1.7192581130560483,2.27153278113364,0.9990223034044752,3.882442230326663,3.0569309445310884,4.8450532839835025,2.0048663041196466,1.78318540775048,0.994067444273084,3.139884741628974,2.5685835711479283,5.5593107960064785,1.634290011164936,2.8771027372499676,0.990153898495838,3.9166807546912117,2.6206844065321704,5.497870081324877,1.5883263748428311,1.6557464109647544,0.9886419663735894,3.9010883266826246,2.4411445743622027,6.635861532938613,1.7512999082384206,2.0012425157986398,0.9876399495995114,4.720626065729712,2.786640679196088,False,True,ambiguous_correct,0.001178385416666663,0.0062997450086805405,0.03971850804176845,0.08466170905870474,0.0015353732638888834,60024,601,1.0,0.0003092447916666649,0.03646538628472214,True,ambiguous_correct,0.001178385416666663,True,ambiguous_correct,0.005443250868055544,False,true_failure,0.012231987847222188,False,true_failure,0.013450520833333294,False,true_failure,0.008594292534722204,False,True,ambiguous_correct;ambiguous_correct;true_failure;true_failure;true_failure
experiment_5_symmetry_analysis,default,corridor_2,perception_aware,1,3,2.6,4.2,-0.7853981633974483,2.6246163489141887,4.20740654337458,-0.777930367235439,0.9992843371977409,0.025706448969560227,0.007467796162009321,True,0.0002815755208333317,0.001730241592426862,0.0007161753423113907,0.00019710286458333217,0.0005190724777280586,8.418365707999328,100,40,3,3,0.9,0.8,0.35,0.25,360.0,72,8.0,0.0,5.070422535211268,0.3,0.9992843371977409,0.9814996670647085,5,0.75,0.5,5,True,True,True,2.6246163489141887,4.20740654337458,-0.777930367235439,0.9992843371977409,0.025706448969560227,0.007467796162009321,4.558089988378744,4.273771334444834,-0.5002591711060589,0.9921263743881557,1.9594791686503945,0.2851389922913894,1.1805864469670588,4.22749323092243,-1.0048496779529956,0.9916724505076252,1.41967979216447,0.21945151455554734,4.962901390669047,4.172642419312255,-1.1183717221741203,0.9909109105036228,2.363059757866229,0.332973558776672,2.9570890129811236,4.174950830047223,-1.3870175397746891,0.9901090781195205,0.3579665125499257,0.6016193763772408,True,True,exact_correct,0.0002815755208333317,0.0062997450086805405,0.05440741138053985,0.007467796162009321,0.0003580729166666649,60024,601,1.0,0.0003092447916666649,0.03646538628472214,True,exact_correct,0.0002815755208333317,False,true_failure,0.008989257812499969,True,ambiguous_correct,0.0034711371527777635,True,ambiguous_correct,0.0029709201388888793,False,true_failure,0.0076318359374999735,True,True,exact_correct;true_failure;ambiguous_correct;ambiguous_correct;true_failure
experiment_5_symmetry_analysis,default,corridor_2,perception_aware,1,4,2.6,4.2,-0.7853981633974483,5.355741328892221,1.685026563136094,2.1959007816384095,0.9986344539153146,3.730844630897367,2.9812989450358582,False,0.0008029513888888859,0.0026844912613676352,0.0013674133506325105,0.0005620659722222201,0.0008053473784102905,8.507831416995032,100,40,3,3,0.9,0.8,0.35,0.25,360.0,72,8.0,0.0,5.070422535211268,0.3,0.9986344539153146,0.9837101644664479,5,0.75,0.5,5,False,False,False,5.355741328892221,1.685026563136094,2.1959007816384095,0.9986344539153146,3.730844630897367,2.9812989450358582,5.319525678459394,1.7942906850023408,1.6395272108503667,0.9920399118196048,3.630875545108443,2.424925374247815,5.394950941281145,1.87759010366113,2.732297543030121,0.9887259733655315,3.63391503626338,2.7654896007520176,3.7300574105059185,2.0081652967222743,2.09198281068012,0.9829645389052979,2.4660026596765663,2.8773809740775684,7.758748436510768,1.2326196444085549,2.450348833175857,0.9750355932978245,5.951305033852013,3.047438310606281,False,True,ambiguous_correct,0.0008029513888888859,0.0062997450086805405,0.07350510452116354,0.1015056792452147,0.0031429036458333216,60024,601,1.0,0.0003092447916666649,0.03646538628472214,True,ambiguous_correct,0.0008029513888888859,False,true_failure,0.009613715277777749,False,true_failure,0.0126595052083333,False,true_failure,0.00923502604166663,False,true_failure,0.01816026475694441,False,True,ambiguous_correct;true_failure;true_failure;true_failure;true_failure
experiment_5_symmetry_analysis,default,corridor_2,perception_aware,1,5,2.6,4.2,-0.7853981633974483,5.599923691082925,1.6501926402444236,2.3172033124704488,0.9988178214491725,3.9371385198116036,3.102601475867897,False,0.0007004123263888868,0.0023109637419530243,0.001183577751058128,0.0004902886284722207,0.0006932891225859073,8.331826999987243,100,40,3,3,0.9,0.8,0.35,0.25,360.0,72,8.0,0.0,5.070422535211268,0.3,0.9988178214491725,0.9793140578292159,5,0.75,0.5,5,False,False,False,5.599923691082925,1.6501926402444236,2.3172033124704488,0.9988178214491725,3.9371385198116036,3.102601475867897,1.7676944115945856,1.7409905701027568,2.296723490253118,0.994372605802444,2.5960469889457793,3.0821216536505665,3.6249002503742362,1.6371859815652534,1.9554376405831242,0.9942581500325776,2.760151484303502,2.7408358039805725,4.762655596641553,1.8957842558164542,1.4461690213706166,0.9908277333274463,3.160140728737941,2.231567184768065,7.4313391275973855,1.8764770985966854,2.5081847601422833,0.9883298362134977,5.36102568910084,2.9896023836398546,False,True,ambiguous_correct,0.0007004123263888868,0.0062997450086805405,0.04220628875237907,0.038991177721896086,0.00036241319444444277,60024,601,1.0,0.0003092447916666649,0.03646538628472214,True,ambiguous_correct,0.0007004123263888868,True,ambiguous_correct,0.005065104166666658,True,ambiguous_correct,0.006022135416666646,False,true_failure,0.006898871527777758,True,ambiguous_correct,0.005545789930555541,False,True,ambiguous_correct;ambiguous_correct;ambiguous_correct;true_failure;ambiguous_correct
experiment_5_symmetry_analysis,default,corridor_2,perception_aware,1,6,2.6,4.2,-0.7853981633974483,6.025105467987496,3.967149512800736,-0.6901025671905219,0.9986403070466303,3.433011333541848,0.09529559620692662,False,0.0011816406249999982,0.0017813193265748782,0.001361544235472462,0.0008271484374999987,0.0005343957979724634,8.39260849999846,100,40,3,3,0.9,0.8,0.35,0.25,360.0,72,8.0,0.0,5.070422535211268,0.3,0.9984433005479085,0.9820295718807165,5,0.75,0.5,5,False,False,False,6.025105467987496,3.967149512800736,-0.6901025671905219,0.9986403070466303,3.433011333541848,0.09529559620692662,6.472824418197886,4.203746711322526,-1.2313213481818592,0.9927334843232464,3.8728262305499235,0.44592318478441095,6.064607778939778,3.8392097441065736,-0.13379570090266224,0.9877656058900661,3.483342743778979,0.651602462494786,4.9725736101379585,3.9120717498208295,-0.021618637547459407,0.9717869928908767,2.389980797574387,0.7637795258499889,5.31827128257194,3.2224834835741585,-1.1408395001578242,0.9601812006018514,2.888691279029418,0.3554413367603759,False,True,ambiguous_correct,0.0011816406249999982,0.0062997450086805405,0.043246168462563815,0.09529559620692662,0.002674153645833329,60024,601,1.0,0.0003092447916666649,0.03646538628472214,True,ambiguous_correct,0.0011816406249999982,True,ambiguous_correct,0.005406901041666651,False,true_failure,0.013490125868055524,False,true_failure,0.03021809895833326,False,true_failure,0.03375705295138878,False,True,ambiguous_correct;ambiguous_correct;true_failure;true_failure;true_failure
experiment_5_symmetry_analysis,default,corridor_2,perception_aware,1,7,2.6,4.2,-0.7853981633974483,4.391081469914928,4.264794244865201,-0.778567975359763,0.9983057366900642,1.7922530864920476,0.006830188037685314,False,0.0002783203124999988,0.00500771497011272,0.0016971387097838152,0.00019482421874999914,0.001502314491033816,8.322816374973627,100,40,3,3,0.9,0.8,0.35,0.25,360.0,72,8.0,0.0,5.070422535211268,0.3,0.9983057366900642,0.9813785645033875,5,0.75,0.5,5,False,False,False,4.391081469914928,4.264794244865201,-0.778567975359763,0.9983057366900642,1.7922530864920476,0.006830188037685314,5.873688808081642,3.9417253786189805,-0.6331400499411215,0.9962432222472715,3.283861171275136,0.15225811345632678,1.2856419900915852,3.94236955012221,-0.7441445085523322,0.9942190150134826,1.3393694139088892,0.04125365484511612,4.780550688912583,4.330448800144534,-1.2995180096406542,0.9928062347453254,2.1844491745921415,0.5141198462432062,3.002616513721463,4.091363263750796,-0.9206134640276652,0.9926064133285041,0.4170155843420052,0.1352153006302168,False,True,ambiguous_correct,0.0002783203124999988,0.0062997450086805405,0.004286360438211356,0.006830188037685314,0.0024593098958333214,60024,601,1.0,0.0003092447916666649,0.03646538628472214,True,ambiguous_correct,0.0002783203124999988,True,ambiguous_correct,0.0027739800347222187,True,ambiguous_correct,0.005065104166666661,True,ambiguous_correct,0.006192491319444422,True,ambiguous_correct,0.004884440104166651,False,True,ambiguous_correct;ambiguous_correct;ambiguous_correct;ambiguous_correct;ambiguous_correct
experiment_5_symmetry_analysis,default,corridor_2,perception_aware,1,8,2.6,4.2,-0.7853981633974483,6.017346424745931,4.009943380773137,-0.6956901456325717,0.9985130493448449,3.4226273687381945,0.08970801776487658,False,0.0008485243055555542,0.002983993186979657,0.001489164969982785,0.0005939670138888879,0.000895197956093897,7.997843874996761,100,40,3,3,0.9,0.8,0.35,0.25,360.0,72,8.0,0.0,5.070422535211268,0.3,0.9985130493448449,0.9817307657022133,5,0.75,0.5,5,False,False,False,6.017346424745931,4.009943380773137,-0.6956901456325717,0.9985130493448449,3.4226273687381945,0.08970801776487658,6.091088443840557,3.9049709707306564,-1.2238637106063281,0.9911064534896216,3.503532595942086,0.43846554720887987,5.965681669347792,3.737392135870816,-0.1054610182738922,0.9905590599011421,3.397325291363473,0.6799371451235561,6.727891089303364,4.361256395130116,-0.777437760061598,0.9810145608368005,4.131039635505871,0.007960403335850241,5.322781781387854,4.375192689937387,-0.8335935871248061,0.9700365419679049,2.7284121953372646,0.048195423727357856,False,True,ambiguous_correct,0.0008485243055555542,0.0062997450086805405,0.037875385895811346,0.08970801776487658,0.002686089409722219,60024,601,1.0,0.0003092447916666649,0.03646538628472214,True,ambiguous_correct,0.0008485243055555542,False,true_failure,0.010638020833333308,False,true_failure,0.010525173611111086,False,true_failure,0.01943413628472218,False,true_failure,0.024325629340277714,False,True,ambiguous_correct;true_failure;true_failure;true_failure;true_failure
experiment_5_symmetry_analysis,default,corridor_2,perception_aware,1,9,2.6,4.2,-0.7853981633974483,5.6059232741298635,1.7254389630995104,2.3609768105226108,0.9996893888614752,3.8934595227511517,3.136810333259527,False,0.0002511935763888875,0.00044957381436318164,0.0003107076477811757,0.00017583550347222124,0.00013487214430895448,8.526019333017757,100,40,3,3,0.9,0.8,0.35,0.25,360.0,72,8.0,0.0,5.070422535211268,0.3,0.9996893888614752,0.982912449396692,5,0.75,0.5,5,False,False,False,5.6059232741298635,1.7254389630995104,2.3609768105226108,0.9996893888614752,3.8934595227511517,3.136810333259527,4.988311096061093,2.00812898120964,1.7895947739072255,0.9942880325294959,3.241655202914343,2.574992937304674,4.977243272516576,1.4672807820527483,1.2167325271716898,0.9837616400641219,3.6220215213142453,2.002130690569138,4.937522865937526,2.0825394988963377,2.8693389242383818,0.9804441226542256,3.153989873559355,2.628448219543756,4.739407030398713,1.3542721442330028,2.4147106449063687,0.9722221389041957,3.560228850903783,3.0830764988757693,False,True,ambiguous_correct,0.0002511935763888875,0.0062997450086805405,0.051896409985828076,0.004782320330265932,0.0015353732638888834,60024,601,1.0,0.0003092447916666649,0.03646538628472214,True,ambiguous_correct,0.0002511935763888875,True,ambiguous_correct,0.005742187499999985,False,true_failure,0.012989366319444409,False,true_failure,0.02640787760416662,False,true_failure,0.025296766493055508,False,True,ambiguous_correct;ambiguous_correct;true_failure;true_failure;true_failure
experiment_5_symmetry_analysis,default,corridor_2,perception_aware,2,0,3.8,3.0,0.0,3.826709957367513,2.9822353627139613,-0.0007986224571402522,0.9990581313706027,0.032078094713977115,0.0007986224571401301,True,0.0008810763888888878,0.0010866770334165693,0.0009427565822471922,0.0006167534722222214,0.0003260031100249708,12.509924749989295,100,40,3,3,0.9,0.8,0.35,0.25,360.0,72,8.0,0.0,5.070422535211268,0.3,0.9990581313706027,0.9849572292339185,5,0.75,0.5,5,True,True,True,3.826709957367513,2.9822353627139613,-0.0007986224571402522,0.9990581313706027,0.032078094713977115,0.0007986224571401301,4.692611154396108,3.0934273589633867,0.05036234788547578,0.9873319006469198,0.897487239104393,0.05036234788547578,2.6340580738062203,2.9028777053317083,0.07595071878285964,0.9836141458093436,1.1699800491367771,0.07595071878285964,3.5141493319578836,2.812596645578167,-0.5111625298686381,0.9794448672259118,0.3418049468171566,0.511162529868638,4.601006742875855,3.1146374054932884,-0.5459794932343169,0.9744569372927264,0.8091684230559291,0.5459794932343169,True,True,exact_correct,0.0008810763888888878,0.015159418402777717,0.03960310994030829,0.0007986224571401301,0.0014089626736111076,60024,601,1.0,0.0014089626736111076,0.04471489800347206,True,exact_correct,0.0008810763888888878,True,ambiguous_correct,0.011155056423611087,True,ambiguous_correct,0.012179904513888859,False,true_failure,0.02538574218749988,False,true_failure,0.029925672743055423,True,True,exact_correct;ambiguous_correct;ambiguous_correct;true_failure;true_failure
experiment_5_symmetry_analysis,default,corridor_2,perception_aware,2,1,3.8,3.0,0.0,4.351086615138836,2.8916024020991657,-3.14065770027325,0.9973427532491774,0.5616462379610951,3.14065770027325,False,0.0011452907986111093,0.006208743215977755,0.0026643265238211027,0.0008017035590277765,0.0018626229647933264,12.55305191600928,100,40,3,3,0.9,0.8,0.35,0.25,360.0,72,8.0,0.0,5.070422535211268,0.3,0.9973427532491774,0.9837312146452536,5,0.75,0.5,5,False,False,False,4.351086615138836,2.8916024020991657,-3.14065770027325,0.9973427532491774,0.5616462379610951,3.14065770027325,3.508412552131486,2.962935357993002,2.9496157880392535,0.9887611932951482,0.29393371266593443,2.949615788039253,4.325477725208479,2.8277836212188925,2.556537168984356,0.9795083897671544,0.5529785898303443,2.556537168984356,3.4078674082292153,3.235594865375295,-2.7453276568720177,0.9788707087699512,0.4574635615216539,2.7453276568720177,5.248014148265927,2.779849740891418,-2.870958443673898,0.9775720661631574,1.4646539216360548,2.870958443673898,False,True,ambiguous_correct,0.0011452907986111093,0.015159418402777717,0.0633712907933318,0.0009349533165430302,0.0016465928819444369,60024,601,1.0,0.0014089626736111076,0.04471489800347206,True,ambiguous_correct,0.0011452907986111093,True,ambiguous_correct,0.012577582465277745,False,true_failure,0.026110568576388788,False,true_failure,0.0224240451388888,False,true_failure,0.019133572048611037,False,True,ambiguous_correct;ambiguous_correct;true_failure;true_failure;true_failure
experiment_5_symmetry_analysis,default,corridor_2,perception_aware,2,2,3.8,3.0,0.0,3.8544089702990254,3.010088228799191,-0.002763637239731498,0.9992036776514468,0.055336320886964205,0.002763637239731498,True,0.0005192057291666673,0.0014450432426434516,0.0007969569832097026,0.0003634440104166671,0.00043351297279303546,12.401487584022107,100,40,3,3,0.9,0.8,0.35,0.25,360.0,72,8.0,0.0,5.070422535211268,0.3,0.9992036776514468,0.9831186355805017,5,0.75,0.5,5,True,True,True,3.8544089702990254,3.010088228799191,-0.002763637239731498,0.9992036776514468,0.055336320886964205,0.002763637239731498,4.770621390551068,3.029686289059537,-0.08846748261853914,0.9874488385974809,0.9710752594693245,0.08846748261853898,2.841416893658341,3.0191505345913736,-0.140292637549563,0.9857200782949986,0.9587743815615641,0.140292637549563,4.2831520181357225,2.935745040994035,0.5418465513705284,0.9806970295073221,0.4874059626076398,0.5418465513705284,3.648477831088139,2.9302016197714487,-0.6179951296488131,0.9784638709114681,0.16682560221465986,0.6179951296488131,True,True,exact_correct,0.0005192057291666673,0.015159418402777717,0.07063153896813788,0.002763637239731498,0.0015993923611111037,60024,601,1.0,0.0014089626736111076,0.04471489800347206,True,exact_correct,0.0005192057291666673,True,ambiguous_correct,0.010712348090277758,True,ambiguous_correct,0.010522460937499976,False,true_failure,0.02524793836805543,False,true_failure,0.029239908854166538,True,True,exact_correct;ambiguous_correct;ambiguous_correct;true_failure;true_failure
experiment_5_symmetry_analysis,default,corridor_2,perception_aware,2,3,3.8,3.0,0.0,3.838019076721599,3.010180441131157,-0.008587555845951642,0.9995345112026682,0.03935850068775222,0.008587555845951833,True,0.0004920789930555561,0.00040416760974089594,0.00046570557806115804,0.00034445529513888926,0.00012125028292226878,12.558022582990816,100,40,3,3,0.9,0.8,0.35,0.25,360.0,72,8.0,0.0,5.070422535211268,0.3,0.9995345112026682,0.9830925833178243,5,0.75,0.5,5,True,True,True,3.838019076721599,3.010180441131157,-0.008587555845951642,0.9995345112026682,0.03935850068775222,0.008587555845951833,4.591303121429043,3.1607553954803946,0.07038438147944026,0.9864967604888996,0.8074669820862057,0.07038438147944026,3.117892313857127,2.6925235554734925,0.12344137724464677,0.9846442524804666,0.7482062947034371,0.12344137724464677,4.440959642097027,2.726012087415235,-0.6269428280036715,0.9780931270705439,0.6970643005058476,0.6269428280036715,3.6545615203266273,2.24886933554719,-0.4351335831084717,0.9758813271035076,0.7650814508606399,0.4351335831084717,True,True,exact_correct,0.0004920789930555561,0.015159418402777717,0.05988551756650851,0.008587555845951833,0.0015993923611111037,60024,601,1.0,0.0014089626736111076,0.04471489800347206,True,exact_correct,0.0004920789930555561,True,ambiguous_correct,0.011887478298611087,True,ambiguous_correct,0.01353407118055552,False,true_failure,0.02526150173611101,False,true_failure,0.025506184895833256,True,True,exact_correct;ambiguous_correct;ambiguous_correct;true_failure;true_failure
experiment_5_symmetry_analysis,default,corridor_2,perception_aware,2,4,3.8,3.0,0.0,3.84516946153457,2.969388686494211,0.014761482999224057,0.9990464121081664,0.0545649408491634,0.014761482999224196,True,0.0006152343749999985,0.001746113423849063,0.0009544980896547177,0.0004306640624999989,0.0005238340271547188,12.549614292016486,100,40,3,3,0.9,0.8,0.35,0.25,360.0,72,8.0,0.0,5.070422535211268,0.3,0.9990464121081664,0.983675593182041,5,0.75,0.5,5,True,True,True,3.84516946153457,2.969388686494211,0.014761482999224057,0.9990464121081664,0.0545649408491634,0.014761482999224196,3.0987234410163573,2.8540658775181313,0.056041407312505065,0.9868029701860213,0.7162999234151092,0.056041407312505065,4.25129521595282,2.8353800094631416,0.5273132784960519,0.98127801730311,0.48038225740160084,0.5273132784960519,3.8894759023331806,2.465983512011495,-0.5040988996147338,0.9783366654946707,0.5414605678550508,0.5040988996147338,4.689469948676886,3.0267309873705077,-0.5414638705443542,0.9748569549371218,0.8898715274044143,0.5414638705443542,True,True,exact_correct,0.0006152343749999985,0.015159418402777717,0.04577477729556748,0.014761482999224196,0.0014089626736111076,60024,601,1.0,0.0014089626736111076,0.04471489800347206,True,exact_correct,0.0006152343749999985,True,ambiguous_correct,0.011807183159722198,False,true_failure,0.024034288194444337,False,true_failure,0.02736979166666657,False,true_failure,0.02889756944444432,True,True,exact_correct;ambiguous_correct;true_failure;true_failure;true_failure
experiment_5_symmetry_analysis,default,corridor_2,perception_aware,2,5,3.8,3.0,0.0,3.796920952272515,3.00278511422765,-0.009015736735766534,0.999955279861974,0.004151794331272452,0.009015736735766389,True,9.765624999999978e-06,0.0001262873350210148,4.4722138006304426e-05,6.835937499999984e-06,3.788620050630444e-05,12.875739541981602,100,40,3,3,0.9,0.8,0.35,0.25,360.0,72,8.0,0.0,5.070422535211268,0.3,0.999955279861974,0.9835983898121249,5,0.75,0.5,5,True,True,True,3.796920952272515,3.00278511422765,-0.009015736735766534,0.999955279861974,0.004151794331272452,0.009015736735766389,4.6312645585196455,3.0230733050065606,0.05478028420799541,0.9877040699154878,0.8315847182667483,0.05478028420799541,2.9836822093477005,3.0042085656049657,0.0031282689785018573,0.9857340338140959,0.8163286393113393,0.0031282689785019357,4.137680714513843,2.7566658907986934,-0.5131178810883106,0.9806032170644928,0.4162207991623835,0.5131178810883106,3.247786672258527,3.0981576154074815,-0.6588096157191439,0.9772489921366838,0.5608693937074781,0.6588096157191439,True,True,exact_correct,9.765624999999978e-06,0.015159418402777717,0.0532191131174066,0.009015736735766389,0.0014089626736111076,60024,601,1.0,0.0014089626736111076,0.04471489800347206,True,exact_correct,9.765624999999978e-06,True,ambiguous_correct,0.011119249131944422,True,ambiguous_correct,0.011203884548611091,False,true_failure,0.02594997829861101,False,true_failure,0.026906467013888755,True,True,exact_correct;ambiguous_correct;ambiguous_correct;true_failure;true_failure
experiment_5_symmetry_analysis,default,corridor_2,perception_aware,2,6,3.8,3.0,0.0,3.810219502114878,3.044615905582663,-0.013987716408598378,0.999192002412273,0.04577135845085981,0.013987716408598416,True,0.0004313151041666672,0.0016891013428273194,0.0008086509757648628,0.000301920572916667,0.0005067304028481958,12.555417083000066,100,40,3,3,0.9,0.8,0.35,0.25,360.0,72,8.0,0.0,5.070422535211268,0.3,0.999192002412273,0.9832719900026393,5,0.75,0.5,5,True,True,True,3.810219502114878,3.044615905582663,-0.013987716408598378,0.999192002412273,0.04577135845085981,0.013987716408598416,4.825675926456044,3.228029152378531,0.06947026299197745,0.9838275069972789,1.0507180404113823,0.06947026299197745,2.7706126598897853,2.786029742739464,0.1271493852562222,0.9821687398808543,1.0513903019199493,0.1271493852562222,4.288486272002995,2.897255896036808,-0.5697256801300132,0.9817766117447153,0.499174507396545,0.5697256801300132,4.207149794224002,2.7611147911853102,0.5237833893801014,0.9799956129048873,0.47205624445301597,0.5237833893801014,True,True,exact_correct,0.0004313151041666672,0.015159418402777717,0.0160275835930731,0.013987716408598416,0.0015993923611111037,60024,601,1.0,0.0014089626736111076,0.04471489800347206,True,exact_correct,0.0004313151041666672,True,ambiguous_correct,0.013439127604166634,True,ambiguous_correct,0.014788411458333296,False,true_failure,0.023903537326388787,False,true_failure,0.02529025607638878,True,True,exact_correct;ambiguous_correct;ambiguous_correct;true_failure;true_failure
experiment_5_symmetry_analysis,default,corridor_2,perception_aware,2,7,3.8,3.0,0.0,4.3076894247327076,2.8975197925019653,3.1414897906618666,0.99713159949326,0.5179292856310289,3.1414897906618666,False,0.0017154947916666653,0.005586018474436567,0.0028766518964976357,0.0012008463541666656,0.0016758055423309701,12.742185916984454,100,40,3,3,0.9,0.8,0.35,0.25,360.0,72,8.0,0.0,5.070422535211268,0.3,0.99713159949326,0.9835198248185774,5,0.75,0.5,5,False,False,False,4.3076894247327076,2.8975197925019653,3.1414897906618666,0.99713159949326,0.5179292856310289,3.1414897906618666,3.5381732780137187,2.9004367723330327,-3.0682922159893278,0.9898372373353642,0.28011795488605457,3.0682922159893278,5.156380501549822,3.1215039058047496,-3.0450279702776495,0.9833678461200918,1.3618117579571545,3.0450279702776495,4.22038030942542,2.9396773399589953,2.589433167221893,0.980692528097892,0.4246862699299739,2.589433167221893,4.536250182429195,3.6879937364061104,2.6521078548269568,0.9769646436103534,1.0076704384177715,2.6521078548269568,False,True,ambiguous_correct,0.0017154947916666653,0.015159418402777717,0.08361680293885347,0.00010286292792649476,0.002467447916666664,60024,601,1.0,0.0014089626736111076,0.04471489800347206,True,ambiguous_correct,0.0017154947916666653,True,ambiguous_correct,0.011106228298611092,True,ambiguous_correct,0.012624240451388855,False,true_failure,0.025258789062499898,False,true_failure,0.0261273871527777,False,True,ambiguous_correct;ambiguous_correct;ambiguous_correct;true_failure;true_failure
experiment_5_symmetry_analysis,default,corridor_2,perception_aware,2,8,3.8,3.0,0.0,3.802904282446153,3.007071840227587,-0.010684102333053006,0.9996386205347781,0.0076449840242834724,0.010684102333053058,True,1.7361111111111094e-05,0.0011645244325779434,0.0003615101075511608,1.2152777777777765e-05,0.00034935732977338304,12.329824250016827,100,40,3,3,0.9,0.8,0.35,0.25,360.0,72,8.0,0.0,5.070422535211268,0.3,0.9996386205347781,0.9843210446107047,5,0.75,0.5,5,True,True,True,3.802904282446153,3.007071840227587,-0.010684102333053006,0.9996386205347781,0.0076449840242834724,0.010684102333053058,4.590443855326614,3.09964990872261,-0.18645120884460686,0.9863178835183471,0.796700441026629,0.18645120884460686,3.2737212881999938,2.4642796145063324,-0.4065435148906147,0.978743174062443,0.7509764403277627,0.4065435148906147,4.240122742537293,3.6575683561448185,0.6178530174562797,0.9771633378635797,0.7912674462541396,0.6178530174562797,3.489233810350798,3.20390517378871,-0.9429710763777766,0.9767161489684866,0.37168931182761716,0.9429710763777766,True,True,exact_correct,1.7361111111111094e-05,0.015159418402777717,0.052193541550026985,0.010684102333053058,0.0015993923611111037,60024,601,1.0,0.0014089626736111076,0.04471489800347206,True,exact_correct,1.7361111111111094e-05,True,ambiguous_correct,0.01288465711805552,False,true_failure,0.022475585937499914,False,true_failure,0.028686523437499913,False,true_failure,0.027640516493055423,True,True,exact_correct;ambiguous_correct;true_failure;true_failure;true_failure
experiment_5_symmetry_analysis,default,corridor_2,perception_aware,2,9,3.8,3.0,0.0,3.8434779935709895,2.995089424207506,-0.0333431020585324,0.9995703433682058,0.0437544246856572,0.03334310205853219,True,0.0005327690972222228,0.00018967649303578438,0.00042984131596629125,0.00037293836805555593,5.690294791073531e-05,12.249826707993634,100,40,3,3,0.9,0.8,0.35,0.25,360.0,72,8.0,0.0,5.070422535211268,0.3,0.9995703433682058,0.983890221882308,5,0.75,0.5,5,True,True,True,3.8434779935709895,2.995089424207506,-0.0333431020585324,0.9995703433682058,0.0437544246856572,0.03334310205853219,3.069400398532993,3.0979818234529644,-0.10333286574646414,0.985767602555161,0.737140566914423,0.10333286574646428,4.571961116825134,3.2067611716159137,0.0980592378771119,0.9844348643685236,0.799170912870266,0.0980592378771119,1.9202497286168545,3.223320043362223,0.04204708466710594,0.9753948226454179,1.8929693406213197,0.04204708466710594,2.7865301963258355,3.1124261780615137,0.4297438329700194,0.9749257407890648,1.0196865638385495,0.4297438329700194,True,True,exact_correct,0.0005327690972222228,0.015159418402777717,0.06012528843848697,0.03334310205853219,0.0014089626736111076,60024,601,1.0,0.0014089626736111076,0.04471489800347206,True,exact_correct,0.0005327690972222228,True,ambiguous_correct,0.011488715277777756,True,ambiguous_correct,0.013642578124999968,True,ambiguous_correct,0.013835177951388819,False,true_failure,0.02440700954861101,True,True,exact_correct;ambiguous_correct;ambiguous_correct;ambiguous_correct;true_failure
experiment_5_symmetry_analysis,default,corridor_2,perception_aware,3,0,5.2,4.2,4.71238898038469,5.147027170051042,4.296250545149735,-1.5197271370255585,0.9981969036849049,0.10986486314751558,0.05106918976933805,True,0.001112738715277775,0.003424787478197216,0.0018063533441536072,0.0007789171006944424,0.0010274362434591648,8.498499041015748,100,40,3,3,0.9,0.8,0.35,0.25,360.0,72,8.0,0.0,5.070422535211268,0.3,0.9981969036849049,0.9775582216634647,5,0.75,0.5,5,True,True,True,5.147027170051042,4.296250545149735,-1.5197271370255585,0.9981969036849049,0.10986486314751558,0.05106918976933805,3.043907817575822,1.7417640440935624,1.5251951158941555,0.9978155858638987,3.269810011915355,3.0959914426890522,4.345475318882813,4.268817335287438,-1.0645270502232551,0.9938196907465978,0.8572912318894287,0.5062692765716417,3.012246700695959,4.334150724617139,-1.2280498085203788,0.9924697223970977,2.191862430795104,0.3427465182745175,2.4003532019742195,4.2174760955227155,-0.5428074864033618,0.9924121103030653,2.799701342574012,1.0279888403915347,True,True,exact_correct,0.001112738715277775,0.0081080132378472,0.04410628973026649,0.05106918976933805,0.0017024739583333284,60024,601,1.0,0.00036892361111110893,0.042189670138888774,True,exact_correct,0.001112738715277775,True,ambiguous_correct,0.0004828559027777748,True,ambiguous_correct,0.007373589409722204,True,ambiguous_correct,0.0047233072916666435,False,true_failure,0.008597005208333298,True,True,exact_correct;ambiguous_correct;ambiguous_correct;ambiguous_correct;true_failure
experiment_5_symmetry_analysis,default,corridor_2,perception_aware,3,1,5.2,4.2,4.71238898038469,5.158404612806784,4.217382812251456,-1.547943560807565,0.9999488236010955,0.04508146401263982,0.022852765987331658,True,2.875434027777776e-05,0.00010350326622679135,5.117901806248183e-05,2.012803819444443e-05,3.10509798680374e-05,8.508913375000702,100,40,3,3,0.9,0.8,0.35,0.25,360.0,72,8.0,0.0,5.070422535211268,0.3,0.9999488236010955,0.9839845467376709,5,0.75,0.5,5,True,True,True,5.158404612806784,4.217382812251456,-1.547943560807565,0.9999488236010955,0.04508146401263982,0.022852765987331658,4.409484935014378,4.296432161963914,-0.957292358082972,0.9941806096985176,0.7963750560070657,0.6135039687119246,6.094263531100055,4.483701068939727,-0.8798789221853478,0.9873524621187099,0.9381863138913734,0.6909174046095483,5.852669471855133,3.5149702999124384,-1.8308561972582047,0.9809413405691314,0.9461728856259375,0.2600598704633086,4.255611853922787,4.168924952467984,-1.812850753757706,0.9746375396498147,0.9448992692505763,0.24205442696280954,True,True,exact_correct,2.875434027777776e-05,0.0081080132378472,0.057954876575411096,0.022852765987331658,0.0017024739583333284,60024,601,1.0,0.00036892361111110893,0.042189670138888774,True,exact_correct,2.875434027777776e-05,True,ambiguous_correct,0.00650282118055553,False,true_failure,0.008119574652777751,False,true_failure,0.020757921006944433,False,true_failure,0.03374294704861104,True,True,exact_correct;ambiguous_correct;true_failure;true_failure;true_failure
experiment_5_symmetry_analysis,default,corridor_2,perception_aware,3,2,5.2,4.2,4.71238898038469,3.164189111352556,1.6263840507286842,1.6344687214954718,0.9994196406058172,3.281466901963083,3.077920258889218,False,0.0004573567708333312,0.000868488890714128,0.0005806964067975703,0.00032014973958333185,0.0002605466672142384,8.380394999985583,100,40,3,3,0.9,0.8,0.35,0.25,360.0,72,8.0,0.0,5.070422535211268,0.3,0.9994196406058172,0.9835251483787563,5,0.75,0.5,5,False,False,False,3.164189111352556,1.6263840507286842,1.6344687214954718,0.9994196406058172,3.281466901963083,3.077920258889218,2.914187753067379,1.8484137679738903,1.0666383394744807,0.9905321258715776,3.2794657239986384,2.6374346662693773,1.9002349986194575,1.7257890904403346,1.7630484357863452,0.9894307354679324,4.124338575980396,2.9493405445983445,3.388158746844008,1.673123628422483,2.269547089779884,0.98841717494134,3.109320331499254,2.4428418906048055,2.501707779476835,2.1473105541501556,2.406671284098585,0.9843656502316247,3.390326661022382,2.305717696286105,False,True,ambiguous_correct,0.0004573567708333312,0.0081080132378472,0.055749936864698646,0.06367239470057529,0.0051622178819444205,60024,601,1.0,0.00036892361111110893,0.042189670138888774,True,ambiguous_correct,0.0004573567708333312,False,true_failure,0.009774848090277738,True,ambiguous_correct,0.006763780381944421,False,true_failure,0.012944335937499947,False,true_failure,0.009873589409722206,False,True,ambiguous_correct;true_failure;ambiguous_correct;true_failure;true_failure
experiment_5_symmetry_analysis,default,corridor_2,perception_aware,3,3,5.2,4.2,4.71238898038469,5.2125629132586315,4.1990141729258195,-1.5693341180239824,0.9995751365992823,0.012601533421138993,0.0014622087709144083,True,8.680555555555542e-06,0.0013965586582071973,0.0004250439863510481,6.076388888888879e-06,0.0004189675974621592,8.326044000015827,100,40,3,3,0.9,0.8,0.35,0.25,360.0,72,8.0,0.0,5.070422535211268,0.3,0.9995751365992823,0.9816224304880454,5,0.75,0.5,5,True,True,True,5.2125629132586315,4.1990141729258195,-1.5693341180239824,0.9995751365992823,0.012601533421138993,0.0014622087709144083,4.454160597174495,4.006493006523719,-0.9182856920087121,0.9861449103205191,0.7705331734139266,0.652510634786184,5.420846336080057,4.1715636778440315,-2.255174372809296,0.9860693652549637,0.22266955018085324,0.6843780460144,3.3663097093698533,3.675814491388104,-1.5942632102861263,0.9854738573921634,1.9071419793476272,0.023466883491229495,6.283562868681017,3.7994702302878993,-1.5682942387955299,0.9842939088786071,1.15521971365185,0.0025020879993666867,True,True,exact_correct,8.680555555555542e-06,0.0081080132378472,0.07177395531752147,0.0014622087709144083,0.002961697048611098,60024,601,1.0,0.00036892361111110893,0.042189670138888774,True,exact_correct,8.680555555555542e-06,False,true_failure,0.010209418402777741,False,true_failure,0.01443088107638883,False,true_failure,0.009860026041666633,False,true_failure,0.011840820312499984,True,True,exact_correct;true_failure;true_failure;true_failure;true_failure
experiment_5_symmetry_analysis,default,corridor_2,perception_aware,3,4,5.2,4.2,4.71238898038469,5.076391006751085,4.295732058359926,-1.5234140509230478,0.9993116747805193,0.15634516369187296,0.047382275871848734,True,0.0005604383680555533,0.0009883082659898669,0.0006887993374358474,0.0003923068576388873,0.00029649247979696006,8.284547583985841,100,40,3,3,0.9,0.8,0.35,0.25,360.0,72,8.0,0.0,5.070422535211268,0.3,0.9993116747805193,0.9829344358636013,5,0.75,0.5,5,True,True,True,5.076391006751085,4.295732058359926,-1.5234140509230478,0.9993116747805193,0.15634516369187296,0.047382275871848734,3.497916833287478,4.271725850826647,-1.596088423353615,0.991271968834326,1.7035937614592669,0.02529209655871867,4.385265990362387,4.13808607652852,-0.5476379401634763,0.99039202066286,0.817083129418185,1.0231583866314207,1.297631547416729,4.0106589826209715,-1.1407685915234462,0.9893471224871901,3.9069591193893087,0.4300277352714499,2.3479113924742854,4.166391183913585,-1.0861375187588704,0.9884045569215256,2.852286622640982,0.4846588080360261,True,True,exact_correct,0.0005604383680555533,0.0081080132378472,0.0559713713675357,0.047382275871848734,0.0017024739583333284,60024,601,1.0,0.00036892361111110893,0.042189670138888774,True,exact_correct,0.0005604383680555533,True,ambiguous_correct,0.0055973307291666535,False,true_failure,0.009799262152777738,True,ambiguous_correct,0.00494303385416665,False,true_failure,0.013033854166666635,True,True,exact_correct;ambiguous_correct;true_failure;ambiguous_correct;true_failure
experiment_5_symmetry_analysis,default,corridor_2,perception_aware,3,5,5.2,4.2,4.71238898038469,3.1870964704878166,4.270321415276852,-1.4859510649379828,0.9970257947608517,2.0141315052819033,0.08484526185691355,False,0.0010536024305555498,0.007485186075199564,0.002983077523948754,0.0007375217013888848,0.002245555822559869,8.251629333011806,100,40,3,3,0.9,0.8,0.35,0.25,360.0,72,8.0,0.0,5.070422535211268,0.3,0.9963919996042021,0.9840875671398137,5,0.75,0.5,5,False,False,False,3.1870964704878166,4.270321415276852,-1.4859510649379828,0.9970257947608517,2.0141315052819033,0.08484526185691355,2.4466833186315498,3.9229191199827547,-0.8717221270321662,0.9883632559305773,2.7672236197988966,0.6990741997627303,3.155840141644094,4.274019736104911,-0.9526030693331089,0.9879680326219641,2.0454995594833743,0.6181932574617877,3.2270621196016966,4.088857424998785,-2.018807151344041,0.9858398447063347,1.9760659280217479,0.44801082454914454,4.225708430032167,4.481419113286483,-1.3498035360321208,0.9799919353315317,1.0141206933266549,0.220992790762776,False,True,ambiguous_correct,0.0010536024305555498,0.0081080132378472,0.032744080461500485,0.08484526185691355,0.004889322916666643,60024,601,1.0,0.00036892361111110893,0.042189670138888774,True,ambiguous_correct,0.0010536024305555498,False,true_failure,0.010976562499999964,False,true_failure,0.014131401909722167,False,true_failure,0.013489583333333293,False,true_failure,0.017334526909722182,False,True,ambiguous_correct;true_failure;true_failure;true_failure;true_failure
experiment_5_symmetry_analysis,default,corridor_2,perception_aware,3,6,5.2,4.2,4.71238898038469,5.144669680479843,4.265955901661314,-1.5464929277602013,0.9994159020020049,0.08609079638474536,0.024303399034694806,True,0.00043131510416666443,0.0009417293164769488,0.0005844393678597497,0.0003019205729166651,0.0002825187949430846,8.423827041988261,100,40,3,3,0.9,0.8,0.35,0.25,360.0,72,8.0,0.0,5.070422535211268,0.3,0.9994159020020049,0.9833335336382194,5,0.75,0.5,5,True,True,True,5.144669680479843,4.265955901661314,-1.5464929277602013,0.9994159020020049,0.08609079638474536,0.024303399034694806,4.217752618881288,4.04571053594843,-0.7307044717037212,0.9902696583532136,0.9942912834938705,0.8400918550911758,5.195414394779111,4.262486881885858,-1.034935838528635,0.9881815493435546,0.06265491347898383,0.5358604882662616,4.263185503073943,4.226816447887415,-1.2934519799411814,0.9870427734357667,0.9371982306471344,0.2773443468537149,5.448239373542964,4.485343002928368,-2.0476179224607356,0.9836056631578075,0.3782108088053296,0.4768215956658395,True,True,exact_correct,0.00043131510416666443,0.0081080132378472,0.024777579931696398,0.02430339903469525,0.0017024739583333284,60024,601,1.0,0.00036892361111110893,0.042189670138888774,True,exact_correct,0.00043131510416666443,False,true_failure,0.008516167534722193,False,true_failure,0.01646158854166661,False,true_failure,0.01622233072916663,False,true_failure,0.012650824652777731,True,True,exact_correct;true_failure;true_failure;true_failure;true_failure
experiment_5_symmetry_analysis,default,corridor_2,perception_aware,3,7,5.2,4.2,4.71238898038469,5.166385307649044,4.236572776614497,-1.5430002951581043,0.9995530818282834,0.04967409315874132,0.02779603163679223,True,3.6892361111111044e-05,0.001404311146988417,0.0004471179968743028,2.582465277777773e-05,0.0004212933440965251,8.352632458001608,100,40,3,3,0.9,0.8,0.35,0.25,360.0,72,8.0,0.0,5.070422535211268,0.3,0.9995530818282834,0.9852277477622831,5,0.75,0.5,5,True,True,True,5.166385307649044,4.236572776614497,-1.5430002951581043,0.9995530818282834,0.04967409315874132,0.02779603163679223,4.36573461997322,4.309936457066183,-1.1681131733713848,0.9926964245994424,0.8414777174135346,0.4026831534235118,3.3740513311062412,4.276744369209769,-1.4130951548929964,0.9902167350070215,1.8275607348704708,0.15770117190190014,5.938199090716846,4.521317253627359,-1.1933352682149196,0.9819607662678952,0.8050979288346268,0.3774610585799767,5.981174042481795,3.9155708458143277,-1.9124172076875587,0.9686984546366278,0.8313439892115214,0.3416208808926626,True,True,exact_correct,3.6892361111111044e-05,0.0081080132378472,0.052148866839346796,0.02779603163679223,0.0017024739583333284,60024,601,1.0,0.00036892361111110893,0.042189670138888774,True,exact_correct,3.6892361111111044e-05,False,true_failure,0.008491753472222204,True,ambiguous_correct,0.007884657118055523,False,true_failure,0.015158420138888854,False,true_failure,0.032996961805555496,True,True,exact_correct;true_failure;ambiguous_correct;true_failure;true_failure
experiment_5_symmetry_analysis,default,corridor_2,perception_aware,3,8,5.2,4.2,4.71238898038469,5.158449058631205,4.2043216775184264,-1.5482447986670864,0.9998881317080116,0.04177508378455199,0.022551528127809917,True,2.4956597222222207e-05,0.0003147039661586439,0.00011188080790314872,1.7469618055555545e-05,9.441118984759317e-05,8.56061650000629,100,40,3,3,0.9,0.8,0.35,0.25,360.0,72,8.0,0.0,5.070422535211268,0.3,0.9998881317080116,0.9822458364927508,5,0.75,0.5,5,True,True,True,5.158449058631205,4.2043216775184264,-1.5482447986670864,0.9998881317080116,0.04177508378455199,0.022551528127809917,6.484389445201993,3.917170610946785,-1.5672746507037152,0.991012227918033,1.3151610966944305,0.0035216760911813694,4.997596059034871,4.344937054074963,-1.0155288740291724,0.9901319633241699,0.2489459880418727,0.5552674527657242,4.6407858129257775,3.6043289965965855,-1.5220288937874944,0.9724128235768894,0.8170339352320163,0.04876743300740216,5.748820660079819,3.54933838415795,-1.5257431179811412,0.9698601123459052,0.8512136366745044,0.045053208813754964,True,True,exact_correct,2.4956597222222207e-05,0.0081080132378472,0.06483108132020073,0.022551528127809917,0.0015738932291666622,60024,601,1.0,0.00036892361111110893,0.042189670138888774,True,exact_correct,2.4956597222222207e-05,True,ambiguous_correct,0.0076296657986110955,False,true_failure,0.012173394097222172,False,true_failure,0.02661675347222215,False,true_failure,0.028107638888888842,True,True,exact_correct;ambiguous_correct;true_failure;true_failure;true_failure
experiment_5_symmetry_analysis,default,corridor_2,perception_aware,3,9,5.2,4.2,4.71238898038469,3.1011566036913623,1.7068313774382737,1.5761492138637228,0.999054799262971,3.2589926944923815,3.136239766520967,False,0.00038411458333333093,0.0022573825945813725,0.0009460949867077433,0.00026888020833333164,0.0006772147783744117,8.367293458984932,100,40,3,3,0.9,0.8,0.35,0.25,360.0,72,8.0,0.0,5.070422535211268,0.3,0.999054799262971,0.9817098620479192,5,0.75,0.5,5,False,False,False,3.1011566036913623,1.7068313774382737,1.5761492138637228,0.999054799262971,3.2589926944923815,3.136239766520967,3.419873250340814,1.7438102315858384,2.095233470702137,0.9905680694191674,3.0334336029184144,2.6171555096825525,4.174223196240149,1.7132003042789148,2.47596516453598,0.9889180236464441,2.690054047369729,2.2364238158487098,2.8688618836716695,1.490761295074913,0.951001334731715,0.983298565209266,3.574098386679214,2.5217976615266116,2.175624823138344,1.4729485577278607,1.7538660348232211,0.9820208493044434,4.0723033751447755,2.9585229455614686,False,True,ambiguous_correct,0.00038411458333333093,0.0081080132378472,0.050440796711531496,0.005352887068826195,0.00036892361111110893,60024,601,1.0,0.00036892361111110893,0.042189670138888774,True,ambiguous_correct,0.00038411458333333093,False,true_failure,0.008608940972222184,False,true_failure,0.01015624999999996,False,true_failure,0.0166248914930555,False,true_failure,0.017137586805555508,False,True,ambiguous_correct;true_failure;true_failure;true_failure;true_failure
experiment_5_symmetry_analysis,default,corridor_2,perception_aware,4,0,6.0,1.8,2.356194490192345,2.1666161992653543,4.063275265704352,-0.7732511907376787,0.9995315727106017,4.451656578408076,3.1294456809300235,False,8.463541666666651e-05,0.0013646734156319736,0.0004686468163562586,5.924479166666655e-05,0.00040940202468959207,8.386123832984595,100,40,3,3,0.9,0.8,0.35,0.25,360.0,72,8.0,0.0,5.070422535211268,0.3,0.9995315727106017,0.9797389997836824,5,0.75,0.5,5,False,False,False,2.1666161992653543,4.063275265704352,-0.7732511907376787,0.9995315727106017,4.451656578408076,3.1294456809300235,0.44047706922204677,4.276171958916229,-0.7853438140439779,0.99423510163987,6.086026847457125,3.141538304236323,3.855330238447819,4.092183846182679,-0.8057355966158224,0.9916215920522035,3.139062785421328,3.1212552203714186,2.177009200319709,4.240504703817852,-1.3083560689546778,0.9883927038497359,4.535561912684823,2.618634748032564,0.8435879572194519,4.098139031644688,-1.3041301993652121,0.9879715135444106,5.645354564923363,2.6228606176220293,False,True,ambiguous_correct,8.463541666666651e-05,0.008792480468749964,0.03467252798391612,0.012146972659769606,0.0005859375000000002,60024,601,1.0,3.96050347222222e-05,0.04309895833333323,True,ambiguous_correct,8.463541666666651e-05,True,ambiguous_correct,0.006584201388888862,True,ambiguous_correct,0.0070046657986110854,False,true_failure,0.015245225694444395,False,true_failure,0.009975585937499958,False,True,ambiguous_correct;ambiguous_correct;ambiguous_correct;true_failure;true_failure
experiment_5_symmetry_analysis,default,corridor_2,perception_aware,4,1,6.0,1.8,2.356194490192345,4.2212329397775346,1.83198739736213,2.3716908649429698,0.9988679387677182,1.7790546501224955,0.01549637475062493,False,7.703993055555537e-05,0.003598054319927267,0.0011333442473670688,5.392795138888876e-05,0.00107941629597818,8.716293000004953,100,40,3,3,0.9,0.8,0.35,0.25,360.0,72,8.0,0.0,5.070422535211268,0.3,0.9988679387677182,0.9830662907988593,5,0.75,0.5,5,False,False,False,4.2212329397775346,1.83198739736213,2.3716908649429698,0.9988679387677182,1.7790546501224955,0.01549637475062493,3.9012712967893055,1.850603058680107,1.8634214915438374,0.9895206959572374,2.099338667111199,0.49277299864850743,4.432093304384377,1.93047955389485,2.9069636307945546,0.987430160939588,1.5733265141542934,0.5507691406022097,3.272035933474961,1.4417729828142472,2.3238820506418154,0.9698271456152073,2.7513841142402544,0.032312439550529426,3.5764093021284133,2.6739038329873344,1.960774987204351,0.9622189326728733,2.5763345629245515,0.3954195029879939,False,True,ambiguous_correct,7.703993055555537e-05,0.008792480468749964,0.03320258542767173,0.01549637475062493,0.0005300564236111085,60024,601,1.0,3.96050347222222e-05,0.04309895833333323,True,ambiguous_correct,7.703993055555537e-05,False,true_failure,0.01015082465277773,False,true_failure,0.012527126736111057,False,true_failure,0.031467013888888805,False,true_failure,0.03835828993055544,False,True,ambiguous_correct;true_failure;true_failure;true_failure;true_failure
experiment_5_symmetry_analysis,default,corridor_2,perception_aware,4,2,6.0,1.8,2.356194490192345,4.303141555078175,1.8949416524352647,2.4527776396628846,0.9984590325733131,1.6995124299250224,0.09658314947053981,False,0.00022081163194444416,0.00462925843244826,0.0015433456720955888,0.0001545681423611109,0.001388777529734478,8.503694958024425,100,40,3,3,0.9,0.8,0.35,0.25,360.0,72,8.0,0.0,5.070422535211268,0.3,0.9984590325733131,0.979551392928337,5,0.75,0.5,5,False,True,True,4.303141555078175,1.8949416524352647,2.4527776396628846,0.9984590325733131,1.6995124299250224,0.09658314947053981,6.086240455249676,1.6596170344045196,2.5328904891402213,0.9925879930316818,0.16475676966684333,0.17669599894787646,7.749200030927073,2.0425428791410556,2.3849406405486775,0.9906622668282481,1.7659353885171754,0.028746150356332656,5.3592204682455815,1.568020952837454,1.909508016452767,0.9882323764594569,0.6814783097339596,0.4466864737395779,3.187708782251148,1.6959149716969228,1.9505934422956637,0.9831455004648921,2.8142166914692575,0.40560104789668117,False,True,ambiguous_correct,0.00022081163194444416,0.008792480468749964,0.07123900903221221,0.09658314947053981,0.0005300564236111085,60024,601,1.0,3.96050347222222e-05,0.04309895833333323,True,ambiguous_correct,0.00022081163194444416,True,exact_correct,0.0073301866319444055,False,true_failure,0.009603407118055534,True,ambiguous_correct,0.004395073784722207,False,true_failure,0.01991482204861106,True,True,ambiguous_correct;exact_correct;true_failure;ambiguous_correct;true_failure
experiment_5_symmetry_analysis,default,corridor_2,perception_aware,4,3,6.0,1.8,2.356194490192345,4.131780835563214,4.2705831169666935,-0.8802826828739052,0.9987764888084684,3.0974221191516254,3.046708134113336,False,0.0006504991319444423,0.0025655353754046035,0.0012250100049824907,0.00045534939236110955,0.0007696606126213811,8.63368395800353,100,40,3,3,0.9,0.8,0.35,0.25,360.0,72,8.0,0.0,5.070422535211268,0.3,0.9987764888084684,0.9827791346296337,5,0.75,0.5,5,False,False,False,4.131780835563214,4.2705831169666935,-0.8802826828739052,0.9987764888084684,3.0974221191516254,3.046708134113336,4.231259369795502,4.158527592849204,-1.609152034559982,0.9846243750537954,2.9480664550120412,2.317838782427259,3.9562748456815253,4.455565428055209,-0.28850275113036616,0.9831419172331101,3.3509461722140688,2.644697241322711,4.956270138187947,4.160436711823107,-1.0410274551224874,0.9801777757621122,2.580897807926631,2.8859633618647536,4.111652225915283,3.5193643848446015,-0.30733749276875955,0.9740095179145513,2.553834607754143,2.6635319829611044,False,True,ambiguous_correct,0.0006504991319444423,0.008792480468749964,0.036726984928164286,0.09488451947645693,0.004985894097222198,60024,601,1.0,3.96050347222222e-05,0.04309895833333323,True,ambiguous_correct,0.0006504991319444423,False,true_failure,0.016451822916666605,False,true_failure,0.01935818142361104,False,true_failure,0.023937174479166597,False,true_failure,0.026686740451388826,False,True,ambiguous_correct;true_failure;true_failure;true_failure;true_failure
experiment_5_symmetry_analysis,default,corridor_2,perception_aware,4,4,6.0,1.8,2.356194490192345,5.920727158946825,1.706239142834139,2.2855628353022133,0.9995182274216178,0.12278143860176488,0.07063165489013157,True,0.00014160156249999977,0.0012762790044166794,0.0004820047950750036,9.912109374999983e-05,0.0003828837013250038,8.491984249994857,100,40,3,3,0.9,0.8,0.35,0.25,360.0,72,8.0,0.0,5.070422535211268,0.3,0.9995182274216178,0.9840307733366249,5,0.75,0.5,5,True,True,True,5.920727158946825,1.706239142834139,2.2855628353022133,0.9995182274216178,0.12278143860176488,0.07063165489013157,6.182904043850051,1.8938281257349323,2.8718646254957436,0.9889802696984783,0.20556654989475248,0.5156701353033988,5.529568652955103,1.925606261639445,1.727413005112405,0.9858412081557811,0.48691127040305127,0.6287814850799398,6.767488545213876,1.6043695356979149,1.9620895807681826,0.9816965175522958,0.7920290055279297,0.3941049094241622,5.435328817311814,2.3172368909440086,2.30904756688029,0.9695979504355433,0.7657594569523115,0.047146923312054945,True,True,exact_correct,0.00014160156249999977,0.008792480468749964,0.08062364822951354,0.07063165489013157,0.004351128472222207,60024,601,1.0,3.96050347222222e-05,0.04309895833333323,True,exact_correct,0.00014160156249999977,False,true_failure,0.012286241319444391,False,true_failure,0.009739583333333293,False,true_failure,0.01557779947916663,False,true_failure,0.02684353298611103,True,True,exact_correct;true_failure;true_failure;true_failure;true_failure
experiment_5_symmetry_analysis,default,corridor_2,perception_aware,4,5,6.0,1.8,2.356194490192345,2.2257567594544625,4.1213611170966455,-0.7879669232362473,0.9999239651681502,4.430985158491491,3.139023893750994,False,5.588107638888881e-05,0.00012307953370996327,7.604061358521115e-05,3.9116753472222165e-05,3.692386011298898e-05,8.37946108300821,100,40,3,3,0.9,0.8,0.35,0.25,360.0,72,8.0,0.0,5.070422535211268,0.3,0.9999239651681502,0.9829557820139155,5,0.75,0.5,5,False,False,False,2.2257567594544625,4.1213611170966455,-0.7879669232362473,0.9999239651681502,4.430985158491491,3.139023893750994,2.5188419634930126,4.201534937480038,-1.4573149307317446,0.9892627454041923,4.229164377400627,2.469675886255497,2.176514101061191,4.041629885471593,-0.2227768841574469,0.9868407606738703,4.432149474332212,2.5789713743497917,0.9951292062647183,4.300824469811564,-0.9844481427739732,0.9852434278940776,5.5948954137492795,2.942542674213268,1.5483090746217918,3.6963096466837353,-1.120097113739515,0.9753605117444274,4.838754216862071,2.8068937032477264,False,True,ambiguous_correct,5.588107638888881e-05,0.008792480468749964,0.0437052168190359,0.0025687598387991173,9.711371527777762e-05,60024,601,1.0,3.96050347222222e-05,0.04309895833333323,True,ambiguous_correct,5.588107638888881e-05,False,true_failure,0.012017686631944394,False,true_failure,0.017966579861111047,False,true_failure,0.009668511284722191,False,true_failure,0.0187261284722222,False,True,ambiguous_correct;true_failure;true_failure;true_failure;true_failure
experiment_5_symmetry_analysis,default,corridor_2,perception_aware,4,6,6.0,1.8,2.356194490192345,4.196707633150852,1.802246941185034,2.372997824081447,0.999222251740682,1.8032937667171958,0.016803333889102046,False,4.123263888888879e-05,0.002498302584235922,0.0007783536224929987,2.886284722222215e-05,0.0007494907752707766,8.627510416001314,100,40,3,3,0.9,0.8,0.35,0.25,360.0,72,8.0,0.0,5.070422535211268,0.3,0.999222251740682,0.9820061657730598,5,0.75,0.5,5,False,False,False,4.196707633150852,1.802246941185034,2.372997824081447,0.999222251740682,1.8032937667171958,0.016803333889102046,3.2398596762986505,1.6053598666763795,1.7414616179644486,0.990936406772955,2.766994649077303,0.6147328722278962,3.9899296230733414,1.5128686866196384,1.8003759505909853,0.9882194096672972,2.030474651730873,0.5558185396013595,5.537565536510965,1.4221835000857417,2.0222262363698746,0.9857463523968526,0.5971523596452183,0.3339682538224702,4.93768362129833,2.066392219678297,1.9024388401628478,0.9776367613434827,1.0952081551755173,0.453755650029497,False,True,ambiguous_correct,4.123263888888879e-05,0.008792480468749964,0.07093735906430425,0.016803333889102046,0.001055772569444442,60024,601,1.0,3.96050347222222e-05,0.04309895833333323,True,ambiguous_correct,4.123263888888879e-05,False,true_failure,0.00974609374999997,False,true_failure,0.01217013888888884,True,ambiguous_correct,0.0061930338541666425,False,true_failure,0.01711805555555552,False,True,ambiguous_correct;true_failure;true_failure;ambiguous_correct;true_failure
experiment_5_symmetry_analysis,default,corridor_2,perception_aware,4,7,6.0,1.8,2.356194490192345,4.08622560937873,4.162862911935615,-0.8517242997553066,0.9986170974077285,3.0406666306582615,3.0752665172319347,False,0.0002853732638888878,0.003950187918271512,0.001384817660203675,0.00019976128472222145,0.0011850563754814535,8.488501707994146,100,40,3,3,0.9,0.8,0.35,0.25,360.0,72,8.0,0.0,5.070422535211268,0.3,0.9986170974077285,0.9842325104937837,5,0.75,0.5,5,False,False,False,4.08622560937873,4.162862911935615,-0.8517242997553066,0.9986170974077285,3.0406666306582615,3.0752665172319347,2.3335271919283067,4.239614529158613,-1.0093855522341584,0.9949217158596791,4.403946173968403,2.9176052647530835,3.870415595416622,4.179513979894234,-0.30220120120370186,0.9879439908445884,3.193308083595574,2.6583956913960467,4.017972220497903,4.062277595042497,-1.471561173297501,0.98377126821019,3.0077124257065,2.4554296436897403,4.939364763881649,4.4754611346956406,-1.0690781087309622,0.9824793674258777,2.878026995593112,2.857912708256279,False,True,ambiguous_correct,0.0002853732638888878,0.008792480468749964,0.014921869157711836,0.06632613635785845,0.001496310763888885,60024,601,1.0,3.96050347222222e-05,0.04309895833333323,True,ambiguous_correct,0.0002853732638888878,True,ambiguous_correct,0.0061366102430555226,False,true_failure,0.012517361111111057,False,true_failure,0.02026746961805549,False,true_failure,0.020732421874999938,False,True,ambiguous_correct;ambiguous_correct;true_failure;true_failure;true_failure
experiment_5_symmetry_analysis,default,corridor_2,perception_aware,4,8,6.0,1.8,2.356194490192345,4.040055054519861,4.177320348909711,-0.8350578625851588,0.9989064572518942,3.0810771218282307,3.0919329544020826,False,0.0002783203124999989,0.00299971891408971,0.0010947398929769122,0.00019482421874999922,0.000899915674226913,8.609223957988434,100,40,3,3,0.9,0.8,0.35,0.25,360.0,72,8.0,0.0,5.070422535211268,0.3,0.9989064572518942,0.983297303973497,5,0.75,0.5,5,False,False,False,4.040055054519861,4.177320348909711,-0.8350578625851588,0.9989064572518942,3.0810771218282307,3.0919329544020826,3.8764268680563507,4.151633685866869,-0.2555750556867462,0.987497227925903,3.168555481479969,2.611769545879091,4.422848495602838,4.403217914614204,-1.43966957036478,0.9849217395911649,3.043706684092696,2.4873212466224617,3.125494679907386,4.35937935343138,-1.126017760715457,0.9822051319228169,3.8487924742718422,2.8009730562717845,3.822567632521794,3.8226660512035218,-1.3703484997855986,0.9777952053857283,2.9719336583498954,2.556642317201643,False,True,ambiguous_correct,0.0002783203124999989,0.008792480468749964,0.06173914170881889,0.049659699187710515,0.001496310763888885,60024,601,1.0,3.96050347222222e-05,0.04309895833333323,True,ambiguous_correct,0.0002783203124999989,False,true_failure,0.014737413194444382,True,ambiguous_correct,0.008486870659722189,False,true_failure,0.01755859374999995,False,true_failure,0.027115342881944355,False,True,ambiguous_correct;true_failure;ambiguous_correct;true_failure;true_failure
experiment_5_symmetry_analysis,default,corridor_2,perception_aware,4,9,6.0,1.8,2.356194490192345,4.014877259027866,4.163272610315848,-0.8120090784456466,0.9987072765819853,3.0863845721804988,3.1149817385415943,False,0.0001996527777777771,0.0038487992350533465,0.0012943967149604478,0.00013975694444444398,0.001154639770516004,8.522526499989908,100,40,3,3,0.9,0.8,0.35,0.25,360.0,72,8.0,0.0,5.070422535211268,0.3,0.9987072765819853,0.9822072125596816,5,0.75,0.5,5,False,False,False,4.014877259027866,4.163272610315848,-0.8120090784456466,0.9987072765819853,3.0863845721804988,3.1149817385415943,4.431824002737021,4.139821107831624,-1.4458536957264285,0.9873242337705354,2.8167248312616815,2.4811371212608133,2.826297381543082,3.8807279762029694,-1.3636547518860556,0.9824895484821282,3.794972624585585,2.5633360651011863,4.0020537435080605,3.790634369798383,-0.023086483230704946,0.9819653001928107,2.8203571472515248,2.37928097342305,4.3647348535665085,4.470760808857893,-0.26319005683389296,0.9760742695185736,3.131621847744618,2.619384547026238,False,True,ambiguous_correct,0.0001996527777777771,0.008792480468749964,0.06587482419605901,0.026610915048198347,0.0014301215277777739,60024,601,1.0,3.96050347222222e-05,0.04309895833333323,True,ambiguous_correct,0.0001996527777777771,False,true_failure,0.011756184895833284,False,true_failure,0.012100694444444402,False,true_failure,0.01903591579861106,False,true_failure,0.03139268663194435,False,True,ambiguous_correct;true_failure;true_failure;true_failure;true_failure
experiment_5_symmetry_analysis,default,complex_room,perception_aware,0,0,1.0,1.6,0.0,1.0510187686449612,1.6134281910459305,0.016029876268014664,0.9996542810264534,0.05275633676454503,0.016029876268014664,True,0.000321723090277778,0.0004021079109869623,0.00034583853649053326,0.00022520616319444457,0.0001206323732960887,9.529697582998779,100,40,3,3,0.9,0.8,0.35,0.25,360.0,72,8.0,0.0,5.070422535211268,0.3,0.9996542810264534,0.9870586399300139,5,0.75,0.5,5,True,True,True,1.0510187686449612,1.6134281910459305,0.016029876268014664,0.9996542810264534,0.05275633676454503,0.016029876268014664,0.42548085803245883,2.0891163153901617,-0.4460068327544051,0.9894752402280903,0.7545243630711786,0.4460068327544051,1.9455887097380171,1.5407932336237251,0.14456917639619782,0.9891801477448655,0.9474404726254536,0.14456917639619782,1.3828598808354549,1.9128242823191313,-0.6222988852623024,0.9836936210350764,0.4944094658901852,0.6222988852623024,0.5290914104025117,2.3477642587639207,0.5411163232085645,0.9795515450137693,0.8836890213426051,0.5411163232085645,True,True,exact_correct,0.000321723090277778,0.009373670789930528,0.03707106284110058,0.016029876268014664,3.7434895833333236e-05,60912,610,1.0,3.7434895833333236e-05,0.02908338758680549,True,exact_correct,0.000321723090277778,False,true_failure,0.011172417534722208,False,true_failure,0.011357421874999975,False,true_failure,0.015284830729166612,False,true_failure,0.027457139756944374,True,True,exact_correct;true_failure;true_failure;true_failure;true_failure
experiment_5_symmetry_analysis,default,complex_room,perception_aware,0,1,1.0,1.6,0.0,1.0176622390981198,1.6035019176101537,-0.0006309873341866232,0.9999379968543,0.018006057783630937,0.0006309873341865391,True,9.223090277777761e-06,0.00018516942378008633,6.200699032847033e-05,6.4561631944444325e-06,5.55508271340259e-05,9.589275499980431,100,40,3,3,0.9,0.8,0.35,0.25,360.0,72,8.0,0.0,5.070422535211268,0.3,0.9999379968543,0.9860480015391971,5,0.75,0.5,5,True,True,True,1.0176622390981198,1.6035019176101537,-0.0006309873341866232,0.9999379968543,0.018006057783630937,0.0006309873341865391,1.8873524227169423,1.5714477643229505,-0.04274760958872248,0.9877287302163795,0.8878116648612953,0.04274760958872248,0.7936415877158909,1.159101302652516,0.5595708714081153,0.9837853179563274,0.4868012486047326,0.5595708714081153,1.0910775471137057,2.3712807317746396,-0.1906988920668793,0.9827768194707756,0.7766396119147366,0.1906988920668793,0.30961829433170823,1.9026391529154012,0.016550121768577952,0.98124613938642,0.7538019344621048,0.016550121768577952,True,True,exact_correct,9.223090277777761e-06,0.009373670789930528,0.03596316676880545,0.0006309873341865391,3.7434895833333236e-05,60912,610,1.0,3.7434895833333236e-05,0.02908338758680549,True,exact_correct,9.223090277777761e-06,False,true_failure,0.01384006076388885,False,true_failure,0.012445203993055504,False,true_failure,0.015868055555555514,False,true_failure,0.018823242187499964,True,True,exact_correct;true_failure;true_failure;true_failure;true_failure
experiment_5_symmetry_analysis,default,complex_room,perception_aware,0,2,1.0,1.6,0.0,0.9966551558308283,1.6046273559232418,-0.0011966444563267231,0.999939822649166,0.005709676466876381,0.0011966444563267231,True,7.052951388888886e-06,0.00018414635464429792,6.01809723655116e-05,4.93706597222222e-06,5.5243906393289376e-05,9.59606937499484,100,40,3,3,0.9,0.8,0.35,0.25,360.0,72,8.0,0.0,5.070422535211268,0.3,0.999939822649166,0.9866125320571968,5,0.75,0.5,5,True,True,True,0.9966551558308283,1.6046273559232418,-0.0011966444563267231,0.999939822649166,0.005709676466876381,0.0011966444563267231,1.0937713572348606,1.6908575921275724,-0.6410760067309691,0.9880728810825918,0.1305686389792286,0.6410760067309691,1.3350403276981988,1.578407396133363,0.5729245321953869,0.9877947484582774,0.3357354043377879,0.5729245321953869,1.8934131391315965,1.9243561833041147,-0.4084666446017011,0.9821600534012013,0.9504703944997897,0.4084666446017011,0.31672705040734395,2.1133951223630065,-0.05233078016652737,0.9809659283538466,0.8546557642180709,0.05233078016652737,True,True,exact_correct,7.052951388888886e-06,0.009373670789930528,0.04388222554504196,0.0011966444563267231,3.7434895833333236e-05,60912,610,1.0,3.7434895833333236e-05,0.02908338758680549,True,exact_correct,7.052951388888886e-06,False,true_failure,0.01481011284722218,False,true_failure,0.014755859374999961,False,true_failure,0.01687717013888883,False,true_failure,0.02026584201388885,True,True,exact_correct;true_failure;true_failure;true_failure;true_failure
experiment_5_symmetry_analysis,default,complex_room,perception_aware,0,3,1.0,1.6,0.0,0.9882620794425936,1.6195700899668743,-0.003501783449636257,0.9999028568117111,0.022820324281734836,0.003501783449636253,True,1.8446180555555532e-05,0.0002808009987193272,9.715262600468702e-05,1.2912326388888872e-05,8.424029961579815e-05,9.639263457997004,100,40,3,3,0.9,0.8,0.35,0.25,360.0,72,8.0,0.0,5.070422535211268,0.3,0.9999028568117111,0.987857858550224,5,0.75,0.5,5,True,True,True,0.9882620794425936,1.6195700899668743,-0.003501783449636257,0.9999028568117111,0.022820324281734836,0.003501783449636253,0.5179429879086508,2.2151547345844187,-0.344721148446931,0.9909210812844242,0.7815333072800325,0.344721148446931,1.4161375747407965,1.6164049486349317,-0.6239699184847995,0.987179784626643,0.416460806620343,0.6239699184847995,1.8190349669366475,1.875660534585958,0.22947326575866267,0.9864279234317369,0.8641799623881192,0.22947326575866267,2.20536627628505,1.1633980118279408,0.5492726265676549,0.9798736173066576,1.282002010950483,0.5492726265676549,True,True,exact_correct,1.8446180555555532e-05,0.009373670789930528,0.040690477402881724,0.003501783449636253,3.7434895833333236e-05,60912,610,1.0,3.7434895833333236e-05,0.02908338758680549,True,exact_correct,1.8446180555555532e-05,False,true_failure,0.011669379340277765,False,true_failure,0.016053602430555494,False,true_failure,0.01161295572916664,False,true_failure,0.015400933159722192,True,True,exact_correct;true_failure;true_failure;true_failure;true_failure
experiment_5_symmetry_analysis,default,complex_room,perception_aware,0,4,1.0,1.6,0.0,7.304632906289048,2.6814819740397646,1.4823537884186484,0.9921656471976145,6.3967178570916845,1.4823537884186484,False,0.008612738715277738,0.00622432477381622,0.007896214532839282,0.006028917100694416,0.0018672974321448659,8.872864792007022,100,40,3,3,0.9,0.8,0.35,0.25,360.0,72,8.0,0.0,5.070422535211268,0.3,0.9921656471976145,0.9802607502768531,5,0.75,0.5,5,False,False,False,7.304632906289048,2.6814819740397646,1.4823537884186484,0.9921656471976145,6.3967178570916845,1.4823537884186484,6.536667745289687,2.7240884716444445,1.1310273214105893,0.9846190185292522,5.6496251746301835,1.1310273214105893,7.32844599120317,2.3200324085119024,0.9393543259588313,0.9824151267821191,6.369275887640833,0.9393543259588313,7.387284501758173,2.460324652033398,2.0993587551276525,0.9822110226876186,6.44496406609816,2.0993587551276525,6.044034770535831,2.116548860840493,1.4337671084107733,0.9730037083054501,5.070415120284538,1.4337671084107733,False,True,ambiguous_correct,0.008612738715277738,0.009373670789930528,0.05102569946253939,0.08844253837624816,0.006613498263888864,60912,610,1.0,3.7434895833333236e-05,0.02908338758680549,True,ambiguous_correct,0.008612738715277738,False,true_failure,0.012116427951388863,False,true_failure,0.01833984374999993,False,true_failure,0.021097547743055493,False,true_failure,0.031255967881944374,False,True,ambiguous_correct;true_failure;true_failure;true_failure;true_failure
experiment_5_symmetry_analysis,default,complex_room,perception_aware,0,5,1.0,1.6,0.0,0.9744497328362343,1.6029689035426535,0.000829164931309743,0.9994422062663978,0.02572217993066268,0.0008291649313099114,True,0.00027994791666666695,0.001207138331433678,0.0005581050410967702,0.00019596354166666685,0.0003621414994301034,9.642735457979143,100,40,3,3,0.9,0.8,0.35,0.25,360.0,72,8.0,0.0,5.070422535211268,0.3,0.9994422062663978,0.9871778442615602,5,0.75,0.5,5,True,True,True,0.9744497328362343,1.6029689035426535,0.000829164931309743,0.9994422062663978,0.02572217993066268,0.0008291649313099114,1.7013530766637572,1.5543894147746946,0.5269395462843534,0.9909800846181193,0.7028345919420251,0.5269395462843534,1.722646474008965,2.2364858850016853,-0.09343454654897476,0.9849795720380877,0.9629808971126936,0.09343454654897476,0.7239255872421587,1.8590229741242306,-0.6481398287294358,0.9849104350488609,0.3785630495752969,0.6481398287294358,1.5380175120016808,2.142923515547995,-0.6484164680330649,0.9828426568175596,0.7643486030310206,0.6484164680330649,True,True,exact_correct,0.00027994791666666695,0.009373670789930528,0.06126026926616753,0.0008291649313099114,3.7434895833333236e-05,60912,610,1.0,3.7434895833333236e-05,0.02908338758680549,True,exact_correct,0.00027994791666666695,False,true_failure,0.009729817708333309,False,true_failure,0.010914713541666662,False,true_failure,0.017113715277777723,False,true_failure,0.016332465277777725,True,True,exact_correct;true_failure;true_failure;true_failure;true_failure
experiment_5_symmetry_analysis,default,complex_room,perception_aware,0,6,1.0,1.6,0.0,0.9513191894335377,1.6307226832717172,-0.01998836942965773,0.9997604606619054,0.057564785979121284,0.01998836942965765,True,0.00030273437500000027,9.227556145681205e-05,0.00023959673093704382,0.0002119140625000002,2.7682668437043614e-05,9.696382708003512,100,40,3,3,0.9,0.8,0.35,0.25,360.0,72,8.0,0.0,5.070422535211268,0.3,0.9997604606619054,0.9879046900488706,5,0.75,0.5,5,True,True,True,0.9513191894335377,1.6307226832717172,-0.01998836942965773,0.9997604606619054,0.057564785979121284,0.01998836942965765,1.784866947292302,1.573182818236563,-0.058110589488530984,0.9888528253225304,0.7853249557919768,0.058110589488530984,0.8692659210236517,1.8847660621193525,-0.5549566072401069,0.985988599309007,0.31334184135023674,0.5549566072401069,1.1192295234696803,1.3871845487435248,0.6179427433606759,0.985181759855859,0.24393871271346876,0.6179427433606759,0.05967589020676678,1.8607700836510874,-0.013388504416586677,0.9700579668236117,0.9758127217790469,0.013388504416586677,True,True,exact_correct,0.00030273437500000027,0.009373670789930528,0.07321174873775178,0.01998836942965765,3.7434895833333236e-05,60912,610,1.0,3.7434895833333236e-05,0.02908338758680549,True,exact_correct,0.00030273437500000027,False,true_failure,0.013038194444444404,False,true_failure,0.016410590277777724,False,true_failure,0.01544487847222218,False,true_failure,0.0275764973958333,True,True,exact_correct;true_failure;true_failure;true_failure;true_failure
experiment_5_symmetry_analysis,default,complex_room,perception_aware,0,7,1.0,1.6,0.0,1.0116252835689734,1.6037025981299213,0.0016246055153053332,0.9999529836481793,0.01220067420148327,0.0016246055153055217,True,5.96788194444443e-06,0.00014280348366900916,4.701856246181385e-05,4.177517361111101e-06,4.2841045100702746e-05,9.684394542011432,100,40,3,3,0.9,0.8,0.35,0.25,360.0,72,8.0,0.0,5.070422535211268,0.3,0.9999529836481793,0.9866624744336951,5,0.75,0.5,5,True,True,True,1.0116252835689734,1.6037025981299213,0.0016246055153053332,0.9999529836481793,0.01220067420148327,0.0016246055153055217,1.949261322510397,1.7379438943775753,0.17890044936424943,0.9890209347721136,0.959231763657897,0.17890044936424943,2.150757396885246,1.5372778149006312,0.6798863754949869,0.9876164441718455,1.1524654697602645,0.6798863754949869,1.3529723771635247,2.237429913271698,-0.6838401538128309,0.982331565314093,0.7286332365285252,0.6838401538128309,0.11226092517079167,1.4280781326105254,-0.07018639866572718,0.9749561994865348,0.904233262750991,0.07018639866572718,True,True,exact_correct,5.96788194444443e-06,0.009373670789930528,0.03732355077447085,0.0016246055153055217,3.7434895833333236e-05,60912,610,1.0,3.7434895833333236e-05,0.02908338758680549,True,exact_correct,5.96788194444443e-06,True,ambiguous_correct,0.008981119791666659,False,true_failure,0.010955403645833302,False,true_failure,0.019143337673611052,False,true_failure,0.01883572048611111,True,True,exact_correct;ambiguous_correct;true_failure;true_failure;true_failure
experiment_5_symmetry_analysis,default,complex_room,perception_aware,0,8,1.0,1.6,0.0,7.327909340027725,2.662955034735421,1.4712012348943826,0.9919127085049719,6.416565282258063,1.4712012348943828,False,0.008756510416666625,0.006745572477306808,0.00815322903485868,0.006129557291666637,0.002023671743192042,8.856364749983186,100,40,3,3,0.9,0.8,0.35,0.25,360.0,72,8.0,0.0,5.070422535211268,0.3,0.9919127085049719,0.9808181565208878,5,0.75,0.5,5,False,False,False,7.327909340027725,2.662955034735421,1.4712012348943826,0.9919127085049719,6.416565282258063,1.4712012348943828,6.5617529195344,2.4732340071562238,1.1366660566952695,0.9853290452891384,5.629887491700304,1.1366660566952698,6.574568417339958,2.6525889318179243,1.9115570593852595,0.9784498276936408,5.673072932634458,1.9115570593852595,7.286178694024024,2.7679670621528674,0.9443191548177108,0.9776661635446801,6.393761774689105,0.9443191548177108,7.68221726345506,1.9823091058903077,1.0795556134110873,0.9677613159410622,6.693144836955456,1.0795556134110873,False,True,ambiguous_correct,0.008756510416666625,0.009373670789930528,0.04278584585802781,0.09959509190051374,0.007092013888888863,60912,610,1.0,3.7434895833333236e-05,0.02908338758680549,True,ambiguous_correct,0.008756510416666625,False,true_failure,0.012858072916666626,False,true_failure,0.021350368923611057,False,true_failure,0.012386067708333294,False,true_failure,0.028236762152777706,False,True,ambiguous_correct;true_failure;true_failure;true_failure;true_failure
experiment_5_symmetry_analysis,default,complex_room,perception_aware,0,9,1.0,1.6,0.0,5.274967669681539,3.117417657930153,1.9323180229644465,0.9921869894669945,4.536287570846962,1.9323180229644468,False,0.00849717881944442,0.006421697264119242,0.007874534352846865,0.005948025173611093,0.0019265091792357724,9.861911667016102,100,40,3,3,0.9,0.8,0.35,0.25,360.0,72,8.0,0.0,5.070422535211268,0.3,0.9921869894669945,0.9786083848771665,5,0.75,0.5,5,False,False,False,5.274967669681539,3.117417657930153,1.9323180229644465,0.9921869894669945,4.536287570846962,1.9323180229644468,4.607084174108202,3.590285732600822,1.8276482077030929,0.9807406434051322,4.119744353293811,1.8276482077030929,4.3577029404951,3.0151836064226947,1.1946161479412023,0.9805765840189734,3.6437499470321764,1.1946161479412023,5.845165491148161,2.5930248145749326,2.0137360872880397,0.9803146002674393,4.945879792208316,2.0137360872880397,5.124585381251652,2.5665908165641427,1.2292682553161516,0.9799015721986784,4.236331239870293,1.2292682553161516,False,True,ambiguous_correct,0.00849717881944442,0.009373670789930528,0.16517482946947273,0.09972230837040108,0.007086046006944426,60912,610,1.0,3.7434895833333236e-05,0.02908338758680549,True,ambiguous_correct,0.00849717881944442,False,true_failure,0.021407335069444366,False,true_failure,0.018654513888888825,False,true_failure,0.021796874999999955,False,true_failure,0.016827799479166614,False,True,ambiguous_correct;true_failure;true_failure;true_failure;true_failure
experiment_5_symmetry_analysis,default,complex_room,perception_aware,1,0,2.8,3.0,0.9,2.8484551229143396,2.974504758626388,0.8708524869037089,0.99874968058987,0.05475313935604524,0.029147513096291267,True,0.0008262803819444407,0.002244961328219117,0.0012518846658268435,0.0005783962673611084,0.0006734883984657351,9.119698833994335,100,40,3,3,0.9,0.8,0.35,0.25,360.0,72,8.0,0.0,5.070422535211268,0.3,0.99874968058987,0.9813878732365922,5,0.75,0.5,5,True,True,True,2.8484551229143396,2.974504758626388,0.8708524869037089,0.99874968058987,0.05475313935604524,0.029147513096291267,3.686876765670619,3.050355521200365,0.8552420219097066,0.9806839851546771,0.8883051705364204,0.04475797809029336,1.9409353045193765,2.4185537654885696,0.8951742375748131,0.9772463014898262,1.0373388427359391,0.004825762425186841,2.643299149250437,2.3134785057063065,1.4030250330537468,0.9738971055893711,0.7041781867914416,0.5030250330537469,2.70352537925026,3.322194289191354,1.3913257195652307,0.9725177057710701,0.33632798342738,0.49132571956523075,True,True,exact_correct,0.0008262803819444407,0.013033848741319387,0.07305772868917505,0.08545432350626125,0.012070312499999942,60912,610,1.0,0.0031277126736111013,0.03411892361111103,True,exact_correct,0.0008262803819444407,False,true_failure,0.016897243923611083,False,true_failure,0.017465820312499953,False,true_failure,0.022625868055555484,False,true_failure,0.032707790798611,True,True,exact_correct;true_failure;true_failure;true_failure;true_failure
experiment_5_symmetry_analysis,default,complex_room,perception_aware,1,1,2.8,3.0,0.9,2.486875169436162,2.9546097473334982,0.9885140430693422,0.9957336659199798,0.31639758935990814,0.0885140430693423,False,0.0020670572916666585,0.009458911897292597,0.0042846136733544395,0.0014469401041666608,0.0028376735691877787,9.399065541976597,100,40,3,3,0.9,0.8,0.35,0.25,360.0,72,8.0,0.0,5.070422535211268,0.3,0.9957336659199798,0.9776208091979229,5,0.75,0.5,5,False,False,False,2.486875169436162,2.9546097473334982,0.9885140430693422,0.9957336659199798,0.31639758935990814,0.0885140430693423,1.9179465458460827,1.6004927552584927,-2.2454555445602407,0.989134979353672,1.6542789438510126,3.1377297626193457,1.9373730498024797,1.5670613386028176,-2.9355652983721647,0.9868384511209194,1.67255447221722,2.447620008807421,1.0016978373533436,2.3389881768980563,0.39809757973888654,0.9821517446512285,1.9159403170402245,0.5019024202611133,1.0759266422682021,1.8140790539734835,-2.7711533088821985,0.9808865490223917,2.092567187228411,2.612031998297388,False,True,ambiguous_correct,0.0020670572916666585,0.013033848741319387,0.0046125883838584215,0.0586835081272552,0.0077864583333332954,60912,610,1.0,0.0031277126736111013,0.03411892361111103,True,ambiguous_correct,0.0020670572916666585,True,ambiguous_correct,0.012154405381944393,False,true_failure,0.01512749565972216,False,true_failure,0.01764594184027771,False,true_failure,0.023248155381944358,False,True,ambiguous_correct;ambiguous_correct;true_failure;true_failure;true_failure
experiment_5_symmetry_analysis,default,complex_room,perception_aware,1,2,2.8,3.0,0.9,6.916403922262532,2.5127829703445625,-2.225537241514501,0.9948630353167354,4.14513711295593,3.125537241514501,False,0.005532226562499976,0.0043031025064190894,0.00516348934567571,0.0038725585937499827,0.0012909307519257268,9.183412457990926,100,40,3,3,0.9,0.8,0.35,0.25,360.0,72,8.0,0.0,5.070422535211268,0.3,0.9948630353167354,0.9797293943300915,5,0.75,0.5,5,False,False,False,6.916403922262532,2.5127829703445625,-2.225537241514501,0.9948630353167354,4.14513711295593,3.125537241514501,6.093977795719434,2.4726476760782674,-2.385412850017812,0.9833679297376178,3.3359241886227444,2.9977724571617745,7.221351077687185,2.5387791269053728,-1.7182511463369217,0.982105265217463,4.445342511656869,2.6182511463369216,7.228902498558121,2.4729217683310414,-2.762285317893983,0.9763732156072653,4.46015569280195,2.6208999892856033,7.250440730156521,3.516035545098846,-1.6218249229658595,0.9723770340037288,4.480258405096918,2.5218249229658594,False,True,ambiguous_correct,0.005532226562499976,0.013033848741319387,0.04047839651924112,0.13114213912130523,0.010691189236111056,60912,610,1.0,0.0031277126736111013,0.03411892361111103,True,ambiguous_correct,0.005532226562499976,False,true_failure,0.01393608940972217,False,true_failure,0.02224934895833323,False,true_failure,0.02987141927083323,True,ambiguous_correct,0.012565646701388837,False,True,ambiguous_correct;true_failure;true_failure;true_failure;ambiguous_correct
experiment_5_symmetry_analysis,default,complex_room,perception_aware,1,3,2.8,3.0,0.9,2.8599270225644102,2.968297131576305,0.8812069118571504,0.9977189571792506,0.06779616434375518,0.018793088142849523,True,0.0018343098958333265,0.003340803152578009,0.002286257872856731,0.0012840169270833285,0.0010022409457734027,9.384480083012022,100,40,3,3,0.9,0.8,0.35,0.25,360.0,72,8.0,0.0,5.070422535211268,0.3,0.9977189571792506,0.9760094426786384,5,0.75,0.5,5,True,True,True,2.8599270225644102,2.968297131576305,0.8812069118571504,0.9977189571792506,0.06779616434375518,0.018793088142849523,1.48327212177024,1.6005464434325538,-2.9136355349872893,0.987228617241309,1.9215208982201364,2.4695497721922965,1.5507079419753087,1.7160259437536782,-2.368000966575989,0.9871491794271128,1.7914575136902355,3.0151843406035974,0.8402664861814064,1.9823319182780579,1.3878040623125942,0.9858038604134237,2.2082127999220065,0.4878040623125943,1.2660518247207955,1.860938239272828,2.8569875216410114,0.9839694732087826,1.9106173607484274,1.956987521641011,True,True,exact_correct,0.0018343098958333265,0.013033848741319387,0.06848824912963813,0.09580874845970255,0.0071332465277777445,60912,610,1.0,0.0031277126736111013,0.03411892361111103,True,exact_correct,0.0018343098958333265,False,true_failure,0.015106879340277716,False,true_failure,0.014996202256944396,False,true_failure,0.014620225694444417,False,true_failure,0.018334418402777695,True,True,exact_correct;true_failure;true_failure;true_failure;true_failure
experiment_5_symmetry_analysis,default,complex_room,perception_aware,1,4,2.8,3.0,0.9,6.8947178278996395,2.486757953226452,-2.2449894242544173,0.9945341270809887,4.126757987657556,3.138195882925169,False,0.005560980902777753,0.00534408749481667,0.0054959128803894275,0.0038926866319444267,0.001603226248445001,9.215255750023061,100,40,3,3,0.9,0.8,0.35,0.25,360.0,72,8.0,0.0,5.070422535211268,0.3,0.9945341270809887,0.9776991624132348,5,0.75,0.5,5,False,False,False,6.8947178278996395,2.486757953226452,-2.2449894242544173,0.9945341270809887,4.126757987657556,3.138195882925169,5.551960886976773,2.3157870624006875,-2.523632966300698,0.9826948279360503,2.835742595410992,2.8595523408788885,6.637240229654077,2.688567942617641,-1.724938526837752,0.9826850050119771,3.8498574657305284,2.624938526837752,6.597451924619919,2.1719831148712307,-2.771040784228476,0.9806604829253165,3.8866763541434572,2.6121445229511107,7.637734178456949,2.3283577500082693,-2.238206774448253,0.976498711375459,4.884135060927829,3.138206774448253,False,True,ambiguous_correct,0.005560980902777753,0.013033848741319387,0.032246520976382524,0.15059432186122157,0.010691189236111056,60912,610,1.0,0.0031277126736111013,0.03411892361111103,True,ambiguous_correct,0.005560980902777753,False,true_failure,0.018204210069444383,False,true_failure,0.01710232204861105,False,true_failure,0.019801974826388808,False,true_failure,0.01981987847222218,False,True,ambiguous_correct;true_failure;true_failure;true_failure;true_failure
experiment_5_symmetry_analysis,default,complex_room,perception_aware,1,5,2.8,3.0,0.9,1.9107250432750922,1.5860377640839802,-2.1552784385059875,0.9888795266809776,1.6703589893357405,3.0552784385059875,False,0.012277560763888841,0.008837454628836285,0.011245528923373074,0.008594292534722188,0.0026512363886508853,9.606524208007613,100,40,3,3,0.9,0.8,0.35,0.25,360.0,72,8.0,0.0,5.070422535211268,0.3,0.9888795266809776,0.979665224376178,5,0.75,0.5,5,False,False,False,1.9107250432750922,1.5860377640839802,-2.1552784385059875,0.9888795266809776,1.6703589893357405,3.0552784385059875,2.0070282133341464,1.6005378364358405,-2.670806856275955,0.9862094552732809,1.6085081913673036,2.712378450903632,1.128623634210866,1.3840858585341085,-2.422379326206022,0.9834480642028612,2.324796220899359,2.9608059809735643,1.2644273153051127,1.996085229229067,-3.088098693045108,0.9828034597638655,1.8346193983911536,2.295086614134478,2.378261656863811,2.1795382415203473,-2.1506563091531934,0.980685449860628,0.9225078466868354,3.0506563091531933,False,True,ambiguous_correct,0.012277560763888841,0.013033848741319387,0.14723569929230826,0.06088333611279184,0.012310655381944396,60912,610,1.0,0.0031277126736111013,0.03411892361111103,True,ambiguous_correct,0.012277560763888841,False,true_failure,0.015748155381944375,False,true_failure,0.018036566840277712,False,true_failure,0.02000325520833325,False,true_failure,0.0157118055555555,False,True,ambiguous_correct;true_failure;true_failure;true_failure;true_failure
experiment_5_symmetry_analysis,default,complex_room,perception_aware,1,6,2.8,3.0,0.9,1.9410502176365434,1.554787598707801,-2.2311724794271495,0.9891902300396966,1.68120005159142,3.1311724794271494,False,0.012234700520833284,0.007878692198367265,0.010927898024093477,0.008564290364583298,0.0023636076595101793,9.685185624985024,100,40,3,3,0.9,0.8,0.35,0.25,360.0,72,8.0,0.0,5.070422535211268,0.3,0.9891902300396966,0.9811169805637208,5,0.75,0.5,5,False,False,False,1.9410502176365434,1.554787598707801,-2.2311724794271495,0.9891902300396966,1.68120005159142,3.1311724794271494,1.7198952627814335,1.4206397415711345,-2.9942350903423622,0.987006787095041,1.9133753080006237,2.388950216837224,2.40305647804787,2.172861571804654,-2.2927798360131852,0.9849706071746359,0.9174541618071327,3.0904054711664006,1.0060859011677892,1.7108400370297994,-2.6907100894418097,0.9817822101886802,2.2090860562943924,2.692475217737776,1.9818764032345042,1.6997975875364915,-1.7253641809312072,0.9805322021218706,1.5361811523907065,2.625364180931207,False,True,ambiguous_correct,0.012234700520833284,0.013033848741319387,0.13617266146327656,0.13677737703395376,0.012310655381944396,60912,610,1.0,0.0031277126736111013,0.03411892361111103,True,ambiguous_correct,0.012234700520833284,False,true_failure,0.014366319444444383,True,ambiguous_correct,0.010212131076388856,False,true_failure,0.022484809027777695,False,true_failure,0.019863281249999934,False,True,ambiguous_correct;true_failure;ambiguous_correct;true_failure;true_failure
experiment_5_symmetry_analysis,default,complex_room,perception_aware,1,7,2.8,3.0,0.9,2.7567996043102108,2.9864413913538224,0.9159551342888816,0.9995977786219742,0.045278141041506424,0.015955134288881734,True,2.2243923611111068e-05,0.0012893749287783366,0.00040238322516127875,1.5570746527777748e-05,0.000386812478633501,9.209258124988992,100,40,3,3,0.9,0.8,0.35,0.25,360.0,72,8.0,0.0,5.070422535211268,0.3,0.9995879835033837,0.9829851854957196,5,0.75,0.5,5,True,True,True,2.7567996043102108,2.9864413913538224,0.9159551342888816,0.9995977786219742,0.045278141041506424,0.015955134288881734,3.548271104943914,3.0183893763136527,0.80223025650313,0.9841528966441405,0.748497037839958,0.09776974349686984,3.099287253586524,3.4082423551391656,0.2619059095146987,0.9784719225925601,0.5061962867198229,0.6380940904853012,2.314592439970976,2.179986009135935,1.45675882926154,0.9772422647202004,0.9529131358870762,0.5567588292615402,2.3665834213012755,3.114084466154457,1.4779601194485084,0.9737801702900543,0.44817987026266015,0.5779601194485084,True,True,exact_correct,2.2243923611111068e-05,0.013033848741319387,0.04300215180531964,0.1305569708914338,0.012070312499999942,60912,610,1.0,0.0031277126736111013,0.03411892361111103,True,exact_correct,2.2243923611111068e-05,True,ambiguous_correct,0.012149522569444425,False,true_failure,0.02082356770833325,False,true_failure,0.020626627604166618,False,true_failure,0.03064670138888877,True,True,exact_correct;ambiguous_correct;true_failure;true_failure;true_failure
experiment_5_symmetry_analysis,default,complex_room,perception_aware,1,8,2.8,3.0,0.9,2.800499679823549,2.987762373969439,0.8976104007371799,0.9996257960535483,0.01224782310412451,0.00238959926282023,True,8.13802083333332e-06,0.0012288247096031025,0.000374344027464264,5.6966145833333234e-06,0.0003686474128809307,9.198606582998764,100,40,3,3,0.9,0.8,0.35,0.25,360.0,72,8.0,0.0,5.070422535211268,0.3,0.9996257960535483,0.9801339711864316,5,0.75,0.5,5,True,True,True,2.800499679823549,2.987762373969439,0.8976104007371799,0.9996257960535483,0.01224782310412451,0.00238959926282023,3.6606358913239028,3.1563647207443686,0.7988900642483259,0.9843733375663108,0.87472513587318,0.10110993575167404,2.883137988390384,3.3188343469792128,0.389364933429988,0.9805643050927272,0.3294954717856691,0.5106350665700119,2.218412494433301,2.5014667453835435,0.48254611713714235,0.9752943036625447,0.7660152952714272,0.41745388286285756,3.282291285453208,3.0003712421366204,1.419916053140403,0.9735930997900278,0.48229142833439614,0.519916053140403,True,True,exact_correct,8.13802083333332e-06,0.013033848741319387,0.043145751620576024,0.11221223733973229,0.012070312499999942,60912,610,1.0,0.0031277126736111013,0.03411892361111103,True,exact_correct,8.13802083333332e-06,True,ambiguous_correct,0.012497829861111087,False,true_failure,0.022328559027777688,False,true_failure,0.01996907552083326,False,true_failure,0.03120225694444434,True,True,exact_correct;ambiguous_correct;true_failure;true_failure;true_failure
experiment_5_symmetry_analysis,default,complex_room,perception_aware,1,9,2.8,3.0,0.9,2.7448724846200774,2.9882029815696245,0.9236884657396234,0.99957358083995,0.05637563831842798,0.023688465739623243,True,3.092447916666662e-05,0.0013498464516789911,0.00042660107092036396,2.1647135416666634e-05,0.00040495393550369735,9.2080186670064,100,40,3,3,0.9,0.8,0.35,0.25,360.0,72,8.0,0.0,5.070422535211268,0.3,0.99957358083995,0.979915554332624,5,0.75,0.5,5,True,True,True,2.7448724846200774,2.9882029815696245,0.9236884657396234,0.99957358083995,0.05637563831842798,0.023688465739623243,3.61071369385108,3.0347460590351933,0.6525126546162907,0.9825859903234169,0.8114579360731772,0.2474873453837092,2.8442815192984106,3.3935588739750284,0.40399641755894855,0.9808659762218362,0.3960422202693393,0.49600358244105136,1.816471010460976,2.079811407277823,1.3280090898417534,0.9762939345788932,1.346876504895558,0.42800908984175345,2.71689489467158,3.1977825223781897,1.4823400746395583,0.9744996817123639,0.2145329454650891,0.5823400746395584,True,True,exact_correct,3.092447916666662e-05,0.013033848741319387,0.0516481067419139,0.12350908545697425,0.00958875868055551,60912,610,1.0,0.0031277126736111013,0.03411892361111103,True,exact_correct,3.092447916666662e-05,False,true_failure,0.013396267361111078,False,true_failure,0.020470377604166586,False,true_failure,0.02294270833333329,False,true_failure,0.03341308593749987,True,True,exact_correct;true_failure;true_failure;true_failure;true_failure
experiment_5_symmetry_analysis,default,complex_room,perception_aware,2,0,4.8,1.5,-1.2,7.593811487917237,3.652415206341796,-2.712020888963762,0.9951306495288168,3.5267937068263184,1.512020888963762,False,0.005211588541666647,0.004150216953548916,0.004893177065231328,0.0036481119791666526,0.0012450650860646748,8.256035792001057,100,40,3,3,0.9,0.8,0.35,0.25,360.0,72,8.0,0.0,5.070422535211268,0.3,0.9951306495288168,0.987963837288569,5,0.75,0.5,5,False,False,False,7.593811487917237,3.652415206341796,-2.712020888963762,0.9951306495288168,3.5267937068263184,1.512020888963762,7.4723648326249155,4.5619992071262825,-2.602371797252623,0.9906903799682873,4.064157101182529,1.4023717972526228,7.531998131250919,3.772310064855088,-2.1337460396501293,0.9899355095647622,3.553478129945399,0.9337460396501296,7.587336929841353,2.8401774600216605,-2.6219475485628827,0.9865245640248508,3.092785602787159,1.4219475485628827,6.585412872784794,4.3661065499021445,-2.2760348062048164,0.9843031577965994,3.3767241346751478,1.0760348062048166,False,True,ambiguous_correct,0.005211588541666647,0.008098052300347179,0.04879217046403687,0.09402701097226762,0.006501736111111088,60912,610,1.0,0.0019840494791666602,0.028003200954861078,True,ambiguous_correct,0.005211588541666647,False,true_failure,0.010625542534722202,False,true_failure,0.011693793402777755,False,true_failure,0.011542426215277743,False,true_failure,0.01275010850694444,False,True,ambiguous_correct;true_failure;true_failure;true_failure;true_failure
experiment_5_symmetry_analysis,default,complex_room,perception_aware,2,1,4.8,1.5,-1.2,4.826510608077985,1.5479141157536072,-1.1442052306808848,0.9979353109300996,0.054759244234326376,0.0557947693191152,True,0.0019970703124999947,0.0022367053732121624,0.002068960830713645,0.0013979492187499963,0.0006710116119636487,8.320564499998,100,40,3,3,0.9,0.8,0.35,0.25,360.0,72,8.0,0.0,5.070422535211268,0.3,0.9979353109300996,0.9794503057701275,5,0.75,0.5,5,True,True,True,4.826510608077985,1.5479141157536072,-1.1442052306808848,0.9979353109300996,0.054759244234326376,0.0557947693191152,7.574933970629714,3.8041938122763725,-2.9146276931417754,0.9942516333358853,3.6068778279680496,1.7146276931417754,7.274704196471519,4.566387898752734,-2.493933574842224,0.9913051596470874,3.9404182018728613,1.2939335748422243,7.713925814119739,4.184239901999737,2.860342276796878,0.9890475908024682,3.9618313318061564,2.222843030382708,7.208663316699251,3.4077018745161496,2.7933718797702767,0.9881920760067211,3.072618657634733,2.2898134274093094,True,True,exact_correct,0.0019970703124999947,0.008098052300347179,0.01832834285651595,0.09700767948428712,0.005288085937499986,60912,610,1.0,0.0019840494791666602,0.028003200954861078,True,exact_correct,0.0019970703124999947,True,ambiguous_correct,0.006437717013888869,False,true_failure,0.01032009548611109,False,true_failure,0.011079101562499994,True,ambiguous_correct,0.007525499131944436,True,True,exact_correct;ambiguous_correct;true_failure;true_failure;ambiguous_correct
experiment_5_symmetry_analysis,default,complex_room,perception_aware,2,2,4.8,1.5,-1.2,1.455653255703172,2.911262452070777,-2.241293935542315,0.9949420247440295,3.6299196760691017,1.0412939355423152,False,0.0056315104166666475,0.0038054371152429823,0.005083688426239548,0.003942057291666653,0.0011416311345728947,8.076930792012718,100,40,3,3,0.9,0.8,0.35,0.25,360.0,72,8.0,0.0,5.070422535211268,0.3,0.9949420247440295,0.9851712057229984,5,0.75,0.5,5,False,False,False,1.455653255703172,2.911262452070777,-2.241293935542315,0.9949420247440295,3.6299196760691017,1.0412939355423152,1.003488871557854,3.16681110280542,-1.7118088068082082,0.9907503677266605,4.1462942491845025,0.5118088068082081,0.9042530873747852,3.188474178163148,-1.083359846883666,0.9901992210699732,4.245914395928469,0.11664015311633413,1.7092518497275353,2.8129438231033945,-2.88954867886276,0.9885454080347148,3.3580568206982466,1.6895486788627598,1.510292394912216,1.5857655750001105,-2.053002662641258,0.9615379430352717,3.2908254072234677,0.8530026626412583,False,True,ambiguous_correct,0.0056315104166666475,0.008098052300347179,0.03942118009132531,0.1149005546500299,0.006756184895833312,60912,610,1.0,0.0019840494791666602,0.028003200954861078,True,ambiguous_correct,0.0056315104166666475,False,true_failure,0.011223958333333308,False,true_failure,0.011876627604166627,False,true_failure,0.010628797743055533,False,true_failure,0.03632052951388885,False,True,ambiguous_correct;true_failure;true_failure;true_failure;true_failure
experiment_5_symmetry_analysis,default,complex_room,perception_aware,2,3,4.8,1.5,-1.2,3.137381254483782,4.042810887496174,1.24746024129761,0.9961770480001033,3.0381224962978366,2.44746024129761,False,0.004249674479166663,0.0028761697106285,0.003837623048605214,0.002974772135416664,0.00086285091318855,8.694088624994038,100,40,3,3,0.9,0.8,0.35,0.25,360.0,72,8.0,0.0,5.070422535211268,0.3,0.9961770480001033,0.984506205850659,5,0.75,0.5,5,False,False,False,3.137381254483782,4.042810887496174,1.24746024129761,0.9961770480001033,3.0381224962978366,2.44746024129761,2.355575780364656,4.302396864392524,1.136496273152387,0.9906296911149187,3.7186876651712644,2.3364962731523873,3.268088385018154,3.8245865440075755,1.9382722173128348,0.9878111681233999,2.783964043714892,3.138272217312835,2.750918950298034,4.009533320601916,0.5016775949919019,0.98665225292807,3.239828797245155,1.701677594991902,2.3262694166749496,4.0752553353937815,1.804009612332571,0.985495920239913,3.5708938714769767,3.0040096123325712,False,True,ambiguous_correct,0.004249674479166663,0.008098052300347179,0.06515939792484193,0.061536697698136855,0.004971788194444438,60912,610,1.0,0.0019840494791666602,0.028003200954861078,True,ambiguous_correct,0.004249674479166663,False,true_failure,0.008296983506944414,False,true_failure,0.01157280815972219,False,true_failure,0.017713758680555528,False,true_failure,0.01625217013888884,False,True,ambiguous_correct;true_failure;true_failure;true_failure;true_failure
experiment_5_symmetry_analysis,default,complex_room,perception_aware,2,4,4.8,1.5,-1.2,7.598089831121315,3.7256698390266183,-2.7683465186219385,0.9950718243317918,3.57531997664227,1.5683465186219385,False,0.005380859374999981,0.003953271013620782,0.004952582866586221,0.0037666015624999863,0.0011859813040862345,8.198306540987687,100,40,3,3,0.9,0.8,0.35,0.25,360.0,72,8.0,0.0,5.070422535211268,0.3,0.9950718243317918,0.9894077297144728,5,0.75,0.5,5,False,False,False,7.598089831121315,3.7256698390266183,-2.7683465186219385,0.9950718243317918,3.57531997664227,1.5683465186219385,7.5212255934580945,3.430652419753897,2.9554921785237216,0.9921957836626661,3.336538250401595,2.1276931286558645,7.181739926937718,4.698455868590043,-2.212618931374542,0.9898334174706972,3.987832120700089,1.0126189313745417,7.686923302012518,3.928157585526705,-2.1599164382510887,0.9897960247764194,3.7723037274129636,0.9599164382510885,7.361412438622125,4.2093346055270535,2.9191207815540423,0.9889779235609659,3.728448428694512,2.1640645256255437,False,True,ambiguous_correct,0.005380859374999981,0.008098052300347179,0.014305550618064902,0.11144674716870506,0.006053059895833313,60912,610,1.0,0.0019840494791666602,0.028003200954861078,True,ambiguous_correct,0.005380859374999981,True,ambiguous_correct,0.007707790798611094,False,true_failure,0.012833658854166635,False,true_failure,0.012747395833333307,False,true_failure,0.011545681423611105,False,True,ambiguous_correct;ambiguous_correct;true_failure;true_failure;true_failure
experiment_5_symmetry_analysis,default,complex_room,perception_aware,2,5,4.8,1.5,-1.2,4.95429138944252,1.5332748658009074,-1.23503847863726,0.9974216633596454,0.15783868204648596,0.03503847863725973,True,0.0011398654513888858,0.0059569860961284265,0.0025850016448107477,0.00079790581597222,0.0017870958288385278,7.965284125006292,100,40,3,3,0.9,0.8,0.35,0.25,360.0,72,8.0,0.0,5.070422535211268,0.3,0.9974216633596454,0.9798198277188578,5,0.75,0.5,5,True,True,True,4.95429138944252,1.5332748658009074,-1.23503847863726,0.9974216633596454,0.15783868204648596,0.03503847863725973,7.105077515355737,4.6171766837712696,-0.8059987573872416,0.9907124490774888,3.8768766848644836,0.3940012426127586,6.998971902489098,4.67602865451012,-1.9979122306333046,0.989772014947666,3.8629827131642576,0.7979122306333046,6.676925847260814,4.754297450853157,-1.3387760849857107,0.988858110108485,3.7567675646418532,0.13877608498571092,6.332666850500921,4.685619239981069,-0.7590862572457673,0.9886346616038207,3.535143224363332,0.44091374275423245,True,True,exact_correct,0.0011398654513888858,0.008098052300347179,0.02011572414744152,0.07395846035848752,0.0028244357638888802,60912,610,1.0,0.0019840494791666602,0.028003200954861078,True,exact_correct,0.0011398654513888858,False,true_failure,0.010615776909722192,False,true_failure,0.012437608506944413,False,true_failure,0.011878255208333298,False,true_failure,0.013691406249999967,True,True,exact_correct;true_failure;true_failure;true_failure;true_failure
experiment_5_symmetry_analysis,default,complex_room,perception_aware,2,6,4.8,1.5,-1.2,1.4796649531306623,2.8944611394639614,-2.2630420577870343,0.9949863402781196,3.601270149953199,1.063042057787034,False,0.005830078124999979,0.003192894935031563,0.005038923168009453,0.004081054687499985,0.0009578684805094689,8.144765250006458,100,40,3,3,0.9,0.8,0.35,0.25,360.0,72,8.0,0.0,5.070422535211268,0.3,0.9949863402781196,0.9837682579371106,5,0.75,0.5,5,False,False,False,1.4796649531306623,2.8944611394639614,-2.2630420577870343,0.9949863402781196,3.601270149953199,1.063042057787034,1.5863810228009825,2.610834398957668,-1.480186131539164,0.988498385517928,3.4001911699963725,0.28018613153916405,0.6254677514240571,2.582654069377042,-1.4206549179228223,0.9875650464689578,4.312639485087895,0.22065491792282232,0.6030703423723999,3.3365872554643836,-1.983688640322733,0.9862275183757655,4.581186669194819,0.7836886403227332,1.4395883835003553,3.3937467827827286,-2.796998393999714,0.9838447640854296,3.85728442166321,1.596998393999714,False,True,ambiguous_correct,0.005830078124999979,0.008098052300347179,0.05625689037392396,0.09315243240531057,0.007042643229166645,60912,610,1.0,0.0019840494791666602,0.028003200954861078,True,ambiguous_correct,0.005830078124999979,False,true_failure,0.010537651909722204,False,true_failure,0.012009548611111103,False,true_failure,0.013201497395833314,False,true_failure,0.01513346354166665,False,True,ambiguous_correct;true_failure;true_failure;true_failure;true_failure
experiment_5_symmetry_analysis,default,complex_room,perception_aware,2,7,4.8,1.5,-1.2,7.6489886448191315,3.754441685328619,-2.7619935170627428,0.9950491182982002,3.633076328795708,1.5619935170627428,False,0.005555013020833314,0.003623352576098546,0.004975514887412883,0.00388850911458332,0.0010870057728295636,8.09031137501006,100,40,3,3,0.9,0.8,0.35,0.25,360.0,72,8.0,0.0,5.070422535211268,0.3,0.9950491182982002,0.9890594074638266,5,0.75,0.5,5,False,False,False,7.6489886448191315,3.754441685328619,-2.7619935170627428,0.9950491182982002,3.633076328795708,1.5619935170627428,7.641754922368678,4.041519612015491,2.9960962141373724,0.9921411350458628,3.8124654722457465,2.0870890930422137,7.164172485456286,4.501306821298817,-2.660398524626788,0.9894921987554588,3.820622223743583,1.460398524626788,7.626690422055941,3.759546891275353,-2.1929921422134138,0.9884364713070424,3.618802411850488,0.9929921422134136,7.459661377611299,2.914952610367025,-2.6995582013910897,0.9866706024302366,3.012621704287097,1.4995582013910898,False,True,ambiguous_correct,0.005555013020833314,0.008098052300347179,0.05743943045859603,0.11779974872790078,0.006053059895833313,60912,610,1.0,0.0019840494791666602,0.028003200954861078,True,ambiguous_correct,0.005555013020833314,False,true_failure,0.008975694444444439,False,true_failure,0.011083984374999986,False,true_failure,0.012502712673611084,False,true_failure,0.010696072048611081,False,True,ambiguous_correct;true_failure;true_failure;true_failure;true_failure
experiment_5_symmetry_analysis,default,complex_room,perception_aware,2,8,4.8,1.5,-1.2,4.806922932290083,1.4784923951448639,-1.2045276334928667,0.9998687039222655,0.022594336858995145,0.004527633492866556,True,2.4956597222222227e-05,0.0003794790020090639,0.00013131331865827474,1.7469618055555558e-05,0.00011384370060271918,8.046953041019151,100,40,3,3,0.9,0.8,0.35,0.25,360.0,72,8.0,0.0,5.070422535211268,0.3,0.9998687039222655,0.9842683275099803,5,0.75,0.5,5,True,True,True,4.806922932290083,1.4784923951448639,-1.2045276334928667,0.9998687039222655,0.022594336858995145,0.004527633492866556,4.6281731940401105,1.4391894446007691,-0.6474729600291855,0.9882259636059095,0.1822700603344948,0.5525270399708146,5.263075756245717,1.5380207638330154,-1.762832241894492,0.9878625051024492,0.46463397906845894,0.5628322418944922,4.489952991998287,1.5587416278674293,-1.8339983747034352,0.9863222524787656,0.3155625548371192,0.6339983747034355,5.60950194207052,1.5192734216274801,-0.6001127456138424,0.979250149837583,0.8097313498915394,0.5998872543861573,True,True,exact_correct,2.4956597222222227e-05,0.008098052300347179,0.05522627391980729,0.1044693055028807,0.0033279079861111014,60912,610,1.0,0.0019840494791666602,0.028003200954861078,True,exact_correct,2.4956597222222227e-05,False,true_failure,0.014990776909722189,False,true_failure,0.014134114583333302,False,true_failure,0.015340169270833303,False,true_failure,0.021102973090277748,True,True,exact_correct;true_failure;true_failure;true_failure;true_failure
experiment_5_symmetry_analysis,default,complex_room,perception_aware,2,9,4.8,1.5,-1.2,3.0367375032152735,4.045237485069057,1.2588697093163528,0.9962709662021099,3.09634114528231,2.458869709316353,False,0.00398763020833333,0.003172167980047363,0.0037429915398475393,0.0027913411458333304,0.0009516503940142089,8.618281457980629,100,40,3,3,0.9,0.8,0.35,0.25,360.0,72,8.0,0.0,5.070422535211268,0.3,0.9962709662021099,0.9853642592393191,5,0.75,0.5,5,False,False,False,3.0367375032152735,4.045237485069057,1.2588697093163528,0.9962709662021099,3.09634114528231,2.458869709316353,2.285584214890286,4.074611512133749,1.29207576805324,0.9879383340683145,3.5987374423289795,2.4920757680532404,2.6642571170922893,3.8669810134467584,0.6795691475994374,0.9857399595443838,3.1881023791447447,1.8795691475994376,2.1786507508403155,4.381860363920301,1.8106117145047946,0.9811111083917472,3.8957144457987276,3.010611714504795,3.588261473275002,4.280243342938679,1.9160180008027483,0.9782133037205963,3.0328309057882716,3.1160180008027485,False,True,ambiguous_correct,0.00398763020833333,0.008098052300347179,0.035583152463127564,0.05012722967939354,0.004971788194444438,60912,610,1.0,0.0019840494791666602,0.028003200954861078,True,ambiguous_correct,0.00398763020833333,False,true_failure,0.011874999999999969,False,true_failure,0.01668185763888886,False,true_failure,0.020602213541666612,False,true_failure,0.02026692708333329,False,True,ambiguous_correct;true_failure;true_failure;true_failure;true_failure
experiment_5_symmetry_analysis,default,complex_room,perception_aware,3,0,2.5,5.0,2.0,2.5661833669530787,5.0460387674596365,1.9624984442798648,0.9991786523946198,0.08062137539417419,0.03750155572013547,True,0.0002343749999999989,0.002193200906051409,0.0008220227718154218,0.00016406249999999922,0.0006579602718154227,9.923660125001334,100,40,3,3,0.9,0.8,0.35,0.25,360.0,72,8.0,0.0,5.070422535211268,0.3,0.9991786523946198,0.9805491894939261,5,0.75,0.5,5,True,True,True,2.5661833669530787,5.0460387674596365,1.9624984442798648,0.9991786523946198,0.08062137539417419,0.03750155572013547,1.763763383294763,4.949928106141942,2.1664986650229436,0.9862483144452359,0.7379373620654444,0.16649866502294364,3.7414637868365626,4.3077230086755405,1.8477171908261205,0.9828069665795603,1.4214358116861359,0.15228280917387949,3.213805125482822,5.427757207815836,2.2267223333677713,0.9783388820936675,0.8321622353867952,0.22672233336777126,2.6524282441120564,5.177342128939197,1.301125283142138,0.9766281109378987,0.23384738677131195,0.698874716857862,True,True,exact_correct,0.0002343749999999989,0.012922211371527728,0.07009739210148641,0.12990272968581884,0.009985351562499951,60912,610,1.0,0.003631184895833317,0.03355658637152769,True,exact_correct,0.0002343749999999989,True,ambiguous_correct,0.012209743923611072,True,ambiguous_correct,0.010182834201388848,False,true_failure,0.020919596354166604,False,true_failure,0.03140299479166654,True,True,exact_correct;ambiguous_correct;ambiguous_correct;true_failure;true_failure
experiment_5_symmetry_analysis,default,complex_room,perception_aware,3,1,2.5,5.0,2.0,1.1615924797289212,1.700227503191484,3.0592744629687516,0.9915301664618131,3.5608753447729797,1.0592744629687516,False,0.009790039062499967,0.0056305235817069145,0.008542184418262051,0.006853027343749977,0.0016891570745120744,9.753329584025778,100,40,3,3,0.9,0.8,0.35,0.25,360.0,72,8.0,0.0,5.070422535211268,0.3,0.9915301664618131,0.9818971006764989,5,0.75,0.5,5,False,False,False,1.1615924797289212,1.700227503191484,3.0592744629687516,0.9915301664618131,3.5608753447729797,1.0592744629687516,0.8574218103737694,1.7387074418936115,2.187920852409656,0.9858089061546442,3.651587635343824,0.18792085240965584,2.040866600764878,1.9389401594015219,2.9497397845422872,0.9818645000292793,3.095301411174359,0.9497397845422872,0.4413777305933541,2.052520165323224,2.7912235722388274,0.980508961304635,3.5952139051693717,0.7912235722388274,0.3974482271989959,2.0236342826842617,-2.9722686675399643,0.9771555131588562,3.644101650684442,1.310916639639622,False,True,ambiguous_correct,0.009790039062499967,0.012922211371527728,0.04871795949314703,0.1794811971781085,0.011711697048611067,60912,610,1.0,0.003631184895833317,0.03355658637152769,True,ambiguous_correct,0.009790039062499967,False,true_failure,0.017025824652777733,False,true_failure,0.015824652777777726,False,true_failure,0.021647135416666605,False,true_failure,0.02601671006944434,False,True,ambiguous_correct;true_failure;true_failure;true_failure;true_failure
experiment_5_symmetry_analysis,default,complex_room,perception_aware,3,2,2.5,5.0,2.0,2.463893055600416,4.996108464670814,2.002548530900751,0.9995833538268755,0.03631604991037648,0.0025485309007509116,True,1.573350694444442e-05,0.0013526879488483673,0.00041681983951562127,1.1013454861111094e-05,0.00040580638465451016,10.034446500008926,100,40,3,3,0.9,0.8,0.35,0.25,360.0,72,8.0,0.0,5.070422535211268,0.3,0.9995833538268755,0.9816344884702866,5,0.75,0.5,5,True,True,True,2.463893055600416,4.996108464670814,2.002548530900751,0.9995833538268755,0.03631604991037648,0.0025485309007509116,1.7250252174052456,5.225977640962591,1.8801520266528051,0.9862912440191174,0.8072495325937354,0.11984797334719488,3.334234591243777,4.797465156052957,1.767119030563828,0.9838436663783947,0.8584682383410144,0.23288096943617198,2.6330456515656837,5.339398870079953,2.749200465409162,0.9759043444138495,0.36454456299893734,0.749200465409162,3.1353317522111115,5.622029444425096,1.9374271820955205,0.9680808554888476,0.88913838354861,0.06257281790447955,True,True,exact_correct,1.573350694444442e-05,0.012922211371527728,0.03774552784686916,0.09184657149244391,0.006181640624999967,60912,610,1.0,0.003631184895833317,0.03355658637152769,True,exact_correct,1.573350694444442e-05,True,ambiguous_correct,0.008974066840277744,True,ambiguous_correct,0.007822265624999979,False,true_failure,0.031520182291666546,False,true_failure,0.034083116319444336,True,True,exact_correct;ambiguous_correct;ambiguous_correct;true_failure;true_failure
experiment_5_symmetry_analysis,default,complex_room,perception_aware,3,3,2.5,5.0,2.0,5.138081433927506,3.1825308507666565,-1.4961371180615963,0.9903601141968904,3.203539879640642,2.78704818911799,False,0.012932400173611061,0.0022701253631446264,0.009733717730471131,0.009052680121527743,0.0006810376089433879,10.029889333993196,100,40,3,3,0.9,0.8,0.35,0.25,360.0,72,8.0,0.0,5.070422535211268,0.3,0.9903601141968904,0.9780397428793621,5,0.75,0.5,5,False,False,False,5.138081433927506,3.1825308507666565,-1.4961371180615963,0.9903601141968904,3.203539879640642,2.78704818911799,5.1465442865801405,3.087989524923078,-2.0062789352066117,0.9845274043340815,3.2649625905412547,2.2769063719729745,5.189636339777401,3.0806835500480125,-0.8816056741236791,0.9835851260395783,3.3042274854052462,2.881605674123679,4.7974238710573305,4.329846529690334,-1.0854695156752792,0.9821589732631713,2.393169888886315,3.085469515675279,4.402884046254291,3.0676932033898567,-0.7512728561114277,0.9807764608765506,2.7119692567790765,2.7512728561114277,False,False,true_failure,0.012932400173611061,0.012922211371527728,0.12453741223058826,0.07465920873330045,0.0108799913194444,60912,610,1.0,0.003631184895833317,0.03355658637152769,False,true_failure,0.012932400173611061,False,true_failure,0.0211935763888888,False,true_failure,0.02212782118055548,False,true_failure,0.020834418402777728,False,true_failure,0.018351779513888833,False,False,true_failure;true_failure;true_failure;true_failure;true_failure
experiment_5_symmetry_analysis,default,complex_room,perception_aware,3,4,2.5,5.0,2.0,2.436926080452625,5.005777271737654,2.00093084388938,0.9994576035941204,0.06333795225454805,0.0009308438893800286,True,4.286024305555545e-05,0.0017089619641935568,0.0005426907593969558,3.0002170138888816e-05,0.000512688589258067,9.703540875023464,100,40,3,3,0.9,0.8,0.35,0.25,360.0,72,8.0,0.0,5.070422535211268,0.3,0.9994576035941204,0.9767568861712599,5,0.75,0.5,5,True,True,True,2.436926080452625,5.005777271737654,2.00093084388938,0.9994576035941204,0.06333795225454805,0.0009308438893800286,0.920228196482582,1.8443033805336384,3.0257175810739927,0.9886721585952687,3.529036710676172,1.0257175810739927,0.6537129444983258,2.139712615865298,2.4691289426512517,0.9869701706957585,3.404411815740448,0.4691289426512517,1.5292556856471455,1.6935171907875606,2.315010537680255,0.9861457617114586,3.4460373026805406,0.315010537680255,1.7466092911066877,1.910684097892282,2.9478471350955235,0.9827880882149336,3.1798538179077336,0.9478471350955235,True,True,exact_correct,4.286024305555545e-05,0.012922211371527728,0.054009964223311877,0.09346425850381479,0.006181640624999967,60912,610,1.0,0.003631184895833317,0.03355658637152769,True,exact_correct,4.286024305555545e-05,True,ambiguous_correct,0.012440863715277738,False,true_failure,0.01646213107638884,False,true_failure,0.014471028645833292,False,true_failure,0.014235026041666623,True,True,exact_correct;ambiguous_correct;true_failure;true_failure;true_failure
experiment_5_symmetry_analysis,default,complex_room,perception_aware,3,5,2.5,5.0,2.0,1.0721364357880225,1.7527139060546473,3.0068270837347426,0.9916168324468367,3.547345674435323,1.006827083734743,False,0.009772677951388855,0.005377215380463107,0.008454039180111131,0.006840874565972198,0.001613164614138932,9.915383832994848,100,40,3,3,0.9,0.8,0.35,0.25,360.0,72,8.0,0.0,5.070422535211268,0.3,0.9916168324468367,0.979742526122788,5,0.75,0.5,5,False,False,False,1.0721364357880225,1.7527139060546473,3.0068270837347426,0.9916168324468367,3.547345674435323,1.006827083734743,1.3120631903534863,1.6759813669362091,2.2866347021084703,0.9864199193544431,3.5299141259623315,0.2866347021084703,2.053408167117978,2.0415680653181223,2.6456165831514946,0.9811057494053879,2.991949828680702,0.6456165831514946,2.1895534791213818,1.8187576037910091,-3.011579472584838,0.9801621939671179,3.1963542084323446,1.271605834594748,0.44883231118597366,1.7527039068288583,2.3853489757179025,0.979495702479548,3.8408619871533047,0.3853489757179025,False,True,ambiguous_correct,0.009772677951388855,0.012922211371527728,0.04827874023608292,0.12703381794409951,0.011934678819444404,60912,610,1.0,0.003631184895833317,0.03355658637152769,True,ambiguous_correct,0.009772677951388855,False,true_failure,0.01565700954861107,False,true_failure,0.014397786458333275,False,true_failure,0.017096354166666623,False,true_failure,0.02140896267361105,False,True,ambiguous_correct;true_failure;true_failure;true_failure;true_failure
experiment_5_symmetry_analysis,default,complex_room,perception_aware,3,6,2.5,5.0,2.0,1.1615525679635987,1.7251649401145965,3.0568213425016113,0.9914790791989221,3.5377939733369823,1.0568213425016113,False,0.009841579861111078,0.005683483257672398,0.008594150880079473,0.006889105902777754,0.0017050449773017193,10.203028333984548,100,40,3,3,0.9,0.8,0.35,0.25,360.0,72,8.0,0.0,5.070422535211268,0.3,0.9914790791989221,0.980695341574919,5,0.75,0.5,5,False,False,False,1.1615525679635987,1.7251649401145965,3.0568213425016113,0.9914790791989221,3.5377939733369823,1.0568213425016113,1.5287808369237292,1.8267747306502273,2.3764076327866395,0.985557232245453,3.318527576014174,0.37640763278663947,0.8291476989835793,2.0993165233786737,2.4733279703334414,0.9845301679352872,3.3474933970593357,0.47332797033344143,2.159988730853014,2.0281698849574563,2.947637624505413,0.9803262650902013,2.991217460470021,0.947637624505413,1.0436598454096457,1.8252478532534862,-2.433829061321653,0.9798858165379183,3.4928466669958267,1.8493562458579333,False,True,ambiguous_correct,0.009841579861111078,0.012922211371527728,0.024616691304852185,0.1770280767109682,0.011711697048611067,60912,610,1.0,0.003631184895833317,0.03355658637152769,True,ambiguous_correct,0.009841579861111078,False,true_failure,0.014622938368055505,False,true_failure,0.015530056423611069,False,true_failure,0.015926106770833278,False,true_failure,0.02555826822916656,False,True,ambiguous_correct;true_failure;true_failure;true_failure;true_failure
experiment_5_symmetry_analysis,default,complex_room,perception_aware,3,7,2.5,5.0,2.0,1.0589896856782701,1.7087457710893406,3.01140475012877,0.9916547721020501,3.592890914751506,1.0114047501287704,False,0.009806857638888854,0.005168854852042767,0.008415456802835028,0.006864800347222197,0.0015506564556128299,10.078397083998425,100,40,3,3,0.9,0.8,0.35,0.25,360.0,72,8.0,0.0,5.070422535211268,0.3,0.9916547721020501,0.9805530378145295,5,0.75,0.5,5,False,False,False,1.0589896856782701,1.7087457710893406,3.01140475012877,0.9916547721020501,3.592890914751506,1.0114047501287704,0.9919704678467431,1.7329774872346233,2.451459597775494,0.9849949796249277,3.5982758605701934,0.4514595977754938,1.8545753542336958,2.066486784106444,3.08740652081101,0.9824696995840502,3.0036765407055253,1.08740652081101,0.33463768015686224,1.3284608741887243,2.9427595340468127,0.976015450959215,4.262510237941896,0.9427595340468127,0.43448682125211596,1.0329041591174617,2.342252901325354,0.9728736926950817,4.472604845314274,0.34225290132535413,False,True,ambiguous_correct,0.009806857638888854,0.012922211371527728,0.05264643626666023,0.13161148433812686,0.011934678819444404,60912,610,1.0,0.003631184895833317,0.03355658637152769,True,ambiguous_correct,0.009806857638888854,False,true_failure,0.018045789930555507,False,true_failure,0.014638671874999966,False,true_failure,0.01929796006944439,False,true_failure,0.025763346354166605,False,True,ambiguous_correct;true_failure;true_failure;true_failure;true_failure
experiment_5_symmetry_analysis,default,complex_room,perception_aware,3,8,2.5,5.0,2.0,2.524865551244005,5.0172501210292255,1.9987870287909555,0.9995790117243373,0.030263217181772946,0.001212971209044511,True,2.0073784722222202e-05,0.0013570464404298068,0.0004211655814344976,1.405164930555554e-05,0.00040711393212894203,9.795160124980612,100,40,3,3,0.9,0.8,0.35,0.25,360.0,72,8.0,0.0,5.070422535211268,0.3,0.9995790117243373,0.9815702624475843,5,0.75,0.5,5,True,True,True,2.524865551244005,5.0172501210292255,1.9987870287909555,0.9995790117243373,0.030263217181772946,0.001212971209044511,1.808587063389325,5.259862630323035,1.960751428607515,0.9841362319914494,0.738634168957139,0.039248571392485054,3.3981278591469386,4.721893043326625,1.9058618590522212,0.9832343648851761,0.940200580049805,0.09413814094777884,2.501962632796083,5.094205685599659,1.2659927084711118,0.9778677492183994,0.09422612762283149,0.7340072915288882,2.3423621409512383,4.198186616032925,2.2544106317580237,0.9687329396082364,0.8171624057151733,0.2544106317580237,True,True,exact_correct,2.0073784722222202e-05,0.012922211371527728,0.038810643871396294,0.09560807360223933,0.006181640624999967,60912,610,1.0,0.003631184895833317,0.03355658637152769,True,exact_correct,2.0073784722222202e-05,False,true_failure,0.013275824652777721,True,ambiguous_correct,0.010122070312499967,False,true_failure,0.030322265624999883,False,true_failure,0.021454535590277737,True,True,exact_correct;true_failure;ambiguous_correct;true_failure;true_failure
experiment_5_symmetry_analysis,default,complex_room,perception_aware,3,9,2.5,5.0,2.0,1.0880796783948947,1.7246672155571785,3.008417863198905,0.9913997813992221,3.5666964888265205,1.008417863198905,False,0.009650065104166633,0.006399261368138257,0.008674823983358119,0.006755045572916642,0.0019197784104414768,9.75097958400147,100,40,3,3,0.9,0.8,0.35,0.25,360.0,72,8.0,0.0,5.070422535211268,0.3,0.9913997813992221,0.9810355923497592,5,0.75,0.5,5,False,False,False,1.0880796783948947,1.7246672155571785,3.008417863198905,0.9913997813992221,3.5666964888265205,1.008417863198905,0.8179961888619999,1.6304139669686322,2.2742958570498253,0.9850973442715927,3.7660651686717834,0.2742958570498253,1.5273305787657392,2.112939506523617,2.460287746164129,0.9814227754225991,3.0465068678728247,0.4602877461641288,1.939359336778757,1.5937334752647319,-3.0336647634885567,0.9808377487974491,3.4520964051991996,1.2495205436910295,0.31268275708121096,1.6988433334079198,2.7979411730854187,0.9788504520935323,3.960049502033426,0.7979411730854187,False,True,ambiguous_correct,0.009650065104166633,0.012922211371527728,0.06817676715579224,0.12862459740826182,0.011934678819444404,60912,610,1.0,0.003631184895833317,0.03355658637152769,True,ambiguous_correct,0.009650065104166633,False,true_failure,0.01622829861111108,False,true_failure,0.017059461805555492,False,true_failure,0.017537434895833308,False,true_failure,0.019299587673611063,False,True,ambiguous_correct;true_failure;true_failure;true_failure;true_failure
experiment_5_symmetry_analysis,default,complex_room,perception_aware,4,0,6.8,3.0,-2.4,6.821761652334423,2.992861753239931,-2.40495173156238,0.9999190742212672,0.022902490675294634,0.004951731562380157,True,1.5190972222222227e-05,0.0002343288256299788,8.09323282445492e-05,1.0633680555555559e-05,7.029864768899363e-05,9.071061459020711,100,40,3,3,0.9,0.8,0.35,0.25,360.0,72,8.0,0.0,5.070422535211268,0.3,0.9999190742212672,0.9881041141366179,5,0.75,0.5,5,True,True,True,6.821761652334423,2.992861753239931,-2.40495173156238,0.9999190742212672,0.022902490675294634,0.004951731562380157,7.1627383109882485,3.4169790908431454,-1.6775538547625348,0.9931348486518949,0.5526758945883053,0.7224461452374653,6.978413103720176,2.846597582426839,-2.9379706377943746,0.9925699853551413,0.23529457557784228,0.5379706377943747,7.344029493614421,3.689122177902395,-2.1844471911542973,0.9909471591829881,0.8779848893912148,0.2155528088457026,6.550540354210963,3.9679889448354837,-2.18332991374394,0.9860850630927933,0.9996162824808853,0.21667008625605977,True,True,exact_correct,1.5190972222222227e-05,0.00555989040798611,0.06907169047081398,0.04875724137003523,0.0014312065972222174,60912,610,1.0,9.223090277777773e-05,0.020590549045138844,True,exact_correct,1.5190972222222227e-05,True,ambiguous_correct,0.005116102430555551,False,true_failure,0.0076329210069444355,False,true_failure,0.005673828125000002,False,true_failure,0.009299045138888887,True,True,exact_correct;ambiguous_correct;true_failure;true_failure;true_failure
experiment_5_symmetry_analysis,default,complex_room,perception_aware,4,1,6.8,3.0,-2.4,6.810610811786426,3.0616218980560514,-2.3781580321413336,0.9998559179692504,0.0625287745505808,0.021841967858666322,True,4.0690104166666644e-05,0.00038539906818640485,0.0001441027933725881,2.848307291666665e-05,0.00011561972045592145,8.863663124997402,100,40,3,3,0.9,0.8,0.35,0.25,360.0,72,8.0,0.0,5.070422535211268,0.3,0.9998559179692504,0.9875468387820583,5,0.75,0.5,5,True,True,True,6.810610811786426,3.0616218980560514,-2.3781580321413336,0.9998559179692504,0.0625287745505808,0.021841967858666322,6.908130214680002,2.8936755973832056,-2.9675110393151405,0.9935304228796135,0.1516476901194393,0.5675110393151406,6.955835501062302,3.4733326490174994,-1.5697305740965701,0.9917614838237089,0.4983256967258082,0.8302694259034298,7.338984640516239,3.6306428949481417,-2.226177292239841,0.991744913872926,0.8295871887035097,0.17382270776015885,6.959357297625478,3.7083884153149422,-2.947179498502412,0.9904031067677461,0.7260915198918868,0.5471794985024121,True,True,exact_correct,4.0690104166666644e-05,0.00555989040798611,0.0653578319495077,0.021963541948988752,9.223090277777773e-05,60912,610,1.0,9.223090277777773e-05,0.020590549045138844,True,exact_correct,4.0690104166666644e-05,False,true_failure,0.007149522569444437,True,ambiguous_correct,0.004970703124999999,True,ambiguous_correct,0.005499131944444447,False,true_failure,0.00695095486111111,True,True,exact_correct;true_failure;ambiguous_correct;ambiguous_correct;true_failure
experiment_5_symmetry_analysis,default,complex_room,perception_aware,4,2,6.8,3.0,-2.4,6.93909340329492,3.0334958027924874,-2.3879994710111387,0.999352157109746,0.1430697160299009,0.01200052898886117,True,0.0002549913194444446,0.0015658964637650975,0.0006482628627406405,0.00017849392361111123,0.0004697689391295292,8.97713566699531,100,40,3,3,0.9,0.8,0.35,0.25,360.0,72,8.0,0.0,5.070422535211268,0.3,0.999352157109746,0.9879315983247946,5,0.75,0.5,5,True,True,True,6.93909340329492,3.0334958027924874,-2.3879994710111387,0.999352157109746,0.1430697160299009,0.01200052898886117,6.589142273975113,2.710351097110114,-2.8966856331183086,0.9921208341454502,0.35827010420868366,0.4966856331183087,6.8166885575936,3.4591826621218376,-1.6693522072288662,0.990223715535617,0.4594858269281573,0.7306477927711335,7.01150855180986,4.052115022633806,-2.3433852114740836,0.9896817538898973,1.0731644274483,0.05661478852591628,6.744905490335422,3.518711444318894,3.094053329993363,0.9883192060992232,0.5216291474434429,0.7891319771862229,True,True,exact_correct,0.0002549913194444446,0.00555989040798611,0.06821939523535459,0.031804980818793904,9.223090277777773e-05,60912,610,1.0,9.223090277777773e-05,0.020590549045138844,True,exact_correct,0.0002549913194444446,True,ambiguous_correct,0.005189344618055545,True,ambiguous_correct,0.004672309027777778,False,true_failure,0.008572048611111108,False,true_failure,0.006197374131944444,True,True,exact_correct;ambiguous_correct;ambiguous_correct;true_failure;true_failure
experiment_5_symmetry_analysis,default,complex_room,perception_aware,4,3,6.8,3.0,-2.4,6.999829308427873,3.157885830583413,-2.34949259840339,0.9993636514388747,0.25467565255786845,0.050507401596609824,False,0.0005919053819444448,0.000741399970340899,0.0006367537584633811,0.00041433376736111136,0.00022241999110226968,8.987447499996051,100,40,3,3,0.9,0.8,0.35,0.25,360.0,72,8.0,0.0,5.070422535211268,0.3,0.9993636514388747,0.9898894984840027,5,0.75,0.5,5,False,False,False,6.999829308427873,3.157885830583413,-2.34949259840339,0.9993636514388747,0.25467565255786845,0.050507401596609824,6.808540354728433,2.959802342078475,-1.70613250271342,0.9938325046534714,0.04109488242182234,0.6938674972865799,6.61627360982742,2.796058654521313,-2.9218378091205794,0.9928036496322106,0.27449491587551145,0.5218378091205795,7.057484803196338,4.089459543093555,-2.189422176421777,0.9898119954057044,1.1194733225560465,0.21057782357822274,7.557261697562021,3.179598095350849,-1.6765007267128667,0.9805598542884076,0.7782677909615473,0.7234992732871333,False,True,ambiguous_correct,0.0005919053819444448,0.00555989040798611,0.02478904275938355,0.00670189178895475,0.0007367621527777782,60912,610,1.0,9.223090277777773e-05,0.020590549045138844,True,ambiguous_correct,0.0005919053819444448,False,true_failure,0.008109266493055548,False,true_failure,0.005776909722222211,False,true_failure,0.008502604166666662,False,true_failure,0.010959201388888874,False,True,ambiguous_correct;true_failure;true_failure;true_failure;true_failure
experiment_5_symmetry_analysis,default,complex_room,perception_aware,4,4,6.8,3.0,-2.4,6.853419251227028,2.9885274398803015,-2.4024237784528797,0.9995784968359941,0.05463731359937522,0.0024237784528797768,True,5.045572916666672e-05,0.0012878729780813546,0.00042168090384107307,3.53190104166667e-05,0.0003863618934244064,8.989311417011777,100,40,3,3,0.9,0.8,0.35,0.25,360.0,72,8.0,0.0,5.070422535211268,0.3,0.9995784968359941,0.9877375937684273,5,0.75,0.5,5,True,True,True,6.853419251227028,2.9885274398803015,-2.4024237784528797,0.9995784968359941,0.05463731359937522,0.0024237784528797768,6.7054644287796,2.8481982325389756,-2.983373585278602,0.9939590687230421,0.17883162704135455,0.583373585278602,7.2355775003779526,3.6469931333772925,-2.7613444261545483,0.9907400796631343,0.77995376367633,0.3613444261545484,6.621766172525448,3.0691465919398153,-1.7500409701553712,0.9899384207106878,0.19117674658053885,0.6499590298446289,6.500610365538754,3.68438748921787,-2.250697539305847,0.9858494945211919,0.7470076228665798,0.1493024606941531,True,True,exact_correct,5.045572916666672e-05,0.00555989040798611,0.04461965967745904,0.04622928826053485,0.0014312065972222174,60912,610,1.0,9.223090277777773e-05,0.020590549045138844,True,exact_correct,5.045572916666672e-05,False,true_failure,0.006513129340277768,False,true_failure,0.008527560763888886,False,true_failure,0.006936306423611111,False,true_failure,0.0075683593750000035,True,True,exact_correct;true_failure;true_failure;true_failure;true_failure
experiment_5_symmetry_analysis,default,complex_room,perception_aware,4,5,6.8,3.0,-2.4,6.7989832662654335,3.0269214207616986,-2.389041124334879,0.9996321429008411,0.02694061326910395,0.010958875665120882,True,1.4648437499999983e-05,0.0011924618718350346,0.0003679924678005104,1.0253906249999987e-05,0.0003577385615505104,8.897682499984512,100,40,3,3,0.9,0.8,0.35,0.25,360.0,72,8.0,0.0,5.070422535211268,0.3,0.9996321429008411,0.988833388741079,5,0.75,0.5,5,True,True,True,6.7989832662654335,3.0269214207616986,-2.389041124334879,0.9996321429008411,0.02694061326910395,0.010958875665120882,7.035757774794142,3.1966046551484686,-1.8664954342775955,0.995265512652048,0.30697739135306645,0.5335045657224047,6.878527522380397,3.141156836148974,-2.9388450469359895,0.9935204791855698,0.16152963865121495,0.5388450469359896,6.736892164009059,4.076711716690662,-2.2833481287253203,0.9875221369597528,1.0785595578466733,0.11665187127467957,7.5658215858122615,3.7463816784568613,-2.056759381028155,0.9867538523614795,1.0693775344713805,0.3432406189718451,True,True,exact_correct,1.4648437499999983e-05,0.00555989040798611,0.07652230206485783,0.03284663414253419,0.00019531249999999993,60912,610,1.0,9.223090277777773e-05,0.020590549045138844,True,exact_correct,1.4648437499999983e-05,True,ambiguous_correct,0.00445421006944444,False,true_failure,0.005969509548611108,False,true_failure,0.009284396701388885,False,true_failure,0.009055989583333339,True,True,exact_correct;ambiguous_correct;true_failure;true_failure;true_failure
experiment_5_symmetry_analysis,default,complex_room,perception_aware,4,6,6.8,3.0,-2.4,6.813179067104025,3.050016460188112,-2.381857033470337,0.9998775284345999,0.0517236319246956,0.018142966529663074,True,2.5499131944444416e-05,0.00034879058053503977,0.00012248656652162304,1.784939236111109e-05,0.00010463717416051193,9.020015791989863,100,40,3,3,0.9,0.8,0.35,0.25,360.0,72,8.0,0.0,5.070422535211268,0.3,0.9998775284345999,0.9892033388736065,5,0.75,0.5,5,True,True,True,6.813179067104025,3.050016460188112,-2.381857033470337,0.9998775284345999,0.0517236319246956,0.018142966529663074,7.02619747874257,3.0841015120451196,-2.897033682781911,0.9945866261314543,0.24132625990092918,0.49703368278191107,7.011670684713611,3.693977785174918,-1.8327358585931701,0.992813976942382,0.7255409327415051,0.56726414140683,6.8872044561688055,3.884056252310506,-2.917126025524208,0.9894475241854527,0.8883468210248711,0.5171260255242083,6.101241857437217,3.4200509323618706,2.789006522020882,0.9792741902385764,0.8152948715500834,1.0941787851587037,True,True,exact_correct,2.5499131944444416e-05,0.00555989040798611,0.06342395152215938,0.025662543277992,9.223090277777773e-05,60912,610,1.0,9.223090277777773e-05,0.020590549045138844,True,exact_correct,2.5499131944444416e-05,False,true_failure,0.0065136718749999965,True,ambiguous_correct,0.004063585069444443,False,true_failure,0.007554796006944444,False,true_failure,0.01133246527777778,True,True,exact_correct;true_failure;ambiguous_correct;true_failure;true_failure
experiment_5_symmetry_analysis,default,complex_room,perception_aware,4,7,6.8,3.0,-2.4,6.98812531037438,3.2033769273823163,0.15148476967156643,0.9955985031590529,0.27704387196783237,2.551484769671566,False,0.005330403645833331,0.0022989103708331475,0.004420955663333276,0.0037312825520833316,0.0006896731112499443,8.809458915988216,100,40,3,3,0.9,0.8,0.35,0.25,360.0,72,8.0,0.0,5.070422535211268,0.3,0.9955985031590529,0.9898623529382766,5,0.75,0.5,5,False,False,False,6.98812531037438,3.2033769273823163,0.15148476967156643,0.9955985031590529,0.27704387196783237,2.551484769671566,6.979900464820626,4.051105030934053,0.7560114392491935,0.9942858312349815,1.0663892175456176,3.1271738679303933,7.007906664263151,3.2490458653621466,0.8922784070814451,0.9941257721559401,0.32442105988824343,2.9909069000981408,6.656430337364615,3.0406097848005955,-0.6838937129784171,0.992896346667273,0.14920255577834102,1.7161062870215833,7.118071067450878,3.9922390951432614,1.2664473216263321,0.991875258703559,1.0419729487275855,2.6167379855532538,False,True,ambiguous_correct,0.005330403645833331,0.00555989040798611,0.08184183488367973,0.1103146181275827,0.004951714409722221,60912,610,1.0,9.223090277777773e-05,0.020590549045138844,True,ambiguous_correct,0.005330403645833331,True,ambiguous_correct,0.0024229600694444394,False,true_failure,0.006129557291666663,False,true_failure,0.007387695312500001,False,true_failure,0.0057839626736111045,False,True,ambiguous_correct;ambiguous_correct;true_failure;true_failure;true_failure
experiment_5_symmetry_analysis,default,complex_room,perception_aware,4,8,6.8,3.0,-2.4,6.843817143219199,3.092927351603539,-2.3622047350656135,0.9994227365969676,0.10273964529790622,0.03779526493438645,True,8.463541666666662e-05,0.0017278401229218496,0.0005775968285432215,5.924479166666663e-05,0.0005183520368765549,8.95234762498876,100,40,3,3,0.9,0.8,0.35,0.25,360.0,72,8.0,0.0,5.070422535211268,0.3,0.9994227365969676,0.98896603887602,5,0.75,0.5,5,True,True,True,6.843817143219199,3.092927351603539,-2.3622047350656135,0.9994227365969676,0.10273964529790622,0.03779526493438645,6.8857525497027,3.2053030925382786,-1.837150399086534,0.9940303366699437,0.22249238096234916,0.5628496009134656,7.0337966132444665,3.0546322385573994,-3.1142902090192175,0.9923494606341142,0.24009485178648732,0.7142902090192176,6.78662705188412,4.089919892587357,-1.8438218327846878,0.9891571927760754,1.0900019302730366,0.5561781672153119,6.665004013079528,3.901163816217889,-2.576154058291424,0.9875377917964423,0.9112190407059225,0.17615405829142405,True,True,exact_correct,8.463541666666662e-05,0.00555989040798611,0.046524341682723694,0.006010244873268622,9.223090277777773e-05,60912,610,1.0,9.223090277777773e-05,0.020590549045138844,True,exact_correct,8.463541666666662e-05,True,ambiguous_correct,0.004691297743055552,False,true_failure,0.008312174479166663,False,true_failure,0.007322591145833331,False,true_failure,0.00777126736111111,True,True,exact_correct;ambiguous_correct;true_failure;true_failure;true_failure
experiment_5_symmetry_analysis,default,complex_room,perception_aware,4,9,6.8,3.0,-2.4,6.77006166581733,2.9439551746667534,-2.4585857244098857,0.9994090859028737,0.06353995829607793,0.05858572440988574,True,7.758246527777772e-05,0.0017898525245308378,0.0005912634830536958,5.4307725694444404e-05,0.0005369557573592514,8.949961875012377,100,40,3,3,0.9,0.8,0.35,0.25,360.0,72,8.0,0.0,5.070422535211268,0.3,0.9994090859028737,0.9876714542884508,5,0.75,0.5,5,True,True,True,6.77006166581733,2.9439551746667534,-2.4585857244098857,0.9994090859028737,0.06353995829607793,0.05858572440988574,7.109781195869274,3.3552514589375195,-1.9524004951575393,0.9940809179980008,0.4713469936166279,0.4475995048424606,7.030419426831766,3.045415951176463,2.962750445930012,0.9905385016539695,0.23485255136519675,0.920434861249575,7.316125809260136,3.5361803913874854,-2.7097375479810517,0.9897802970737,0.7442279644657726,0.3097375479810518,7.1358512746481795,4.267434926128657,-2.362167283702644,0.9870751455354425,1.3111778562245326,0.03783271629735596,True,True,exact_correct,7.758246527777772e-05,0.00555989040798611,0.04088140730934959,0.10239123421754082,0.0013910590277777738,60912,610,1.0,9.223090277777773e-05,0.020590549045138844,True,exact_correct,7.758246527777772e-05,True,ambiguous_correct,0.0036295572916666624,False,true_failure,0.009961480034722218,False,true_failure,0.008587239583333331,False,true_failure,0.012065972222222218,True,True,exact_correct;ambiguous_correct;true_failure;true_failure;true_failure
